timestamp, frame, x, y, z, qx, qy, qz, qw, fx, fy, cx, cy, distortion_center_x, distortion_center_y
65764.237587125, 000000, 0.00091422483, -0.00022267927, -0.00021316137, 0.7245189, -0.6819134, 0.056320056, 0.08303306, 1581.1676, 1581.1676, 955.2852, 717.6346, , 
65764.254256208, 000001, 0.0013014065, -0.0003178715, -0.0006250923, 0.7243368, -0.6819146, 0.05711282, 0.08406381, 1581.1676, 1581.1676, 955.2852, 717.63525, , 
65764.270925583, 000002, 0.0016524047, -0.00037949905, -0.0011127088, 0.72421426, -0.6818198, 0.0582685, 0.08508986, 1581.1676, 1581.1676, 955.28534, 717.6354, , 
65764.320933125, 000003, 0.002135843, -0.001321055, -0.0035056602, 0.72311467, -0.682661, 0.058551252, 0.087469734, 1581.6195, 1581.6195, 955.28564, 717.6369, , 
65764.33760225, 000004, 0.0018613636, -0.001876533, -0.004702382, 0.7227785, -0.6829743, 0.05744638, 0.08852851, 1581.6195, 1581.6195, 955.286, 717.6372, , 
65764.370940583, 000005, 0.0028119236, -0.002096977, -0.0052356236, 0.72204834, -0.68328655, 0.0613983, 0.0894202, 1581.1676, 1581.1676, 955.2868, 717.63776, , 
65764.387609833, 000006, 0.0036010058, -0.0021284483, -0.0051519363, 0.72160554, -0.68354034, 0.063816875, 0.08936102, 1581.1676, 1581.1676, 955.2872, 717.6382, , 
65764.404279041, 000007, 0.004545212, -0.0021563768, -0.0049544126, 0.7211329, -0.68383425, 0.06627005, 0.089141905, 1581.1676, 1581.1676, 955.2874, 717.6388, , 
65764.437617458, 000008, 0.0053733885, -0.0050757043, -0.006919965, 0.7197837, -0.68463814, 0.07149067, 0.0898394, 1581.1676, 1581.1676, 955.2881, 717.63947, , 
65764.4542865, 000009, 0.0063341632, -0.005531203, -0.0066701937, 0.71959853, -0.68478376, 0.07346157, 0.08861518, 1581.1676, 1581.1676, 955.2882, 717.6394, , 
65764.487624958, 000010, 0.008775964, -0.005803913, -0.0054563805, 0.71888447, -0.68546724, 0.0769323, 0.0861465, 1581.6195, 1581.6195, 955.28845, 717.64, , 
65764.504294208, 000011, 0.010158367, -0.0058819205, -0.0049217977, 0.7182959, -0.6860135, 0.07845266, 0.08533278, 1581.6195, 1581.6195, 955.28845, 717.64105, , 
65764.520963208, 000012, 0.010248654, -0.008200549, -0.0058733504, 0.71846527, -0.68543434, 0.08141919, 0.08578092, 1581.6195, 1581.6195, 955.28845, 717.64264, , 
65764.554301708, 000013, 0.01163159, -0.010812584, -0.006740988, 0.71739787, -0.686257, 0.08505874, 0.084597625, 1581.1676, 1581.1676, 955.28845, 717.64636, , 
65764.570970833, 000014, 0.012823999, -0.011117507, -0.006604934, 0.71696657, -0.6865935, 0.086773984, 0.08377742, 1581.1676, 1581.1676, 955.2886, 717.6473, , 
65764.587640125, 000015, 0.014055058, -0.011258204, -0.0063741393, 0.71664333, -0.6868468, 0.08846334, 0.08269333, 1581.1676, 1581.1676, 955.2888, 717.64764, , 
65764.620978375, 000016, 0.013897204, -0.011262476, -0.008014439, 0.7164518, -0.6866092, 0.09458631, 0.07948513, 1582.9751, 1582.9751, 955.28906, 717.64734, , 
65764.637647583, 000017, 0.0131743075, -0.011294395, -0.0095934225, 0.71609855, -0.6866907, 0.09776581, 0.07810697, 1582.5233, 1582.5233, 955.28937, 717.64746, , 
65764.654316833, 000018, 0.0138077885, -0.011419546, -0.010357048, 0.7154724, -0.68702656, 0.10071755, 0.077134535, 1582.5233, 1582.5233, 955.28973, 717.6481, , 
65764.687655125, 000019, 0.016194746, -0.011756595, -0.011611706, 0.7137226, -0.68810475, 0.10656169, 0.07587206, 1584.7828, 1584.7828, 955.29065, 717.65125, , 
65764.704324375, 000020, 0.017532341, -0.011964425, -0.012343245, 0.7127381, -0.68875754, 0.10916114, 0.07550673, 1584.7828, 1584.7828, 955.291, 717.6531, , 
65764.720993541, 000021, 0.017414875, -0.012752391, -0.012960771, 0.7112391, -0.68981826, 0.11287526, 0.074491486, 1584.7828, 1584.7828, 955.2915, 717.65515, , 
65764.754331833, 000022, 0.01871027, -0.013787746, -0.01422191, 0.70951784, -0.69100106, 0.11778626, 0.07230768, 1587.4941, 1587.4941, 955.2922, 717.65894, , 
65764.771001083, 000023, 0.019863619, -0.014045656, -0.01487392, 0.7087688, -0.69152105, 0.120289825, 0.07053917, 1587.4941, 1587.4941, 955.2924, 717.6598, , 
65764.787670291, 000024, 0.021076031, -0.014246482, -0.015655633, 0.70800763, -0.69202185, 0.122958526, 0.06864522, 1587.4941, 1587.4941, 955.29254, 717.6607, , 
65764.821008625, 000025, 0.021492608, -0.0150474645, -0.018483259, 0.7049203, -0.69423985, 0.12952188, 0.065898634, 1589.7538, 1589.7538, 955.2932, 717.6624, , 
65764.837677791, 000026, 0.02127812, -0.015415933, -0.020231321, 0.70455927, -0.6941516, 0.13269831, 0.06434938, 1589.7538, 1589.7538, 955.2937, 717.66235, , 
65764.871016291, 000027, 0.022522248, -0.015278861, -0.02302131, 0.70439833, -0.69350433, 0.13873138, 0.06023625, 1592.0132, 1592.0132, 955.29474, 717.6588, , 
65764.887685541, 000028, 0.023350768, -0.015025776, -0.024236046, 0.7043996, -0.6930955, 0.14191791, 0.05743831, 1592.0132, 1592.0132, 955.2951, 717.6564, , 
65764.904354583, 000029, 0.024294868, -0.014754519, -0.025407132, 0.7042483, -0.692854, 0.14502299, 0.054369457, 1592.0132, 1592.0132, 955.2953, 717.6542, , 
65764.937693041, 000030, 0.026367785, -0.01533455, -0.028349375, 0.7033039, -0.6929098, 0.15146114, 0.047949046, 1594.7247, 1594.7247, 955.2954, 717.65234, , 
65764.954362208, 000031, 0.027758373, -0.015313413, -0.029761316, 0.7022981, -0.69343567, 0.15442435, 0.045579754, 1594.7247, 1594.7247, 955.29553, 717.6529, , 
65764.971031333, 000032, 0.029265655, -0.01521717, -0.031128695, 0.7011491, -0.69411314, 0.15721436, 0.043365885, 1594.7247, 1594.7247, 955.29565, 717.65485, , 
65765.004369708, 000033, 0.03229391, -0.0149097, -0.03337537, 0.6987221, -0.69572425, 0.16222483, 0.037922636, 1596.9843, 1596.9843, 955.2954, 717.65857, , 
65765.021038916, 000034, 0.034579687, -0.015009899, -0.034328338, 0.6975181, -0.6967166, 0.16401856, 0.03394764, 1596.9843, 1596.9843, 955.29486, 717.66144, , 
65765.037708, 000035, 0.036566652, -0.01501558, -0.03513124, 0.69601357, -0.6978944, 0.16605309, 0.030578049, 1596.9843, 1596.9843, 955.29425, 717.6643, , 
65765.054377208, 000036, 0.038264148, -0.014947653, -0.03588729, 0.6944123, -0.6992124, 0.16775452, 0.027423285, 1596.9843, 1596.9843, 955.2936, 717.66766, , 
65765.087715708, 000037, 0.04133948, -0.014723357, -0.03736835, 0.69125754, -0.7018455, 0.17057352, 0.021920193, 1599.2438, 1599.2438, 955.2923, 717.6767, , 
65765.104384958, 000038, 0.042711847, -0.014503967, -0.038070597, 0.6899652, -0.7028029, 0.17216589, 0.019367281, 1599.2438, 1599.2438, 955.2918, 717.67975, , 
65765.121054, 000039, 0.044912644, -0.015398696, -0.040584378, 0.6891424, -0.70317286, 0.17415334, 0.017361576, 1599.2438, 1599.2438, 955.2915, 717.6823, , 
65765.154392458, 000040, 0.047841094, -0.015625529, -0.043117534, 0.68766946, -0.7037965, 0.1778443, 0.012352684, 1601.5033, 1601.5033, 955.291, 717.68384, , 
65765.171061708, 000041, 0.048941165, -0.015363503, -0.043698225, 0.6870543, -0.70400554, 0.17955066, 0.00970516, 1601.5033, 1601.5033, 955.2908, 717.6842, , 
65765.187730708, 000042, 0.049997248, -0.01507061, -0.04413497, 0.6863921, -0.7042347, 0.1813009, 0.0070218295, 1601.5033, 1601.5033, 955.2904, 717.68463, , 
65765.221069166, 000043, 0.052961, -0.015514951, -0.047248926, 0.6854977, -0.7041691, 0.185033, 0.0012461477, 1603.7628, 1603.7628, 955.2901, 717.6856, , 
65765.237738416, 000044, 0.05413308, -0.015429612, -0.047698166, 0.68468946, -0.7043685, 0.18725282, -0.0013387965, 1603.7628, 1603.7628, 955.29, 717.6863, , 
65765.254407583, 000045, 0.055299416, -0.015335698, -0.047949925, 0.68389726, -0.7045313, 0.18948552, -0.0039269477, 1603.7628, 1603.7628, 955.28986, 717.68665, , 
65765.287745958, 000046, 0.05781971, -0.0152424835, -0.04818695, 0.68218344, -0.7049128, 0.19402233, -0.008893284, 1607.378, 1607.378, 955.28973, 717.6877, , 
65765.304415166, 000047, 0.06055528, -0.01624193, -0.05091694, 0.6819392, -0.704563, 0.19602245, -0.01118374, 1607.378, 1607.378, 955.28986, 717.6883, , 
65765.321084333, 000048, 0.06246285, -0.016637057, -0.051819243, 0.6809617, -0.7047208, 0.1987088, -0.013207262, 1607.378, 1607.378, 955.29, 717.6889, , 
65765.354422666, 000049, 0.06579366, -0.01700877, -0.051924214, 0.67930573, -0.70454407, 0.20455636, -0.017833892, 1598.7919, 1598.7919, 955.2904, 717.6884, , 
65765.371091833, 000050, 0.06756756, -0.017193016, -0.051637493, 0.6784315, -0.70435506, 0.20784806, -0.02034394, 1598.7919, 1598.7919, 955.29065, 717.6878, , 
65765.387761166, 000051, 0.0695266, -0.017433606, -0.051261827, 0.67734736, -0.70421106, 0.21159185, -0.02272037, 1598.7919, 1598.7919, 955.29114, 717.6871, , 
65765.404430375, 000052, 0.07337247, -0.01881532, -0.053577125, 0.6765292, -0.70395416, 0.21481825, -0.024698034, 1598.7919, 1598.7919, 955.2918, 717.68677, , 
65765.437768625, 000053, 0.07896514, -0.020103138, -0.053452313, 0.67350674, -0.7037606, 0.22422123, -0.028888173, 1598.7919, 1598.7919, 955.2938, 717.6862, , 
65765.454437833, 000054, 0.08167317, -0.02063857, -0.052407842, 0.6719522, -0.7035603, 0.22909304, -0.03161393, 1598.7919, 1598.7919, 955.2946, 717.68567, , 
65765.471107083, 000055, 0.08450565, -0.021220032, -0.050925255, 0.67036444, -0.7033536, 0.23387684, -0.03474101, 1598.34, 1598.34, 955.2952, 717.6852, , 
65765.487776125, 000056, 0.08751125, -0.021874458, -0.049110655, 0.66866803, -0.7032211, 0.23856889, -0.038053505, 1598.34, 1598.34, 955.296, 717.6849, , 
65765.521114583, 000057, 0.09752919, -0.024656162, -0.048819564, 0.6649645, -0.7034538, 0.2470443, -0.04409091, 1598.7919, 1598.7919, 955.29706, 717.6858, , 
65765.537783833, 000058, 0.10144781, -0.025546681, -0.046841342, 0.66278726, -0.7036282, 0.25174674, -0.047371373, 1598.7919, 1598.7919, 955.2977, 717.68677, , 
65765.554453041, 000059, 0.1053814, -0.026361544, -0.044473253, 0.6604645, -0.7037773, 0.25670674, -0.050849855, 1598.7919, 1598.7919, 955.2986, 717.6882, , 
65765.571122083, 000060, 0.10942609, -0.027141333, -0.04185939, 0.6581015, -0.7038689, 0.26173016, -0.05448178, 1598.7919, 1598.7919, 955.29926, 717.68915, , 
65765.587791333, 000061, 0.1135923, -0.027896486, -0.039089732, 0.65581876, -0.7038697, 0.26661736, -0.058175974, 1598.7919, 1598.7919, 955.29987, 717.69, , 
65765.621129833, 000062, 0.12467633, -0.031286627, -0.03687698, 0.65150666, -0.70372635, 0.2758018, -0.06512696, 1598.7919, 1598.7919, 955.30115, 717.69104, , 
65765.637798791, 000063, 0.12941816, -0.032086823, -0.034323376, 0.6492975, -0.703505, 0.28062567, -0.06886684, 1598.7919, 1598.7919, 955.3017, 717.6913, , 
65765.654468083, 000064, 0.1342401, -0.032736275, -0.031564873, 0.64700234, -0.70326394, 0.2855742, -0.07249278, 1598.34, 1598.34, 955.3024, 717.69147, , 
65765.671137333, 000065, 0.13922864, -0.03329572, -0.028724458, 0.6447114, -0.7029984, 0.29048753, -0.075877875, 1598.34, 1598.34, 955.30347, 717.6916, , 
65765.687806541, 000066, 0.1443748, -0.0337754, -0.025890836, 0.64257187, -0.7027289, 0.2950479, -0.07886833, 1598.34, 1598.34, 955.30426, 717.6916, , 
65765.70447575, 000067, 0.14961955, -0.03416206, -0.023100179, 0.6406695, -0.7023961, 0.29923075, -0.081506565, 1598.34, 1598.34, 955.30505, 717.69147, , 
65765.721144833, 000068, 0.15544152, -0.03495451, -0.021494059, 0.6389887, -0.7019664, 0.30323333, -0.083583355, 1598.34, 1598.34, 955.3063, 717.6908, , 
65765.75448325, 000069, 0.16633612, -0.035629652, -0.016223267, 0.63587785, -0.7009356, 0.31043798, -0.08931391, 1598.7919, 1598.7919, 955.30743, 717.68945, , 
65765.771152541, 000070, 0.17165186, -0.03578643, -0.013131905, 0.6344904, -0.7005, 0.3132895, -0.09258239, 1598.7919, 1598.7919, 955.3073, 717.6889, , 
65765.787821541, 000071, 0.17703663, -0.035931826, -0.009980107, 0.6330264, -0.7002832, 0.31575707, -0.09580395, 1598.7919, 1598.7919, 955.30707, 717.68915, , 
65765.804490833, 000072, 0.18255456, -0.036094256, -0.006873116, 0.6313853, -0.70039153, 0.31792396, -0.098633915, 1598.7919, 1598.7919, 955.30695, 717.6903, , 
65765.82116, 000073, 0.1890085, -0.03654947, -0.005185695, 0.63006157, -0.70042104, 0.3198777, -0.10055398, 1598.7919, 1598.7919, 955.3068, 717.69305, , 
65765.837829208, 000074, 0.19487135, -0.03671387, -0.002599815, 0.6284371, -0.70076185, 0.3215329, -0.10303546, 1598.7919, 1598.7919, 955.3067, 717.69525, , 
65765.854498416, 000075, 0.20043717, -0.036693275, 0.0003124699, 0.62709457, -0.7009834, 0.32279724, -0.1057195, 1598.7919, 1598.7919, 955.3063, 717.6973, , 
65765.8711675, 000076, 0.20582096, -0.036523364, 0.0033277245, 0.62604433, -0.7010645, 0.32368305, -0.10865634, 1598.34, 1598.34, 955.3053, 717.6996, , 
65765.904505958, 000077, 0.21757257, -0.036116302, 0.007723102, 0.6246314, -0.70063394, 0.32542554, -0.11421854, 1598.34, 1598.34, 955.3037, 717.702, , 
65765.921175208, 000078, 0.22322966, -0.035769228, 0.009899399, 0.6236451, -0.7004799, 0.32684407, -0.11648025, 1598.34, 1598.34, 955.3032, 717.70294, , 
65765.937844208, 000079, 0.2285928, -0.035332575, 0.0122893965, 0.62260973, -0.7001687, 0.3286966, -0.11865661, 1598.34, 1598.34, 955.3031, 717.70306, , 
65765.954513458, 000080, 0.23378573, -0.0348573, 0.014792071, 0.6216281, -0.69964945, 0.33078638, -0.121035516, 1598.34, 1598.34, 955.3031, 717.70264, , 
65765.97118275, 000081, 0.23886763, -0.034380496, 0.017364655, 0.6207351, -0.69902164, 0.33284348, -0.12357982, 1598.34, 1598.34, 955.30286, 717.70197, , 
65765.987851958, 000082, 0.24387261, -0.03393703, 0.019991992, 0.61989295, -0.6983809, 0.33475605, -0.126234, 1598.34, 1598.34, 955.30255, 717.7009, , 
65766.004521208, 000083, 0.24882129, -0.033544283, 0.02266305, 0.61903745, -0.6977624, 0.33659878, -0.12892422, 1598.34, 1598.34, 955.3023, 717.7002, , 
65766.02119025, 000084, 0.25413716, -0.033279274, 0.023542486, 0.6184702, -0.6969132, 0.33840322, -0.13149153, 1598.7919, 1598.7919, 955.30194, 717.6997, , 
65766.037859375, 000085, 0.25916454, -0.03298625, 0.025427187, 0.6176734, -0.6963396, 0.34014967, -0.13374881, 1598.7919, 1598.7919, 955.3016, 717.6989, , 
65766.054528708, 000086, 0.26403415, -0.032684967, 0.027769912, 0.6169006, -0.6957539, 0.3419266, -0.1358173, 1598.7919, 1598.7919, 955.30145, 717.6982, , 
65766.087866916, 000087, 0.27350518, -0.032103553, 0.03274129, 0.6153329, -0.694558, 0.3457879, -0.13923088, 1598.7919, 1598.7919, 955.3017, 717.696, , 
65766.10453625, 000088, 0.27806243, -0.031808876, 0.03528625, 0.614554, -0.6939142, 0.347825, -0.1407982, 1598.7919, 1598.7919, 955.30194, 717.6948, , 
65766.121205458, 000089, 0.28296682, -0.032198537, 0.034727853, 0.6146957, -0.6931811, 0.34874943, -0.1415027, 1598.7919, 1598.7919, 955.30206, 717.6934, , 
65766.137874666, 000090, 0.28734243, -0.03212724, 0.03637615, 0.6142611, -0.6924449, 0.35026833, -0.14323217, 1598.7919, 1598.7919, 955.30194, 717.6916, , 
65766.15454375, 000091, 0.29146692, -0.03192789, 0.03875157, 0.61374444, -0.6917242, 0.35171175, -0.14537674, 1598.7919, 1598.7919, 955.3017, 717.6904, , 
65766.171212916, 000092, 0.2954676, -0.031706933, 0.04133834, 0.6130664, -0.6911312, 0.35313144, -0.14759895, 1598.7919, 1598.7919, 955.3014, 717.68976, , 
65766.187882166, 000093, 0.2993899, -0.031497195, 0.04396556, 0.6121668, -0.6906743, 0.35466284, -0.14978349, 1598.7919, 1598.7919, 955.30115, 717.6895, , 
65766.221220625, 000094, 0.3066504, -0.0316291, 0.047147274, 0.6103635, -0.68959314, 0.35792193, -0.1543037, 1598.7919, 1598.7919, 955.30066, 717.68945, , 
65768.238191583, 000187, 0.38402373, -0.02551185, 0.17039353, -0.3616983, 0.50201684, -0.618071, 0.484914, 1598.7919, 1598.7919, 955.28766, 717.6547, , 
65768.254860583, 000188, 0.37998688, -0.026368178, 0.1746315, -0.35624006, 0.49914408, -0.6206715, 0.48858482, 1598.7919, 1598.7919, 955.2878, 717.65656, , 
65768.288198958, 000189, 0.37149647, -0.028093532, 0.18374893, -0.3441867, 0.49317935, -0.6263258, 0.49600977, 1598.7919, 1598.7919, 955.2881, 717.6611, , 
65768.304868208, 000190, 0.36742753, -0.02918848, 0.18808767, -0.33817646, 0.4897969, -0.6291207, 0.49994278, 1598.7919, 1598.7919, 955.2883, 717.66284, , 
65768.3382065, 000191, 0.35905683, -0.03133313, 0.19706568, -0.32558528, 0.4827925, -0.6349683, 0.5076622, 1598.7919, 1598.7919, 955.2887, 717.6665, , 
65768.354875666, 000192, 0.35450178, -0.032177795, 0.20208964, -0.31895143, 0.47954702, -0.63788617, 0.51127875, 1598.7919, 1598.7919, 955.2892, 717.66815, , 
65768.371544958, 000193, 0.3498624, -0.032997306, 0.20726392, -0.31240925, 0.4765239, -0.6405631, 0.51478577, 1598.7919, 1598.7919, 955.2895, 717.67004, , 
65768.404883166, 000194, 0.34000936, -0.03467102, 0.21749504, -0.3002171, 0.4700463, -0.64504373, 0.5223455, 1598.34, 1598.34, 955.2902, 717.6754, , 
65768.421552375, 000195, 0.33478683, -0.035560697, 0.22243086, -0.29423124, 0.46646374, -0.6470483, 0.52646744, 1598.34, 1598.34, 955.2902, 717.67804, , 
65768.454890833, 000196, 0.32396317, -0.037051745, 0.23306361, -0.28229958, 0.4590327, -0.65060467, 0.5350788, 1598.7919, 1598.7919, 955.2901, 717.68494, , 
65768.471559833, 000197, 0.31853116, -0.037717924, 0.23846847, -0.27671385, 0.455436, -0.6521564, 0.53916556, 1598.7919, 1598.7919, 955.2901, 717.68787, , 
65768.488229041, 000198, 0.31314483, -0.03831428, 0.243849, -0.27133974, 0.45188725, -0.65371215, 0.5429852, 1598.7919, 1598.7919, 955.29, 717.69055, , 
65768.521567416, 000199, 0.30343956, -0.039282113, 0.25386393, -0.26102275, 0.44457257, -0.65709174, 0.54995716, 1598.7919, 1598.7919, 955.2901, 717.6947, , 
65768.538236708, 000200, 0.29832855, -0.03969864, 0.2589763, -0.2559199, 0.44078514, -0.6590045, 0.55310607, 1598.7919, 1598.7919, 955.2901, 717.69543, , 
65768.55490575, 000201, 0.29313648, -0.04009617, 0.2641562, -0.25064662, 0.43701234, -0.66108894, 0.55601966, 1598.7919, 1598.7919, 955.29034, 717.6957, , 
65768.571574958, 000202, 0.28793663, -0.04049749, 0.26939017, -0.24517173, 0.4333981, -0.6632434, 0.5587173, 1598.7919, 1598.7919, 955.29065, 717.6957, , 
65768.604913333, 000203, 0.27811438, -0.041531615, 0.28012508, -0.23435867, 0.42679828, -0.6672176, 0.5636843, 1598.7919, 1598.7919, 955.2917, 717.69617, , 
65768.621582416, 000204, 0.2735002, -0.042193227, 0.28558666, -0.22896354, 0.42357832, -0.66900164, 0.56621003, 1598.7919, 1598.7919, 955.29205, 717.6966, , 
65768.638251625, 000205, 0.2683031, -0.042691343, 0.290888, -0.22343469, 0.42017865, -0.67074525, 0.56888276, 1598.7919, 1598.7919, 955.29254, 717.6973, , 
65768.671590083, 000206, 0.257153, -0.04357861, 0.30133805, -0.21254142, 0.41305858, -0.6738486, 0.57457525, 1598.7919, 1598.7919, 955.2932, 717.6995, , 
65768.688259291, 000207, 0.25137857, -0.04404703, 0.30658752, -0.20727614, 0.4095894, -0.67514163, 0.5774572, 1598.7919, 1598.7919, 955.29346, 717.70087, , 
65768.704928291, 000208, 0.24588233, -0.04474023, 0.31180632, -0.20202805, 0.40633193, -0.67633563, 0.5802148, 1598.7919, 1598.7919, 955.2938, 717.7025, , 
65768.738266666, 000209, 0.23419248, -0.046185695, 0.32243386, -0.1917765, 0.3998867, -0.6780615, 0.58612716, 1598.34, 1598.34, 955.2944, 717.7078, , 
65768.754935916, 000210, 0.22785704, -0.046846516, 0.32785198, -0.18695267, 0.39656016, -0.6786706, 0.58923256, 1598.34, 1598.34, 955.2945, 717.7105, , 
65768.788274125, 000211, 0.21472503, -0.048214816, 0.33892405, -0.17720765, 0.38988996, -0.6796209, 0.59556586, 1598.34, 1598.34, 955.2946, 717.7173, , 
65768.804943416, 000212, 0.20870042, -0.04897293, 0.34471622, -0.17227304, 0.38660973, -0.68000114, 0.5987098, 1598.34, 1598.34, 955.29486, 717.7207, , 
65768.821612583, 000213, 0.20251551, -0.049725983, 0.35058597, -0.16730356, 0.383207, -0.6803072, 0.6019502, 1598.34, 1598.34, 955.2951, 717.7253, , 
65768.838281833, 000214, 0.19566889, -0.050440717, 0.35647902, -0.16228026, 0.3796972, -0.6806344, 0.605171, 1598.34, 1598.34, 955.2952, 717.7286, , 
65768.871620041, 000215, 0.18144041, -0.05179362, 0.3685809, -0.1516037, 0.37292194, -0.68166316, 0.6109671, 1598.34, 1598.34, 955.296, 717.735, , 
65768.888289291, 000216, 0.17429525, -0.05246869, 0.3749141, -0.14587116, 0.37001097, -0.6822847, 0.61343384, 1598.34, 1598.34, 955.2968, 717.7374, , 
65768.904958458, 000217, 0.16780135, -0.05320762, 0.3811278, -0.14003715, 0.3675079, -0.6829004, 0.61560905, 1598.7919, 1598.7919, 955.29785, 717.74005, , 
65768.921627541, 000218, 0.16113456, -0.053948462, 0.38741615, -0.13402121, 0.36494163, -0.6834189, 0.61789525, 1598.7919, 1598.7919, 955.2994, 717.74384, , 
65768.93829675, 000219, 0.15384322, -0.054646075, 0.39389244, -0.12805174, 0.36197665, -0.6839036, 0.62036407, 1598.7919, 1598.7919, 955.3004, 717.74646, , 
65768.971635125, 000220, 0.13850136, -0.055981226, 0.40692163, -0.11650292, 0.35490164, -0.6846716, 0.62585676, 1598.7919, 1598.7919, 955.3022, 717.7524, , 
65768.988304208, 000221, 0.13062844, -0.05663718, 0.41345266, -0.110642895, 0.35095194, -0.68502057, 0.6287589, 1598.7919, 1598.7919, 955.30273, 717.7549, , 
65769.004973416, 000222, 0.12324107, -0.05747065, 0.41970736, -0.104895614, 0.3466335, -0.6854518, 0.63166296, 1598.34, 1598.34, 955.3032, 717.7572, , 
65769.021642583, 000223, 0.11573255, -0.058272574, 0.42597687, -0.099585705, 0.34227294, -0.68575686, 0.6345625, 1598.34, 1598.34, 955.3036, 717.7593, , 
65769.038311833, 000224, 0.10782046, -0.058945183, 0.43243787, -0.094507605, 0.33778256, -0.6860575, 0.6374138, 1598.34, 1598.34, 955.30383, 717.7618, , 
65769.071650041, 000225, 0.09160241, -0.060273062, 0.44575644, -0.08444328, 0.32863817, -0.6867104, 0.6428804, 1598.34, 1598.34, 955.3039, 717.7648, , 
65769.088319291, 000226, 0.083477795, -0.06104411, 0.45267832, -0.07968224, 0.32434976, -0.6869064, 0.6454515, 1598.7919, 1598.7919, 955.304, 717.76666, , 
65769.1049885, 000227, 0.07574506, -0.06199794, 0.46017686, -0.07503796, 0.32049736, -0.6870162, 0.64781123, 1598.34, 1598.34, 955.30414, 717.7684, , 
65769.121657666, 000228, 0.06809797, -0.06305303, 0.46779332, -0.070437945, 0.31705955, -0.6870544, 0.6499754, 1598.34, 1598.34, 955.3046, 717.77026, , 
65769.138326916, 000229, 0.06038615, -0.06415925, 0.4752522, -0.06563557, 0.3136923, -0.6871542, 0.6520033, 1598.34, 1598.34, 955.30505, 717.772, , 
65769.171665125, 000230, 0.045169137, -0.06654934, 0.48986626, -0.055321794, 0.3067193, -0.6877411, 0.6556486, 1598.34, 1598.34, 955.3067, 717.77454, , 
65769.188334333, 000231, 0.03777887, -0.06782378, 0.4970976, -0.04982687, 0.3033925, -0.68816346, 0.65719205, 1598.34, 1598.34, 955.3075, 717.77496, , 
65769.205003541, 000232, 0.031070007, -0.06900022, 0.5043806, -0.044254992, 0.30040717, -0.6886159, 0.658487, 1598.7919, 1598.7919, 955.309, 717.77545, , 
65769.221672625, 000233, 0.02446042, -0.07022224, 0.51163507, -0.03892463, 0.2979744, -0.6889509, 0.6595778, 1598.7919, 1598.7919, 955.3103, 717.7758, , 
65769.255011, 000234, 0.011089452, -0.072660975, 0.52561307, -0.0293206, 0.29365563, -0.68961847, 0.66131157, 1598.7919, 1598.7919, 955.3135, 717.7761, , 
65769.271680208, 000235, 0.004545793, -0.07371447, 0.5321551, -0.025377285, 0.2911952, -0.6900117, 0.662152, 1598.34, 1598.34, 955.3144, 717.7757, , 
65769.288349291, 000236, -0.0019055071, -0.07467114, 0.53840065, -0.021965642, 0.2884477, -0.69029325, 0.6631821, 1598.34, 1598.34, 955.31476, 717.7752, , 
65769.305018458, 000237, -0.0075673833, -0.075353056, 0.5441491, -0.018735593, 0.28568783, -0.6903978, 0.6643662, 1598.34, 1598.34, 955.31494, 717.7755, , 
65769.321687666, 000238, -0.013169933, -0.07602623, 0.5498541, -0.015615635, 0.2833336, -0.6902202, 0.66563827, 1598.34, 1598.34, 955.3153, 717.7764, , 
65769.338356875, 000239, -0.018911395, -0.07673923, 0.555638, -0.012138568, 0.28122607, -0.6898517, 0.66698515, 1598.34, 1598.34, 955.31604, 717.778, , 
65769.371695125, 000240, -0.030025423, -0.07792811, 0.5668481, -0.0044374247, 0.2770731, -0.68891543, 0.6697808, 1598.34, 1598.34, 955.31836, 717.7827, , 
65769.388364291, 000241, -0.03537125, -0.07831089, 0.5720576, -0.00020050045, 0.27426016, -0.6886476, 0.67122716, 1598.34, 1598.34, 955.31915, 717.78424, , 
65769.4050335, 000242, -0.039756104, -0.07850139, 0.57681435, 0.00465436, 0.27086997, -0.6886083, 0.6726265, 1598.34, 1598.34, 955.3202, 717.7852, , 
65769.421702708, 000243, -0.044244114, -0.078630894, 0.58144593, 0.009638465, 0.26740938, -0.68856025, 0.674006, 1598.34, 1598.34, 955.3211, 717.7856, , 
65769.438371791, 000244, -0.049009033, -0.078721106, 0.5860197, 0.014582039, 0.2637796, -0.68852335, 0.6753838, 1598.7919, 1598.7919, 955.32184, 717.7859, , 
65769.455040958, 000245, -0.053778633, -0.078746706, 0.5904552, 0.019305231, 0.25979668, -0.68854815, 0.6767825, 1598.7919, 1598.7919, 955.3224, 717.7859, , 
65769.488379375, 000246, -0.06310339, -0.07867277, 0.59917635, 0.02808114, 0.25089845, -0.6886145, 0.67975837, 1598.7919, 1598.7919, 955.3224, 717.7851, , 
65769.505048625, 000247, -0.0656615, -0.0787145, 0.6027453, 0.032157786, 0.24685752, -0.6885003, 0.68117154, 1598.7919, 1598.7919, 955.3224, 717.7852, , 
65769.521717625, 000248, -0.068644404, -0.07882359, 0.6069172, 0.036009807, 0.24347878, -0.6882565, 0.6824399, 1598.7919, 1598.7919, 955.32263, 717.7859, , 
65769.538386875, 000249, -0.072294004, -0.07897255, 0.6118224, 0.03958751, 0.24071886, -0.68804896, 0.6834295, 1598.7919, 1598.7919, 955.32324, 717.7864, , 
65769.571725291, 000250, -0.07954227, -0.07929555, 0.6224768, 0.04604042, 0.23606342, -0.68830425, 0.68439144, 1598.7919, 1598.7919, 955.3244, 717.78485, , 
65769.588394291, 000251, -0.08289942, -0.07947133, 0.62801266, 0.04909065, 0.2338594, -0.68877846, 0.68445903, 1598.7919, 1598.7919, 955.3247, 717.78296, , 
65769.6050635, 000252, -0.0833812, -0.079655066, 0.6315261, 0.051866602, 0.23180181, -0.689392, 0.6843366, 1598.34, 1598.34, 955.3251, 717.78064, , 
65769.621732666, 000253, -0.08458106, -0.07994282, 0.63588727, 0.05442803, 0.22978985, -0.6899976, 0.6842058, 1598.34, 1598.34, 955.32556, 717.77747, , 
65769.655071125, 000254, -0.08900901, -0.08083259, 0.6471995, 0.059110276, 0.22602397, -0.691023, 0.68403673, 1598.34, 1598.34, 955.32587, 717.77313, , 
65769.671740166, 000255, -0.091218084, -0.081409015, 0.6533669, 0.061205257, 0.22421396, -0.69143623, 0.6840306, 1598.34, 1598.34, 955.326, 717.77057, , 
65769.688409333, 000256, -0.09326066, -0.08206916, 0.6597848, 0.06306442, 0.22248861, -0.69175696, 0.6841009, 1598.34, 1598.34, 955.3261, 717.769, , 
65769.7050785, 000257, -0.09329611, -0.0827628, 0.6651216, 0.06471378, 0.22092648, -0.6920752, 0.68413126, 1598.34, 1598.34, 955.3261, 717.7676, , 
65769.738416791, 000258, -0.09557543, -0.08425596, 0.6784293, 0.06823565, 0.21719342, -0.69276005, 0.6842912, 1598.34, 1598.34, 955.32587, 717.7641, , 
65769.755086, 000259, -0.09673245, -0.08500431, 0.68559545, 0.07005207, 0.21506755, -0.69327945, 0.68425316, 1598.34, 1598.34, 955.3257, 717.762, , 
65769.77175525, 000260, -0.09771933, -0.08575342, 0.6930234, 0.071874976, 0.21289164, -0.69394296, 0.68407184, 1598.34, 1598.34, 955.3253, 717.75946, , 
65769.788424416, 000261, -0.09851468, -0.08651817, 0.70074344, 0.073670745, 0.21077712, -0.6946912, 0.6837762, 1598.34, 1598.34, 955.32495, 717.7555, , 
65769.821762666, 000262, -0.09808777, -0.08788817, 0.715571, 0.07667705, 0.20690231, -0.6962429, 0.68305045, 1598.34, 1598.34, 955.3244, 717.7493, , 
65769.838431875, 000263, -0.09829699, -0.08870357, 0.72402555, 0.07763045, 0.20513971, -0.69696414, 0.6827388, 1598.34, 1598.34, 955.32367, 717.74554, , 
65769.855101083, 000264, -0.098458126, -0.08954102, 0.73280025, 0.078209825, 0.20338051, -0.6976432, 0.68250537, 1598.34, 1598.34, 955.323, 717.743, , 
65769.88843925, 000265, -0.09860818, -0.09132849, 0.75102633, 0.07866588, 0.19978485, -0.69860315, 0.682533, 1598.7919, 1598.7919, 955.3208, 717.7387, , 
65769.9051085, 000266, -0.09919126, -0.091624826, 0.7596904, 0.07849153, 0.1980537, -0.69888633, 0.68276757, 1598.7919, 1598.7919, 955.3197, 717.73773, , 
65769.921777708, 000267, -0.099248044, -0.09231115, 0.7689685, 0.07786844, 0.19630156, -0.6992299, 0.6829932, 1598.7919, 1598.7919, 955.31836, 717.7367, , 
65769.938446916, 000268, -0.09912094, -0.09305224, 0.77852166, 0.077091075, 0.19444828, -0.69958866, 0.68324417, 1598.34, 1598.34, 955.31696, 717.7357, , 
65769.971785166, 000269, -0.098694466, -0.0943678, 0.79860485, 0.07621418, 0.19216701, -0.69985914, 0.68371075, 1598.34, 1598.34, 955.3143, 717.7343, , 
65769.988454375, 000270, -0.09842035, -0.09490873, 0.80923873, 0.07668382, 0.19268939, -0.6994898, 0.6838892, 1598.34, 1598.34, 955.3145, 717.7351, , 
65770.0051235, 000271, -0.09902374, -0.094436646, 0.81949776, 0.07779647, 0.19390199, -0.6989663, 0.683956, 1598.34, 1598.34, 955.31604, 717.73706, , 
65770.03846175, 000272, -0.098672464, -0.09404877, 0.839866, 0.080873884, 0.19461393, -0.6985013, 0.6838718, 1598.7919, 1598.7919, 955.3185, 717.73816, , 
65770.055131, 000273, -0.098435104, -0.093720146, 0.84954154, 0.082354985, 0.19360979, -0.6985043, 0.6839771, 1598.7919, 1598.7919, 955.31903, 717.73755, , 
65770.071800166, 000274, -0.09829604, -0.09336963, 0.8591693, 0.08396426, 0.19262789, -0.698303, 0.6842642, 1598.7919, 1598.7919, 955.3193, 717.7374, , 
65770.105138625, 000275, -0.09847478, -0.09334044, 0.87879795, 0.08810493, 0.19374482, -0.69665885, 0.68510365, 1598.34, 1598.34, 955.3225, 717.74176, , 
65770.121807583, 000276, -0.09850253, -0.09331718, 0.8887539, 0.09003572, 0.19559535, -0.6954813, 0.685523, 1598.34, 1598.34, 955.32495, 717.7451, , 
65770.138476875, 000277, -0.09844415, -0.09314856, 0.89847475, 0.091709845, 0.1971021, -0.6945213, 0.68584263, 1598.34, 1598.34, 955.32715, 717.74805, , 
65770.17181525, 000278, -0.09820789, -0.09245132, 0.91663104, 0.09447329, 0.19748056, -0.69390666, 0.68598086, 1598.34, 1598.34, 955.3302, 717.7502, , 
65770.18848425, 000279, -0.09813636, -0.09202643, 0.9251149, 0.09570059, 0.19632909, -0.6940902, 0.6859556, 1598.34, 1598.34, 955.3303, 717.7492, , 
65770.205153458, 000280, -0.09949431, -0.09190294, 0.9344302, 0.096995085, 0.19466634, -0.69430375, 0.6860316, 1598.34, 1598.34, 955.3301, 717.7479, , 
65772.238790625, 000372, 0.13305636, -0.08229036, 1.9449301, -0.196421, 0.45675075, -0.68250513, 0.53570914, 1598.34, 1598.34, 955.33777, 717.69305, , 
65772.255459875, 000373, 0.1377796, -0.082237475, 1.9523305, -0.20162936, 0.45747852, -0.68184555, 0.5339902, 1598.7919, 1598.7919, 955.33496, 717.6887, , 
65772.288798041, 000374, 0.14815277, -0.08213868, 1.967804, -0.21233378, 0.46205664, -0.6794379, 0.5289444, 1598.34, 1598.34, 955.3319, 717.68463, , 
65772.305467291, 000375, 0.15368032, -0.081988074, 1.9753001, -0.2168834, 0.46567714, -0.67824525, 0.5254425, 1598.34, 1598.34, 955.33203, 717.68335, , 
65772.338805666, 000376, 0.16455531, -0.08109552, 1.9891942, -0.22484517, 0.4721703, -0.67703027, 0.5178125, 1598.7919, 1598.7919, 955.3339, 717.6791, , 
65772.372143833, 000377, 0.17488696, -0.07954403, 2.003351, -0.23280169, 0.47590932, -0.6766087, 0.5113846, 1598.7919, 1598.7919, 955.3347, 717.6703, , 
65772.388813041, 000378, 0.17983319, -0.078543924, 2.0103657, -0.23738563, 0.47727317, -0.6759655, 0.50885063, 1598.7919, 1598.7919, 955.33405, 717.6666, , 
65772.40548225, 000379, 0.18517576, -0.07762253, 2.0159469, -0.24214043, 0.47912174, -0.67474663, 0.50648516, 1598.34, 1598.34, 955.33276, 717.6637, , 
65772.42215125, 000380, 0.19063853, -0.07657317, 2.0227804, -0.24683452, 0.48224828, -0.6728944, 0.5037087, 1598.34, 1598.34, 955.33215, 717.6636, , 
65772.438820416, 000381, 0.19644614, -0.07548503, 2.0300875, -0.25082582, 0.4868281, -0.6707244, 0.50021356, 1598.34, 1598.34, 955.33264, 717.6652, , 
65772.47215875, 000382, 0.20861776, -0.073090255, 2.044491, -0.25655463, 0.49836984, -0.6666075, 0.49136725, 1598.34, 1598.34, 955.3381, 717.6725, , 
65772.488827958, 000383, 0.21430402, -0.071659304, 2.050917, -0.25956765, 0.5031468, -0.6648979, 0.48721522, 1598.34, 1598.34, 955.3405, 717.67456, , 
65772.505497, 000384, 0.21970637, -0.07036386, 2.056556, -0.2633885, 0.5064562, -0.6633109, 0.4838877, 1598.34, 1598.34, 955.3416, 717.6753, , 
65772.538835333, 000385, 0.22927068, -0.06791173, 2.0659685, -0.27411285, 0.5100036, -0.6597566, 0.47904038, 1598.34, 1598.34, 955.3388, 717.67236, , 
65772.555504625, 000386, 0.23350485, -0.06658439, 2.0701842, -0.28038463, 0.5113254, -0.65764, 0.47690725, 1598.7919, 1598.7919, 955.33624, 717.6702, , 
65772.588842833, 000387, 0.24212027, -0.064448126, 2.078443, -0.29296798, 0.5148249, -0.6527132, 0.47232458, 1598.34, 1598.34, 955.33075, 717.6667, , 
65772.605511916, 000388, 0.24812226, -0.063779265, 2.084944, -0.2987098, 0.5174052, -0.650002, 0.46963996, 1598.34, 1598.34, 955.3289, 717.66626, , 
65772.638850375, 000389, 0.25941524, -0.06271891, 2.0946872, -0.3095308, 0.52539444, -0.64370525, 0.4623797, 1598.34, 1598.34, 955.3273, 717.66925, , 
65772.655519375, 000390, 0.2653631, -0.06234209, 2.0991154, -0.3142125, 0.53042835, -0.6404875, 0.4579215, 1598.34, 1598.34, 955.32776, 717.672, , 
65772.68885775, 000391, 0.27725744, -0.06154409, 2.1071055, -0.32217965, 0.53958356, -0.6352319, 0.44892117, 1598.34, 1598.34, 955.3303, 717.6769, , 
65772.705526875, 000392, 0.28432685, -0.06140159, 2.11304, -0.32536706, 0.54300123, -0.63330066, 0.44521457, 1598.34, 1598.34, 955.33124, 717.6778, , 
65772.738865041, 000393, 0.29583162, -0.06072781, 2.1206286, -0.33177653, 0.5485895, -0.6292048, 0.43940324, 1598.34, 1598.34, 955.3319, 717.6799, , 
65772.75553425, 000394, 0.30131513, -0.060456857, 2.1237495, -0.33513415, 0.55137634, -0.62660897, 0.43707034, 1598.34, 1598.34, 955.3316, 717.68195, , 
65772.788872708, 000395, 0.31245697, -0.06003738, 2.1294684, -0.34213695, 0.55702263, -0.62057227, 0.43307975, 1598.34, 1598.34, 955.32983, 717.6891, , 
65772.805541666, 000396, 0.31851012, -0.060018197, 2.1331651, -0.34562752, 0.55973834, -0.6175023, 0.431191, 1598.34, 1598.34, 955.3288, 717.69226, , 
65772.838880041, 000397, 0.33114767, -0.060035855, 2.1402464, -0.35394272, 0.56504124, -0.6113491, 0.426269, 1598.34, 1598.34, 955.3266, 717.6969, , 
65772.85554925, 000398, 0.33741438, -0.059911966, 2.1425896, -0.35844973, 0.56751275, -0.6084657, 0.423335, 1598.34, 1598.34, 955.3257, 717.69763, , 
65772.888887458, 000399, 0.35061362, -0.059688076, 2.146428, -0.36779922, 0.5727038, -0.6027112, 0.4165012, 1598.34, 1598.34, 955.32416, 717.69763, , 
65772.905556625, 000400, 0.35838243, -0.060409818, 2.1488557, -0.37246326, 0.5754659, -0.59968215, 0.41290617, 1598.34, 1598.34, 955.32355, 717.69775, , 
65772.938895041, 000401, 0.37317228, -0.06073919, 2.1521313, -0.38185838, 0.581184, -0.5929968, 0.40591156, 1598.7919, 1598.7919, 955.32227, 717.6992, , 
65772.955563958, 000402, 0.38065654, -0.06076347, 2.153435, -0.38658595, 0.5840194, -0.58937615, 0.40262675, 1598.7919, 1598.7919, 955.3211, 717.70087, , 
65772.972233166, 000403, 0.38833958, -0.06073606, 2.1545281, -0.39162183, 0.5869718, -0.5853671, 0.3993019, 1598.7919, 1598.7919, 955.32007, 717.70245, , 
65773.005571541, 000404, 0.40477633, -0.060758445, 2.1563654, -0.40166554, 0.59334695, -0.57683736, 0.3922538, 1598.7919, 1598.7919, 955.3176, 717.70734, , 
65773.022240583, 000405, 0.4134745, -0.060752563, 2.1571608, -0.40636206, 0.59606755, -0.5731951, 0.38861373, 1598.34, 1598.34, 955.31683, 717.70856, , 
65773.055578958, 000406, 0.42986083, -0.059579954, 2.1574056, -0.41547915, 0.59936255, -0.568076, 0.38135457, 1598.34, 1598.34, 955.3154, 717.70465, , 
65773.072248083, 000407, 0.43785256, -0.058596943, 2.157191, -0.42003164, 0.6000374, -0.56636065, 0.37784147, 1598.34, 1598.34, 955.31494, 717.70026, , 
65773.088917333, 000408, 0.44577098, -0.05740345, 2.1568906, -0.42443338, 0.6001973, -0.5651171, 0.37451604, 1598.34, 1598.34, 955.3144, 717.6948, , 
65773.122255458, 000409, 0.4624529, -0.05502384, 2.156505, -0.43226534, 0.6004863, -0.5631899, 0.36794028, 1598.34, 1598.34, 955.3139, 717.68164, , 
65773.138924666, 000410, 0.47060424, -0.053546377, 2.1564295, -0.43547153, 0.6009484, -0.56235534, 0.36466712, 1598.34, 1598.34, 955.31415, 717.6769, , 
65773.155593875, 000411, 0.47867852, -0.051949523, 2.156508, -0.43827102, 0.6017191, -0.56153685, 0.36128825, 1598.34, 1598.34, 955.3148, 717.67175, , 
65773.188932083, 000412, 0.4947701, -0.04859521, 2.1569257, -0.4437146, 0.60442847, -0.5595767, 0.3530689, 1598.34, 1598.34, 955.31696, 717.6656, , 
65773.20560125, 000413, 0.50319564, -0.047447037, 2.1574094, -0.44606286, 0.60590565, -0.5589568, 0.34853044, 1598.34, 1598.34, 955.31915, 717.6615, , 
65773.238939416, 000414, 0.51841515, -0.04479801, 2.1590238, -0.45039508, 0.60743994, -0.5586242, 0.3407347, 1598.7919, 1598.7919, 955.32263, 717.6537, , 
65773.255608625, 000415, 0.5248028, -0.043081097, 2.1602569, -0.45295343, 0.6072034, -0.55825424, 0.33836296, 1598.7919, 1598.7919, 955.32336, 717.64905, , 
65773.27227775, 000416, 0.5305917, -0.041337356, 2.161912, -0.4556971, 0.60636806, -0.55759203, 0.33726716, 1598.7919, 1598.7919, 955.3229, 717.6431, , 
65773.305616166, 000417, 0.54159015, -0.038039565, 2.167022, -0.45972347, 0.60321736, -0.55704606, 0.33835325, 1598.34, 1598.34, 955.32056, 717.63525, , 
65773.322285208, 000418, 0.54710776, -0.036612246, 2.1705031, -0.46045402, 0.6013783, -0.557456, 0.3399543, 1598.34, 1598.34, 955.31903, 717.63116, , 
65773.338954333, 000419, 0.5519349, -0.03531983, 2.1742685, -0.46036795, 0.59980804, -0.5580137, 0.3419245, 1598.34, 1598.34, 955.318, 717.6294, , 
65773.372292708, 000420, 0.5605493, -0.033329144, 2.1832883, -0.4581027, 0.59698904, -0.5593765, 0.3476263, 1598.7919, 1598.7919, 955.3159, 717.6299, , 
65773.38896175, 000421, 0.564305, -0.032603733, 2.1885612, -0.45613882, 0.59522, -0.5603285, 0.35168496, 1598.7919, 1598.7919, 955.314, 717.63184, , 
65773.422300083, 000422, 0.57127666, -0.031707708, 2.2013867, -0.45044595, 0.5905632, -0.5631754, 0.36217013, 1598.34, 1598.34, 955.31067, 717.63635, , 
65773.43896925, 000423, 0.574036, -0.031623643, 2.2082763, -0.44664985, 0.5881149, -0.5648531, 0.3681927, 1598.34, 1598.34, 955.3085, 717.6408, , 
65773.455638416, 000424, 0.5764619, -0.03178199, 2.2155468, -0.4423762, 0.58564866, -0.5665953, 0.37455145, 1598.34, 1598.34, 955.3068, 717.645, , 
65773.488976666, 000425, 0.5805274, -0.032739315, 2.2313125, -0.43221942, 0.5805177, -0.5706267, 0.3880346, 1598.7919, 1598.7919, 955.30334, 717.6567, , 
65773.505645833, 000426, 0.582725, -0.033478096, 2.2402132, -0.42646796, 0.5777997, -0.5729361, 0.39498973, 1598.7919, 1598.7919, 955.3022, 717.66235, , 
65773.538984, 000427, 0.5862497, -0.035437953, 2.2587261, -0.41324794, 0.5726007, -0.57828707, 0.40858144, 1598.7919, 1598.7919, 955.30054, 717.6762, , 
65773.555653166, 000428, 0.5876492, -0.03668648, 2.2683175, -0.40574202, 0.5704575, -0.5812177, 0.41489455, 1598.7919, 1598.7919, 955.30066, 717.683, , 
65773.572322375, 000429, 0.5888275, -0.038092744, 2.2782078, -0.39774108, 0.5683983, -0.5842714, 0.4211324, 1598.7919, 1598.7919, 955.301, 717.69006, , 
65773.605660708, 000430, 0.59020877, -0.041303355, 2.2984133, -0.3809225, 0.56362265, -0.5908584, 0.43372107, 1598.34, 1598.34, 955.30273, 717.7063, , 
65773.622329791, 000431, 0.59021455, -0.042961136, 2.3087142, -0.3720286, 0.5602894, -0.5946704, 0.440497, 1598.34, 1598.34, 955.3037, 717.7122, , 
65773.638998916, 000432, 0.58979416, -0.04465963, 2.3191462, -0.36277997, 0.5563795, -0.59879476, 0.44752365, 1598.34, 1598.34, 955.3049, 717.7188, , 
65773.67233725, 000433, 0.5879068, -0.048266754, 2.3404272, -0.34363866, 0.54765487, -0.60723984, 0.4617862, 1598.7919, 1598.7919, 955.3068, 717.72766, , 
65773.68900625, 000434, 0.58645827, -0.050141316, 2.3513258, -0.3340087, 0.5430154, -0.61122394, 0.46901786, 1598.7919, 1598.7919, 955.30774, 717.7321, , 
65773.7056755, 000435, 0.5842557, -0.052080516, 2.3623571, -0.32459497, 0.538181, -0.6149711, 0.4762457, 1598.7919, 1598.7919, 955.309, 717.7379, , 
65773.739013791, 000436, 0.57917637, -0.055751067, 2.3848803, -0.3056586, 0.52776134, -0.622164, 0.4908694, 1598.7919, 1598.7919, 955.31055, 717.7461, , 
65773.755682958, 000437, 0.57639945, -0.057513945, 2.3963933, -0.29613423, 0.52255356, -0.6254522, 0.49804816, 1598.7919, 1598.7919, 955.3117, 717.75165, , 
65773.789021166, 000438, 0.5700411, -0.060956467, 2.4197824, -0.27719492, 0.5123837, -0.631047, 0.5122553, 1598.34, 1598.34, 955.31366, 717.7616, , 
65773.805690375, 000439, 0.56612396, -0.06267821, 2.4315128, -0.26827732, 0.5070788, -0.6333838, 0.519349, 1598.34, 1598.34, 955.31476, 717.76843, , 
65773.8390285, 000440, 0.5573908, -0.06573882, 2.4546216, -0.25102583, 0.49446273, -0.6381473, 0.534098, 1598.34, 1598.34, 955.31506, 717.77673, , 
65773.85569775, 000441, 0.55266494, -0.06713533, 2.4659748, -0.24237032, 0.48708147, -0.64086133, 0.5415764, 1598.34, 1598.34, 955.31476, 717.78, , 
65773.872366916, 000442, 0.54786575, -0.068580374, 2.4772959, -0.2334393, 0.47969958, -0.6436395, 0.5487464, 1593.369, 1593.369, 955.3145, 717.782, , 
65773.889036083, 000443, 0.54312235, -0.07015242, 2.4886613, -0.22408703, 0.47290462, -0.6462319, 0.5554553, 1593.369, 1593.369, 955.3148, 717.7844, , 
65773.905705291, 000444, 0.537994, -0.07191398, 2.4999487, -0.21458994, 0.46693143, -0.6483598, 0.56174356, 1593.369, 1593.369, 955.3162, 717.7893, , 
65773.92237425, 000445, 0.5327841, -0.07369526, 2.5111775, -0.20519148, 0.46118924, -0.6500474, 0.5680135, 1593.369, 1593.369, 955.3175, 717.794, , 
65773.9390435, 000446, 0.5274802, -0.07537734, 2.52225, -0.19642097, 0.45502943, -0.65141505, 0.5744783, 1595.6285, 1595.6285, 955.3185, 717.79877, , 
65773.972381833, 000447, 0.516505, -0.078420855, 2.5437074, -0.1809617, 0.44146374, -0.6536937, 0.58740723, 1595.6285, 1595.6285, 955.3185, 717.8079, , 
65773.989050833, 000448, 0.51112574, -0.07988936, 2.5542016, -0.173261, 0.43500826, -0.6548451, 0.5932338, 1595.6285, 1595.6285, 955.31854, 717.8113, , 
65774.022389208, 000449, 0.5001365, -0.08281816, 2.5739067, -0.15657344, 0.42340016, -0.6574446, 0.60331047, 1597.8881, 1597.8881, 955.3209, 717.8186, , 
65774.039058375, 000450, 0.49468827, -0.08414149, 2.583739, -0.14780864, 0.41708532, -0.6590243, 0.6081771, 1597.8881, 1597.8881, 955.3221, 717.82086, , 
65774.072396458, 000451, 0.48350137, -0.08640958, 2.6027975, -0.12948722, 0.40336603, -0.6624698, 0.6177887, 1600.1476, 1600.1476, 955.3244, 717.8237, , 
65774.089065708, 000452, 0.4778701, -0.087409884, 2.6120753, -0.12001932, 0.39679477, -0.6640236, 0.62227166, 1600.1476, 1600.1476, 955.32587, 717.825, , 
65774.105734875, 000453, 0.47145867, -0.08790638, 2.6211824, -0.110806175, 0.39061615, -0.6653398, 0.6264694, 1600.5995, 1600.5995, 955.3275, 717.82654, , 
65774.139073083, 000454, 0.46006796, -0.08907255, 2.6383328, -0.0939779, 0.3787951, -0.66761565, 0.6340123, 1602.4071, 1602.4071, 955.3309, 717.82935, , 
65774.15574225, 000455, 0.45459765, -0.08944745, 2.646332, -0.08633064, 0.37275845, -0.668822, 0.6373972, 1602.4071, 1602.4071, 955.33185, 717.82947, , 
65774.172411416, 000456, 0.44922164, -0.08969219, 2.654009, -0.07911018, 0.36673206, -0.67001754, 0.64056665, 1602.4071, 1602.4071, 955.3324, 717.8291, , 
65774.205749708, 000457, 0.43802208, -0.08953533, 2.6685755, -0.06558204, 0.35519934, -0.6722088, 0.6462723, 1604.6666, 1604.6666, 955.33344, 717.8274, , 
65774.222418791, 000458, 0.4327265, -0.08952079, 2.6755357, -0.059070967, 0.34993172, -0.67308205, 0.6488598, 1604.6666, 1604.6666, 955.33405, 717.8267, , 
65776.239383791, 000557, 0.028555505, -0.067890264, 3.335705, -0.20741569, -0.09013935, 0.6668986, -0.71, 1599.2438, 1599.2438, 955.338, 717.7609, , 
65776.272722166, 000558, 0.022928476, -0.06865713, 3.349794, -0.20548545, -0.09271441, 0.6675021, -0.70966244, 1599.2438, 1599.2438, 955.33844, 717.76105, , 
65776.289391333, 000559, 0.020098753, -0.06917034, 3.357004, -0.20462893, -0.093770124, 0.6679178, -0.70938, 1599.2438, 1599.2438, 955.33844, 717.7605, , 
65776.30606025, 000560, 0.017295053, -0.06936367, 3.3649244, -0.20362613, -0.094763376, 0.66840994, -0.709073, 1599.2438, 1599.2438, 955.33844, 717.7599, , 
65776.3227295, 000561, 0.014501561, -0.06988655, 3.372646, -0.20244735, -0.09577672, 0.6689595, -0.708756, 1599.2438, 1599.2438, 955.3381, 717.759, , 
65776.339398583, 000562, 0.011694461, -0.070548736, 3.380426, -0.20117666, -0.096832685, 0.66954243, -0.70842385, 1599.2438, 1599.2438, 955.3379, 717.75824, , 
65776.372736791, 000563, 0.0059878454, -0.07209689, 3.396331, -0.19858493, -0.09895165, 0.6708046, -0.7076679, 1599.2438, 1599.2438, 955.33716, 717.7562, , 
65776.389405916, 000564, 0.0031020641, -0.0729257, 3.4044626, -0.19732141, -0.09983592, 0.67156947, -0.7071715, 1599.2438, 1599.2438, 955.33673, 717.75494, , 
65776.406075083, 000565, 0.000154607, -0.073646024, 3.4127874, -0.19631405, -0.10050718, 0.6723228, -0.7066408, 1599.2438, 1599.2438, 955.33636, 717.7533, , 
65776.42274425, 000566, -0.00286109, -0.074502334, 3.4212377, -0.19555175, -0.10116417, 0.67305315, -0.7060629, 1599.2438, 1599.2438, 955.336, 717.75165, , 
65776.439413458, 000567, -0.0059539094, -0.07539447, 3.4298437, -0.19497423, -0.10171436, 0.6737391, -0.70548916, 1599.2438, 1599.2438, 955.33575, 717.7493, , 
65776.4560825, 000568, -0.00913956, -0.07626378, 3.4385867, -0.19447973, -0.10205127, 0.6744048, -0.7049407, 1599.2438, 1599.2438, 955.3356, 717.74756, , 
65776.489420791, 000569, -0.015871167, -0.077909134, 3.456411, -0.1935586, -0.102556445, 0.67544717, -0.7041225, 1599.6957, 1599.6957, 955.33496, 717.74426, , 
65776.506089958, 000570, -0.01906757, -0.07931494, 3.4643915, -0.19297381, -0.102717966, 0.6758376, -0.70388484, 1599.6957, 1599.6957, 955.3347, 717.7434, , 
65776.522758958, 000571, -0.02256187, -0.08020124, 3.473072, -0.19218533, -0.1028825, 0.6762432, -0.70368683, 1599.6957, 1599.6957, 955.33435, 717.74274, , 
65776.539428041, 000572, -0.026151095, -0.08083604, 3.4819999, -0.19100012, -0.10311606, 0.6767248, -0.7035123, 1599.6957, 1599.6957, 955.33344, 717.7419, , 
65776.556097208, 000573, -0.029765297, -0.081239544, 3.491011, -0.1897988, -0.10334339, 0.67728907, -0.70326096, 1599.6957, 1599.6957, 955.33276, 717.74115, , 
65776.572766416, 000574, -0.03340928, -0.0813881, 3.5000553, -0.18905774, -0.10346612, 0.6778936, -0.70286006, 1599.6957, 1599.6957, 955.33215, 717.7399, , 
65776.589435583, 000575, -0.037077624, -0.081329115, 3.509169, -0.18890932, -0.103675894, 0.67842925, -0.7023519, 1599.6957, 1599.6957, 955.33185, 717.7378, , 
65776.622773708, 000576, -0.043871686, -0.080687806, 3.5255346, -0.1896822, -0.10500667, 0.6791751, -0.70122427, 1599.6957, 1599.6957, 955.3331, 717.7348, , 
65776.639442916, 000577, -0.047464654, -0.08007881, 3.5344758, -0.19053443, -0.10556402, 0.6795551, -0.7005411, 1599.6957, 1599.6957, 955.3343, 717.7323, , 
65776.656112083, 000578, -0.05109625, -0.07925664, 3.543348, -0.19134882, -0.10572614, 0.6799676, -0.699894, 1599.2438, 1599.2438, 955.33496, 717.7302, , 
65776.672781083, 000579, -0.054782897, -0.07829924, 3.5521283, -0.19211043, -0.10572994, 0.6802254, -0.6994342, 1599.2438, 1599.2438, 955.33545, 717.7285, , 
65776.689450166, 000580, -0.058511723, -0.077293746, 3.5608644, -0.19294275, -0.105909, 0.68018645, -0.6992158, 1599.2438, 1599.2438, 955.336, 717.7276, , 
65776.722788541, 000581, -0.06520103, -0.075374775, 3.5772183, -0.1950945, -0.1064263, 0.67950726, -0.6992005, 1599.2438, 1599.2438, 955.3383, 717.7279, , 
65776.739457666, 000582, -0.06872789, -0.074390315, 3.5854356, -0.1961127, -0.10626646, 0.6791383, -0.69929856, 1599.2438, 1599.2438, 955.33905, 717.7283, , 
65776.756126666, 000583, -0.07225996, -0.07346879, 3.59346, -0.19680326, -0.105893284, 0.67880803, -0.6994818, 1599.2438, 1599.2438, 955.3396, 717.72876, , 
65776.772795833, 000584, -0.075804085, -0.07263647, 3.6012824, -0.19710602, -0.1054438, 0.6785338, -0.6997304, 1599.2438, 1599.2438, 955.3396, 717.7294, , 
65776.789465, 000585, -0.07935201, -0.071871735, 3.6088896, -0.19720997, -0.10482283, 0.6783745, -0.6999489, 1599.2438, 1599.2438, 955.33923, 717.72986, , 
65776.806134166, 000586, -0.08280924, -0.07071086, 3.615806, -0.19703037, -0.10407117, 0.6783369, -0.700148, 1599.2438, 1599.2438, 955.3387, 717.7302, , 
65776.822803208, 000587, -0.086371556, -0.06994107, 3.622942, -0.19661051, -0.10336751, 0.678298, -0.700408, 1599.2438, 1599.2438, 955.338, 717.7305, , 
65776.839472333, 000588, -0.090051994, -0.06937665, 3.6301405, -0.19577067, -0.102812685, 0.67815864, -0.7008596, 1599.2438, 1599.2438, 955.33704, 717.73145, , 
65776.872810666, 000589, -0.09775515, -0.06864939, 3.6449165, -0.19328256, -0.10328292, 0.67737937, -0.70223343, 1599.2438, 1599.2438, 955.33545, 717.7364, , 
65776.889479875, 000590, -0.10168116, -0.06844913, 3.6525228, -0.19204555, -0.10452062, 0.6768527, -0.7028972, 1599.2438, 1599.2438, 955.33545, 717.7392, , 
65776.906148791, 000591, -0.10507324, -0.06716687, 3.6611884, -0.19100925, -0.106159166, 0.67640996, -0.70336, 1599.2438, 1599.2438, 955.336, 717.74274, , 
65776.922817958, 000592, -0.10868262, -0.0667314, 3.669226, -0.19032407, -0.108127534, 0.67605287, -0.7035892, 1599.2438, 1599.2438, 955.3369, 717.7447, , 
65776.939487125, 000593, -0.112258986, -0.06660371, 3.6770391, -0.18995818, -0.11020129, 0.67586, -0.7035515, 1599.2438, 1599.2438, 955.3381, 717.7459, , 
65776.95615625, 000594, -0.11572388, -0.06663677, 3.6847684, -0.18964666, -0.112307064, 0.6758169, -0.70334405, 1599.2438, 1599.2438, 955.33984, 717.74664, , 
65776.972825291, 000595, -0.11908007, -0.06679638, 3.6924806, -0.1892045, -0.11446209, 0.67588055, -0.7030545, 1599.2438, 1599.2438, 955.341, 717.7469, , 
65776.989494416, 000596, -0.12237065, -0.0670778, 3.700218, -0.18845206, -0.11670777, 0.6760298, -0.7027438, 1599.2438, 1599.2438, 955.34216, 717.74713, , 
65777.022832708, 000597, -0.12913954, -0.068378165, 3.715861, -0.18650863, -0.121935, 0.6763883, -0.70202935, 1599.2438, 1599.2438, 955.3447, 717.7478, , 
65777.039501875, 000598, -0.13248841, -0.06909531, 3.7238216, -0.18543646, -0.12501109, 0.67656475, -0.70160216, 1599.2438, 1599.2438, 955.34625, 717.7482, , 
65777.056170916, 000599, -0.135875, -0.0698764, 3.7317939, -0.18419917, -0.12806147, 0.67680126, -0.7011497, 1599.2438, 1599.2438, 955.34766, 717.7486, , 
65777.07284, 000600, -0.13936266, -0.07070683, 3.7397134, -0.18271054, -0.13075396, 0.6771037, -0.70075023, 1599.2438, 1599.2438, 955.34894, 717.7489, , 
65777.08950925, 000601, -0.14301747, -0.07162523, 3.7476225, -0.18102036, -0.13322297, 0.67732525, -0.7005096, 1599.6957, 1599.6957, 955.3496, 717.74945, , 
65777.106178375, 000602, -0.14667347, -0.072660044, 3.7546022, -0.1793843, -0.13559754, 0.67734605, -0.7004548, 1599.2438, 1599.2438, 955.3502, 717.7506, , 
65777.122847333, 000603, -0.1506165, -0.07376885, 3.7623818, -0.17773186, -0.13824175, 0.6771674, -0.70053184, 1599.2438, 1599.2438, 955.3514, 717.7531, , 
65777.156185625, 000604, -0.15880626, -0.075916685, 3.7786577, -0.17351288, -0.14348868, 0.67697364, -0.7007218, 1599.2438, 1599.2438, 955.35254, 717.75726, , 
65777.172854875, 000605, -0.162909, -0.07681741, 3.786844, -0.17073907, -0.1456132, 0.6773039, -0.70064574, 1599.2438, 1599.2438, 955.3523, 717.7586, , 
65777.189523958, 000606, -0.16701205, -0.07756959, 3.7950337, -0.16776644, -0.14744006, 0.6779332, -0.70037305, 1599.2438, 1599.2438, 955.35114, 717.75916, , 
65777.206192958, 000607, -0.17110753, -0.078188956, 3.8032131, -0.16472499, -0.14910005, 0.67886055, -0.6998452, 1599.6957, 1599.6957, 955.35, 717.7586, , 
65777.222862083, 000608, -0.17516366, -0.07895744, 3.8111396, -0.16166605, -0.15062153, 0.680049, -0.6990784, 1599.2438, 1599.2438, 955.3487, 717.75726, , 
65777.239531333, 000609, -0.17920703, -0.0793913, 3.819325, -0.1583654, -0.1523175, 0.681411, -0.6981394, 1599.2438, 1599.2438, 955.3468, 717.7545, , 
65777.256200458, 000610, -0.18323407, -0.079648584, 3.8276227, -0.15482816, -0.15424106, 0.6828763, -0.69707817, 1599.2438, 1599.2438, 955.3454, 717.75214, , 
65777.289538541, 000611, -0.1913832, -0.07969074, 3.8442857, -0.146614, -0.15801719, 0.68612784, -0.6948119, 1599.2438, 1599.2438, 955.3414, 717.74585, , 
65777.30620775, 000612, -0.19569191, -0.079172894, 3.85264, -0.1416359, -0.16106093, 0.68766475, -0.6936251, 1599.2438, 1599.2438, 955.3396, 717.7436, , 
65777.322876958, 000613, -0.19969511, -0.07878871, 3.8616033, -0.13684337, -0.16557962, 0.68904066, -0.6921563, 1599.2438, 1599.2438, 955.3389, 717.7419, , 
65777.339546083, 000614, -0.20339687, -0.0782893, 3.8707998, 0.13300654, 0.17110598, -0.69043696, 0.69016576, 1599.2438, 1599.2438, 955.33997, 717.7392, , 
65777.356215083, 000615, -0.20677601, -0.077511996, 3.8797681, 0.1302098, 0.17639486, -0.6922052, 0.6875917, 1599.2438, 1599.2438, 955.3418, 717.7355, , 
65777.372884166, 000616, -0.20992939, -0.07642656, 3.8881533, 0.12776248, 0.1803666, -0.69447446, 0.68472624, 1599.2438, 1599.2438, 955.3432, 717.72974, , 
65777.389553375, 000617, -0.21302047, -0.075133465, 3.8958826, 0.12457766, 0.18287742, -0.6969851, 0.68209094, 1599.2438, 1599.2438, 955.3432, 717.7208, , 
65777.422891541, 000618, -0.21886854, -0.07217327, 3.9088845, 0.11371889, 0.18595509, -0.7013337, 0.6786897, 1599.2438, 1599.2438, 955.33844, 717.71063, , 
65777.439560666, 000619, -0.22208479, -0.07082579, 3.9163888, 0.10683252, 0.18894368, -0.702424, 0.6778552, 1599.6957, 1599.6957, 955.33545, 717.709, , 
65777.456229833, 000620, -0.225252, -0.06955043, 3.9244847, 0.100267634, 0.19369051, -0.70268893, 0.6772434, 1599.6957, 1599.6957, 955.3332, 717.71063, , 
65777.472899, 000621, -0.22820441, -0.06829631, 3.9329758, 0.09473804, 0.19989118, -0.7023882, 0.67654943, 1599.6957, 1599.6957, 955.3332, 717.71387, , 
65777.489567958, 000622, -0.23083599, -0.06692669, 3.9413908, 0.09056403, 0.20618339, -0.70210177, 0.6755292, 1599.2438, 1599.2438, 955.3345, 717.7171, , 
65777.506237083, 000623, -0.23279344, -0.06498801, 3.9478695, 0.08729018, 0.21130157, -0.70232147, 0.67414886, 1599.2438, 1599.2438, 955.3366, 717.71875, , 
65777.522906291, 000624, -0.23462582, -0.063154206, 3.9545965, 0.084172234, 0.21481347, -0.70317477, 0.67254394, 1599.2438, 1599.2438, 955.3373, 717.71747, , 
65777.539575416, 000625, -0.23624884, -0.061400726, 3.9609833, 0.080501035, 0.21705052, -0.7044929, 0.6708937, 1599.2438, 1599.2438, 955.3369, 717.7146, , 
65777.556244583, 000626, -0.23771922, -0.059811313, 3.967011, 0.07618658, 0.21857387, -0.7059942, 0.669323, 1599.6957, 1599.6957, 955.33496, 717.7096, , 
65777.572913583, 000627, -0.23910002, -0.05846478, 3.972881, 0.07136683, 0.2200733, -0.7074143, 0.6678618, 1599.6957, 1599.6957, 955.333, 717.70593, , 
65777.58958275, 000628, -0.2404368, -0.057398073, 3.9788036, 0.06620353, 0.22199331, -0.7085661, 0.6665358, 1599.2438, 1599.2438, 955.331, 717.70294, , 
65777.622921041, 000629, -0.24203727, -0.05542188, 3.9901054, 0.05584139, 0.22825214, -0.70969003, 0.6641707, 1599.2438, 1599.2438, 955.328, 717.70044, , 
65777.639590083, 000630, -0.2430083, -0.05500776, 3.9967794, 0.051000036, 0.23263237, -0.70987093, 0.6628457, 1599.2438, 1599.2438, 955.32764, 717.70074, , 
65777.656259208, 000631, -0.24382654, -0.054764938, 4.003721, 0.04653773, 0.23753886, -0.71001095, 0.6612821, 1599.2438, 1599.2438, 955.3279, 717.70123, , 
65777.672928333, 000632, -0.24446897, -0.054610558, 4.0107155, 0.042621147, 0.24246345, -0.7102709, 0.6594771, 1599.2438, 1599.2438, 955.3289, 717.70123, , 
65777.6895975, 000633, -0.24496415, -0.054498788, 4.0176167, 0.039304327, 0.24699917, -0.7107064, 0.65752804, 1599.2438, 1599.2438, 955.32996, 717.70044, , 
65777.706266708, 000634, -0.24540038, -0.05372828, 4.0245724, 0.036451835, 0.2510823, -0.71119624, 0.6556133, 1599.2438, 1599.2438, 955.3311, 717.6991, , 
65777.722935666, 000635, -0.24571978, -0.053518064, 4.031364, 0.03393812, 0.25490308, -0.7116741, 0.6537527, 1599.6957, 1599.6957, 955.33276, 717.69727, , 
65777.739604791, 000636, -0.2459434, -0.053571932, 4.0381417, 0.031744942, 0.25861564, -0.7120264, 0.6520189, 1599.6957, 1599.6957, 955.33405, 717.6962, , 
65777.756273916, 000637, -0.24608107, -0.05378357, 4.04496, 0.029670158, 0.26225963, -0.7122052, 0.650464, 1599.2438, 1599.2438, 955.33545, 717.69556, , 
65777.772943083, 000638, -0.2461488, -0.05409378, 4.0518093, 0.027509794, 0.26573762, -0.7122595, 0.6490864, 1599.2438, 1599.2438, 955.33704, 717.69556, , 
65777.789612125, 000639, -0.24616835, -0.054471605, 4.0586853, 0.025101041, 0.2690514, -0.7121964, 0.64788705, 1599.2438, 1599.2438, 955.338, 717.6959, , 
65777.806281208, 000640, -0.24604015, -0.054700866, 4.06572, 0.022506237, 0.27224272, -0.71204835, 0.64681107, 1599.2438, 1599.2438, 955.33856, 717.6965, , 
65777.839619583, 000641, -0.24556205, -0.055511937, 4.079884, 0.017230768, 0.27877787, -0.7118879, 0.64436144, 1599.2438, 1599.2438, 955.33997, 717.69763, , 
65777.856288708, 000642, -0.24506517, -0.055946708, 4.087099, 0.014677177, 0.2821228, -0.71196985, 0.6428766, 1599.2438, 1599.2438, 955.34076, 717.6976, , 
65777.872957666, 000643, -0.24437572, -0.05639028, 4.0944033, 0.012140533, 0.2854937, -0.7121479, 0.641242, 1599.2438, 1599.2438, 955.34204, 717.6969, , 
65777.889626833, 000644, -0.24354455, -0.056867134, 4.1017914, 0.009548405, 0.28884852, -0.7123054, 0.6396063, 1599.2438, 1599.2438, 955.3429, 717.6964, , 
65777.906296, 000645, -0.24191855, -0.0571621, 4.1090436, 0.0068358216, 0.2920885, -0.7123425, 0.63812673, 1599.2438, 1599.2438, 955.3437, 717.6961, , 
65777.922965166, 000646, -0.24072422, -0.05765537, 4.1163764, 0.0041008326, 0.29499832, -0.712387, 0.6367605, 1599.2438, 1599.2438, 955.34424, 717.69586, , 
65777.939634166, 000647, -0.23963635, -0.05820912, 4.1236644, 0.001237552, 0.29750973, -0.7124924, 0.63548493, 1599.2438, 1599.2438, 955.3445, 717.6953, , 
65777.956303333, 000648, -0.2385673, -0.058791894, 4.1308784, -0.001857893, 0.29958925, -0.71263814, 0.63434184, 1599.2438, 1599.2438, 955.3441, 717.6947, , 
65777.9729725, 000649, -0.23749085, -0.059424236, 4.1380606, -0.0052227336, 0.30133688, -0.7127316, 0.6333898, 1599.2438, 1599.2438, 955.3433, 717.694, , 
65777.989641541, 000650, -0.23636344, -0.060131665, 4.1452985, -0.008692756, 0.303032, -0.7127242, 0.63255066, 1599.2438, 1599.2438, 955.3419, 717.6934, , 
65778.006310791, 000651, -0.23410578, -0.06130543, 4.1511717, -0.01204205, 0.30485764, -0.7126189, 0.6317367, 1599.2438, 1599.2438, 955.3409, 717.69336, , 
65778.022979708, 000652, -0.23244214, -0.062231407, 4.1581755, -0.015231105, 0.30671158, -0.7125418, 0.63085675, 1599.2438, 1599.2438, 955.3401, 717.6933, , 
65778.039648916, 000653, -0.23087099, -0.063028656, 4.1656013, -0.018250193, 0.3084903, -0.7125893, 0.6298549, 1599.2438, 1599.2438, 955.33923, 717.6927, , 
65778.072987166, 000654, -0.22748752, -0.06434576, 4.18094, -0.02397945, 0.31198555, -0.7131124, 0.6273442, 1599.2438, 1599.2438, 955.3383, 717.69025, , 
65778.089656166, 000655, -0.2256485, -0.064870425, 4.1886835, -0.02696248, 0.31364852, -0.71355855, 0.62588483, 1599.2438, 1599.2438, 955.3379, 717.6876, , 
65778.106325291, 000656, -0.22319809, -0.06586957, 4.195093, -0.030171255, 0.31510463, -0.7141511, 0.6243293, 1599.2438, 1599.2438, 955.3373, 717.6851, , 
65778.1229945, 000657, -0.22101736, -0.066381976, 4.2022653, -0.03341015, 0.31634134, -0.71493244, 0.62264234, 1599.2438, 1599.2438, 955.3366, 717.68195, , 
65778.139663625, 000658, -0.21885663, -0.066661626, 4.2096214, -0.036740873, 0.31737778, -0.7159087, 0.62080276, 1599.6957, 1599.6957, 955.33563, 717.67664, , 
65778.15633275, 000659, -0.21661407, -0.06681774, 4.217044, -0.040346954, 0.31842834, -0.7169106, 0.6188819, 1599.6957, 1599.6957, 955.33484, 717.67224, , 
65778.173001708, 000660, -0.21423969, -0.06685425, 4.2245846, -0.04399647, 0.3196511, -0.7177271, 0.61705357, 1599.6957, 1599.6957, 955.33405, 717.6682, , 
65778.206340125, 000661, -0.20890187, -0.06684751, 4.2401123, -0.048632108, 0.32355937, -0.71854657, 0.6137061, 1599.2438, 1599.2438, 955.3343, 717.6626, , 
65778.223009291, 000662, -0.20594433, -0.06661664, 4.248193, -0.049225707, 0.32655168, -0.7186885, 0.6119049, 1599.6957, 1599.6957, 955.3361, 717.66187, , 
65780.239971291, 000767, 0.5059896, -0.07678269, 4.7899694, -0.48951593, 0.67146015, -0.5020052, 0.23980449, 1599.2438, 1599.2438, 955.3653, 717.7246, , 
65780.256640291, 000768, 0.5135963, -0.07685748, 4.7890625, -0.49339038, 0.67339915, -0.49759793, 0.23557544, 1599.2438, 1599.2438, 955.3644, 717.72614, , 
65780.273309416, 000769, 0.5213368, -0.07689554, 4.7880807, -0.49751458, 0.6752315, -0.4930303, 0.23122017, 1599.2438, 1599.2438, 955.36334, 717.72736, , 
65780.289978583, 000770, 0.52924716, -0.07690588, 4.7870116, 0.5017544, -0.67701864, 0.4883963, -0.22662173, 1599.2438, 1599.2438, 955.3618, 717.72845, , 
65780.306647708, 000771, 0.53727746, -0.07683384, 4.7858667, 0.50586826, -0.67866117, 0.48408592, -0.22175953, 1599.2438, 1599.2438, 955.36115, 717.72876, , 
65780.323316666, 000772, 0.5444162, -0.07622447, 4.784753, 0.5100362, -0.68011236, 0.47993296, -0.21673648, 1599.2438, 1599.2438, 955.36066, 717.7284, , 
65780.339985833, 000773, 0.5522971, -0.0758065, 4.7834764, 0.51423264, -0.6813532, 0.47605214, -0.211417, 1599.2438, 1599.2438, 955.3604, 717.72687, , 
65780.356654958, 000774, 0.56039155, -0.07539786, 4.782108, 0.5185431, -0.6824451, 0.4721933, -0.20595002, 1599.2438, 1599.2438, 955.3603, 717.7251, , 
65780.373324083, 000775, 0.5684644, -0.07495042, 4.7807117, 0.52303976, -0.68328446, 0.46830672, -0.200601, 1599.2438, 1599.2438, 955.36005, 717.7229, , 
65780.38999325, 000776, 0.57646364, -0.0745044, 4.7792926, 0.52776396, -0.6840345, 0.46411288, -0.19534919, 1599.2438, 1599.2438, 955.35913, 717.71954, , 
65780.406662166, 000777, 0.5837604, -0.07404646, 4.7777095, 0.5324149, -0.68472534, 0.459747, -0.19057357, 1599.2438, 1599.2438, 955.3581, 717.7173, , 
65780.4400005, 000778, 0.5988722, -0.07336087, 4.775479, 0.54184294, -0.6861907, 0.4497384, -0.18243904, 1599.2438, 1599.2438, 955.35345, 717.71405, , 
65780.456669583, 000779, 0.60639244, -0.073030345, 4.7747536, 0.5466451, -0.6868849, 0.44401586, -0.17949423, 1599.6957, 1599.6957, 955.3502, 717.7135, , 
65780.47333875, 000780, 0.6140376, -0.07276873, 4.774066, 0.55121493, -0.68810225, 0.43769723, -0.17634754, 1599.2438, 1599.2438, 955.3468, 717.71423, , 
65780.490007708, 000781, 0.6218758, -0.072549224, 4.773251, 0.5553268, -0.68979025, 0.43131894, -0.17252682, 1599.2438, 1599.2438, 955.34406, 717.7163, , 
65780.506676833, 000782, 0.6298401, -0.07233134, 4.7721624, 0.5590527, -0.69179386, 0.42516625, -0.16767542, 1599.2438, 1599.2438, 955.3418, 717.71985, , 
65780.523345958, 000783, 0.6390695, -0.07182037, 4.7710333, 0.56248504, -0.69377166, 0.41952983, -0.16213009, 1599.2438, 1599.2438, 955.3411, 717.7223, , 
65780.540015166, 000784, 0.64711994, -0.071402065, 4.76968, 0.5660955, -0.6951688, 0.41442394, -0.15661715, 1599.2438, 1599.2438, 955.34076, 717.72345, , 
65780.556684125, 000785, 0.6545203, -0.070928924, 4.768286, 0.56999695, -0.6958153, 0.40982115, -0.15162858, 1599.2438, 1599.2438, 955.3401, 717.72217, , 
65780.573353208, 000786, 0.66159165, -0.07039748, 4.7669373, 0.5741086, -0.6959132, 0.4054663, -0.1473133, 1599.2438, 1599.2438, 955.33905, 717.7196, , 
65780.590022375, 000787, 0.6686837, -0.06989426, 4.7655945, 0.57808626, -0.696063, 0.40101722, -0.14317045, 1599.2438, 1599.2438, 955.33777, 717.7169, , 
65780.6066915, 000788, 0.6760951, -0.069486886, 4.7641296, 0.58160543, -0.6968297, 0.39618436, -0.1385696, 1599.2438, 1599.2438, 955.33673, 717.7156, , 
65780.640029625, 000789, 0.6932808, -0.06895289, 4.759834, 0.5867693, -0.70121515, 0.38504153, -0.12546724, 1599.2438, 1599.2438, 955.33704, 717.72156, , 
65780.65669875, 000790, 0.7016391, -0.06889061, 4.7571936, 0.58844936, -0.7042492, 0.3795103, -0.11718442, 1599.2438, 1599.2438, 955.3389, 717.7274, , 
65780.673367875, 000791, 0.7095547, -0.068727344, 4.754405, 0.5899709, -0.70671874, 0.37494346, -0.10908875, 1599.2438, 1599.2438, 955.3425, 717.73425, , 
65780.690037041, 000792, 0.7168033, -0.06836345, 4.751614, 0.5917562, -0.7081274, 0.37146413, -0.1019539, 1599.2438, 1599.2438, 955.3452, 717.7367, , 
65780.706705958, 000793, 0.72335225, -0.06780981, 4.7489233, 0.5940305, -0.7084503, 0.36873862, -0.096216924, 1599.2438, 1599.2438, 955.34717, 717.7363, , 
65780.723375125, 000794, 0.727809, -0.06693488, 4.745985, 0.59677726, -0.7080068, 0.36628085, -0.09176917, 1599.2438, 1599.2438, 955.3483, 717.73254, , 
65780.740044291, 000795, 0.7330762, -0.06632879, 4.743289, 0.5995167, -0.70756465, 0.3636108, -0.08785903, 1599.6957, 1599.6957, 955.34845, 717.7293, , 
65780.756713375, 000796, 0.7387524, -0.0659735, 4.740501, 0.60195595, -0.707667, 0.3603602, -0.08364761, 1599.6957, 1599.6957, 955.34845, 717.72736, , 
65780.7900515, 000797, 0.75094175, -0.0658644, 4.7343197, 0.6058147, -0.7097602, 0.35190624, -0.073422864, 1599.2438, 1599.2438, 955.3495, 717.7305, , 
65780.806720666, 000798, 0.7571581, -0.06589631, 4.7309303, 0.6076304, -0.7110735, 0.34725928, -0.06760691, 1599.2438, 1599.2438, 955.3502, 717.7334, , 
65780.823389833, 000799, 0.76224715, -0.065857835, 4.7277136, 0.60973865, -0.7120513, 0.3425979, -0.061873853, 1599.2438, 1599.2438, 955.35114, 717.7362, , 
65780.840058958, 000800, 0.7678274, -0.06566585, 4.724162, 0.6121782, -0.71247864, 0.33827153, -0.056431018, 1599.2438, 1599.2438, 955.35156, 717.7367, , 
65780.856727875, 000801, 0.77341217, -0.06534274, 4.720439, 0.61490566, -0.7123811, 0.33428767, -0.051535673, 1599.2438, 1599.2438, 955.3517, 717.7356, , 
65780.873397, 000802, 0.77898246, -0.06499543, 4.7165947, 0.61760676, -0.71207976, 0.33057764, -0.04714688, 1599.2438, 1599.2438, 955.35144, 717.7331, , 
65780.906735333, 000803, 0.7904792, -0.06459067, 4.708557, 0.62166363, -0.7120613, 0.32396972, -0.039328218, 1599.2438, 1599.2438, 955.3514, 717.7312, , 
65780.92340425, 000804, 0.79667807, -0.064371206, 4.7052693, 0.6229239, -0.7124816, 0.32100868, -0.035903208, 1599.2438, 1599.2438, 955.35156, 717.7318, , 
65780.940073333, 000805, 0.8027898, -0.064394526, 4.70125, 0.62390316, -0.7130349, 0.3181926, -0.032857504, 1599.2438, 1599.2438, 955.3518, 717.7336, , 
65780.9567425, 000806, 0.8088495, -0.06453522, 4.696896, 0.6247637, -0.7136516, 0.31537575, -0.030164333, 1599.2438, 1599.2438, 955.3518, 717.73535, , 
65780.990080791, 000807, 0.8207367, -0.06495681, 4.6875954, 0.6265809, -0.7147029, 0.30974886, -0.025530288, 1599.2438, 1599.2438, 955.351, 717.73914, , 
65781.006749708, 000808, 0.8265248, -0.065169215, 4.682755, 0.62776697, -0.71494555, 0.30692014, -0.0236963, 1599.6957, 1599.6957, 955.3502, 717.74005, , 
65781.023418875, 000809, 0.8317994, -0.06634837, 4.6778007, 0.62922686, -0.7149708, 0.30397558, -0.022115711, 1599.6957, 1599.6957, 955.349, 717.7401, , 
65781.040088041, 000810, 0.83736306, -0.06692037, 4.6725926, 0.6308563, -0.71485627, 0.30097517, -0.020363921, 1599.2438, 1599.2438, 955.3473, 717.7394, , 
65781.073426166, 000811, 0.8489458, -0.067838326, 4.6612563, 0.6339859, -0.71459216, 0.29525188, -0.015688475, 1599.2438, 1599.2438, 955.34564, 717.73816, , 
65781.090095333, 000812, 0.8548922, -0.06832625, 4.655278, 0.6353965, -0.7144417, 0.29269114, -0.013275605, 1599.2438, 1599.2438, 955.3452, 717.7374, , 
65781.106764375, 000813, 0.8608387, -0.06944137, 4.6493597, 0.6367001, -0.7142761, 0.290331, -0.01142774, 1599.2438, 1599.2438, 955.3446, 717.73676, , 
65781.123433541, 000814, 0.866835, -0.07019372, 4.6433625, 0.6378436, -0.7141604, 0.28814715, -0.0100781545, 1599.2438, 1599.2438, 955.34393, 717.73627, , 
65781.156771625, 000815, 0.87882566, -0.07154077, 4.631375, 0.6394335, -0.71418947, 0.28457236, -0.0087547535, 1599.2438, 1599.2438, 955.3418, 717.7361, , 
65781.17344075, 000816, 0.88473165, -0.072138704, 4.625482, 0.6401042, -0.7141925, 0.28304854, -0.008903649, 1599.2438, 1599.2438, 955.34064, 717.7361, , 
65781.190109875, 000817, 0.89057624, -0.07260942, 4.6196823, 0.6408721, -0.71411973, 0.28146264, -0.009723158, 1599.2438, 1599.2438, 955.3383, 717.73566, , 
65781.206779083, 000818, 0.896453, -0.072931096, 4.6138363, 0.64172614, -0.7139883, 0.27980614, -0.010801881, 1599.2438, 1599.2438, 955.33624, 717.7351, , 
65781.223448041, 000819, 0.9025092, -0.07304813, 4.6074533, 0.6425253, -0.713892, 0.2781955, -0.011256346, 1599.6957, 1599.6957, 955.3345, 717.7347, , 
65781.256786291, 000820, 0.9151515, -0.07289851, 4.5938277, 0.6431801, -0.7142406, 0.27586877, -0.008726566, 1599.6957, 1599.6957, 955.33405, 717.7359, , 
65781.273455458, 000821, 0.9216185, -0.072536774, 4.586475, 0.6430962, -0.7144938, 0.2754868, -0.00574574, 1599.2438, 1599.2438, 955.33563, 717.73694, , 
65781.290124583, 000822, 0.92795646, -0.07196035, 4.578959, 0.6429936, -0.71458584, 0.27553818, -0.0022426934, 1599.2438, 1599.2438, 955.338, 717.7378, , 
65781.306793541, 000823, 0.9345393, -0.07062709, 4.5729246, 0.6430495, -0.7143425, 0.2760459, 0.0010109765, 1599.2438, 1599.2438, 955.3416, 717.73755, , 
65781.323462666, 000824, 0.9404067, -0.06950301, 4.5661125, 0.64332014, -0.71383226, 0.27670938, 0.0038167713, 1599.2438, 1599.2438, 955.34406, 717.73627, , 
65781.34013175, 000825, 0.94583464, -0.068407334, 4.5592184, 0.643797, -0.71319324, 0.27721134, 0.005900383, 1599.2438, 1599.2438, 955.346, 717.73444, , 
65781.373469875, 000826, 0.9559336, -0.0662648, 4.5459685, 0.6447696, -0.7119974, 0.2779879, 0.0073817493, 1599.2438, 1599.2438, 955.34796, 717.72974, , 
65781.390139, 000827, 0.96080494, -0.065262645, 4.539673, 0.64512765, -0.7116063, 0.27817085, 0.006920243, 1599.2438, 1599.2438, 955.3478, 717.7283, , 
65781.406808166, 000828, 0.9664458, -0.06369518, 4.534483, 0.6454172, -0.711367, 0.27813688, 0.0057867905, 1599.2438, 1599.2438, 955.34705, 717.72705, , 
65781.423477333, 000829, 0.9716759, -0.06260118, 4.5287347, 0.64564055, -0.7113263, 0.2777457, 0.004525862, 1599.2438, 1599.2438, 955.3454, 717.7263, , 
65781.456815416, 000830, 0.98239076, -0.061146975, 4.5162616, 0.645372, -0.7121753, 0.27619064, 0.0044758646, 1599.2438, 1599.2438, 955.34393, 717.7284, , 
65781.4734845, 000831, 0.98793805, -0.060684968, 4.5095954, 0.6449576, -0.71292263, 0.27519345, 0.00629173, 1599.2438, 1599.2438, 955.3447, 717.7319, , 
65781.490153583, 000832, 0.99346924, -0.060318347, 4.5028276, 0.6446272, -0.7136146, 0.274103, 0.008808767, 1599.2438, 1599.2438, 955.3459, 717.7347, , 
65781.523491708, 000833, 1.0053782, -0.059387714, 4.4892173, 0.6445446, -0.714263, 0.27240625, 0.013620673, 1599.6957, 1599.6957, 955.34894, 717.7385, , 
65781.540160875, 000834, 1.010964, -0.058988947, 4.48265, 0.6447446, -0.7142761, 0.2717916, 0.015604368, 1599.2438, 1599.2438, 955.35, 717.73895, , 
65781.556830041, 000835, 1.0162452, -0.05870125, 4.4762363, 0.64495784, -0.71421146, 0.2713517, 0.01731359, 1599.2438, 1599.2438, 955.3509, 717.7391, , 
65781.573499208, 000836, 1.0214511, -0.058514822, 4.4698844, 0.6450669, -0.714151, 0.2711495, 0.018839385, 1599.2438, 1599.2438, 955.3522, 717.73914, , 
65781.606837208, 000837, 1.0319188, -0.058508493, 4.457109, 0.644985, -0.7141376, 0.27113956, 0.0220312, 1599.2438, 1599.2438, 955.3546, 717.7396, , 
65781.623506416, 000838, 1.0382943, -0.05841247, 4.4510274, 0.6449224, -0.7141532, 0.27109897, 0.023786362, 1599.2438, 1599.2438, 955.35657, 717.7402, , 
65781.6401755, 000839, 1.044023, -0.05858447, 4.4446726, 0.64486027, -0.7142358, 0.2708815, 0.025410598, 1599.2438, 1599.2438, 955.3577, 717.74084, , 
65781.673513625, 000840, 1.0553548, -0.05924104, 4.4320498, 0.64440346, -0.7147077, 0.2705438, 0.027263338, 1599.2438, 1599.2438, 955.3594, 717.7426, , 
65781.69018275, 000841, 1.0612037, -0.059655767, 4.4258184, 0.64388037, -0.7150963, 0.27072656, 0.027612979, 1599.2438, 1599.2438, 955.36017, 717.7444, , 
65781.706851916, 000842, 1.0671791, -0.060106162, 4.419587, 0.64326847, -0.7155055, 0.27107266, 0.0278782, 1599.2438, 1599.2438, 955.3609, 717.7459, , 
65781.74019, 000843, 1.0806456, -0.061778255, 4.4071894, 0.6420481, -0.7163525, 0.27163473, 0.028772855, 1599.2438, 1599.2438, 955.36285, 717.74945, , 
65781.756859083, 000844, 1.0869896, -0.062371567, 4.4010363, 0.64175725, -0.7165604, 0.27169445, 0.029513743, 1599.2438, 1599.2438, 955.36365, 717.7504, , 
65781.773528166, 000845, 1.0933055, -0.06286648, 4.394977, 0.641857, -0.7165624, 0.27137148, 0.030257523, 1599.2438, 1599.2438, 955.36426, 717.7509, , 
65781.806866458, 000846, 1.105928, -0.06357292, 4.3831863, 0.64333606, -0.7160173, 0.26922038, 0.030957935, 1599.2438, 1599.2438, 955.36285, 717.74915, , 
65781.823535458, 000847, 1.1128906, -0.064045124, 4.3767877, 0.64422625, -0.7156997, 0.26793674, 0.03092758, 1599.2438, 1599.2438, 955.3616, 717.74786, , 
65781.840204541, 000848, 1.1196778, -0.06445781, 4.3706117, 0.64502746, -0.7155032, 0.2664824, 0.031335417, 1599.2438, 1599.2438, 955.36005, 717.7468, , 
65781.873542791, 000849, 1.133248, -0.06517497, 4.3580694, 0.6466745, -0.7151222, 0.2632693, 0.03319076, 1599.2438, 1599.2438, 955.3587, 717.74603, , 
65781.89021175, 000850, 1.1399392, -0.06532842, 4.351744, 0.64779353, -0.71458316, 0.26190725, 0.033750687, 1599.2438, 1599.2438, 955.3574, 717.744, , 
65781.906880916, 000851, 1.1469026, -0.06549752, 4.345328, 0.64903533, -0.7138328, 0.26086572, 0.03383835, 1599.2438, 1599.2438, 955.3563, 717.74133, , 
65781.940219166, 000852, 1.1614134, -0.065849066, 4.332469, 0.6514641, -0.71230984, 0.25913748, 0.03251375, 1599.2438, 1599.2438, 955.35284, 717.7341, , 
65781.956888291, 000853, 1.1682819, -0.065773845, 4.326083, 0.65251607, -0.71188563, 0.25774974, 0.031729363, 1599.2438, 1599.2438, 955.3509, 717.73193, , 
65781.973557291, 000854, 1.1753025, -0.065712675, 4.3194666, 0.65316993, -0.71193916, 0.25594962, 0.031647284, 1599.6957, 1599.6957, 955.34924, 717.7316, , 
65782.006895541, 000855, 1.1898614, -0.06550639, 4.3054504, 0.6536178, -0.71281534, 0.2520052, 0.034227565, 1599.2438, 1599.2438, 955.3478, 717.7354, , 
65782.023564625, 000856, 1.196537, -0.06443088, 4.299266, 0.6539164, -0.712998, 0.2504142, 0.036333382, 1599.2438, 1599.2438, 955.3481, 717.7368, , 
65782.040233666, 000857, 1.2034979, -0.063663125, 4.2925124, 0.6544777, -0.71287155, 0.24899973, 0.038371637, 1599.6957, 1599.6957, 955.3486, 717.73737, , 
65782.073571833, 000858, 1.2173014, -0.06191381, 4.279117, 0.65624034, -0.711961, 0.24656783, 0.040799778, 1599.6957, 1599.6957, 955.3483, 717.73474, , 
65782.090241, 000859, 1.2242016, -0.06094807, 4.2724643, 0.65692264, -0.7117209, 0.24529897, 0.041647483, 1599.2438, 1599.2438, 955.34784, 717.73376, , 
65782.106910125, 000860, 1.231211, -0.060023505, 4.265658, 0.65710604, -0.7119498, 0.24391206, 0.04296611, 1599.2438, 1599.2438, 955.34766, 717.73413, , 
65782.14024825, 000861, 1.2443337, -0.059027005, 4.2523007, 0.6561661, -0.7134715, 0.24117856, 0.047301184, 1599.6957, 1599.6957, 955.3491, 717.74066, , 
65782.156917375, 000862, 1.2509952, -0.05803759, 4.2453637, 0.6558455, -0.7139259, 0.24026884, 0.049470454, 1599.2438, 1599.2438, 955.3503, 717.7436, , 
65782.173586458, 000863, 1.2573364, -0.05679418, 4.2386446, 0.6560654, -0.71382046, 0.23965439, 0.051032454, 1599.2438, 1599.2438, 955.35144, 717.7446, , 
65782.206924583, 000864, 1.2688805, -0.05434156, 4.226118, 0.6582725, -0.71239257, 0.2374975, 0.052621238, 1599.2438, 1599.2438, 955.351, 717.74084, , 
65782.223593708, 000865, 1.2740908, -0.05374422, 4.2203207, 0.6598777, -0.71145695, 0.235694, 0.053280007, 1599.6957, 1599.6957, 955.3495, 717.7368, , 
65784.240553041, 000957, 1.8725747, -0.06254822, 3.3060477, 0.6785322, -0.6995622, 0.18779081, 0.122235335, 1599.2438, 1599.2438, 955.35516, 717.7289, , 
65784.257222166, 000958, 1.8766221, -0.06330491, 3.2974586, 0.6788427, -0.6995744, 0.1872954, 0.12119649, 1599.2438, 1599.2438, 955.3536, 717.72797, , 
65784.273891333, 000959, 1.8806772, -0.06396064, 3.2887344, 0.67912865, -0.69960624, 0.18661295, 0.120461226, 1599.2438, 1599.2438, 955.3524, 717.7274, , 
65784.307229333, 000960, 1.8898246, -0.06525874, 3.2696998, 0.6791457, -0.6997812, 0.18524458, 0.12145761, 1599.2438, 1599.2438, 955.3517, 717.72845, , 
65784.323898375, 000961, 1.8946735, -0.065789804, 3.2596595, 0.6790702, -0.6996851, 0.18497305, 0.122839056, 1599.2438, 1599.2438, 955.35254, 717.72925, , 
65784.340567583, 000962, 1.898846, -0.06609678, 3.2501426, 0.67927724, -0.6992838, 0.18500233, 0.12392997, 1599.2438, 1599.2438, 955.35345, 717.72894, , 
65784.373905666, 000963, 1.9065765, -0.06618519, 3.2319407, 0.68001956, -0.6982976, 0.18566397, 0.12442936, 1599.2438, 1599.2438, 955.3546, 717.7255, , 
65784.390574791, 000964, 1.9104462, -0.06611668, 3.2228882, 0.6799726, -0.6981744, 0.18620116, 0.12457501, 1599.2438, 1599.2438, 955.3551, 717.7248, , 
65784.407243791, 000965, 1.9153583, -0.0658834, 3.2128184, 0.6793587, -0.69848967, 0.18685906, 0.12517063, 1599.2438, 1599.2438, 955.3559, 717.72565, , 
65784.440581916, 000966, 1.924444, -0.06544775, 3.1930015, 0.67686325, -0.6999457, 0.1882819, 0.12838237, 1599.2438, 1599.2438, 955.36017, 717.7333, , 
65784.457251041, 000967, 1.9282689, -0.065106794, 3.1835954, 0.67573947, -0.70048606, 0.18890664, 0.13042057, 1599.2438, 1599.2438, 955.3626, 717.73694, , 
65784.473920166, 000968, 1.9317253, -0.06454033, 3.1746285, 0.6752014, -0.70060635, 0.18939179, 0.13185011, 1599.2438, 1599.2438, 955.3652, 717.7397, , 
65784.50725825, 000969, 1.9387515, -0.06252376, 3.157924, 0.67587215, -0.7000417, 0.18926209, 0.13159895, 1599.2438, 1599.2438, 955.3654, 717.73804, , 
65784.523927291, 000970, 1.9424582, -0.061312545, 3.150005, 0.6765399, -0.6997502, 0.18867761, 0.13055313, 1599.2438, 1599.2438, 955.36365, 717.7356, , 
65784.540596458, 000971, 1.9457843, -0.06032511, 3.142372, 0.6769712, -0.6996755, 0.18807384, 0.12958497, 1599.2438, 1599.2438, 955.3623, 717.7343, , 
65784.5739345, 000972, 1.952764, -0.05891718, 3.1272616, 0.67651534, -0.7004377, 0.18750311, 0.12867275, 1599.2438, 1599.2438, 955.36066, 717.73596, , 
65784.590603708, 000973, 1.9564927, -0.0584273, 3.1196985, 0.6757923, -0.70114076, 0.18742436, 0.12875822, 1599.2438, 1599.2438, 955.36066, 717.7382, , 
65784.60727275, 000974, 1.960787, -0.058381055, 3.1117604, 0.674874, -0.70190495, 0.18755534, 0.12921886, 1599.2438, 1599.2438, 955.36115, 717.741, , 
65784.640610958, 000975, 1.9692247, -0.058279235, 3.0964434, 0.6727649, -0.70329136, 0.18865098, 0.13107072, 1599.2438, 1599.2438, 955.36414, 717.7481, , 
65784.657279958, 000976, 1.9732351, -0.058159497, 3.0892317, 0.6718317, -0.70378006, 0.18946585, 0.13205482, 1599.2438, 1599.2438, 955.3659, 717.7507, , 
65784.690618166, 000977, 1.9809217, -0.05798189, 3.0754259, 0.67071766, -0.70428586, 0.1902846, 0.13383226, 1599.2438, 1599.2438, 955.369, 717.75464, , 
65784.707287291, 000978, 1.984915, -0.05850418, 3.068484, 0.6704654, -0.7044105, 0.19011815, 0.13467431, 1599.2438, 1599.2438, 955.36975, 717.7556, , 
65784.723956166, 000979, 1.9888601, -0.059020683, 3.0616245, 0.67032355, -0.7044783, 0.18969074, 0.13562511, 1599.2438, 1599.2438, 955.3703, 717.7565, , 
65784.757294458, 000980, 1.9965432, -0.059571568, 3.0480547, 0.67018056, -0.7044187, 0.18855809, 0.13819587, 1599.2438, 1599.2438, 955.3718, 717.7584, , 
65784.773963583, 000981, 2.0004408, -0.059847053, 3.0411456, 0.6702093, -0.7042645, 0.18785569, 0.13979025, 1599.2438, 1599.2438, 955.3725, 717.75903, , 
65784.790632708, 000982, 2.0043883, -0.06014985, 3.034127, 0.6703217, -0.7040656, 0.18684101, 0.1416008, 1599.2438, 1599.2438, 955.37335, 717.7596, , 
65784.82397075, 000983, 2.013136, -0.060495332, 3.0191853, 0.6710021, -0.7034807, 0.18358974, 0.1454853, 1599.2438, 1599.2438, 955.37427, 717.7607, , 
65784.840639875, 000984, 2.0172646, -0.060622428, 3.0119832, 0.67167294, -0.7029904, 0.18161109, 0.14723207, 1599.2438, 1599.2438, 955.37415, 717.76044, , 
65784.873977958, 000985, 2.0254488, -0.06066665, 2.9979947, 0.6736213, -0.70197517, 0.17607975, 0.14987041, 1599.2438, 1599.2438, 955.3716, 717.7584, , 
65784.890647083, 000986, 2.029617, -0.060602736, 2.9911425, 0.67482287, -0.70156986, 0.17214425, 0.1509317, 1599.2438, 1599.2438, 955.36914, 717.7575, , 
65784.907316166, 000987, 2.0341163, -0.060332526, 2.9836597, 0.6761754, -0.7011116, 0.16769467, 0.15201256, 1599.2438, 1599.2438, 955.3652, 717.7563, , 
65784.940654333, 000988, 2.0427241, -0.059550136, 2.9692543, 0.679464, -0.6996559, 0.15793826, 0.15448573, 1599.2438, 1599.2438, 955.35876, 717.7531, , 
65784.957323291, 000989, 2.0468469, -0.058975242, 2.9625192, 0.68142015, -0.69868165, 0.15297173, 0.15527432, 1599.2438, 1599.2438, 955.35425, 717.74945, , 
65784.990661625, 000990, 2.0551457, -0.057264306, 2.9493759, 0.6858089, -0.69653744, 0.14274947, 0.15532027, 1599.2438, 1599.2438, 955.346, 717.7416, , 
65785.007330666, 000991, 2.0598102, -0.05619083, 2.941789, 0.6878555, -0.6954042, 0.13773976, 0.15587011, 1599.2438, 1599.2438, 955.3411, 717.73645, , 
65785.023999583, 000992, 2.0643792, -0.05491717, 2.9340348, 0.6897727, -0.69408447, 0.13319036, 0.1572282, 1599.2438, 1599.2438, 955.33856, 717.73285, , 
65785.057337833, 000993, 2.0724928, -0.05144572, 2.9197361, 0.69403964, -0.69055265, 0.12628438, 0.15968171, 1599.6957, 1599.6957, 955.33484, 717.7215, , 
65785.074007, 000994, 2.0761945, -0.049173288, 2.9133778, 0.696775, -0.68842655, 0.123482816, 0.15913996, 1599.6957, 1599.6957, 955.3329, 717.7141, , 
65785.107345041, 000995, 2.084092, -0.0442068, 2.9011526, 0.70290047, -0.68472165, 0.11615303, 0.15360902, 1599.2438, 1599.2438, 955.3258, 717.69666, , 
65785.124014208, 000996, 2.0885055, -0.041639365, 2.8949647, 0.70556027, -0.68356746, 0.111497, 0.14996219, 1599.6957, 1599.6957, 955.31964, 717.68646, , 
65785.157352375, 000997, 2.0968938, -0.035863742, 2.8833663, 0.7088097, -0.68250614, 0.101906724, 0.14625047, 1599.6957, 1599.6957, 955.3123, 717.67804, , 
65785.174021333, 000998, 2.1008174, -0.032693863, 2.8774335, 0.70983577, -0.68208987, 0.09710149, 0.14648503, 1599.6957, 1599.6957, 955.30927, 717.676, , 
65785.190690416, 000999, 2.104429, -0.029188123, 2.8718724, 0.7111289, -0.6813998, 0.0925618, 0.14636359, 1599.6957, 1599.6957, 955.3073, 717.6739, , 
65785.224028625, 001000, 2.1111157, -0.021836475, 2.862079, 0.7149132, -0.6793064, 0.08407626, 0.14273454, 1599.6957, 1599.6957, 955.3022, 717.6628, , 
65785.24069775, 001001, 2.1139011, -0.017913707, 2.8581102, 0.7170717, -0.67821467, 0.079294, 0.13980544, 1599.6957, 1599.6957, 955.29974, 717.6567, , 
65785.274035833, 001002, 2.119124, -0.010556884, 2.8507853, 0.7206438, -0.6767564, 0.068464346, 0.13411202, 1599.6957, 1599.6957, 955.2944, 717.6452, , 
65785.290704916, 001003, 2.1217644, -0.00732385, 2.8470705, 0.7218181, -0.67648214, 0.06282236, 0.1319236, 1599.6957, 1599.6957, 955.2924, 717.6424, , 
65785.324043, 001004, 2.12684, -0.0018228926, 2.8389597, 0.72353196, -0.67622334, 0.05145486, 0.12874743, 1599.6957, 1599.6957, 955.28906, 717.638, , 
65785.340712083, 001005, 2.1295357, 0.00069544464, 2.8348682, 0.72414255, -0.6761848, 0.046174813, 0.12751321, 1599.6957, 1599.6957, 955.28796, 717.6368, , 
65785.374050333, 001006, 2.134979, 0.0052233264, 2.8262408, 0.72495955, -0.6760319, 0.037558198, 0.12650718, 1599.6957, 1599.6957, 955.2866, 717.63495, , 
65785.390719416, 001007, 2.1375997, 0.007237248, 2.821654, 0.7252481, -0.67582583, 0.03407635, 0.126939, 1599.6957, 1599.6957, 955.28625, 717.63434, , 
65785.424057541, 001008, 2.1416276, 0.009364441, 2.8125052, 0.7254543, -0.67558503, 0.028396793, 0.12843114, 1599.6957, 1599.6957, 955.2859, 717.63416, , 
65785.440726666, 001009, 2.1440256, 0.010573104, 2.8078156, 0.7252946, -0.6757385, 0.026268937, 0.12897709, 1599.6957, 1599.6957, 955.28564, 717.63495, , 
65785.474064666, 001010, 2.1491833, 0.012594681, 2.7983222, 0.72430766, -0.6768561, 0.023093697, 0.12927079, 1599.6957, 1599.6957, 955.2851, 717.6382, , 
65785.490733791, 001011, 2.1518784, 0.013295192, 2.7933848, 0.72345376, -0.67779064, 0.021922028, 0.1293593, 1599.6957, 1599.6957, 955.2845, 717.6419, , 
65785.507402916, 001012, 2.1544344, 0.013551109, 2.7878127, 0.72232026, -0.678968, 0.02105993, 0.12966229, 1599.6957, 1599.6957, 955.2842, 717.64575, , 
65785.540741083, 001013, 2.1597922, 0.013751358, 2.7769063, 0.71988, -0.6816292, 0.019943314, 0.1294477, 1599.6957, 1599.6957, 955.2831, 717.6557, , 
65785.557410041, 001014, 2.1625917, 0.013727941, 2.7717, 0.71882814, -0.6829162, 0.019457318, 0.12858039, 1599.6957, 1599.6957, 955.2828, 717.6594, , 
65785.59074825, 001015, 2.1685724, 0.013064854, 2.7610097, 0.7168698, -0.6853751, 0.019927246, 0.12633927, 1599.6957, 1599.6957, 955.28217, 717.6659, , 
65785.607417416, 001016, 2.1717458, 0.011259295, 2.7556837, 0.71565545, -0.6867118, 0.021559665, 0.12569574, 1599.6957, 1599.6957, 955.2819, 717.6709, , 
65785.640755416, 001017, 2.1793175, 0.0073404685, 2.7435389, 0.7124229, -0.68991655, 0.028312726, 0.12516809, 1599.6957, 1599.6957, 955.2816, 717.6808, , 
65785.657424583, 001018, 2.1838136, 0.005263932, 2.7367022, 0.71033925, -0.6918515, 0.033718724, 0.12499125, 1599.6957, 1599.6957, 955.2816, 717.6891, , 
65785.69076275, 001019, 2.1940804, 1.3634537e-05, 2.721893, 0.7050028, -0.6964088, 0.048814163, 0.124912284, 1599.6957, 1599.6957, 955.28265, 717.70447, , 
65785.707431791, 001020, 2.2000887, -0.00392136, 2.7131932, 0.70192564, -0.69883364, 0.057950757, 0.124793895, 1599.2438, 1599.2438, 955.28436, 717.71564, , 
65785.740769958, 001021, 2.2124207, -0.01164791, 2.6967409, 0.6960488, -0.7031929, 0.077993, 0.12228249, 1599.2438, 1599.2438, 955.28845, 717.73047, , 
65785.757439083, 001022, 2.2186484, -0.015185542, 2.6893845, 0.69361377, -0.7049057, 0.08853647, 0.11903453, 1599.6957, 1599.6957, 955.2915, 717.73676, , 
65785.790777083, 001023, 2.231689, -0.022221055, 2.6758127, 0.6893197, -0.7075749, 0.110396095, 0.10949293, 1599.2438, 1599.2438, 955.2958, 717.7416, , 
65785.80744625, 001024, 2.2389216, -0.026505928, 2.6682231, 0.6870745, -0.708759, 0.12126748, 0.1043247, 1599.6957, 1599.6957, 955.2988, 717.7437, , 
65785.840784458, 001025, 2.254374, -0.034742266, 2.654216, 0.6818571, -0.71149516, 0.14113554, 0.09447921, 1599.2438, 1599.2438, 955.30347, 717.7483, , 
65785.857453458, 001026, 2.2627199, -0.03871591, 2.6477718, 0.67851317, -0.7134114, 0.15020975, 0.0900061, 1599.2438, 1599.2438, 955.3059, 717.75244, , 
65785.874122458, 001027, 2.2715437, -0.042755596, 2.6414754, 0.6745217, -0.7157467, 0.15919493, 0.08593144, 1599.6957, 1599.6957, 955.30975, 717.76056, , 
65785.90746075, 001028, 2.2900784, -0.051075544, 2.629746, 0.6655903, -0.7208359, 0.17712995, 0.07752439, 1599.2438, 1599.2438, 955.3166, 717.7756, , 
65785.924129583, 001029, 2.2994564, -0.055139445, 2.6245253, 0.66125333, -0.7231368, 0.18584652, 0.072651975, 1599.2438, 1599.2438, 955.321, 717.78467, , 
65785.957467875, 001030, 2.318105, -0.06206557, 2.6158123, 0.6528324, -0.7270261, 0.20400418, 0.060210448, 1599.2438, 1599.2438, 955.32697, 717.7953, , 
65785.974136958, 001031, 2.327457, -0.065051876, 2.6121516, 0.64835244, -0.72893995, 0.21328698, 0.05286102, 1599.2438, 1599.2438, 955.3303, 717.8015, , 
65785.990805958, 001032, 2.3369572, -0.06783215, 2.6087546, 0.6432413, -0.73118967, 0.22253108, 0.045632005, 1599.2438, 1599.2438, 955.3331, 717.80756, , 
65786.024144125, 001033, 2.3565457, -0.073702745, 2.6019425, 0.63139445, -0.736441, 0.24069163, 0.03260815, 1599.6957, 1599.6957, 955.3425, 717.82697, , 
65786.04081325, 001034, 2.366111, -0.07574085, 2.5995426, 0.62551814, -0.7387735, 0.24954888, 0.025810516, 1599.2438, 1599.2438, 955.3467, 717.83496, , 
65786.057482375, 001035, 2.3753724, -0.077250615, 2.5979066, 0.62010634, -0.74053335, 0.2583483, 0.018296713, 1599.2438, 1599.2438, 955.3503, 717.8413, , 
65786.090820375, 001036, 2.392827, -0.079108424, 2.5967557, 0.6109312, -0.74221617, 0.27545843, 0.0009940633, 1599.2438, 1599.2438, 955.35516, 717.8489, , 
65786.1074895, 001037, 2.4013896, -0.07987416, 2.5972903, 0.6066832, -0.742476, 0.28388163, -0.008715308, 1599.2438, 1599.2438, 955.356, 717.85004, , 
65786.124158625, 001038, 2.4099321, -0.08061041, 2.5982072, 0.60227466, -0.7427932, 0.2918537, -0.018569006, 1599.2438, 1599.2438, 955.35645, 717.8521, , 
65786.157496708, 001039, 2.4271595, -0.08225282, 2.600434, 0.59236276, -0.74431354, 0.3061493, -0.037099984, 1599.2438, 1599.2438, 955.3582, 717.8596, , 
65786.17416575, 001040, 2.435944, -0.083250515, 2.60174, 0.58691597, -0.74529326, 0.3130115, -0.045732904, 1599.2438, 1599.2438, 955.35986, 717.86487, , 
65786.190834958, 001041, 2.4447594, -0.084300384, 2.603221, 0.58135945, -0.7460601, 0.32011464, -0.05424175, 1599.2438, 1599.2438, 955.3625, 717.87177, , 
65786.224173, 001042, 2.4637496, -0.086893156, 2.6056798, 0.57033074, -0.7462402, 0.335792, -0.07135927, 1599.2438, 1599.2438, 955.3668, 717.8788, , 
65788.241130125, 001133, 3.3866842, -0.09294376, 2.8587422, -0.26782584, 0.5464918, -0.62278664, 0.49168357, 1599.2438, 1599.2438, 955.35345, 717.8227, , 
65788.274468375, 001134, 3.4002018, -0.09002257, 2.8678668, -0.27066174, 0.54631835, -0.62023544, 0.49354488, 1599.2438, 1599.2438, 955.34937, 717.82654, , 
65788.291137458, 001135, 3.406969, -0.08850892, 2.8722193, -0.27148947, 0.54673237, -0.61912936, 0.49402037, 1599.2438, 1599.2438, 955.3488, 717.82874, , 
65788.324475416, 001136, 3.4205754, -0.0868191, 2.8798153, -0.27367663, 0.5459181, -0.6176366, 0.49558005, 1599.2438, 1599.2438, 955.3459, 717.8308, , 
65788.341144541, 001137, 3.4266574, -0.08532806, 2.8831878, -0.27537513, 0.54430693, -0.6173198, 0.49680462, 1599.6957, 1599.6957, 955.3433, 717.82947, , 
65788.374482791, 001138, 3.4383574, -0.082374096, 2.8895917, -0.27834186, 0.54042244, -0.61768556, 0.49893287, 1599.2438, 1599.2438, 955.33716, 717.8231, , 
65788.391151666, 001139, 3.4441872, -0.081168965, 2.8928328, -0.27935866, 0.53864795, -0.6182197, 0.4996215, 1599.2438, 1599.2438, 955.3352, 717.82, , 
65788.40782075, 001140, 3.45054, -0.080896005, 2.896193, -0.28018603, 0.5367801, -0.61892873, 0.50029004, 1599.2438, 1599.2438, 955.3333, 717.81665, , 
65788.441159, 001141, 3.462816, -0.08052517, 2.9035883, -0.28103566, 0.53377736, -0.6204858, 0.501097, 1599.2438, 1599.2438, 955.3302, 717.80945, , 
65788.457827916, 001142, 3.4689257, -0.080393, 2.9077466, -0.2804962, 0.5330529, -0.6215536, 0.500847, 1599.2438, 1599.2438, 955.3301, 717.80695, , 
65788.491166125, 001143, 3.481444, -0.0805643, 2.9167507, -0.27681312, 0.5328314, -0.6250217, 0.49881163, 1599.2438, 1599.2438, 955.3333, 717.8011, , 
65788.507835208, 001144, 3.48748, -0.08049168, 2.921346, -0.27390382, 0.5324679, -0.6275497, 0.49763036, 1599.2438, 1599.2438, 955.33575, 717.79785, , 
65788.541173208, 001145, 3.4986382, -0.08072895, 2.9307103, -0.2666767, 0.53011626, -0.6332278, 0.496873, 1599.2438, 1599.2438, 955.3414, 717.78937, , 
65788.557842333, 001146, 3.5037796, -0.0810716, 2.9355364, -0.26270884, 0.52837527, -0.6358125, 0.4975399, 1599.2438, 1599.2438, 955.3433, 717.78656, , 
65788.5911805, 001147, 3.5130835, -0.08196007, 2.9454875, -0.25425836, 0.52370715, -0.6402022, 0.5012231, 1599.2438, 1599.2438, 955.3461, 717.7835, , 
65788.6078495, 001148, 3.5170228, -0.08200957, 2.951309, -0.2497793, 0.52068406, -0.6421061, 0.50418055, 1599.2438, 1599.2438, 955.34705, 717.7828, , 
65788.641187708, 001149, 3.5247915, -0.08243064, 2.9629354, -0.24103817, 0.5145559, -0.64510506, 0.51085454, 1599.2438, 1599.2438, 955.3478, 717.7835, , 
65788.657856791, 001150, 3.5287817, -0.08277371, 2.9686701, -0.23717687, 0.5117523, -0.64617574, 0.51411444, 1599.2438, 1599.2438, 955.34784, 717.78503, , 
65788.691194833, 001151, 3.5365171, -0.08316689, 2.9802828, -0.2298551, 0.50539076, -0.6486713, 0.52055, 1599.2438, 1599.2438, 955.3473, 717.786, , 
65788.707863916, 001152, 3.5396085, -0.0833494, 2.986145, -0.22622935, 0.5015682, -0.65024644, 0.5238599, 1599.2438, 1599.2438, 955.3465, 717.7849, , 
65788.724532916, 001153, 3.5425837, -0.08340455, 2.9920342, -0.22284617, 0.49731383, -0.6517358, 0.52750266, 1599.2438, 1599.2438, 955.34534, 717.78375, , 
65788.741202083, 001154, 3.5456922, -0.0832926, 2.9979537, -0.2196718, 0.49279964, -0.65292025, 0.53159, 1599.2438, 1599.2438, 955.34357, 717.783, , 
65788.757871, 001155, 3.5487902, -0.08309375, 3.0038657, -0.21664692, 0.4882683, -0.6537148, 0.53601784, 1599.2438, 1599.2438, 955.341, 717.78326, , 
65788.774540083, 001156, 3.5518386, -0.08283299, 3.0096729, -0.2136271, 0.48375803, -0.65423787, 0.5406611, 1599.6957, 1599.6957, 955.3389, 717.7844, , 
65788.791209208, 001157, 3.5548077, -0.08251302, 3.0152779, -0.2105394, 0.4791029, -0.6546216, 0.5455311, 1599.6957, 1599.6957, 955.3368, 717.7862, , 
65788.824547208, 001158, 3.560827, -0.081391096, 3.0252662, -0.20460911, 0.4680355, -0.6559056, 0.55575687, 1599.2438, 1599.2438, 955.3309, 717.7885, , 
65788.841216375, 001159, 3.5636802, -0.0807682, 3.0296242, -0.2021621, 0.46172002, -0.6566572, 0.56102276, 1599.2438, 1599.2438, 955.32764, 717.7882, , 
65788.857885416, 001160, 3.5668266, -0.08029791, 3.0338476, -0.19986008, 0.456297, -0.6569963, 0.5658665, 1599.6957, 1599.6957, 955.3246, 717.7884, , 
65788.891223666, 001161, 3.5744812, -0.07994322, 3.0422971, -0.19405796, 0.45009097, -0.65653735, 0.57333964, 1599.2438, 1599.2438, 955.3221, 717.79535, , 
65788.907892583, 001162, 3.5785146, -0.080330424, 3.0457904, -0.19047616, 0.44786552, -0.65658206, 0.5762251, 1599.2438, 1599.2438, 955.3225, 717.7991, , 
65788.941230708, 001163, 3.5862017, -0.08082307, 3.0516677, -0.18318826, 0.4415851, -0.6577453, 0.5820789, 1599.2438, 1599.2438, 955.3229, 717.8038, , 
65788.957899833, 001164, 3.5896838, -0.08095426, 3.0543795, -0.1800792, 0.4372961, -0.6584887, 0.5854368, 1599.2438, 1599.2438, 955.3221, 717.804, , 
65788.991237875, 001165, 3.5965605, -0.081624016, 3.0607455, -0.17362314, 0.43061268, -0.65902984, 0.59169877, 1599.2438, 1599.2438, 955.32056, 717.8074, , 
65789.007907, 001166, 3.6003401, -0.08281391, 3.064363, -0.16928272, 0.42941624, -0.65903115, 0.5938207, 1599.2438, 1599.2438, 955.32184, 717.81104, , 
65789.04124525, 001167, 3.6075828, -0.08437938, 3.0724044, -0.15814336, 0.42876348, -0.6601416, 0.5961255, 1599.6957, 1599.6957, 955.3288, 717.81885, , 
65789.057914125, 001168, 3.6106007, -0.084543996, 3.0763814, -0.1524438, 0.42775702, -0.66144776, 0.5968849, 1599.2438, 1599.2438, 955.3319, 717.81976, , 
65789.074583208, 001169, 3.6130843, -0.08449427, 3.0800824, -0.1472013, 0.4258507, -0.6631252, 0.5977021, 1599.2438, 1599.2438, 955.33435, 717.81915, , 
65789.107921416, 001170, 3.6155224, -0.084031925, 3.0863233, -0.13671355, 0.41975826, -0.6672908, 0.59986275, 1599.2438, 1599.2438, 955.3379, 717.81305, , 
65789.124590375, 001171, 3.6157389, -0.0838408, 3.08923, -0.13090552, 0.4163129, -0.6693204, 0.6012964, 1599.6957, 1599.6957, 955.33923, 717.8103, , 
65789.141259458, 001172, 3.6161356, -0.08382043, 3.0925963, -0.124995075, 0.412792, -0.67099667, 0.6031107, 1599.2438, 1599.2438, 955.3414, 717.8078, , 
65789.174597625, 001173, 3.6161666, -0.08415444, 3.099893, -0.11389129, 0.40547267, -0.67289203, 0.6081423, 1599.2438, 1599.2438, 955.3437, 717.8078, , 
65789.191266791, 001174, 3.615735, -0.08441433, 3.103708, -0.108912334, 0.4017611, -0.67331904, 0.61103815, 1599.2438, 1599.2438, 955.3446, 717.8095, , 
65789.207935708, 001175, 3.6142552, -0.08542558, 3.1063044, -0.10416157, 0.39812753, -0.67365026, 0.61387306, 1599.2438, 1599.2438, 955.3452, 717.81104, , 
65789.241273833, 001176, 3.6115277, -0.08689489, 3.1127636, -0.09449212, 0.39117077, -0.6747148, 0.6187217, 1599.2438, 1599.2438, 955.3469, 717.813, , 
65789.257942916, 001177, 3.6103754, -0.08733425, 3.116681, -0.08958896, 0.38772961, -0.675545, 0.62070805, 1599.2438, 1599.2438, 955.3478, 717.8126, , 
65789.274611833, 001178, 3.6091812, -0.08784369, 3.1208444, -0.08462971, 0.38449898, -0.67637163, 0.62251085, 1599.2438, 1599.2438, 955.3488, 717.8122, , 
65789.291280958, 001179, 3.6079333, -0.088501014, 3.1252778, -0.079536036, 0.3817474, -0.67704266, 0.6241445, 1599.2438, 1599.2438, 955.3502, 717.812, , 
65789.324619166, 001180, 3.6039987, -0.09079885, 3.1329565, -0.069158606, 0.37666827, -0.67811716, 0.62729204, 1599.2438, 1599.2438, 955.35474, 717.81287, , 
65789.341288291, 001181, 3.6021917, -0.09172861, 3.137403, -0.06408296, 0.3737171, -0.6787241, 0.6289376, 1599.2438, 1599.2438, 955.3563, 717.8129, , 
65789.35795725, 001182, 3.6003847, -0.0925638, 3.1420565, -0.05885833, 0.37051392, -0.6794541, 0.6305531, 1599.2438, 1599.2438, 955.3582, 717.81226, , 
65789.391295375, 001183, 3.5967393, -0.09423798, 3.1519885, -0.047139775, 0.36476848, -0.6809149, 0.6333062, 1599.2438, 1599.2438, 955.3624, 717.81085, , 
65789.407964458, 001184, 3.594122, -0.094712056, 3.1563408, -0.04097155, 0.36204425, -0.6816069, 0.63455296, 1599.2438, 1599.2438, 955.3662, 717.8101, , 
65789.424633416, 001185, 3.591466, -0.09519612, 3.1607935, -0.034891292, 0.35893267, -0.68236053, 0.6358726, 1599.2438, 1599.2438, 955.3688, 717.80914, , 
65789.457971625, 001186, 3.5867317, -0.09656512, 3.1707442, -0.023590932, 0.35173193, -0.68388414, 0.63877267, 1598.7919, 1598.7919, 955.37286, 717.8057, , 
65789.47464075, 001187, 3.5843508, -0.09726304, 3.1758912, -0.01831474, 0.34775877, -0.6846117, 0.64034, 1599.2438, 1599.2438, 955.3739, 717.804, , 
65789.49130975, 001188, 3.5819333, -0.097917646, 3.1810915, -0.0132918535, 0.34360477, -0.6852816, 0.64198774, 1599.2438, 1599.2438, 955.3745, 717.80225, , 
65789.52464775, 001189, 3.576556, -0.09903084, 3.1915226, -0.0040794523, 0.3350841, -0.6864221, 0.6453887, 1599.2438, 1599.2438, 955.37494, 717.79834, , 
65789.541316875, 001190, 3.574033, -0.099533714, 3.1970413, 0.00011860903, 0.3311896, -0.6867707, 0.647039, 1599.2438, 1599.2438, 955.37494, 717.7971, , 
65789.557986, 001191, 3.5715542, -0.1000358, 3.2028532, 0.0041421764, 0.3277826, -0.6868938, 0.64862806, 1599.2438, 1599.2438, 955.3754, 717.7964, , 
65789.591324041, 001192, 3.5665584, -0.100963324, 3.2151966, 0.011371679, 0.3218036, -0.68672156, 0.6517106, 1599.2438, 1599.2438, 955.37634, 717.7967, , 
65789.607993083, 001193, 3.564352, -0.10194576, 3.2216842, 0.014496773, 0.3184726, -0.68672127, 0.6532833, 1599.2438, 1599.2438, 955.3762, 717.7968, , 
65789.624662291, 001194, 3.5620935, -0.102687046, 3.2281158, 0.017294396, 0.31458974, -0.6869012, 0.6549053, 1599.2438, 1599.2438, 955.37506, 717.7959, , 
65789.641331333, 001195, 3.559635, -0.103002265, 3.2345028, 0.01985566, 0.3106113, -0.68700254, 0.6566231, 1599.2438, 1599.2438, 955.37354, 717.7951, , 
65789.674669291, 001196, 3.5545967, -0.10346018, 3.2477791, 0.024518799, 0.30371925, -0.6863685, 0.66034216, 1599.2438, 1599.2438, 955.3709, 717.7963, , 
65789.691338458, 001197, 3.5521142, -0.10367338, 3.2546692, 0.02641737, 0.3008043, -0.6857188, 0.6622753, 1599.2438, 1599.2438, 955.36993, 717.7981, , 
65789.708007541, 001198, 3.550704, -0.10424079, 3.2617614, 0.028030796, 0.29799974, -0.6851581, 0.66405493, 1599.2438, 1599.2438, 955.3688, 717.79987, , 
65789.7413455, 001199, 3.5473561, -0.104817145, 3.2760587, 0.03134358, 0.29263744, -0.68437815, 0.6670888, 1599.2438, 1599.2438, 955.36646, 717.8026, , 
65789.758014625, 001200, 3.5453682, -0.104876906, 3.2832847, 0.033302467, 0.29022992, -0.68417174, 0.6682564, 1599.2438, 1599.2438, 955.3659, 717.80304, , 
65789.774683791, 001201, 3.543443, -0.10496043, 3.290649, 0.0350346, 0.28873244, -0.68382674, 0.669169, 1599.2438, 1599.2438, 955.3659, 717.80365, , 
65789.791352875, 001202, 3.5414178, -0.104947604, 3.2978733, 0.036959767, 0.28675598, -0.68365514, 0.67008996, 1599.2438, 1599.2438, 955.366, 717.80444, , 
65789.824690833, 001203, 3.537932, -0.10466317, 3.3117645, 0.040904, 0.2817165, -0.6838718, 0.67177534, 1599.2438, 1599.2438, 955.3649, 717.80347, , 
65789.841359916, 001204, 3.536031, -0.10433322, 3.3185568, 0.043308817, 0.2787659, -0.68403906, 0.67268443, 1599.2438, 1599.2438, 955.36414, 717.80206, , 
65789.858029041, 001205, 3.5341263, -0.10394017, 3.3253474, 0.045699634, 0.27604765, -0.68407255, 0.6736126, 1599.2438, 1599.2438, 955.3638, 717.80133, , 
65789.891367125, 001206, 3.530449, -0.10296819, 3.3389432, 0.049818035, 0.27190986, -0.68363136, 0.675449, 1599.2438, 1599.2438, 955.36365, 717.80164, , 
65789.908036208, 001207, 3.5289757, -0.10269649, 3.3455575, 0.051779483, 0.27038074, -0.6833917, 0.67615753, 1599.2438, 1599.2438, 955.3639, 717.80225, , 
65789.92470525, 001208, 3.5275877, -0.10227477, 3.3520322, 0.053966083, 0.26886258, -0.6833073, 0.676677, 1599.2438, 1599.2438, 955.3644, 717.80237, , 
65789.958043291, 001209, 3.52466, -0.10087861, 3.3645134, 0.05932321, 0.2652201, -0.6837309, 0.67723787, 1599.2438, 1599.2438, 955.3659, 717.79974, , 
65789.974712375, 001210, 3.5231628, -0.10018411, 3.3704212, 0.062110245, 0.26293227, -0.6841747, 0.6774318, 1599.2438, 1599.2438, 955.36633, 717.7977, , 
65789.991381416, 001211, 3.5216331, -0.099560104, 3.3761241, 0.06488559, 0.26027128, -0.684748, 0.67762, 1599.2438, 1599.2438, 955.36633, 717.7942, , 
65790.008050583, 001212, 3.5203943, -0.09896745, 3.3817627, 0.06774022, 0.25745195, -0.6853539, 0.6778052, 1599.2438, 1599.2438, 955.3662, 717.7914, , 
65790.041388625, 001213, 3.5174816, -0.098297596, 3.3933184, 0.07355151, 0.25234354, -0.6862373, 0.6782266, 1599.2438, 1599.2438, 955.36633, 717.7862, , 
65790.058057666, 001214, 3.5157173, -0.09823446, 3.3993356, 0.07648248, 0.25031102, -0.6863719, 0.6785193, 1599.2438, 1599.2438, 955.3672, 717.784, , 
65790.074726791, 001215, 3.5138242, -0.09830679, 3.4054697, 0.07945564, 0.24861616, -0.6863386, 0.67883444, 1599.2438, 1599.2438, 955.3682, 717.783, , 
65790.108064791, 001216, 3.5097983, -0.098717555, 3.4178648, 0.085642375, 0.24571942, -0.68615365, 0.67932355, 1599.2438, 1599.2438, 955.37134, 717.78125, , 
65790.124733875, 001217, 3.5080948, -0.09989906, 3.4242759, 0.08920853, 0.24441248, -0.68606585, 0.6794247, 1599.2438, 1599.2438, 955.3732, 717.7804, , 
65790.141403, 001218, 3.5060446, -0.100553945, 3.4305243, 0.09317161, 0.24274157, -0.68590343, 0.67965585, 1599.2438, 1599.2438, 955.3752, 717.7794, , 
65790.174741, 001219, 3.5013347, -0.10174779, 3.4427354, 0.102310844, 0.23828943, -0.68507975, 0.6807469, 1599.2438, 1599.2438, 955.3802, 717.7778, , 
65790.191410041, 001220, 3.4988477, -0.10252193, 3.4488175, 0.106816895, 0.23608913, -0.68424344, 0.68166184, 1599.2438, 1599.2438, 955.3824, 717.77814, , 
65790.208079166, 001221, 3.4963958, -0.10380321, 3.4552493, 0.11100108, 0.2339796, -0.68318176, 0.68278474, 1599.2438, 1599.2438, 955.3851, 717.7799, , 
65792.2417035, 001308, 3.1552427, -0.13200621, 4.3836036, -0.27854845, -0.06344547, 0.62932515, -0.72272766, 1599.2438, 1599.2438, 955.3965, 717.7946, , 
65792.275041541, 001309, 3.14828, -0.13108435, 4.401772, -0.28411967, -0.0627651, 0.62726015, -0.7224135, 1599.2438, 1599.2438, 955.4015, 717.79364, , 
65792.291710666, 001310, 3.1448889, -0.13052613, 4.410604, -0.2868894, -0.062454186, 0.62607044, -0.7223779, 1599.2438, 1599.2438, 955.4045, 717.79364, , 
65792.325048791, 001311, 3.139263, -0.12912521, 4.425473, -0.2915448, -0.060351, 0.6242804, -0.72224194, 1599.2438, 1599.2438, 955.4089, 717.79297, , 
65792.341717708, 001312, 3.1362276, -0.12836772, 4.432935, -0.29340866, -0.05864606, 0.62363076, -0.7221888, 1598.7919, 1598.7919, 955.4095, 717.79236, , 
65792.358386833, 001313, 3.133053, -0.12761255, 4.4402766, -0.2950887, -0.05675867, 0.62301636, -0.7221853, 1598.7919, 1598.7919, 955.4095, 717.79156, , 
65792.391724916, 001314, 3.1262994, -0.1261315, 4.454303, -0.2981603, -0.052486338, 0.621587, -0.7224785, 1599.2438, 1599.2438, 955.4089, 717.79114, , 
65792.408393875, 001315, 3.1227677, -0.12607317, 4.4606605, -0.29958698, -0.050181035, 0.62064177, -0.7228646, 1599.2438, 1599.2438, 955.4082, 717.7919, , 
65792.441732041, 001316, 3.1150997, -0.12556022, 4.4734044, -0.30235648, -0.04674773, 0.6181098, -0.7241101, 1599.2438, 1599.2438, 955.4087, 717.7953, , 
65792.458401166, 001317, 3.111116, -0.12501061, 4.479811, -0.303686, -0.045649555, 0.61692613, -0.72463304, 1599.2438, 1599.2438, 955.4097, 717.7977, , 
65792.47507025, 001318, 3.1071837, -0.12436694, 4.486094, -0.30495492, -0.044683762, 0.6161094, -0.7248553, 1598.7919, 1598.7919, 955.4104, 717.7986, , 
65792.508408291, 001319, 3.0993528, -0.123764314, 4.4989047, -0.3070986, -0.042591278, 0.6156674, -0.7244516, 1598.7919, 1598.7919, 955.41064, 717.7968, , 
65792.525077333, 001320, 3.0953155, -0.12389557, 4.5054975, -0.30797753, -0.041870944, 0.6156577, -0.7241287, 1598.7919, 1598.7919, 955.4105, 717.7956, , 
65792.541746416, 001321, 3.091176, -0.12375683, 4.511727, -0.3089078, -0.041499153, 0.6155135, -0.72387636, 1598.7919, 1598.7919, 955.4109, 717.7947, , 
65792.575084375, 001322, 3.0824006, -0.12365277, 4.523915, -0.31086653, -0.04090524, 0.6149667, -0.72353625, 1598.7919, 1598.7919, 955.4126, 717.79315, , 
65792.591753541, 001323, 3.0777378, -0.12377756, 4.5299807, -0.31185085, -0.040515594, 0.61459386, -0.7234513, 1598.7919, 1598.7919, 955.4133, 717.7928, , 
65792.608422541, 001324, 3.0727472, -0.12407195, 4.5366917, -0.31297448, -0.039988086, 0.6140594, -0.72344935, 1598.7919, 1598.7919, 955.414, 717.79254, , 
65792.641760541, 001325, 3.0623038, -0.124821335, 4.5497026, -0.31520027, -0.03914344, 0.613012, -0.72341746, 1598.7919, 1598.7919, 955.416, 717.792, , 
65792.658429708, 001326, 3.0568728, -0.12526022, 4.5560393, -0.31614256, -0.038951315, 0.6125119, -0.72344035, 1598.7919, 1598.7919, 955.41693, 717.79205, , 
65792.67509875, 001327, 3.0512776, -0.12573707, 4.562434, -0.3169425, -0.03892244, 0.61200726, -0.72351897, 1599.2438, 1599.2438, 955.41833, 717.7924, , 
65792.70843675, 001328, 3.039909, -0.12679203, 4.576068, -0.31784502, -0.038937476, 0.61134326, -0.72368354, 1599.2438, 1599.2438, 955.4198, 717.7933, , 
65792.725105833, 001329, 3.0341747, -0.12733623, 4.5831394, -0.31778318, -0.038701165, 0.6112839, -0.7237734, 1599.2438, 1599.2438, 955.41974, 717.79376, , 
65792.741774958, 001330, 3.0282674, -0.12784156, 4.589746, -0.31715855, -0.038296573, 0.61139303, -0.72397685, 1598.7919, 1598.7919, 955.41113, 717.7822, , 
65792.758443958, 001331, 3.0222309, -0.12838177, 4.5962343, -0.3158691, -0.03780204, 0.6116158, -0.7243782, 1598.7919, 1598.7919, 955.4096, 717.78314, , 
65792.791782, 001332, 3.0097787, -0.1297658, 4.6096253, -0.31175447, -0.037997954, 0.611949, -0.7258676, 1599.2438, 1599.2438, 955.4055, 717.7883, , 
65792.808451125, 001333, 3.0035589, -0.13052696, 4.6167064, -0.3095097, -0.038462758, 0.6121064, -0.7266706, 1599.2438, 1599.2438, 955.404, 717.79114, , 
65792.825120166, 001334, 2.9973457, -0.13118808, 4.6237807, -0.30731583, -0.03849122, 0.61248565, -0.72728044, 1599.2438, 1599.2438, 955.4024, 717.79346, , 
65792.858458166, 001335, 2.9846106, -0.13227917, 4.6380534, -0.30345103, -0.037702806, 0.6133861, -0.7281851, 1599.2438, 1599.2438, 955.39703, 717.79645, , 
65792.87512725, 001336, 2.977963, -0.13285531, 4.6456995, -0.30199885, -0.038483676, 0.61328965, -0.72882885, 1599.2438, 1599.2438, 955.3961, 717.7984, , 
65792.891796291, 001337, 2.9712083, -0.1334303, 4.653714, -0.30100647, -0.040375818, 0.6128227, -0.7295295, 1599.2438, 1599.2438, 955.3974, 717.80206, , 
65792.925134333, 001338, 2.9585755, -0.13414215, 4.6699605, -0.30035424, -0.04461308, 0.6123738, -0.7299283, 1599.2438, 1599.2438, 955.4015, 717.8057, , 
65792.941803416, 001339, 2.9526277, -0.13408887, 4.677801, -0.30039364, -0.045915008, 0.61291593, -0.72937614, 1599.2438, 1599.2438, 955.40295, 717.80414, , 
65792.975141583, 001340, 2.9409351, -0.13361841, 4.693069, -0.3003157, -0.04793174, 0.61475724, -0.727727, 1599.2438, 1599.2438, 955.40356, 717.79877, , 
65792.991810666, 001341, 2.9348829, -0.13333589, 4.700805, -0.29954812, -0.049817625, 0.6156254, -0.7271826, 1599.2438, 1599.2438, 955.40424, 717.7963, , 
65793.008479541, 001342, 2.9284055, -0.13290979, 4.709249, -0.29806247, -0.052915115, 0.6163784, -0.72693634, 1599.2438, 1599.2438, 955.4054, 717.79596, , 
65793.04181775, 001343, 2.9156816, -0.13189206, 4.72627, -0.2942269, -0.06274074, 0.6176399, -0.7266465, 1598.7919, 1598.7919, 955.41064, 717.7978, , 
65793.058486833, 001344, 2.9098258, -0.13113211, 4.7343793, -0.29233342, -0.068009034, 0.6184586, -0.7262402, 1598.7919, 1598.7919, 955.41516, 717.79865, , 
65793.091824791, 001345, 2.8994067, -0.12903121, 4.7490387, -0.28722295, -0.074990526, 0.6212347, -0.72522193, 1598.7919, 1598.7919, 955.41736, 717.7975, , 
65793.108493916, 001346, 2.8945127, -0.1280529, 4.755559, -0.28400388, -0.07640001, 0.62290955, -0.72490585, 1598.7919, 1598.7919, 955.41473, 717.7962, , 
65793.125162916, 001347, 2.889831, -0.12719354, 4.7618384, -0.28074658, -0.07719604, 0.62450373, -0.72471875, 1598.7919, 1598.7919, 955.41156, 717.79535, , 
65793.158501, 001348, 2.8808782, -0.12591924, 4.7747245, -0.2748587, -0.07981031, 0.62695724, -0.7245741, 1599.2438, 1599.2438, 955.40643, 717.7951, , 
65793.175170041, 001349, 2.8763845, -0.12554088, 4.7815833, -0.27246854, -0.08203847, 0.62777585, -0.72451925, 1599.2438, 1599.2438, 955.4059, 717.79553, , 
65793.208508208, 001350, 2.8669686, -0.12494829, 4.7966123, -0.2690995, -0.08834738, 0.62903464, -0.7239445, 1599.2438, 1599.2438, 955.40845, 717.7965, , 
65793.225177041, 001351, 2.862212, -0.124605194, 4.8044615, -0.26839045, -0.09166087, 0.6297948, -0.72313446, 1598.7919, 1598.7919, 955.4105, 717.7954, , 
65793.258515333, 001352, 2.8536232, -0.124044135, 4.8194475, -0.26827455, -0.097181916, 0.6315441, -0.7209274, 1598.7919, 1598.7919, 955.4159, 717.7898, , 
65793.275184416, 001353, 2.849415, -0.123908296, 4.826707, -0.2682612, -0.09932873, 0.6322314, -0.7200369, 1599.2438, 1599.2438, 955.41785, 717.78766, , 
65793.308522291, 001354, 2.8406687, -0.12422204, 4.840984, -0.26737455, -0.10288478, 0.632675, -0.7194776, 1599.2438, 1599.2438, 955.421, 717.787, , 
65793.325191458, 001355, 2.8361228, -0.12465687, 4.848014, -0.26654974, -0.10422398, 0.6325078, -0.7197378, 1599.2438, 1599.2438, 955.4218, 717.7884, , 
65793.341860583, 001356, 2.8316486, -0.12514056, 4.8549247, -0.2655607, -0.10511976, 0.63230175, -0.72015405, 1599.2438, 1599.2438, 955.42206, 717.7903, , 
65793.3751985, 001357, 2.822741, -0.12627918, 4.8687096, -0.26364827, -0.106103495, 0.6320321, -0.7209487, 1599.2438, 1599.2438, 955.42145, 717.794, , 
65793.391867625, 001358, 2.8182952, -0.12694207, 4.875741, -0.2627407, -0.10659385, 0.6320318, -0.7212079, 1599.2438, 1599.2438, 955.4211, 717.79517, , 
65793.42520575, 001359, 2.8097506, -0.12892462, 4.8900723, -0.26091924, -0.10814912, 0.63220465, -0.72148615, 1599.2438, 1599.2438, 955.4208, 717.7972, , 
65793.441874833, 001360, 2.8053527, -0.12987824, 4.897682, -0.26014143, -0.10929544, 0.6323678, -0.72145134, 1599.2438, 1599.2438, 955.4211, 717.7977, , 
65793.475212875, 001361, 2.7965438, -0.13173911, 4.913495, -0.25893217, -0.11158732, 0.63319266, -0.7208117, 1599.2438, 1599.2438, 955.42206, 717.7972, , 
65793.491881916, 001362, 2.7921364, -0.13266021, 4.9215508, -0.25845972, -0.11234346, 0.6338259, -0.7203071, 1599.2438, 1599.2438, 955.4222, 717.79553, , 
65793.525219958, 001363, 2.783356, -0.1343871, 4.9379005, -0.2574425, -0.11323113, 0.6350998, -0.7194097, 1599.2438, 1599.2438, 955.4216, 717.7926, , 
65793.541889, 001364, 2.7787845, -0.13539848, 4.946435, -0.25683108, -0.11394234, 0.6355654, -0.71910477, 1599.2438, 1599.2438, 955.4213, 717.79144, , 
65793.558558125, 001365, 2.7741451, -0.13642237, 4.955197, -0.25617215, -0.11492921, 0.635987, -0.71880996, 1599.2438, 1599.2438, 955.42145, 717.791, , 
65793.591896291, 001366, 2.764948, -0.13807786, 4.9730034, -0.25470474, -0.11667977, 0.6374491, -0.7177534, 1599.2438, 1599.2438, 955.4213, 717.7882, , 
65793.608565166, 001367, 2.7606182, -0.13864917, 4.9821486, -0.25408423, -0.116825275, 0.6388255, -0.7167252, 1599.2438, 1599.2438, 955.4203, 717.7851, , 
65793.641903291, 001368, 2.7521489, -0.13905682, 4.9998355, -0.25324675, -0.11537199, 0.642646, -0.7138358, 1599.2438, 1599.2438, 955.41565, 717.7728, , 
65793.658572416, 001369, 2.7479045, -0.13897714, 5.0083804, -0.25289413, -0.11407143, 0.64478445, -0.7122397, 1598.7919, 1598.7919, 955.4132, 717.76636, , 
65793.691910375, 001370, 2.7390375, -0.13855135, 5.025298, -0.25193882, -0.110897064, 0.64845806, -0.70973986, 1599.2438, 1599.2438, 955.40656, 717.75323, , 
65793.708579458, 001371, 2.7345216, -0.13824958, 5.0335464, -0.2515014, -0.10958152, 0.649614, -0.709042, 1599.2438, 1599.2438, 955.40424, 717.74963, , 
65793.725248583, 001372, 2.7297533, -0.13784982, 5.041957, -0.25149104, -0.108827576, 0.65019536, -0.7086288, 1599.2438, 1599.2438, 955.40283, 717.7474, , 
65793.758586583, 001373, 2.719525, -0.13659003, 5.059547, -0.2528368, -0.10961192, 0.65036076, -0.70787686, 1599.2438, 1599.2438, 955.4046, 717.74475, , 
65793.775255625, 001374, 2.7143686, -0.13570744, 5.0684557, -0.2536605, -0.110823184, 0.6504108, -0.70734745, 1598.7919, 1598.7919, 955.40656, 717.7438, , 
65793.79192475, 001375, 2.7093534, -0.13467562, 5.0773363, -0.25446776, -0.11224036, 0.65064305, -0.70662016, 1598.7919, 1598.7919, 955.4087, 717.74243, , 
65793.825262708, 001376, 2.6994736, -0.13224983, 5.0956187, -0.25644454, -0.11524527, 0.65156746, -0.7045669, 1599.2438, 1599.2438, 955.41437, 717.73694, , 
65793.84193175, 001377, 2.6950274, -0.13104346, 5.1041884, -0.2575621, -0.11615382, 0.65212727, -0.7034914, 1599.2438, 1599.2438, 955.41656, 717.734, , 
65793.858600833, 001378, 2.6907773, -0.12984438, 5.112339, -0.25848392, -0.11614396, 0.65275604, -0.70257103, 1599.2438, 1599.2438, 955.4182, 717.72986, , 
65793.891938958, 001379, 2.6825428, -0.12753358, 5.1276855, -0.25908735, -0.11373818, 0.65406877, -0.70152074, 1599.2438, 1599.2438, 955.41644, 717.7245, , 
65793.908607958, 001380, 2.678738, -0.12648912, 5.1345224, -0.25877947, -0.1123849, 0.6545857, -0.70137036, 1599.2438, 1599.2438, 955.4139, 717.7221, , 
65793.925276958, 001381, 2.674805, -0.12568396, 5.141677, -0.2580824, -0.11200804, 0.65480375, -0.70148396, 1598.7919, 1598.7919, 955.4125, 717.72186, , 
65793.958615125, 001382, 2.6663558, -0.12496271, 5.157931, -0.25635386, -0.11566863, 0.6542221, -0.7020662, 1599.2438, 1599.2438, 955.4145, 717.72614, , 
65793.975284041, 001383, 2.6621716, -0.12488628, 5.1664896, -0.25571212, -0.11902707, 0.65381426, -0.7021189, 1599.2438, 1599.2438, 955.41736, 717.72845, , 
65793.991953125, 001384, 2.6581597, -0.12487991, 5.1750617, -0.25539675, -0.12263501, 0.6535935, -0.70181817, 1599.2438, 1599.2438, 955.421, 717.7301, , 
65794.025291333, 001385, 2.6506333, -0.12524173, 5.191265, -0.25476167, -0.13011323, 0.6537564, -0.70054954, 1598.7919, 1598.7919, 955.42993, 717.7311, , 
65794.041960375, 001386, 2.6472359, -0.12548721, 5.199369, -0.25391877, -0.13355969, 0.65411264, -0.6998741, 1598.7919, 1598.7919, 955.4332, 717.7312, , 
65794.058629333, 001387, 2.6440113, -0.12577343, 5.2072897, -0.2526365, -0.13638641, 0.6546786, -0.6992636, 1598.7919, 1598.7919, 955.43585, 717.731, , 
65794.0919675, 001388, 2.637791, -0.1266996, 5.2229915, -0.24902472, -0.14183053, 0.6558042, -0.6984209, 1598.7919, 1598.7919, 955.43787, 717.7316, , 
65794.1086365, 001389, 2.6346655, -0.12778611, 5.231197, -0.2468734, -0.14509062, 0.6562677, -0.69807947, 1598.7919, 1598.7919, 955.439, 717.7325, , 
65794.125305416, 001390, 2.6315446, -0.12894256, 5.2395153, -0.24454543, -0.14868112, 0.65676856, -0.6976722, 1598.7919, 1598.7919, 955.441, 717.7341, , 
65794.158643541, 001391, 2.625401, -0.13091004, 5.2562776, -0.23942384, -0.1562838, 0.65835613, -0.6962893, 1599.2438, 1599.2438, 955.4439, 717.7353, , 
65794.175312708, 001392, 2.6223595, -0.1318469, 5.264836, -0.23682845, -0.16024552, 0.6594262, -0.695263, 1599.2438, 1599.2438, 955.44586, 717.735, , 
65794.191981708, 001393, 2.6193042, -0.13276008, 5.273523, -0.23426512, -0.16426437, 0.66057295, -0.69410414, 1599.2438, 1599.2438, 955.4475, 717.73425, , 
65794.208650666, 001394, 2.6161804, -0.13376805, 5.2828503, -0.23156862, -0.16815393, 0.6617867, -0.6929204, 1599.2438, 1599.2438, 955.44904, 717.73346, , 
65796.242273208, 001490, 2.9046037, -0.1276468, 6.1220145, -0.32381928, 0.62307, -0.61100125, 0.3655167, 1599.2438, 1599.2438, 955.45264, 717.77594, , 
65796.258942291, 001491, 2.9108682, -0.12712042, 6.1244097, -0.3294187, 0.6277894, -0.6067691, 0.35943726, 1599.2438, 1599.2438, 955.45355, 717.78033, , 
65796.275611375, 001492, 2.9169042, -0.1264616, 6.126475, -0.3350202, 0.6319771, -0.602898, 0.3533843, 1599.2438, 1599.2438, 955.45447, 717.78455, , 
65796.308949333, 001493, 2.9284947, -0.12570786, 6.130326, -0.3465027, 0.6391759, -0.59597623, 0.34088483, 1599.2438, 1599.2438, 955.4552, 717.7871, , 
65796.325618416, 001494, 2.9340413, -0.12564915, 6.1320357, -0.3525413, 0.6424109, -0.5926254, 0.33439216, 1599.2438, 1599.2438, 955.4554, 717.7872, , 
65796.342287458, 001495, 2.9392352, -0.12524156, 6.133041, -0.35892886, 0.6453404, -0.5892048, 0.32793853, 1599.2438, 1599.2438, 955.45496, 717.78656, , 
65796.358956416, 001496, 2.9442034, -0.12478745, 6.1336775, -0.36556727, 0.64802194, -0.5856843, 0.32156175, 1599.2438, 1599.2438, 955.454, 717.7854, , 
65796.392294458, 001497, 2.953913, -0.12411945, 6.1345353, -0.37928745, 0.6531454, -0.5777961, 0.30934402, 1599.2438, 1599.2438, 955.4498, 717.7827, , 
65796.408963625, 001498, 2.9601607, -0.12479928, 6.1361885, -0.38593552, 0.6561982, -0.5731304, 0.30328053, 1599.2438, 1599.2438, 955.4479, 717.7831, , 
65796.425632666, 001499, 2.966572, -0.12552825, 6.1375256, -0.3922776, 0.65977377, -0.5680975, 0.29678634, 1599.2438, 1599.2438, 955.4461, 717.7858, , 
65796.458970625, 001500, 2.9784236, -0.12605923, 6.1376696, -0.40362057, 0.6673513, -0.5587199, 0.28207213, 1599.2438, 1599.2438, 955.4474, 717.7909, , 
65796.475639708, 001501, 2.9840863, -0.12607567, 6.1370797, -0.4088354, 0.6704188, -0.5549886, 0.27455404, 1599.2438, 1599.2438, 955.44904, 717.79193, , 
65796.492308791, 001502, 2.9894974, -0.12596686, 6.136213, -0.41401276, 0.67277056, -0.5517215, 0.267538, 1599.2438, 1599.2438, 955.45074, 717.791, , 
65796.508977666, 001503, 2.9957676, -0.12669146, 6.136247, -0.4190385, 0.6745839, -0.5487661, 0.2611495, 1599.2438, 1599.2438, 955.45123, 717.7893, , 
65796.54231575, 001504, 3.007288, -0.12769437, 6.135108, -0.4284434, 0.6778583, -0.5426466, 0.24995822, 1599.2438, 1599.2438, 955.45087, 717.7862, , 
65796.558984833, 001505, 3.0126178, -0.12798537, 6.1339483, -0.43283588, 0.6797604, -0.5391002, 0.24484651, 1599.2438, 1599.2438, 955.4505, 717.7863, , 
65796.575653916, 001506, 3.017944, -0.12834764, 6.132686, -0.43708828, 0.6818878, -0.5351397, 0.24001737, 1599.2438, 1599.2438, 955.4498, 717.78754, , 
65796.608991916, 001507, 3.0301716, -0.1296875, 6.1309023, -0.4454479, 0.6865592, -0.52634114, 0.23060267, 1599.2438, 1599.2438, 955.4474, 717.7933, , 
65796.625660916, 001508, 3.036826, -0.13052523, 6.130161, -0.44977847, 0.68876094, -0.52181005, 0.22588037, 1599.2438, 1599.2438, 955.4461, 717.7958, , 
65796.642330083, 001509, 3.0425806, -0.1310554, 6.128597, -0.45445275, 0.6906327, -0.5172853, 0.22116731, 1598.7919, 1598.7919, 955.44366, 717.7978, , 
65796.658998916, 001510, 3.0480456, -0.13144232, 6.1266155, -0.45949793, 0.69220704, -0.51273775, 0.21635872, 1598.7919, 1598.7919, 955.44147, 717.79834, , 
65796.692337041, 001511, 3.0589843, -0.13213518, 6.1218586, -0.46976346, 0.69505024, -0.5037708, 0.20601596, 1598.7919, 1598.7919, 955.43646, 717.79767, , 
65796.709006208, 001512, 3.0648782, -0.1326409, 6.120147, -0.4745318, 0.6964064, -0.49958467, 0.20063138, 1598.7919, 1598.7919, 955.43506, 717.7971, , 
65796.72567525, 001513, 3.070701, -0.13309053, 6.118256, -0.47914276, 0.6975762, -0.49552613, 0.1956106, 1598.7919, 1598.7919, 955.43365, 717.7965, , 
65796.742344125, 001514, 3.0762396, -0.13336834, 6.1158237, -0.48377597, 0.69842166, -0.4915225, 0.19124253, 1599.2438, 1599.2438, 955.43085, 717.79517, , 
65796.775682291, 001515, 3.08705, -0.13360426, 6.110453, -0.49309844, 0.6993912, -0.48372743, 0.18361291, 1599.2438, 1599.2438, 955.42505, 717.7917, , 
65796.792351333, 001516, 3.0925064, -0.13362087, 6.107623, -0.497601, 0.69968426, -0.4801074, 0.17981085, 1599.2438, 1599.2438, 955.42236, 717.7895, , 
65796.80902025, 001517, 3.097763, -0.1335848, 6.1051774, 0.50180316, -0.6998465, 0.47690284, -0.17598951, 1599.2438, 1599.2438, 955.4194, 717.7861, , 
65796.825689291, 001518, 3.1033046, -0.13353722, 6.1025724, 0.5055608, -0.7002364, 0.473924, -0.17167728, 1599.2438, 1599.2438, 955.4181, 717.7838, , 
65796.859027458, 001519, 3.1154988, -0.13332999, 6.096459, 0.51166415, -0.70194256, 0.46853867, -0.16108385, 1599.2438, 1599.2438, 955.42004, 717.78125, , 
65796.8756965, 001520, 3.1217115, -0.13301532, 6.093245, 0.5143583, -0.70267457, 0.46636587, -0.15552095, 1599.2438, 1599.2438, 955.42206, 717.77997, , 
65796.892365416, 001521, 3.127892, -0.13255665, 6.089957, 0.5169677, -0.70327014, 0.46443674, -0.14984669, 1599.2438, 1599.2438, 955.42426, 717.77826, , 
65796.909034458, 001522, 3.1342268, -0.13232887, 6.0863886, 0.51953214, -0.703853, 0.4625753, -0.14388013, 1599.2438, 1599.2438, 955.42694, 717.77655, , 
65796.942372625, 001523, 3.1462293, -0.131321, 6.079226, 0.5248346, -0.70462286, 0.45907772, -0.13154002, 1598.7919, 1598.7919, 955.43414, 717.7718, , 
65796.959041458, 001524, 3.151663, -0.13044068, 6.0758023, 0.5279133, -0.70441884, 0.4574227, -0.12595996, 1598.7919, 1598.7919, 955.4367, 717.7684, , 
65796.975710583, 001525, 3.1567733, -0.12942034, 6.0725617, 0.53134704, -0.70383537, 0.455641, -0.121149816, 1598.7919, 1598.7919, 955.4383, 717.7626, , 
65796.992379666, 001526, 3.1616714, -0.12834474, 6.069556, 0.5349083, -0.7030152, 0.4537979, -0.117090106, 1598.7919, 1598.7919, 955.4383, 717.7577, , 
65797.00904875, 001527, 3.1666136, -0.12765339, 6.0667577, 0.53844035, -0.70215476, 0.45186773, -0.113473915, 1598.7919, 1598.7919, 955.43787, 717.75275, , 
65797.042386666, 001528, 3.1764538, -0.12610629, 6.0615187, 0.5453827, -0.7008613, 0.44723842, -0.106437586, 1598.7919, 1598.7919, 955.43585, 717.74304, , 
65797.059055791, 001529, 3.1813715, -0.12525158, 6.0590143, 0.54876316, -0.7005592, 0.44442552, -0.10277121, 1598.7919, 1598.7919, 955.43494, 717.7401, , 
65797.075724833, 001530, 3.1862788, -0.12441687, 6.056556, 0.5520785, -0.70043474, 0.44135675, -0.09901838, 1598.7919, 1598.7919, 955.43365, 717.73706, , 
65797.092393916, 001531, 3.191169, -0.12361344, 6.054143, 0.55526984, -0.70050305, 0.43805787, -0.09526956, 1598.7919, 1598.7919, 955.43274, 717.7355, , 
65797.109062791, 001532, 3.1960778, -0.122877285, 6.051763, 0.55827117, -0.7009174, 0.43437096, -0.09148793, 1598.7919, 1598.7919, 955.4316, 717.73486, , 
65797.125731833, 001533, 3.2000089, -0.1218262, 6.0494614, 0.5610761, -0.7015859, 0.43043116, -0.087748766, 1598.7919, 1598.7919, 955.43005, 717.7357, , 
65797.142400916, 001534, 3.2045665, -0.121114135, 6.047093, 0.5636317, -0.7025054, 0.42635497, -0.083827406, 1598.7919, 1598.7919, 955.429, 717.73737, , 
65797.159069916, 001535, 3.2093284, -0.120578185, 6.0446477, 0.56584775, -0.7036279, 0.42236233, -0.07958789, 1598.7919, 1598.7919, 955.4285, 717.73956, , 
65797.175739083, 001536, 3.2141871, -0.12016277, 6.0421443, 0.5675623, -0.70494276, 0.4186888, -0.075022064, 1598.7919, 1598.7919, 955.4294, 717.74335, , 
65797.209077, 001537, 3.223116, -0.119586825, 6.037123, 0.5697404, -0.7082629, 0.41170418, -0.06526274, 1598.7919, 1598.7919, 955.43274, 717.7516, , 
65797.225746041, 001538, 3.2272515, -0.11935955, 6.034704, 0.5704511, -0.71022254, 0.40806314, -0.06044805, 1598.7919, 1598.7919, 955.4348, 717.7571, , 
65797.242415166, 001539, 3.231856, -0.11907367, 6.0323377, 0.5711318, -0.71212137, 0.40439734, -0.056165326, 1598.7919, 1598.7919, 955.4369, 717.7648, , 
65797.259084083, 001540, 3.2364905, -0.118684165, 6.030068, 0.57190096, -0.7137343, 0.40091908, -0.052693326, 1598.7919, 1598.7919, 955.4376, 717.7698, , 
65797.275753166, 001541, 3.2410686, -0.11820118, 6.0279026, 0.57273567, -0.7150377, 0.39773113, -0.05004834, 1598.7919, 1598.7919, 955.4375, 717.77405, , 
65797.292422208, 001542, 3.2456157, -0.11767949, 6.025825, 0.5735901, -0.7161162, 0.3947866, -0.04812031, 1598.7919, 1598.7919, 955.4366, 717.7786, , 
65797.30909125, 001543, 3.2497075, -0.117314234, 6.0240426, 0.5745381, -0.7170138, 0.39193246, -0.046753757, 1598.7919, 1598.7919, 955.4352, 717.7815, , 
65797.325760208, 001544, 3.2539735, -0.11700076, 6.0221996, 0.5754308, -0.717832, 0.38925272, -0.045595996, 1598.7919, 1598.7919, 955.43365, 717.7841, , 
65797.35909825, 001545, 3.2638333, -0.11650053, 6.0179048, 0.5764988, -0.7192781, 0.38529235, -0.04286968, 1598.7919, 1598.7919, 955.43195, 717.7894, , 
65797.375767375, 001546, 3.2693012, -0.116410226, 6.0155106, 0.5767165, -0.7199537, 0.38392013, -0.040866874, 1598.7919, 1598.7919, 955.4326, 717.7915, , 
65797.392436375, 001547, 3.2750986, -0.11646682, 6.0129566, 0.57681704, -0.7207678, 0.3825058, -0.038278528, 1598.7919, 1598.7919, 955.4346, 717.7947, , 
65797.409105291, 001548, 3.2809913, -0.11642599, 6.0106235, 0.57706445, -0.7216601, 0.3807286, -0.03534207, 1598.7919, 1598.7919, 955.43634, 717.7974, , 
65797.425774375, 001549, 3.2869425, -0.11643381, 6.0082383, 0.57768553, -0.722366, 0.3787044, -0.032399785, 1598.7919, 1598.7919, 955.43774, 717.7999, , 
65797.459112541, 001550, 3.298767, -0.11651987, 6.0030713, 0.5803906, -0.7223179, 0.37503588, -0.027416758, 1598.7919, 1598.7919, 955.4382, 717.8002, , 
65797.475781458, 001551, 3.3046906, -0.116612524, 6.000341, 0.58211595, -0.721973, 0.37319824, -0.02488454, 1598.7919, 1598.7919, 955.43787, 717.79865, , 
65797.4924505, 001552, 3.3107088, -0.11681481, 5.997534, 0.5838238, -0.7217476, 0.37113723, -0.022075612, 1598.7919, 1598.7919, 955.43774, 717.7973, , 
65797.509119541, 001553, 3.316674, -0.1167855, 5.994702, 0.58559644, -0.7215523, 0.36885446, -0.019634053, 1598.7919, 1598.7919, 955.43713, 717.7964, , 
65797.542457666, 001554, 3.328733, -0.11684049, 5.989491, 0.5893843, -0.72110444, 0.3638133, -0.016560752, 1598.7919, 1598.7919, 955.4334, 717.7943, , 
65797.559126625, 001555, 3.3349092, -0.11687536, 5.9870176, 0.5912501, -0.7209573, 0.3611155, -0.015473009, 1599.2438, 1599.2438, 955.4302, 717.7934, , 
65797.575795666, 001556, 3.3410487, -0.11675227, 5.9846554, 0.59336, -0.7207211, 0.35814154, -0.014815613, 1599.2438, 1599.2438, 955.42694, 717.7925, , 
65797.592464708, 001557, 3.3470297, -0.11641204, 5.982481, 0.59597105, -0.7202512, 0.35473493, -0.014830413, 1599.2438, 1599.2438, 955.4225, 717.79083, , 
65797.625802666, 001558, 3.3594024, -0.11397104, 5.978476, 0.60301524, -0.7183002, 0.34659672, -0.01697433, 1599.2438, 1599.2438, 955.4069, 717.7829, , 
65797.64247175, 001559, 3.3654225, -0.112849735, 5.9765425, 0.60678935, -0.71732867, 0.34193683, -0.018041478, 1599.2438, 1599.2438, 955.3995, 717.7789, , 
65797.659140791, 001560, 3.3717384, -0.11177249, 5.9744425, 0.61015165, -0.71681887, 0.33696896, -0.018375611, 1599.2438, 1599.2438, 955.39264, 717.77594, , 
65797.675809916, 001561, 3.3784566, -0.11069434, 5.972035, 0.61286914, -0.7168054, 0.3320738, -0.017560525, 1599.2438, 1599.2438, 955.3856, 717.7747, , 
65797.709147875, 001562, 3.3933046, -0.10797848, 5.9657083, 0.61640817, -0.71711355, 0.32501045, -0.012546665, 1599.2438, 1599.2438, 955.3815, 717.77576, , 
65797.725816916, 001563, 3.4010286, -0.10625372, 5.962175, 0.61782074, -0.7167064, 0.32332122, -0.009632645, 1599.2438, 1599.2438, 955.38184, 717.77454, , 
65797.742485958, 001564, 3.4084795, -0.10468354, 5.9590497, 0.61916125, -0.7161114, 0.3221417, -0.006957848, 1599.2438, 1599.2438, 955.3824, 717.7724, , 
65797.759155, 001565, 3.41607, -0.10324578, 5.95607, 0.6201915, -0.7157936, 0.3209111, -0.0042446544, 1599.2438, 1599.2438, 955.3832, 717.77094, , 
65797.792492958, 001566, 3.4319618, -0.10089609, 5.9498544, 0.62078995, -0.7169636, 0.31713253, 0.0031694407, 1598.7919, 1598.7919, 955.3869, 717.77454, , 
65797.809162, 001567, 3.441236, -0.100179724, 5.9461555, 0.6205512, -0.7179303, 0.3153405, 0.007252749, 1598.7919, 1598.7919, 955.38934, 717.7784, , 
65797.825831083, 001568, 3.4500535, -0.099384755, 5.9426794, 0.62049717, -0.71853983, 0.31395572, 0.010751459, 1599.2438, 1599.2438, 955.3925, 717.7824, , 
65797.859169125, 001569, 3.4648573, -0.09735146, 5.9372287, 0.6218546, -0.7184163, 0.31136864, 0.01498365, 1599.2438, 1599.2438, 955.39417, 717.7831, , 
65797.875838, 001570, 3.4716213, -0.09650123, 5.9347076, 0.62306756, -0.7180914, 0.3096038, 0.01664528, 1599.2438, 1599.2438, 955.39343, 717.78186, , 
65797.89250725, 001571, 3.4781342, -0.09585764, 5.9321213, 0.624385, -0.7177127, 0.3077169, 0.018502347, 1599.2438, 1599.2438, 955.3929, 717.78076, , 
65797.909176333, 001572, 3.485396, -0.09539966, 5.9295177, 0.62578094, -0.7171923, 0.3059844, 0.020173734, 1599.2438, 1599.2438, 955.39215, 717.77936, , 
65797.94251425, 001573, 3.4989092, -0.09483795, 5.9242916, 0.6285599, -0.7163996, 0.30195034, 0.022583349, 1598.7919, 1598.7919, 955.3893, 717.77576, , 
65797.959183333, 001574, 3.5053563, -0.09483078, 5.9213986, 0.629482, -0.71668893, 0.29918882, 0.024402956, 1598.7919, 1598.7919, 955.38806, 717.7765, , 
65797.975852375, 001575, 3.5118258, -0.09496409, 5.9182363, 0.63006675, -0.7173333, 0.29618248, 0.0269208, 1598.7919, 1598.7919, 955.3875, 717.7787, , 
65797.992521458, 001576, 3.5182314, -0.09513411, 5.9148736, 0.63050574, -0.7179868, 0.29338047, 0.029754972, 1599.2438, 1599.2438, 955.3875, 717.7825, , 
65798.009190375, 001577, 3.5255606, -0.095187545, 5.9115825, 0.63095284, -0.71835613, 0.29122654, 0.03240671, 1598.7919, 1598.7919, 955.388, 717.78467, , 
65798.025859375, 001578, 3.5325077, -0.09519299, 5.908195, 0.6313775, -0.7184087, 0.28990734, 0.03471431, 1598.7919, 1598.7919, 955.3887, 717.78577, , 
65798.059197541, 001579, 3.5445523, -0.09537369, 5.900973, 0.6319184, -0.71808624, 0.28907412, 0.038307536, 1598.7919, 1598.7919, 955.39124, 717.78577, , 
65798.075866458, 001580, 3.550419, -0.09567753, 5.8972588, 0.6318527, -0.71816957, 0.28882623, 0.039674126, 1599.2438, 1599.2438, 955.3925, 717.7861, , 
65798.092535541, 001581, 3.5563555, -0.09621538, 5.8934984, 0.63143915, -0.7186853, 0.2882826, 0.040854946, 1599.2438, 1599.2438, 955.3938, 717.78827, , 
65798.109204583, 001582, 3.5635924, -0.09686725, 5.8893876, 0.6306262, -0.719659, 0.28746256, 0.042033445, 1599.2438, 1599.2438, 955.3947, 717.7916, , 
65798.142542666, 001583, 3.5770593, -0.09865819, 5.8811016, 0.6285026, -0.7221866, 0.28543025, 0.04427739, 1599.2438, 1599.2438, 955.3969, 717.80237, , 
65798.1592115, 001584, 3.5831182, -0.09957617, 5.877051, 0.6276215, -0.7232825, 0.2845213, 0.04473629, 1599.2438, 1599.2438, 955.3974, 717.8064, , 
65798.175880666, 001585, 3.5890014, -0.10043927, 5.8729734, 0.62697506, -0.7241273, 0.2837749, 0.0448754, 1599.2438, 1599.2438, 955.3974, 717.8097, , 
65798.192549708, 001586, 3.5947673, -0.10126718, 5.8687706, 0.626548, -0.72470164, 0.283222, 0.04506062, 1599.2438, 1599.2438, 955.3975, 717.8126, , 
65798.225887708, 001587, 3.6068246, -0.103630416, 5.8588233, 0.62631774, -0.7250746, 0.28255746, 0.046414148, 1599.2438, 1599.2438, 955.3983, 717.8145, , 
65800.242839375, 001681, 4.3442855, -0.10360025, 5.0578465, 0.65284663, -0.7116454, 0.2410696, 0.09611192, 1599.2438, 1599.2438, 955.39435, 717.7781, , 
65800.2761775, 001682, 4.353203, -0.10306151, 5.042951, 0.6526647, -0.71162385, 0.24180199, 0.095667094, 1599.2438, 1599.2438, 955.4061, 717.7972, , 
65800.2928465, 001683, 4.3578463, -0.102697566, 5.0356197, 0.6524433, -0.7116892, 0.24245557, 0.095035106, 1599.2438, 1599.2438, 955.40625, 717.7969, , 
65800.309515583, 001684, 4.362122, -0.10211325, 5.028913, 0.6519958, -0.7119452, 0.24318223, 0.09432935, 1599.2438, 1599.2438, 955.4064, 717.79706, , 
65800.342853541, 001685, 4.371495, -0.101117164, 5.01514, 0.65040016, -0.7130667, 0.24447897, 0.09351825, 1599.2438, 1599.2438, 955.40753, 717.79987, , 
65800.359522625, 001686, 4.376481, -0.10071091, 5.008102, 0.64951336, -0.7137169, 0.24506012, 0.09319877, 1599.2438, 1599.2438, 955.40857, 717.8026, , 
65800.376191666, 001687, 4.3814793, -0.10034766, 5.0011067, 0.6487236, -0.7142698, 0.24563795, 0.09294243, 1599.2438, 1599.2438, 955.40924, 717.80444, , 
65800.409529583, 001688, 4.3915358, -0.09994845, 4.987082, 0.6474735, -0.7149792, 0.24669586, 0.093402535, 1598.7919, 1598.7919, 955.4117, 717.8078, , 
65800.426198666, 001689, 4.3960676, -0.10043879, 4.980376, 0.64691085, -0.715161, 0.24731766, 0.09426065, 1598.7919, 1598.7919, 955.4133, 717.8089, , 
65800.459536625, 001690, 4.406268, -0.101041816, 4.9665036, 0.6460458, -0.7152763, 0.24847448, 0.09625519, 1598.7919, 1598.7919, 955.4177, 717.8109, , 
65800.476205666, 001691, 4.4115953, -0.10137083, 4.9595785, 0.6457954, -0.71530235, 0.24876952, 0.09697746, 1598.7919, 1598.7919, 955.419, 717.8114, , 
65800.49287475, 001692, 4.4169974, -0.10176407, 4.952617, 0.6456289, -0.715319, 0.24889298, 0.0976441, 1598.7919, 1598.7919, 955.4199, 717.8118, , 
65800.526212791, 001693, 4.4279375, -0.103781156, 4.9379463, 0.6450821, -0.7155425, 0.24910629, 0.099065885, 1599.2438, 1599.2438, 955.42224, 717.81323, , 
65800.542881708, 001694, 4.4336815, -0.1045555, 4.930782, 0.6446524, -0.7158051, 0.24924986, 0.099603906, 1599.2438, 1599.2438, 955.42334, 717.81433, , 
65800.576219791, 001695, 4.4454374, -0.10594107, 4.916633, 0.6440365, -0.7164487, 0.24879092, 0.10010744, 1599.2438, 1599.2438, 955.4244, 717.81726, , 
65800.592888791, 001696, 4.4513392, -0.106578484, 4.909598, 0.6441509, -0.71663356, 0.2480099, 0.099985525, 1599.2438, 1599.2438, 955.42365, 717.8179, , 
65800.609557791, 001697, 4.457463, -0.107483946, 4.901431, 0.6444725, -0.71676683, 0.24687153, 0.09977497, 1599.2438, 1599.2438, 955.4218, 717.81824, , 
65800.642895916, 001698, 4.46988, -0.109252185, 4.885482, 0.6451468, -0.7171434, 0.24392754, 0.099951915, 1598.7919, 1598.7919, 955.41876, 717.8193, , 
65800.659564958, 001699, 4.476127, -0.11008863, 4.877755, 0.6455447, -0.71730775, 0.24220432, 0.10039247, 1598.7919, 1598.7919, 955.41736, 717.82007, , 
65800.692902916, 001700, 4.4886374, -0.111692235, 4.862226, 0.64694273, -0.7171028, 0.23872805, 0.10118077, 1598.7919, 1598.7919, 955.41376, 717.8202, , 
65800.709571916, 001701, 4.495063, -0.11252339, 4.853133, 0.64799905, -0.7166128, 0.23719455, 0.10149878, 1599.2438, 1599.2438, 955.4119, 717.819, , 
65800.726240958, 001702, 4.5014367, -0.11328491, 4.84426, 0.6492002, -0.71597844, 0.23582265, 0.101497315, 1599.2438, 1599.2438, 955.40936, 717.8162, , 
65800.759578958, 001703, 4.51417, -0.11453472, 4.8279724, 0.6514476, -0.71511453, 0.23229979, 0.101311706, 1599.2438, 1599.2438, 955.4045, 717.8124, , 
65800.776247958, 001704, 4.5206265, -0.115118936, 4.8195724, 0.65201557, -0.7150406, 0.23037747, 0.1025614, 1599.2438, 1599.2438, 955.4027, 717.8124, , 
65800.809586083, 001705, 4.533532, -0.115815006, 4.8008432, 0.6527357, -0.7143931, 0.22816531, 0.10732682, 1599.2438, 1599.2438, 955.4045, 717.81366, , 
65800.826255125, 001706, 4.539681, -0.11567454, 4.7911477, 0.65359485, -0.7133534, 0.22806449, 0.109212525, 1599.2438, 1599.2438, 955.40625, 717.8112, , 
65800.859593083, 001707, 4.550923, -0.114259034, 4.7742014, 0.6560888, -0.7107205, 0.22833075, 0.11085556, 1599.2438, 1599.2438, 955.4069, 717.8034, , 
65800.876262083, 001708, 4.556503, -0.11333455, 4.7660923, 0.6571977, -0.70970976, 0.22803918, 0.11136145, 1599.2438, 1599.2438, 955.40643, 717.7987, , 
65800.892931166, 001709, 4.5622168, -0.112448804, 4.7579293, 0.65781343, -0.70919794, 0.22731487, 0.11246209, 1599.2438, 1599.2438, 955.40643, 717.7972, , 
65800.926269083, 001710, 4.5737906, -0.11068518, 4.7397118, 0.6577254, -0.70936733, 0.22489238, 0.11669987, 1599.2438, 1599.2438, 955.40857, 717.8007, , 
65800.942938166, 001711, 4.579562, -0.10992986, 4.7312517, 0.65753984, -0.7096727, 0.2231116, 0.11927786, 1599.2438, 1599.2438, 955.4097, 717.8036, , 
65800.959607291, 001712, 4.585143, -0.109133966, 4.723213, 0.6576953, -0.7097685, 0.22115031, 0.12148314, 1599.2438, 1599.2438, 955.41016, 717.8056, , 
65800.992945208, 001713, 4.5954337, -0.10739975, 4.7079635, 0.6592748, -0.7089502, 0.21695198, 0.12521255, 1599.2438, 1599.2438, 955.4091, 717.8059, , 
65801.00961425, 001714, 4.6002216, -0.10660418, 4.6998005, 0.6607036, -0.70806056, 0.21458729, 0.12678084, 1599.2438, 1599.2438, 955.40796, 717.8041, , 
65801.042952333, 001715, 4.6093745, -0.10523568, 4.6847253, 0.66397065, -0.7062902, 0.20890039, 0.12906544, 1599.2438, 1599.2438, 955.4027, 717.79846, , 
65801.059621166, 001716, 4.6139803, -0.104780406, 4.6774344, 0.66517127, -0.7057714, 0.20578729, 0.13071184, 1599.2438, 1599.2438, 955.40063, 717.7975, , 
65801.076290208, 001717, 4.618665, -0.10448194, 4.6698747, 0.66591173, -0.7053965, 0.2030663, 0.13319688, 1599.2438, 1599.2438, 955.3997, 717.7976, , 
65801.109628416, 001718, 4.6283174, -0.10391565, 4.652995, 0.6667375, -0.70431954, 0.1995678, 0.13988508, 1599.2438, 1599.2438, 955.4024, 717.79944, , 
65801.126297458, 001719, 4.6330795, -0.10350767, 4.6440554, 0.6672505, -0.70341116, 0.19867128, 0.14324546, 1599.2438, 1599.2438, 955.4045, 717.7993, , 
65801.142966375, 001720, 4.637525, -0.10307545, 4.6357517, 0.6678767, -0.70237076, 0.1981164, 0.14617097, 1599.2438, 1599.2438, 955.4067, 717.79846, , 
65801.176304375, 001721, 4.6460943, -0.102098376, 4.619827, 0.66907924, -0.70036435, 0.1981901, 0.15014482, 1598.7919, 1598.7919, 955.411, 717.7945, , 
65801.1929735, 001722, 4.6503687, -0.101621464, 4.612022, 0.6695412, -0.6995743, 0.19858976, 0.15123656, 1598.7919, 1598.7919, 955.4125, 717.7928, , 
65801.226311375, 001723, 4.66009, -0.10092469, 4.59462, 0.6704886, -0.698478, 0.19859068, 0.1521026, 1598.7919, 1598.7919, 955.4136, 717.78906, , 
65801.2429805, 001724, 4.6647973, -0.10071298, 4.586582, 0.67073977, -0.6983295, 0.19841811, 0.15190211, 1598.7919, 1598.7919, 955.4132, 717.7881, , 
65801.259649541, 001725, 4.6696205, -0.100710094, 4.5787597, 0.6706299, -0.6985298, 0.1984417, 0.15143472, 1598.7919, 1598.7919, 955.4125, 717.788, , 
65801.292987458, 001726, 4.679723, -0.10133168, 4.5634565, 0.6695134, -0.69974804, 0.19909716, 0.14988281, 1598.7919, 1598.7919, 955.41205, 717.7905, , 
65801.3096565, 001727, 4.6851606, -0.10182887, 4.555343, 0.6688892, -0.7004869, 0.19947173, 0.14871587, 1598.7919, 1598.7919, 955.41144, 717.7928, , 
65801.326325583, 001728, 4.690532, -0.10238475, 4.547374, 0.66845566, -0.7010805, 0.19985053, 0.147353, 1598.7919, 1598.7919, 955.4105, 717.7939, , 
65801.3596635, 001729, 4.7007103, -0.103559494, 4.532163, 0.6681343, -0.7016318, 0.20115876, 0.14437641, 1599.2438, 1599.2438, 955.4087, 717.79346, , 
65801.376332583, 001730, 4.7056627, -0.10413803, 4.524464, 0.66807634, -0.7016823, 0.20224954, 0.14286725, 1599.2438, 1599.2438, 955.4082, 717.79254, , 
65801.393001625, 001731, 4.7105846, -0.10471022, 4.5165873, 0.6679612, -0.70173365, 0.20342416, 0.1414794, 1599.2438, 1599.2438, 955.40796, 717.79156, , 
65801.426339541, 001732, 4.720093, -0.10567243, 4.4993443, 0.6679971, -0.7016974, 0.20541242, 0.13858666, 1599.2438, 1599.2438, 955.40704, 717.78906, , 
65801.443008625, 001733, 4.7247634, -0.10598376, 4.4909215, 0.6682056, -0.7016762, 0.20595421, 0.1368744, 1599.2438, 1599.2438, 955.4059, 717.7876, , 
65801.459677625, 001734, 4.729363, -0.106200695, 4.482568, 0.66850126, -0.70178694, 0.2060007, 0.1347774, 1599.2438, 1599.2438, 955.404, 717.78625, , 
65801.493015791, 001735, 4.7384186, -0.10655119, 4.4656854, 0.6688996, -0.70242935, 0.20545119, 0.13021567, 1599.2438, 1599.2438, 955.3981, 717.7843, , 
65801.509684583, 001736, 4.743049, -0.106708944, 4.457031, 0.6689019, -0.70288056, 0.20515656, 0.12821837, 1599.2438, 1599.2438, 955.39575, 717.7841, , 
65801.526353708, 001737, 4.747661, -0.10687831, 4.4482775, 0.66881555, -0.70346004, 0.20471041, 0.1261878, 1599.2438, 1599.2438, 955.39276, 717.78436, , 
65801.559691833, 001738, 4.7567387, -0.107314676, 4.4304957, 0.6679995, -0.70524496, 0.20356542, 0.12234106, 1599.2438, 1599.2438, 955.3883, 717.7872, , 
65801.57636075, 001739, 4.761272, -0.10749297, 4.421403, 0.66732204, -0.7062942, 0.20305839, 0.12081823, 1599.2438, 1599.2438, 955.3861, 717.79034, , 
65801.60969875, 001740, 4.769669, -0.10735714, 4.403025, 0.6657657, -0.7081534, 0.20259084, 0.119297266, 1599.2438, 1599.2438, 955.3847, 717.7957, , 
65801.626367875, 001741, 4.7735567, -0.10702683, 4.393723, 0.6649515, -0.7087844, 0.20295063, 0.119478874, 1599.2438, 1599.2438, 955.38556, 717.79895, , 
65801.643036916, 001742, 4.7776895, -0.10670902, 4.3842187, 0.6640873, -0.70915574, 0.20406455, 0.1201828, 1599.2438, 1599.2438, 955.3874, 717.80096, , 
65801.676374875, 001743, 4.785909, -0.10595077, 4.365377, 0.6626016, -0.70916486, 0.20774038, 0.122017734, 1598.7919, 1598.7919, 955.39294, 717.8028, , 
65801.693043875, 001744, 4.789882, -0.10552164, 4.3563914, 0.66210645, -0.7090659, 0.20955275, 0.12218133, 1599.2438, 1599.2438, 955.396, 717.80273, , 
65801.709712958, 001745, 4.7938795, -0.10526441, 4.347639, 0.6617237, -0.70909005, 0.21102296, 0.12158353, 1599.2438, 1599.2438, 955.3973, 717.80255, , 
65801.743050875, 001746, 4.8017936, -0.10476356, 4.3313303, 0.66082895, -0.70956486, 0.21388009, 0.11865157, 1599.2438, 1599.2438, 955.39777, 717.80206, , 
65801.759719958, 001747, 4.805819, -0.1045685, 4.32362, 0.66013527, -0.7099809, 0.21563545, 0.116833314, 1599.2438, 1599.2438, 955.3978, 717.8022, , 
65801.793058, 001748, 4.8142877, -0.1045465, 4.3087325, 0.65794605, -0.71126455, 0.21970208, 0.11375775, 1599.2438, 1599.2438, 955.39984, 717.80475, , 
65801.809726958, 001749, 4.8185635, -0.10475514, 4.3021617, 0.6566042, -0.712087, 0.22166646, 0.11254857, 1599.2438, 1599.2438, 955.40125, 717.80676, , 
65801.826396, 001750, 4.822891, -0.105022594, 4.2956667, 0.6552041, -0.712946, 0.22352754, 0.11158451, 1599.2438, 1599.2438, 955.40265, 717.80914, , 
65801.859734083, 001751, 4.831715, -0.105631955, 4.2822123, 0.65232986, -0.71448016, 0.22743304, 0.110715985, 1599.2438, 1599.2438, 955.40753, 717.81494, , 
65801.876403, 001752, 4.836107, -0.10595697, 4.2756066, 0.6510038, -0.71502626, 0.22955383, 0.11061922, 1599.2438, 1599.2438, 955.41003, 717.817, , 
65801.909741083, 001753, 4.84465, -0.10690564, 4.264012, 0.6486803, -0.71590096, 0.23321533, 0.11095125, 1598.7919, 1598.7919, 955.4162, 717.8209, , 
65801.926410166, 001754, 4.848795, -0.10750822, 4.2588224, 0.64766234, -0.7162442, 0.23471393, 0.11152217, 1598.7919, 1598.7919, 955.4189, 717.8224, , 
65801.943079208, 001755, 4.852976, -0.108010665, 4.2530293, 0.64676315, -0.7165303, 0.23589693, 0.1124034, 1598.7919, 1598.7919, 955.4216, 717.8239, , 
65801.976417166, 001756, 4.8613677, -0.10898038, 4.24137, 0.6454044, -0.717068, 0.23711482, 0.114206895, 1599.2438, 1599.2438, 955.4266, 717.8277, , 
65801.993086166, 001757, 4.8655643, -0.10941298, 4.235773, 0.6450793, -0.7172712, 0.2372587, 0.11446835, 1599.2438, 1599.2438, 955.4275, 717.8287, , 
65802.026424083, 001758, 4.874383, -0.11050783, 4.2255588, 0.64442265, -0.7179313, 0.23720157, 0.11414681, 1599.2438, 1599.2438, 955.42773, 717.8306, , 
65802.043093166, 001759, 4.8789535, -0.11104734, 4.2202024, 0.64390033, -0.7183809, 0.23738083, 0.11389319, 1599.2438, 1599.2438, 955.428, 717.83185, , 
65802.07643125, 001760, 4.8884006, -0.11220029, 4.2090697, 0.642691, -0.719367, 0.23755716, 0.11413136, 1599.2438, 1599.2438, 955.4294, 717.8359, , 
65802.093100291, 001761, 4.8931093, -0.112703465, 4.2033997, 0.64242715, -0.7195605, 0.2374787, 0.114559345, 1599.2438, 1599.2438, 955.42993, 717.83716, , 
65802.109769208, 001762, 4.89821, -0.11307667, 4.1971903, 0.6426121, -0.71934843, 0.23754665, 0.11471276, 1599.2438, 1599.2438, 955.4302, 717.83685, , 
65802.143107291, 001763, 4.908224, -0.11351316, 4.1855235, 0.6437232, -0.7184961, 0.23737715, 0.11417469, 1599.2438, 1599.2438, 955.4288, 717.83344, , 
65802.159776375, 001764, 4.9133425, -0.11372648, 4.1799784, 0.6441717, -0.7182932, 0.23689972, 0.11391318, 1599.2438, 1599.2438, 955.4276, 717.8322, , 
65802.19311425, 001765, 4.924275, -0.114231005, 4.168861, 0.64446366, -0.71859634, 0.23522797, 0.113814674, 1599.2438, 1599.2438, 955.42554, 717.8325, , 
65802.209783333, 001766, 4.93056, -0.11443861, 4.162308, 0.64453834, -0.7189346, 0.23398556, 0.11381626, 1599.2438, 1599.2438, 955.4244, 717.8337, , 
65802.226452416, 001767, 4.9368587, -0.114545345, 4.155995, 0.6447587, -0.7192963, 0.23238398, 0.11356433, 1598.7919, 1598.7919, 955.42206, 717.8352, , 
65804.276740666, 001851, 5.653904, -0.09323405, 3.4943423, 0.68275154, -0.65124553, -0.04453777, 0.32824686, 1599.2438, 1599.2438, 955.34344, 717.8425, , 
65804.293409708, 001852, 5.6559243, -0.09361586, 3.4906912, 0.6822297, -0.6495342, -0.047370385, 0.33230123, 1599.6957, 1599.6957, 955.34436, 717.8439, , 
65804.326747791, 001853, 5.6609826, -0.09516306, 3.4822938, 0.68110985, -0.6466929, -0.05191775, 0.33938515, 1599.6957, 1599.6957, 955.34656, 717.84674, , 
65804.343416708, 001854, 5.6630826, -0.09595002, 3.478161, 0.68021345, -0.64569974, -0.053781234, 0.342767, 1599.6957, 1599.6957, 955.3478, 717.84906, , 
65804.360085625, 001855, 5.6650634, -0.09679124, 3.4739501, 0.6790842, -0.6450095, -0.055294022, 0.3460492, 1599.2438, 1599.2438, 955.3491, 717.8522, , 
65804.393423833, 001856, 5.6687875, -0.09854957, 3.4653742, 0.6765876, -0.6441133, -0.05857235, 0.35201764, 1599.2438, 1599.2438, 955.35254, 717.86096, , 
65804.410092666, 001857, 5.670667, -0.09942816, 3.460933, 0.67557746, -0.6436719, -0.06086089, 0.3543691, 1599.2438, 1599.2438, 955.35297, 717.8639, , 
65804.42676175, 001858, 5.672396, -0.10020721, 3.4565387, 0.6748352, -0.6431233, -0.06354546, 0.35630298, 1599.2438, 1599.2438, 955.35266, 717.8662, , 
65804.460099791, 001859, 5.6751204, -0.10160391, 3.447535, 0.67352945, -0.641604, -0.06939957, 0.36039716, 1599.6957, 1599.6957, 955.35144, 717.8685, , 
65804.476768833, 001860, 5.6762266, -0.1023102, 3.4426956, 0.6728037, -0.640733, -0.072145745, 0.36275545, 1599.6957, 1599.6957, 955.35114, 717.87024, , 
65804.493437791, 001861, 5.6771917, -0.1029696, 3.4376612, 0.6721365, -0.6397914, -0.07478407, 0.365112, 1599.6957, 1599.6957, 955.351, 717.8715, , 
65804.526775875, 001862, 5.6790733, -0.104154885, 3.427127, 0.6712633, -0.6379487, -0.07985081, 0.3688507, 1599.2438, 1599.2438, 955.3502, 717.87274, , 
65804.543444833, 001863, 5.679847, -0.10445408, 3.4218285, 0.67108065, -0.6371199, -0.082107864, 0.37011805, 1599.2438, 1599.2438, 955.3495, 717.87244, , 
65804.576782875, 001864, 5.6812205, -0.104527324, 3.4111416, 0.67127216, -0.63555574, -0.08597596, 0.37157857, 1599.2438, 1599.2438, 955.3473, 717.8699, , 
65804.593451833, 001865, 5.681865, -0.10438032, 3.4057057, 0.6714815, -0.63479185, -0.08765804, 0.37211296, 1599.2438, 1599.2438, 955.3464, 717.8684, , 
65804.610120916, 001866, 5.682423, -0.104164846, 3.400188, 0.671683, -0.6340656, -0.08934164, 0.3725866, 1599.2438, 1599.2438, 955.3454, 717.8669, , 
65804.643458833, 001867, 5.6836333, -0.10344353, 3.3890028, 0.672261, -0.6324104, -0.0932707, 0.37339368, 1599.2438, 1599.2438, 955.34265, 717.8624, , 
65804.660127791, 001868, 5.684274, -0.103000626, 3.3832333, 0.6724996, -0.6313576, -0.09556017, 0.37416595, 1599.2438, 1599.2438, 955.3414, 717.86053, , 
65804.676796916, 001869, 5.6848764, -0.10253075, 3.3773246, 0.6726683, -0.6300795, -0.09785014, 0.3754233, 1599.2438, 1599.2438, 955.34045, 717.85876, , 
65804.710134833, 001870, 5.6860037, -0.10143347, 3.3654685, 0.6732017, -0.62696016, -0.1025857, 0.37841338, 1599.2438, 1599.2438, 955.3388, 717.8541, , 
65804.726803916, 001871, 5.686574, -0.10078677, 3.3596168, 0.67346644, -0.6254516, -0.10490777, 0.3797994, 1599.2438, 1599.2438, 955.3381, 717.852, , 
65804.743472875, 001872, 5.687079, -0.09998288, 3.3537772, 0.6736438, -0.6240685, -0.10694391, 0.38118967, 1599.2438, 1599.2438, 955.3373, 717.8496, , 
65804.776811, 001873, 5.6880403, -0.09788124, 3.3425453, 0.67407066, -0.62167627, -0.10992775, 0.3834883, 1599.2438, 1599.2438, 955.33673, 717.84674, , 
65804.793479875, 001874, 5.6885653, -0.096567035, 3.3374066, 0.6745932, -0.6207031, -0.111073375, 0.38381544, 1599.2438, 1599.2438, 955.33624, 717.8448, , 
65804.826817958, 001875, 5.689806, -0.09365034, 3.329483, 0.676299, -0.6193633, -0.11367657, 0.38221243, 1599.6957, 1599.6957, 955.3332, 717.8368, , 
65804.843486958, 001876, 5.6905966, -0.092188075, 3.3253748, 0.6769747, -0.6190209, -0.115349956, 0.38106802, 1599.6957, 1599.6957, 955.33124, 717.8331, , 
65804.860155833, 001877, 5.691428, -0.09083836, 3.3211582, 0.6772941, -0.61878717, -0.11713829, 0.38033372, 1599.6957, 1599.6957, 955.3288, 717.8296, , 
65804.893493958, 001878, 5.693154, -0.08871477, 3.312487, 0.6765715, -0.6184979, -0.120666616, 0.38098675, 1599.2438, 1599.2438, 955.32684, 717.8288, , 
65804.910163041, 001879, 5.6940675, -0.08802854, 3.3083303, 0.67556393, -0.618234, -0.12263113, 0.38257244, 1599.2438, 1599.2438, 955.3265, 717.8312, , 
65804.926832083, 001880, 5.6948614, -0.08751073, 3.304222, 0.67423487, -0.61784613, -0.12470496, 0.38486642, 1599.2438, 1599.2438, 955.3267, 717.8341, , 
65804.960170041, 001881, 5.695966, -0.08686738, 3.2961376, 0.671056, -0.6167268, -0.12816, 0.39103314, 1599.2438, 1599.2438, 955.3289, 717.8434, , 
65804.976839041, 001882, 5.6964264, -0.086798996, 3.2923427, 0.6692803, -0.6161525, -0.12941816, 0.39455152, 1599.2438, 1599.2438, 955.3307, 717.8483, , 
65805.010176958, 001883, 5.697225, -0.08730904, 3.2859373, 0.66578275, -0.61544985, -0.13129625, 0.40089425, 1599.6957, 1599.6957, 955.3347, 717.8605, , 
65805.026846, 001884, 5.6975813, -0.08783506, 3.2833319, 0.66441935, -0.6151617, -0.13170527, 0.40345588, 1599.6957, 1599.6957, 955.3365, 717.86487, , 
65805.043515, 001885, 5.6980267, -0.08843707, 3.2807949, 0.66332364, -0.6147418, -0.1315392, 0.4059453, 1599.6957, 1599.6957, 955.33844, 717.8687, , 
65805.076853, 001886, 5.698737, -0.09019308, 3.2758887, 0.66125447, -0.6132352, -0.13066702, 0.41183904, 1599.2438, 1599.2438, 955.34424, 717.87744, , 
65805.093522041, 001887, 5.6990037, -0.09134491, 3.2735336, 0.66008264, -0.6122352, -0.13062726, 0.41520545, 1599.2438, 1599.2438, 955.3469, 717.8814, , 
65805.110191083, 001888, 5.699153, -0.0929778, 3.2713776, 0.65893334, -0.611063, -0.13086906, 0.418667, 1599.2438, 1599.2438, 955.3496, 717.8852, , 
65805.143529125, 001889, 5.6994996, -0.09620679, 3.267058, 0.65697956, -0.6078546, -0.13175903, 0.42606375, 1599.6957, 1599.6957, 955.3558, 717.8926, , 
65805.160198041, 001890, 5.6996245, -0.09766996, 3.2649937, 0.65633404, -0.6056089, -0.1322722, 0.4300786, 1599.2438, 1599.2438, 955.3587, 717.8949, , 
65805.176867041, 001891, 5.699729, -0.09899027, 3.263173, 0.65615827, -0.6030151, -0.1328801, 0.43378803, 1599.2438, 1599.2438, 955.36206, 717.896, , 
65805.210205125, 001892, 5.700865, -0.101386055, 3.2605188, 0.6567765, -0.5978062, -0.13444467, 0.4395419, 1599.2438, 1599.2438, 955.36554, 717.8935, , 
65805.226874166, 001893, 5.7019086, -0.10262064, 3.2594144, 0.6569924, -0.59541607, -0.13523573, 0.44221258, 1599.2438, 1599.2438, 955.3675, 717.8917, , 
65805.243543083, 001894, 5.7027373, -0.10378623, 3.2581809, 0.6570362, -0.5930409, -0.13609974, 0.4450649, 1599.2438, 1599.2438, 955.36914, 717.89105, , 
65805.276881166, 001895, 5.704325, -0.10588249, 3.2557945, 0.6566561, -0.58820456, -0.13904135, 0.45109373, 1599.2438, 1599.2438, 955.3722, 717.8903, , 
65805.293550208, 001896, 5.7051883, -0.106814936, 3.2546453, 0.65624136, -0.58585066, -0.14099379, 0.45414442, 1599.2438, 1599.2438, 955.37366, 717.8903, , 
65805.310219125, 001897, 5.706129, -0.10759699, 3.2536323, 0.65590626, -0.58358526, -0.14284548, 0.45695773, 1599.2438, 1599.2438, 955.37463, 717.89026, , 
65805.343557208, 001898, 5.70839, -0.10882133, 3.2517498, 0.6559367, -0.5794314, -0.14621133, 0.4611166, 1599.2438, 1599.2438, 955.37585, 717.88776, , 
65805.360226208, 001899, 5.7096066, -0.10933593, 3.250815, 0.6561611, -0.5774342, -0.14773674, 0.46281338, 1599.2438, 1599.2438, 955.376, 717.88586, , 
65805.376895208, 001900, 5.710812, -0.10988258, 3.2498, 0.65625, -0.5754308, -0.14904834, 0.4647579, 1599.2438, 1599.2438, 955.37646, 717.8844, , 
65805.410233208, 001901, 5.71286, -0.11124544, 3.247303, 0.655533, -0.5715504, -0.15107629, 0.4698751, 1599.2438, 1599.2438, 955.3796, 717.88446, , 
65805.426902208, 001902, 5.7138553, -0.11198546, 3.2459533, 0.6549622, -0.5698029, -0.15181291, 0.47254857, 1599.2438, 1599.2438, 955.3816, 717.8857, , 
65805.443571291, 001903, 5.715155, -0.112651244, 3.2447786, 0.65455073, -0.56833917, -0.15254001, 0.47464237, 1599.2438, 1599.2438, 955.38367, 717.8869, , 
65805.476909166, 001904, 5.7181005, -0.11368701, 3.2429543, 0.65402555, -0.5663476, -0.15429112, 0.47717434, 1599.2438, 1599.2438, 955.3847, 717.8873, , 
65805.49357825, 001905, 5.71953, -0.11417729, 3.2421787, 0.6537775, -0.56550205, -0.15491565, 0.47831324, 1599.2438, 1599.2438, 955.3853, 717.8877, , 
65805.51024725, 001906, 5.7210555, -0.114796996, 3.241325, 0.6535578, -0.5645734, -0.15498804, 0.47968513, 1599.2438, 1599.2438, 955.3865, 717.88824, , 
65805.543585166, 001907, 5.723825, -0.1160513, 3.2397888, 0.65297663, -0.5626446, -0.1546088, 0.48285478, 1598.7919, 1598.7919, 955.3901, 717.8905, , 
65805.560254208, 001908, 5.7252164, -0.116600834, 3.2392526, 0.6526951, -0.562002, -0.15454127, 0.48400414, 1599.2438, 1599.2438, 955.3919, 717.89197, , 
65805.593592291, 001909, 5.728231, -0.11761543, 3.2385807, 0.65232146, -0.56157446, -0.15419683, 0.48511258, 1599.2438, 1599.2438, 955.39355, 717.89343, , 
65805.610261166, 001910, 5.729784, -0.1182003, 3.23855, 0.65200394, -0.5617319, -0.15373972, 0.48550192, 1599.2438, 1599.2438, 955.3945, 717.89496, , 
65805.626930208, 001911, 5.7312636, -0.11892913, 3.2384045, 0.6513518, -0.56201524, -0.15318929, 0.48622304, 1599.2438, 1599.2438, 955.3956, 717.8971, , 
65805.660268291, 001912, 5.733981, -0.12079272, 3.237629, 0.6495772, -0.5627016, -0.15174253, 0.48825276, 1599.2438, 1599.2438, 955.3996, 717.90497, , 
65805.676937333, 001913, 5.735231, -0.121847436, 3.2372577, 0.64888626, -0.56300175, -0.15091503, 0.48908123, 1599.2438, 1599.2438, 955.40137, 717.90796, , 
65805.71027525, 001914, 5.73767, -0.12435226, 3.2369525, 0.64787835, -0.5630368, -0.14910302, 0.49092937, 1599.2438, 1599.2438, 955.40564, 717.9135, , 
65805.726944375, 001915, 5.7388206, -0.1258137, 3.236944, 0.64750206, -0.56281894, -0.14790075, 0.49203786, 1599.2438, 1599.2438, 955.4081, 717.9157, , 
65805.743613416, 001916, 5.739733, -0.12725866, 3.2367928, 0.6472243, -0.5626999, -0.14637397, 0.49299502, 1599.2438, 1599.2438, 955.41064, 717.91785, , 
65805.776951291, 001917, 5.7414355, -0.12997091, 3.2365413, 0.6473098, -0.56330854, -0.14239074, 0.49335426, 1599.2438, 1599.2438, 955.4162, 717.9215, , 
65805.793620291, 001918, 5.7423034, -0.13122982, 3.2364755, 0.6476253, -0.5639919, -0.14001013, 0.4928406, 1598.7919, 1598.7919, 955.4182, 717.92236, , 
65805.810289375, 001919, 5.743489, -0.13249278, 3.2362938, 0.64819884, -0.56485045, -0.13718376, 0.49189705, 1598.7919, 1598.7919, 955.4208, 717.923, , 
65805.843627333, 001920, 5.7456055, -0.13485882, 3.2359412, 0.6494252, -0.56678045, -0.13096508, 0.48974985, 1599.2438, 1599.2438, 955.4249, 717.9234, , 
65805.860296333, 001921, 5.746462, -0.13601074, 3.235732, 0.6497978, -0.5677682, -0.12778634, 0.48895073, 1599.2438, 1599.2438, 955.42737, 717.9243, , 
65805.876965416, 001922, 5.747273, -0.1371294, 3.2355282, 0.6501896, -0.56873214, -0.124478005, 0.48816246, 1599.2438, 1599.2438, 955.43097, 717.9258, , 
65805.910303291, 001923, 5.748845, -0.1393786, 3.235127, 0.65113163, -0.57039523, -0.11730997, 0.48673943, 1599.2438, 1599.2438, 955.43726, 717.9275, , 
65805.926972416, 001924, 5.7496285, -0.14052084, 3.234986, 0.65156853, -0.5712176, -0.11364726, 0.48605895, 1598.7919, 1598.7919, 955.4418, 717.92865, , 
65805.943641291, 001925, 5.7503905, -0.14157867, 3.2350197, 0.6520307, -0.57222974, -0.11006071, 0.48507294, 1598.7919, 1598.7919, 955.44495, 717.9295, , 
65805.976979458, 001926, 5.751899, -0.1434406, 3.2356079, 0.653319, -0.5749068, -0.10317015, 0.48167664, 1599.2438, 1599.2438, 955.4497, 717.92957, , 
65805.993648291, 001927, 5.752671, -0.14430812, 3.2361042, 0.6542806, -0.57645357, -0.09926364, 0.47933796, 1599.2438, 1599.2438, 955.45135, 717.92865, , 
65806.010317416, 001928, 5.7541566, -0.14557041, 3.236754, 0.65528893, -0.57822067, -0.09492416, 0.4767039, 1599.2438, 1599.2438, 955.4532, 717.92755, , 
65806.043655458, 001929, 5.756528, -0.14756776, 3.2382126, 0.6573307, -0.58275646, -0.08524639, 0.47015354, 1599.2438, 1599.2438, 955.4573, 717.9252, , 
65806.060324333, 001930, 5.7578025, -0.14849277, 3.2390866, 0.6583497, -0.5857499, -0.07989379, 0.46592888, 1599.2438, 1599.2438, 955.45844, 717.9243, , 
65806.076993416, 001931, 5.7592025, -0.14939646, 3.240062, 0.6594928, -0.5891111, -0.07395568, 0.4610292, 1599.2438, 1599.2438, 955.45935, 717.92303, , 
65806.093662458, 001932, 5.7607, -0.1503042, 3.2411098, 0.6606784, -0.59266657, -0.06732802, 0.45576033, 1598.7919, 1598.7919, 955.4609, 717.92114, , 
65806.127000375, 001933, 5.7641826, -0.15179306, 3.243497, 0.66305095, -0.6001094, -0.05314441, 0.44430602, 1598.7919, 1598.7919, 955.4637, 717.9182, , 
65806.143669375, 001934, 5.765997, -0.1523368, 3.2449844, 0.6644946, -0.6040709, -0.04562239, 0.43756598, 1598.7919, 1598.7919, 955.4647, 717.91486, , 
65806.160338458, 001935, 5.767943, -0.15273151, 3.2466817, 0.6660477, -0.6082668, -0.03771496, 0.43008098, 1598.7919, 1598.7919, 955.46484, 717.91156, , 
65806.177007458, 001936, 5.7700567, -0.15302584, 3.2485664, 0.66757077, -0.6127605, -0.02933348, 0.4219163, 1598.7919, 1598.7919, 955.46484, 717.90796, , 
65806.210345416, 001937, 5.774573, -0.1535667, 3.2526135, 0.66960466, -0.6228887, -0.011553537, 0.40435857, 1598.7919, 1598.7919, 955.4641, 717.9013, , 
65806.227014416, 001938, 5.777096, -0.15400776, 3.2546363, 0.6696755, -0.6285453, -0.0021377618, 0.3955514, 1598.7919, 1598.7919, 955.4645, 717.90045, , 
65806.243683458, 001939, 5.7800126, -0.15472056, 3.2565944, 0.66880685, -0.63456166, 0.0074679046, 0.38726348, 1598.7919, 1598.7919, 955.4663, 717.903, , 
65806.2603525, 001940, 5.78311, -0.15568936, 3.2584095, 0.66693693, -0.64074254, 0.017341956, 0.37992558, 1599.2438, 1599.2438, 955.4695, 717.90796, , 
65808.277301666, 002034, 6.039862, -0.010389455, 3.9778368, -0.21630815, 0.459264, -0.65196145, 0.5632351, 1595.6285, 1595.6285, 955.31494, 717.75134, , 
65808.293970583, 002035, 6.032302, -0.012590375, 3.982493, -0.20552577, 0.4524542, -0.65435493, 0.56996846, 1595.6285, 1595.6285, 955.31635, 717.7557, , 
65808.327308625, 002036, 6.0173726, -0.018354345, 3.9916024, -0.18377833, 0.43863374, -0.6581075, 0.5837127, 1592.9171, 1592.9171, 955.31824, 717.76355, , 
65808.343977666, 002037, 6.009189, -0.021174375, 3.9959545, -0.17270313, 0.43186003, -0.6595862, 0.5904377, 1593.369, 1593.369, 955.3198, 717.76984, , 
65808.360646708, 002038, 6.0007634, -0.024008773, 4.000174, -0.16158967, 0.425291, -0.660863, 0.596889, 1593.369, 1593.369, 955.32135, 717.7749, , 
65808.393984625, 002039, 5.983648, -0.029618435, 4.0078673, -0.13974123, 0.4124497, -0.66362536, 0.60824263, 1588.85, 1588.85, 955.3257, 717.7842, , 
65808.410653583, 002040, 5.9754376, -0.03274918, 4.0110364, -0.12923822, 0.40579048, -0.66538656, 0.6131005, 1588.3981, 1588.3981, 955.3274, 717.7859, , 
65808.443991583, 002041, 5.9584255, -0.038460836, 4.0168977, -0.108971335, 0.39217702, -0.6690599, 0.62183714, 1588.3981, 1588.3981, 955.331, 717.7865, , 
65808.460660541, 002042, 5.9498363, -0.041182823, 4.020014, -0.0995098, 0.3865348, -0.6703511, 0.62555426, 1593.8209, 1593.8209, 955.33276, 717.7872, , 
65808.477329666, 002043, 5.9413533, -0.043977782, 4.0232806, -0.09030257, 0.38197827, -0.6712088, 0.62882173, 1593.8209, 1593.8209, 955.3353, 717.7888, , 
65808.493998708, 002044, 5.9329376, -0.04675308, 4.0265474, -0.08112581, 0.37790182, -0.6719509, 0.6317364, 1594.2728, 1594.2728, 955.33936, 717.7913, , 
65808.527336583, 002045, 5.9172883, -0.052544057, 4.0318527, -0.06351544, 0.3694248, -0.67357755, 0.63701206, 1593.8209, 1593.8209, 955.3452, 717.7934, , 
65808.544005583, 002046, 5.9092436, -0.05507876, 4.034595, -0.05511242, 0.3649061, -0.6743639, 0.639562, 1593.8209, 1593.8209, 955.3478, 717.7938, , 
65808.560674541, 002047, 5.9012413, -0.057467088, 4.037365, -0.04710692, 0.36045653, -0.67506605, 0.6419796, 1593.8209, 1593.8209, 955.351, 717.79395, , 
65808.594012541, 002048, 5.88555, -0.06197935, 4.0428576, -0.032695007, 0.35170612, -0.6759415, 0.6467897, 1594.2728, 1594.2728, 955.35486, 717.7943, , 
65808.610681583, 002049, 5.8780127, -0.06400888, 4.045725, -0.026119728, 0.34776962, -0.67607594, 0.64907277, 1594.2728, 1594.2728, 955.3572, 717.7954, , 
65808.627350666, 002050, 5.870682, -0.06595159, 4.048721, -0.019807952, 0.34422654, -0.6761102, 0.6511457, 1594.2728, 1594.2728, 955.359, 717.79645, , 
65808.644019666, 002051, 5.8635526, -0.067850396, 4.051878, -0.013827436, 0.3411333, -0.6761107, 0.6529252, 1593.8209, 1593.8209, 955.36115, 717.7973, , 
65808.677357583, 002052, 5.849906, -0.07128297, 4.0586476, -0.0031993552, 0.33592752, -0.67620426, 0.6556601, 1593.8209, 1593.8209, 955.366, 717.79846, , 
65808.694026583, 002053, 5.843374, -0.07275703, 4.0622096, 0.0014510303, 0.33363795, -0.6764072, 0.6566254, 1593.8209, 1593.8209, 955.368, 717.7982, , 
65808.710695583, 002054, 5.8371162, -0.073647484, 4.065727, 0.0056620273, 0.33147806, -0.67677444, 0.65731764, 1593.8209, 1593.8209, 955.3702, 717.7973, , 
65808.727364625, 002055, 5.831016, -0.074455515, 4.0693636, 0.00951589, 0.3294562, -0.6771298, 0.65792346, 1593.8209, 1593.8209, 955.3717, 717.7963, , 
65808.744033583, 002056, 5.8250117, -0.075413644, 4.0732603, 0.012983958, 0.32780486, -0.67732847, 0.6584843, 1594.2728, 1594.2728, 955.3732, 717.79553, , 
65808.777371541, 002057, 5.81343, -0.077158846, 4.081709, 0.018168828, 0.32550135, -0.67736095, 0.65947026, 1594.2728, 1594.2728, 955.3761, 717.7953, , 
65808.794040666, 002058, 5.8078756, -0.07782177, 4.086161, 0.02015969, 0.32466376, -0.67739713, 0.6597879, 1594.2728, 1594.2728, 955.37714, 717.7952, , 
65808.810709541, 002059, 5.8034077, -0.078064196, 4.0898232, 0.021926107, 0.3236844, -0.6776349, 0.6599687, 1594.2728, 1594.2728, 955.378, 717.7947, , 
65808.827378541, 002060, 5.79891, -0.0781236, 4.093573, 0.02345297, 0.3224967, -0.67800975, 0.66011256, 1593.8209, 1593.8209, 955.37866, 717.79333, , 
65808.844047541, 002061, 5.7939453, -0.07813404, 4.0978284, 0.024427947, 0.32118922, -0.6784889, 0.66022235, 1593.8209, 1593.8209, 955.3784, 717.79175, , 
65808.877385708, 002062, 5.7839985, -0.07787353, 4.106935, 0.024748605, 0.3187867, -0.68005115, 0.6597674, 1594.2728, 1594.2728, 955.3762, 717.786, , 
65808.894054458, 002063, 5.779271, -0.07761928, 4.1117125, 0.024779558, 0.31781924, -0.6812995, 0.6589446, 1594.2728, 1594.2728, 955.3754, 717.782, , 
65808.910723541, 002064, 5.775639, -0.07693904, 4.1158934, 0.024920877, 0.31697136, -0.6828904, 0.6576996, 1594.2728, 1594.2728, 955.3748, 717.7771, , 
65808.927392583, 002065, 5.7720785, -0.07632959, 4.120326, 0.024856843, 0.3163324, -0.6845894, 0.6562418, 1594.2728, 1594.2728, 955.37427, 717.76984, , 
65808.944061625, 002066, 5.768215, -0.075983085, 4.1252728, 0.024406197, 0.31583017, -0.68632066, 0.6546904, 1594.2728, 1594.2728, 955.37366, 717.7641, , 
65808.9773995, 002067, 5.760641, -0.07571644, 4.135713, 0.022814827, 0.3150966, -0.6897552, 0.651484, 1594.2728, 1594.2728, 955.37225, 717.7527, , 
65808.994068583, 002068, 5.757142, -0.07575144, 4.141139, 0.021729143, 0.31503674, -0.69144046, 0.6497614, 1594.2728, 1594.2728, 955.37146, 717.7451, , 
65809.010737625, 002069, 5.755325, -0.07565713, 4.146023, 0.02055618, 0.31549665, -0.69303024, 0.64787996, 1594.2728, 1594.2728, 955.3712, 717.7398, , 
65809.027406625, 002070, 5.7536, -0.07573477, 4.151234, 0.019547723, 0.31662306, -0.6944872, 0.6457981, 1594.2728, 1594.2728, 955.3716, 717.735, , 
65809.0440755, 002071, 5.7513905, -0.07605576, 4.157052, 0.018946286, 0.3183323, -0.69587, 0.6434831, 1594.2728, 1594.2728, 955.3734, 717.7289, , 
65809.0774135, 002072, 5.7470083, -0.07680115, 4.1691604, 0.018851655, 0.32194766, -0.69867504, 0.6386294, 1593.8209, 1593.8209, 955.37823, 717.7198, , 
65809.094082583, 002073, 5.7448745, -0.0770987, 4.1751556, 0.018736107, 0.32318363, -0.70006704, 0.6364805, 1593.8209, 1593.8209, 955.38086, 717.71356, , 
65809.1107515, 002074, 5.743603, -0.07729586, 4.180399, 0.01794851, 0.3246365, -0.7011707, 0.634546, 1593.8209, 1593.8209, 955.3824, 717.7097, , 
65809.127420541, 002075, 5.742333, -0.07758928, 4.185956, 0.016388359, 0.3267956, -0.7017331, 0.632856, 1593.8209, 1593.8209, 955.38354, 717.7074, , 
65809.144089458, 002076, 5.74079, -0.07801108, 4.192181, 0.014216236, 0.32977396, -0.7017025, 0.6313959, 1593.8209, 1593.8209, 955.3852, 717.7072, , 
65809.177427583, 002077, 5.737982, -0.078740455, 4.2051167, 0.009157329, 0.33647826, -0.7007338, 0.6290236, 1593.8209, 1593.8209, 955.38727, 717.71045, , 
65809.1940965, 002078, 5.7368207, -0.07890802, 4.211439, 0.0069203894, 0.33934012, -0.7001774, 0.62813383, 1593.8209, 1593.8209, 955.3883, 717.713, , 
65809.2107655, 002079, 5.7359486, -0.07886445, 4.2174654, 0.0052199797, 0.34168246, -0.69963795, 0.62748116, 1593.8209, 1593.8209, 955.3889, 717.7148, , 
65809.2274345, 002080, 5.735181, -0.078765854, 4.2233534, 0.0040391954, 0.34354004, -0.69904053, 0.6271413, 1594.2728, 1594.2728, 955.3896, 717.7168, , 
65809.260772458, 002081, 5.733878, -0.078579046, 4.235, 0.0017136608, 0.34658784, -0.6973411, 0.627367, 1594.2728, 1594.2728, 955.3902, 717.7231, , 
65809.2774415, 002082, 5.7334437, -0.07842627, 4.2407265, 9.3205446e-05, 0.34776008, -0.6964127, 0.6277517, 1594.2728, 1594.2728, 955.3896, 717.72614, , 
65809.2941105, 002083, 5.733216, -0.078203194, 4.2464185, -0.0016110303, 0.34864998, -0.6956889, 0.6280585, 1593.8209, 1593.8209, 955.3887, 717.7287, , 
65809.310779541, 002084, 5.733237, -0.07792745, 4.252146, -0.0031684584, 0.34941137, -0.69523525, 0.6281319, 1593.8209, 1593.8209, 955.3875, 717.7309, , 
65809.344117416, 002085, 5.732268, -0.077213004, 4.265749, -0.0056277495, 0.3512821, -0.6947036, 0.6276593, 1593.8209, 1593.8209, 955.3866, 717.7321, , 
65809.3607865, 002086, 5.732807, -0.07700177, 4.272196, -0.0069401166, 0.35237572, -0.6943964, 0.6273729, 1593.8209, 1593.8209, 955.38635, 717.73315, , 
65809.3774555, 002087, 5.7336307, -0.07684924, 4.278749, -0.008497468, 0.3535498, -0.693932, 0.62720704, 1593.8209, 1593.8209, 955.386, 717.73444, , 
65809.394124583, 002088, 5.7346945, -0.07671395, 4.285398, -0.010258634, 0.3547031, -0.6933856, 0.6271339, 1593.8209, 1593.8209, 955.38544, 717.7361, , 
65809.427462416, 002089, 5.735705, -0.07636647, 4.300656, -0.0139677515, 0.35625678, -0.69256914, 0.62708384, 1593.8209, 1593.8209, 955.383, 717.73865, , 
65809.444131458, 002090, 5.7371273, -0.07616322, 4.3077607, -0.015866121, 0.3566404, -0.69243145, 0.62697256, 1593.8209, 1593.8209, 955.3816, 717.7389, , 
65809.460800583, 002091, 5.7389703, -0.07594816, 4.314751, -0.017891204, 0.35691166, -0.6924497, 0.6267436, 1593.8209, 1593.8209, 955.3796, 717.7384, , 
65809.494138416, 002092, 5.7433095, -0.07527055, 4.328293, -0.02329437, 0.35547373, -0.6933843, 0.62634975, 1594.2728, 1594.2728, 955.3744, 717.7348, , 
65809.5108075, 002093, 5.745716, -0.07477173, 4.3348026, -0.026546659, 0.35334247, -0.69445515, 0.62623996, 1594.2728, 1594.2728, 955.36865, 717.72925, , 
65809.527476458, 002094, 5.7475023, -0.074521855, 4.3431215, -0.029715154, 0.35081488, -0.6956582, 0.6261834, 1593.8209, 1593.8209, 955.36414, 717.7241, , 
65809.544145541, 002095, 5.750028, -0.0741975, 4.35049, -0.03274369, 0.34846, -0.69683677, 0.6260367, 1593.8209, 1593.8209, 955.35986, 717.71906, , 
65809.577483416, 002096, 5.756163, -0.07392257, 4.365472, -0.037403394, 0.34547576, -0.69872254, 0.6253273, 1594.2728, 1594.2728, 955.3531, 717.70966, , 
65809.594152458, 002097, 5.7595787, -0.07396904, 4.3734612, -0.03868974, 0.34469265, -0.6995647, 0.62473935, 1594.2728, 1594.2728, 955.3517, 717.70636, , 
65809.610821458, 002098, 5.763094, -0.07427618, 4.382168, -0.03936374, 0.34390768, -0.70046574, 0.62412, 1594.2728, 1594.2728, 955.3509, 717.70306, , 
65809.644159375, 002099, 5.77028, -0.07472491, 4.4000206, -0.04066156, 0.3421102, -0.70208603, 0.62320346, 1594.2728, 1594.2728, 955.34894, 717.6957, , 
65809.660828375, 002100, 5.774068, -0.07498155, 4.409335, -0.041256834, 0.34240732, -0.7023954, 0.62265235, 1594.2728, 1594.2728, 955.3487, 717.694, , 
65809.677497416, 002101, 5.7780814, -0.07528737, 4.418935, -0.041432276, 0.343975, -0.7025132, 0.6216428, 1594.2728, 1594.2728, 955.35, 717.6934, , 
65809.710835375, 002102, 5.7865644, -0.07589769, 4.437564, -0.04117667, 0.34760395, -0.70374614, 0.6182372, 1594.2728, 1594.2728, 955.3544, 717.69037, , 
65809.727504416, 002103, 5.790648, -0.07598445, 4.4461703, -0.04114425, 0.34762955, -0.70505035, 0.6167372, 1594.2728, 1594.2728, 955.3558, 717.68665, , 
65809.744173416, 002104, 5.794452, -0.07566975, 4.4545436, -0.041204855, 0.34610173, -0.7065062, 0.615926, 1594.2728, 1594.2728, 955.35565, 717.68, , 
65809.777511541, 002105, 5.8018007, -0.07516369, 4.472147, -0.039441947, 0.3450516, -0.7079234, 0.6150026, 1594.2728, 1594.2728, 955.3559, 717.67395, , 
65809.794180375, 002106, 5.8057566, -0.075236596, 4.481811, -0.03767772, 0.34830642, -0.7075575, 0.6136982, 1593.8209, 1593.8209, 955.3604, 717.67554, , 
65809.810849333, 002107, 5.810065, -0.07537652, 4.4915752, -0.035980616, 0.353246, -0.7069905, 0.61162657, 1593.8209, 1593.8209, 955.366, 717.67847, , 
65809.8441875, 002108, 5.8180156, -0.07509292, 4.5094805, -0.034046505, 0.36012107, -0.70760906, 0.60699517, 1593.8209, 1593.8209, 955.3774, 717.6788, , 
65809.860856333, 002109, 5.821353, -0.074629225, 4.5173955, -0.033425514, 0.36064538, -0.70882726, 0.6052947, 1593.8209, 1593.8209, 955.3798, 717.6751, , 
65809.877525375, 002110, 5.8242645, -0.0741398, 4.5248895, -0.03271334, 0.35976318, -0.71004885, 0.6044261, 1593.8209, 1593.8209, 955.38086, 717.6708, , 
65809.910863458, 002111, 5.828592, -0.073797494, 4.5394974, -0.030970471, 0.35747844, -0.71027803, 0.60560316, 1593.8209, 1593.8209, 955.38043, 717.66797, , 
65809.927532416, 002112, 5.8300858, -0.07403532, 4.546871, -0.030070107, 0.35681602, -0.7089605, 0.6075798, 1593.8209, 1593.8209, 955.3795, 717.6716, , 
65809.944201333, 002113, 5.8314896, -0.074433036, 4.554455, -0.029283412, 0.3565506, -0.7069759, 0.6100813, 1593.8209, 1593.8209, 955.37787, 717.6801, , 
65809.977539375, 002114, 5.8339376, -0.0751077, 4.569382, -0.028602742, 0.35546127, -0.7031158, 0.6151889, 1594.2728, 1594.2728, 955.37463, 717.6936, , 
65809.994208416, 002115, 5.835072, -0.075239494, 4.576629, -0.028598484, 0.3544393, -0.70180655, 0.6172702, 1594.2728, 1594.2728, 955.3726, 717.6985, , 
65810.010877291, 002116, 5.836192, -0.07528129, 4.5838857, -0.028738506, 0.35357946, -0.7008167, 0.6188793, 1594.2728, 1594.2728, 955.3703, 717.70306, , 
65810.044215375, 002117, 5.8372393, -0.07514785, 4.5976057, -0.029043408, 0.3527695, -0.69941324, 0.62091166, 1594.2728, 1594.2728, 955.36835, 717.70776, , 
65810.060884375, 002118, 5.8381243, -0.075052425, 4.6050687, -0.029171973, 0.35266355, -0.6989849, 0.6214479, 1594.2728, 1594.2728, 955.36774, 717.7098, , 
65810.07755325, 002119, 5.838994, -0.07493506, 4.6127295, -0.029292777, 0.35253617, -0.698697, 0.6218383, 1593.8209, 1593.8209, 955.3673, 717.71075, , 
65810.110891333, 002120, 5.8403773, -0.074870065, 4.6278186, -0.029141625, 0.35206506, -0.69862556, 0.6221924, 1593.8209, 1593.8209, 955.36774, 717.7083, , 
65810.12756025, 002121, 5.8409157, -0.074893735, 4.6353607, -0.028709913, 0.35168177, -0.69894207, 0.6220736, 1594.2728, 1594.2728, 955.36835, 717.7056, , 
65810.144229375, 002122, 5.841507, -0.0747738, 4.643558, -0.027984742, 0.3511942, -0.69953305, 0.6217178, 1594.2728, 1594.2728, 955.36865, 717.70404, , 
65810.17756725, 002123, 5.842532, -0.07446158, 4.660837, -0.026471812, 0.34983745, -0.70123935, 0.6206258, 1594.2728, 1594.2728, 955.3698, 717.6979, , 
65810.194236291, 002124, 5.8428817, -0.07437833, 4.669843, -0.026076136, 0.34914064, -0.70212466, 0.62003374, 1594.2728, 1594.2728, 955.37006, 717.6949, , 
65810.210905375, 002125, 5.843437, -0.07477763, 4.679946, -0.025975596, 0.3485433, -0.70290333, 0.61949146, 1594.2728, 1594.2728, 955.3702, 717.6911, , 
65810.244243208, 002126, 5.8438067, -0.07554418, 4.700019, -0.026031258, 0.3471183, -0.7044205, 0.6185653, 1594.2728, 1594.2728, 955.3698, 717.6856, , 
65810.260912291, 002127, 5.8435836, -0.07591635, 4.709936, -0.026047396, 0.34623235, -0.70510876, 0.6182769, 1594.2728, 1594.2728, 955.3694, 717.68225, , 
65812.277860333, 002218, 5.646863, -0.10556564, 5.7698073, 0.0152319595, 0.37026858, -0.6949015, 0.6162638, 1602.4071, 1602.4071, 955.43713, 717.72375, , 
65812.311198416, 002219, 5.6399555, -0.10633213, 5.779067, 0.010845359, 0.37303725, -0.6945731, 0.615056, 1602.4071, 1602.4071, 955.4353, 717.7253, , 
65812.327867333, 002220, 5.636872, -0.10695584, 5.7836447, 0.009110888, 0.37434208, -0.69458896, 0.61427295, 1606.9261, 1606.9261, 955.43506, 717.72534, , 
65812.344536291, 002221, 5.6338906, -0.10744865, 5.788154, 0.0076233977, 0.375749, -0.69459087, 0.6134314, 1606.9261, 1606.9261, 955.43506, 717.7253, , 
65812.377874416, 002222, 5.6284943, -0.108600356, 5.797345, 0.0053532273, 0.37970436, -0.6940896, 0.6115845, 1606.9261, 1606.9261, 955.4375, 717.7269, , 
65812.39454325, 002223, 5.625963, -0.10929838, 5.8020096, 0.004783047, 0.3820481, -0.6935561, 0.6107343, 1598.34, 1598.34, 955.4396, 717.7286, , 
65812.411212291, 002224, 5.6234875, -0.11002067, 5.8064785, 0.0043052398, 0.3845074, -0.69293463, 0.6098993, 1598.7919, 1598.7919, 955.442, 717.7308, , 
65812.42788125, 002225, 5.6210775, -0.11069983, 5.8108573, 0.003977116, 0.38669398, -0.6923742, 0.6091551, 1598.7919, 1598.7919, 955.4452, 717.73364, , 
65812.461219333, 002226, 5.6161804, -0.11179757, 5.819316, 0.0040000887, 0.3893071, -0.6916519, 0.6083106, 1598.7919, 1598.7919, 955.4488, 717.7365, , 
65812.477888166, 002227, 5.613619, -0.11225067, 5.8233514, 0.0040540253, 0.38989368, -0.69134295, 0.6082856, 1598.7919, 1598.7919, 955.44995, 717.7379, , 
65812.494557208, 002228, 5.610994, -0.1127, 5.8273315, 0.0040773214, 0.3903775, -0.6909472, 0.60842496, 1598.7919, 1598.7919, 955.4504, 717.73914, , 
65812.527895291, 002229, 5.6044807, -0.11281266, 5.834634, 0.0042613344, 0.39132828, -0.6899158, 0.608983, 1598.7919, 1598.7919, 955.45135, 717.74286, , 
65812.544564166, 002230, 5.6014624, -0.11323018, 5.8384304, 0.0046288776, 0.39178512, -0.6893426, 0.6093355, 1598.7919, 1598.7919, 955.452, 717.7448, , 
65812.561233166, 002231, 5.598473, -0.11378002, 5.8422427, 0.0051569217, 0.3922252, -0.6887478, 0.60972065, 1598.7919, 1598.7919, 955.4528, 717.74677, , 
65812.577902166, 002232, 5.5954576, -0.11440961, 5.8460116, 0.0058672563, 0.39261788, -0.68815494, 0.61013085, 1598.34, 1598.34, 955.4541, 717.74945, , 
65812.611240291, 002233, 5.589264, -0.11557715, 5.8531623, 0.0068638846, 0.39355493, -0.68690646, 0.61092305, 1598.34, 1598.34, 955.4561, 717.7536, , 
65812.627909125, 002234, 5.5862, -0.11612815, 5.856543, 0.006968461, 0.39417297, -0.686257, 0.6112531, 1598.34, 1598.34, 955.4569, 717.7564, , 
65812.644578125, 002235, 5.583374, -0.11683311, 5.859962, 0.0069179726, 0.39497805, -0.6856015, 0.6114696, 1598.34, 1598.34, 955.45764, 717.7586, , 
65812.677916166, 002236, 5.5780735, -0.11825022, 5.866456, 0.0070108357, 0.3963778, -0.6845789, 0.61170834, 1598.34, 1598.34, 955.4592, 717.7624, , 
65812.694585041, 002237, 5.575511, -0.118838355, 5.8693943, 0.0070852414, 0.39647165, -0.6843606, 0.6118911, 1598.34, 1598.34, 955.4597, 717.7637, , 
65812.711254083, 002238, 5.573488, -0.11974051, 5.872039, 0.006792027, 0.39613754, -0.6843537, 0.6121184, 1598.34, 1598.34, 955.4591, 717.7638, , 
65812.727923041, 002239, 5.5716367, -0.12048751, 5.8745413, 0.0060573462, 0.39565343, -0.6844806, 0.6122973, 1598.34, 1598.34, 955.4577, 717.76337, , 
65812.761261125, 002240, 5.568194, -0.12141942, 5.8796053, 0.004667956, 0.39528322, -0.68479115, 0.6122014, 1598.34, 1598.34, 955.45483, 717.7619, , 
65812.777929958, 002241, 5.5666537, -0.1219057, 5.8823624, 0.004858439, 0.39578357, -0.6847213, 0.6119547, 1598.34, 1598.34, 955.45526, 717.76184, , 
65812.794599041, 002242, 5.5650907, -0.1224331, 5.8852916, 0.00560824, 0.3965095, -0.6843653, 0.61187655, 1598.34, 1598.34, 955.4574, 717.7632, , 
65812.811268083, 002243, 5.5637755, -0.1231356, 5.8878837, 0.0063161864, 0.39717692, -0.6837959, 0.61207336, 1598.34, 1598.34, 955.459, 717.765, , 
65812.844605916, 002244, 5.560642, -0.12394981, 5.893336, 0.007142315, 0.3967986, -0.6828382, 0.61337745, 1598.34, 1598.34, 955.4595, 717.769, , 
65812.861274958, 002245, 5.558749, -0.124007285, 5.896141, 0.007509893, 0.3954413, -0.6827091, 0.6143924, 1598.34, 1598.34, 955.45807, 717.7694, , 
65812.877943958, 002246, 5.5567045, -0.12392968, 5.8989334, 0.008077656, 0.39347607, -0.68279946, 0.6155455, 1598.7919, 1598.7919, 955.4561, 717.7691, , 
65812.894613041, 002247, 5.5544915, -0.12376888, 5.9017334, 0.009035849, 0.3910355, -0.68308437, 0.6167701, 1598.7919, 1598.7919, 955.4532, 717.76776, , 
65812.927950875, 002248, 5.5507393, -0.12491651, 5.9075074, 0.012547013, 0.38471293, -0.68417895, 0.6194657, 1598.7919, 1598.7919, 955.44904, 717.7639, , 
65812.944619958, 002249, 5.5480504, -0.124897815, 5.9104166, 0.014912402, 0.38112092, -0.6847174, 0.6210366, 1598.7919, 1598.7919, 955.4465, 717.7611, , 
65812.961288875, 002250, 5.544877, -0.124703445, 5.9133687, 0.017854998, 0.37731794, -0.68512845, 0.6228254, 1598.7919, 1598.7919, 955.4448, 717.7594, , 
65812.977958, 002251, 5.5412064, -0.12440564, 5.91628, 0.02133351, 0.37311196, -0.68539196, 0.6249561, 1598.7919, 1598.7919, 955.4433, 717.7581, , 
65813.011295875, 002252, 5.5319853, -0.12396999, 5.921378, 0.029325271, 0.3619206, -0.6857614, 0.63078123, 1598.34, 1598.34, 955.4374, 717.7552, , 
65813.027964916, 002253, 5.5263143, -0.12348375, 5.9235597, 0.03383237, 0.3549155, -0.6857566, 0.6345299, 1598.34, 1598.34, 955.4334, 717.7542, , 
65813.044633916, 002254, 5.520011, -0.12283422, 5.9255533, 0.038761396, 0.34741494, -0.685476, 0.6386886, 1598.7919, 1598.7919, 955.4294, 717.7539, , 
65813.061302958, 002255, 5.5131884, -0.12214114, 5.927371, 0.044110805, 0.3396441, -0.6848761, 0.64314914, 1598.7919, 1598.7919, 955.4239, 717.75476, , 
65813.094640833, 002256, 5.498474, -0.12068998, 5.9304204, 0.056786817, 0.32331663, -0.68321586, 0.6522712, 1598.7919, 1598.7919, 955.41705, 717.75726, , 
65813.111309875, 002257, 5.4912205, -0.120319545, 5.9313703, 0.06417518, 0.31477278, -0.6823492, 0.65665764, 1598.34, 1598.34, 955.4145, 717.7583, , 
65813.127978916, 002258, 5.483682, -0.11989572, 5.9320793, 0.07210223, 0.3059095, -0.68149346, 0.6608989, 1598.34, 1598.34, 955.4117, 717.75916, , 
65813.14464775, 002259, 5.475667, -0.11928505, 5.9326043, 0.08039012, 0.29665223, -0.6806197, 0.6650501, 1598.34, 1598.34, 955.40985, 717.7594, , 
65813.161316708, 002260, 5.46738, -0.118630916, 5.9328384, 0.08879275, 0.2869239, -0.6797274, 0.66914964, 1598.7919, 1598.7919, 955.4076, 717.7594, , 
65813.194654791, 002261, 5.4502015, -0.117491126, 5.932517, 0.10658126, 0.26677755, -0.6775682, 0.6770314, 1597.8881, 1597.8881, 955.40265, 717.7586, , 
65813.211323666, 002262, 5.441839, -0.117209084, 5.9312296, -0.116158955, -0.25698555, 0.6759242, -0.6808759, 1597.8881, 1597.8881, 955.40155, 717.75903, , 
65813.227992708, 002263, 5.4331174, -0.116996385, 5.9302645, -0.12581587, -0.24746314, 0.6738238, -0.6847582, 1597.8881, 1597.8881, 955.401, 717.7611, , 
65813.244661708, 002264, 5.4242797, -0.116899006, 5.929203, -0.13542326, -0.23812447, 0.6713459, -0.6886595, 1597.8881, 1597.8881, 955.4009, 717.7636, , 
65813.277999791, 002265, 5.406435, -0.11697982, 5.9261737, -0.15553294, -0.21898042, 0.6658476, -0.6960633, 1600.1476, 1600.1476, 955.4015, 717.76984, , 
65813.294668666, 002266, 5.3973413, -0.11714732, 5.924128, -0.16601156, -0.20884037, 0.6628414, -0.69961935, 1600.1476, 1600.1476, 955.4019, 717.7721, , 
65813.311337666, 002267, 5.388117, -0.11738816, 5.921683, -0.1766848, -0.1984619, 0.6594407, -0.7032307, 1600.1476, 1600.1476, 955.4023, 717.7749, , 
65813.32800675, 002268, 5.378612, -0.117819875, 5.9189277, -0.1875968, -0.18812938, 0.6554544, -0.7069614, 1602.4071, 1602.4071, 955.40356, 717.78, , 
65813.361344541, 002269, 5.3587823, -0.11936107, 5.9124393, -0.20974413, -0.16816469, 0.64551115, -0.71487296, 1601.9552, 1601.9552, 955.4076, 717.79175, , 
65813.378013625, 002270, 5.348646, -0.12036439, 5.908518, -0.22092311, -0.15823585, 0.63974696, -0.71894246, 1601.9552, 1601.9552, 955.41144, 717.80176, , 
65813.394682666, 002271, 5.33854, -0.12139276, 5.903997, -0.23220536, -0.14798355, 0.6338135, -0.7228153, 1604.2147, 1604.2147, 955.4146, 717.80914, , 
65813.428020708, 002272, 5.318015, -0.12243324, 5.8921943, -0.25407925, -0.12511748, 0.6224175, -0.7296478, 1604.2147, 1604.2147, 955.41876, 717.8214, , 
65813.444689541, 002273, 5.308253, -0.12307744, 5.8854804, -0.26451156, -0.11257316, 0.6169407, -0.732629, 1604.2147, 1604.2147, 955.4194, 717.8277, , 
65813.461358541, 002274, 5.298699, -0.12378117, 5.8783617, -0.27475098, -0.10000847, 0.6113608, -0.73535585, 1606.4742, 1606.4742, 955.4194, 717.83215, , 
65813.494696666, 002275, 5.280091, -0.12559563, 5.8630323, -0.2955824, -0.07647864, 0.5988998, -0.7403385, 1606.4742, 1606.4742, 955.42285, 717.8442, , 
65813.511365541, 002276, 5.2711434, -0.1267801, 5.8547525, -0.30627733, -0.065472975, 0.5918832, -0.74268556, 1606.4742, 1606.4742, 955.4262, 717.8503, , 
65813.5280345, 002277, 5.262132, -0.12796393, 5.8464108, -0.31722122, -0.054614726, 0.5844176, -0.7448784, 1608.7338, 1608.7338, 955.4304, 717.85675, , 
65813.561372541, 002278, 5.2445273, -0.13040844, 5.828905, -0.33966726, -0.03266137, 0.56859094, -0.7485076, 1608.7338, 1608.7338, 955.44226, 717.87115, , 
65813.578041583, 002279, 5.2360425, -0.13166064, 5.819745, -0.3506638, -0.021717187, 0.56055194, -0.7498965, 1608.7338, 1608.7338, 955.44763, 717.87683, , 
65813.594710458, 002280, 5.2278194, -0.1328863, 5.8103337, -0.36131534, -0.0107637085, 0.5526752, -0.7509231, 1612.8009, 1612.8009, 955.45435, 717.8833, , 
65813.6113795, 002281, 5.220397, -0.1337932, 5.8004384, -0.37139887, 0.00014020753, 0.5451871, -0.7515542, 1612.349, 1612.349, 955.4587, 717.8873, , 
65813.6280485, 002282, 5.2129292, -0.13474503, 5.790599, -0.3810725, 0.010947366, 0.53808755, -0.7517484, 1612.349, 1612.349, 955.4624, 717.8904, , 
65813.6447175, 002283, 5.2056656, -0.1356045, 5.7807503, -0.39034092, 0.021682568, 0.53140324, -0.7515148, 1612.8009, 1612.8009, 955.4661, 717.89276, , 
65813.661386416, 002284, 5.1986537, -0.1363272, 5.770903, -0.39908606, 0.03232514, 0.5251278, -0.7509502, 1607.83, 1607.83, 955.4681, 717.8937, , 
65813.694724458, 002285, 5.1852474, -0.13739884, 5.751198, -0.41513216, 0.053366706, 0.5134035, -0.7491557, 1607.83, 1607.83, 955.4699, 717.8943, , 
65813.7113935, 002286, 5.1792336, -0.13712323, 5.740398, -0.42241418, 0.06364443, 0.50786966, -0.7480535, 1607.83, 1607.83, 955.47015, 717.89453, , 
65813.7280625, 002287, 5.1730647, -0.13710648, 5.7303834, -0.42931724, 0.0736802, 0.5026221, -0.7467456, 1607.83, 1607.83, 955.4699, 717.89435, , 
65813.761400333, 002288, 5.1608777, -0.13680714, 5.7112694, -0.4420716, 0.093075424, 0.49331126, -0.74333954, 1607.83, 1607.83, 955.4673, 717.89185, , 
65813.778069375, 002289, 5.154804, -0.1364601, 5.702018, -0.44775, 0.1021668, 0.48912287, -0.7415124, 1607.83, 1607.83, 955.4655, 717.89044, , 
65813.811407291, 002290, 5.143287, -0.13527179, 5.683374, -0.45838624, 0.11848288, 0.48051873, -0.73820424, 1607.378, 1607.378, 955.46344, 717.8887, , 
65813.828076291, 002291, 5.1379004, -0.13436913, 5.6740365, -0.46367684, 0.12622285, 0.4762435, -0.7363855, 1607.378, 1607.378, 955.4631, 717.88776, , 
65813.844745333, 002292, 5.132268, -0.13336858, 5.66529, -0.46897432, 0.13403617, 0.4721376, -0.73429126, 1607.378, 1607.378, 955.4624, 717.8862, , 
65813.861414291, 002293, 5.1267023, -0.1322252, 5.656804, -0.47422087, 0.14204313, 0.4682248, -0.731918, 1607.83, 1607.83, 955.461, 717.8842, , 
65813.894752291, 002294, 5.1163893, -0.12975016, 5.639991, -0.4847258, 0.15815865, 0.46071157, -0.7264789, 1607.83, 1607.83, 955.45654, 717.8777, , 
65813.911421291, 002295, 5.1118054, -0.1286138, 5.6313763, -0.49007338, 0.1659668, 0.45688248, -0.72356176, 1607.83, 1607.83, 955.4547, 717.8743, , 
65813.92809025, 002296, 5.10698, -0.12737808, 5.6234307, -0.49521336, 0.17340037, 0.45301217, -0.7207468, 1607.83, 1607.83, 955.4528, 717.8701, , 
65813.944759291, 002297, 5.1021585, -0.1261585, 5.6157837, -0.49998158, 0.1805928, 0.44910118, -0.7181315, 1607.83, 1607.83, 955.45154, 717.8677, , 
65813.961428125, 002298, 5.097415, -0.12500821, 5.608355, 0.50415117, -0.18754263, -0.44528422, 0.7158082, 1607.83, 1607.83, 955.4503, 717.86615, , 
65813.994766208, 002299, 5.08828, -0.122965924, 5.594175, 0.5113371, -0.20056443, -0.43814525, 0.7115736, 1607.83, 1607.83, 955.44714, 717.8647, , 
65814.011435208, 002300, 5.0837445, -0.12217219, 5.5871725, 0.5148445, -0.20643032, -0.43473428, 0.70945597, 1607.83, 1607.83, 955.446, 717.86383, , 
65814.02810425, 002301, 5.0792737, -0.12143356, 5.580536, 0.51840425, -0.21179481, -0.4313802, 0.7073268, 1607.83, 1607.83, 955.44507, 717.8622, , 
65814.044773166, 002302, 5.0749197, -0.120695926, 5.574335, 0.52207, -0.21677202, -0.42797366, 0.705189, 1607.83, 1607.83, 955.4448, 717.86066, , 
65814.078111166, 002303, 5.066467, -0.119326435, 5.562739, 0.5293867, -0.22601922, -0.42131466, 0.7008273, 1607.83, 1607.83, 955.44507, 717.8564, , 
65814.094780208, 002304, 5.0623436, -0.11873582, 5.5572987, 0.53288066, -0.23025958, -0.4182726, 0.69861776, 1607.83, 1607.83, 955.44507, 717.8542, , 
65814.111449125, 002305, 5.057715, -0.118039474, 5.5510697, 0.5363288, -0.23432083, -0.4152839, 0.6964083, 1607.83, 1607.83, 955.44507, 717.8518, , 
65814.128118083, 002306, 5.05345, -0.11754196, 5.545606, 0.5396089, -0.23825698, -0.4124534, 0.69421756, 1608.2819, 1608.2819, 955.44495, 717.8486, , 
65814.161456125, 002307, 5.0448384, -0.11689884, 5.535686, 0.5452426, -0.24476545, -0.40696636, 0.6907813, 1608.2819, 1608.2819, 955.4455, 717.8453, , 
65814.178125166, 002308, 5.0403314, -0.116678104, 5.5310426, 0.5478698, -0.24707375, -0.40392572, 0.68966466, 1608.2819, 1608.2819, 955.44714, 717.84467, , 
65814.194794041, 002309, 5.0358157, -0.1164266, 5.5265074, 0.5505575, -0.24924262, -0.40069935, 0.68862504, 1606.0223, 1606.0223, 955.4502, 717.8442, , 
65814.228132041, 002310, 5.025518, -0.115956455, 5.517921, 0.5558594, -0.2544411, -0.39391384, 0.68637604, 1606.4742, 1606.4742, 955.45447, 717.844, , 
65814.244801083, 002311, 5.0209937, -0.11559193, 5.5135984, 0.558407, -0.25763175, -0.39052427, 0.68505347, 1606.0223, 1606.0223, 955.4564, 717.8441, , 
65814.261469958, 002312, 5.016606, -0.115222484, 5.509402, 0.56078494, -0.2608639, -0.38724366, 0.68374896, 1604.2147, 1604.2147, 955.45764, 717.8443, , 
65816.295086125, 002407, 4.1977215, -0.07425986, 5.3749814, -0.45330614, 0.1493136, 0.5454614, -0.68897814, 1599.6957, 1599.6957, 955.3539, 717.70917, , 
65816.311755166, 002408, 4.189945, -0.07451425, 5.377438, -0.4515281, 0.14801298, 0.54761076, -0.68872124, 1599.6957, 1599.6957, 955.35284, 717.70703, , 
65816.328424125, 002409, 4.1821227, -0.07476, 5.379873, -0.4496307, 0.14682268, 0.54978836, -0.68848246, 1599.6957, 1599.6957, 955.35114, 717.7043, , 
65816.361762083, 002410, 4.1664224, -0.074996084, 5.384972, -0.44596934, 0.14325127, 0.5534866, -0.68865305, 1599.6957, 1599.6957, 955.3496, 717.70154, , 
65816.378431041, 002411, 4.158447, -0.075015225, 5.3877416, -0.44488803, 0.14110036, 0.55478704, -0.68875015, 1599.6957, 1599.6957, 955.34985, 717.7004, , 
65816.395100083, 002412, 4.1505456, -0.074876375, 5.390581, -0.44450894, 0.1392031, 0.5559401, -0.68845105, 1599.6957, 1599.6957, 955.35077, 717.69763, , 
65816.411769083, 002413, 4.1421943, -0.0745914, 5.3937464, -0.44446346, 0.13766268, 0.55724895, -0.68773174, 1599.6957, 1599.6957, 955.3514, 717.6944, , 
65816.428437958, 002414, 4.13394, -0.074232, 5.3968835, -0.4442183, 0.13635185, 0.55873686, -0.68694353, 1599.6957, 1599.6957, 955.35156, 717.69086, , 
65816.461775958, 002415, 4.1176176, -0.0735751, 5.4029617, -0.44246325, 0.13265446, 0.5615653, -0.68649364, 1599.6957, 1599.6957, 955.35205, 717.685, , 
65816.478445, 002416, 4.1091075, -0.07338786, 5.406207, -0.441272, 0.12930772, 0.56246895, -0.6871588, 1599.6957, 1599.6957, 955.3532, 717.68445, , 
65816.495113833, 002417, 4.100424, -0.07327358, 5.4096594, -0.44007793, 0.12477491, 0.5630004, -0.68832636, 1599.6957, 1599.6957, 955.35645, 717.6854, , 
65816.528451875, 002418, 4.084157, -0.074027665, 5.416391, -0.43758777, 0.11523103, 0.56459284, -0.6902707, 1599.6957, 1599.6957, 955.3625, 717.6867, , 
65816.545120875, 002419, 4.076552, -0.073699296, 5.4197154, -0.43607274, 0.111498095, 0.5662537, -0.690482, 1599.6957, 1599.6957, 955.3644, 717.6856, , 
65816.561789958, 002420, 4.069322, -0.073209494, 5.4229236, -0.4343866, 0.108531885, 0.5682924, -0.69034266, 1599.6957, 1599.6957, 955.3654, 717.68274, , 
65816.578458791, 002421, 4.0622883, -0.07267538, 5.4261074, -0.43251395, 0.105883874, 0.5704469, -0.6901526, 1599.6957, 1599.6957, 955.36554, 717.6803, , 
65816.61179675, 002422, 4.047911, -0.07200532, 5.4324536, -0.42827743, 0.10062549, 0.5741242, -0.69053197, 1599.6957, 1599.6957, 955.36554, 717.67725, , 
65816.628465791, 002423, 4.040565, -0.07184632, 5.4355383, -0.42601728, 0.098160096, 0.57559425, -0.69106096, 1599.6957, 1599.6957, 955.36554, 717.67725, , 
65816.645134666, 002424, 4.0333896, -0.07159555, 5.4385934, -0.4236718, 0.09577863, 0.57686335, -0.6917784, 1599.6957, 1599.6957, 955.3653, 717.678, , 
65816.661803708, 002425, 4.0261884, -0.07138045, 5.4416747, -0.42121056, 0.09319857, 0.577954, -0.69272274, 1599.6957, 1599.6957, 955.3653, 717.6798, , 
65816.678472708, 002426, 4.0188746, -0.071279794, 5.4448466, -0.41863215, 0.09011408, 0.5787723, -0.69400954, 1599.6957, 1599.6957, 955.36566, 717.6822, , 
65816.71181075, 002427, 4.003989, -0.07176077, 5.4512877, -0.41336977, 0.08244414, 0.5794466, -0.69754565, 1599.6957, 1599.6957, 955.3685, 717.6913, , 
65816.728479666, 002428, 3.9965355, -0.07223837, 5.454569, -0.4106869, 0.07819502, 0.57962507, -0.69946873, 1599.6957, 1599.6957, 955.3704, 717.69586, , 
65816.745148625, 002429, 3.9890873, -0.07263666, 5.457985, -0.4081073, 0.073911466, 0.57981294, -0.7012863, 1599.6957, 1599.6957, 955.37225, 717.7003, , 
65816.761817708, 002430, 3.9817402, -0.072987475, 5.46144, -0.40581393, 0.0697947, 0.5800671, -0.7028271, 1599.6957, 1599.6957, 955.3748, 717.7054, , 
65816.7951555, 002431, 3.9674633, -0.073516995, 5.468504, -0.4019143, 0.062029086, 0.5811732, -0.7048795, 1599.6957, 1599.6957, 955.37866, 717.70984, , 
65816.811824541, 002432, 3.960467, -0.07413474, 5.4716735, -0.40011817, 0.058605656, 0.5820061, -0.70550674, 1599.6957, 1599.6957, 955.3803, 717.71106, , 
65816.8284935, 002433, 3.953552, -0.07466254, 5.4748282, -0.39827886, 0.0555549, 0.5830952, -0.7058949, 1599.6957, 1599.6957, 955.38184, 717.7116, , 
65816.845162583, 002434, 3.9466698, -0.07496899, 5.478134, -0.39629138, 0.052650444, 0.58441323, -0.70614606, 1599.6957, 1599.6957, 955.3825, 717.7115, , 
65816.878500458, 002435, 3.9327495, -0.0755768, 5.4848857, -0.39139846, 0.04674888, 0.5876692, -0.7065881, 1599.6957, 1599.6957, 955.3829, 717.71075, , 
65816.8951695, 002436, 3.9256358, -0.07596186, 5.4882627, -0.38843462, 0.04385065, 0.5894737, -0.70690626, 1599.6957, 1599.6957, 955.3825, 717.71063, , 
65816.911838458, 002437, 3.9182625, -0.076522745, 5.4909573, -0.38507468, 0.041164253, 0.5912128, -0.7074535, 1599.6957, 1599.6957, 955.38184, 717.71106, , 
65816.945176375, 002438, 3.9031188, -0.07773777, 5.497154, -0.37755597, 0.03634642, 0.5943074, -0.7091749, 1599.6957, 1599.6957, 955.3789, 717.71497, , 
65816.961845416, 002439, 3.8953753, -0.078402884, 5.5003247, -0.37341243, 0.034324527, 0.5957528, -0.71025604, 1599.6957, 1599.6957, 955.3771, 717.71765, , 
65816.978514375, 002440, 3.8875616, -0.07907355, 5.5034804, -0.368992, 0.032599133, 0.5972379, -0.7113994, 1599.6957, 1599.6957, 955.374, 717.7217, , 
65816.995183333, 002441, 3.8797214, -0.079725936, 5.5065856, -0.36424482, 0.031265866, 0.5989044, -0.71250385, 1599.6957, 1599.6957, 955.3711, 717.72455, , 
65817.028521291, 002442, 3.864061, -0.08056257, 5.5122604, -0.35425532, 0.029975904, 0.6030895, -0.71406424, 1599.6957, 1599.6957, 955.3623, 717.7294, , 
65817.045190333, 002443, 3.8564484, -0.0807903, 5.5152054, -0.3494706, 0.029982343, 0.6056719, -0.71423596, 1599.6957, 1599.6957, 955.358, 717.72943, , 
65817.061859333, 002444, 3.8487747, -0.0808784, 5.518349, -0.3445178, 0.029837063, 0.608471, -0.7142691, 1599.6957, 1599.6957, 955.35345, 717.72876, , 
65817.078528333, 002445, 3.8408551, -0.08088247, 5.5218725, -0.3392626, 0.028666252, 0.6111182, -0.7145723, 1600.1476, 1600.1476, 955.34845, 717.7285, , 
65817.111866208, 002446, 3.8240714, -0.08027521, 5.5301275, -0.32888803, 0.022511875, 0.61497784, -0.7163297, 1599.6957, 1599.6957, 955.3445, 717.7322, , 
65817.128535208, 002447, 3.815837, -0.07964084, 5.5347056, -0.32487792, 0.018404955, 0.6165559, -0.7169201, 1599.6957, 1599.6957, 955.3441, 717.734, , 
65817.145204208, 002448, 3.8080537, -0.078652896, 5.5393243, -0.32198614, 0.014599437, 0.61859566, -0.7165551, 1599.6957, 1599.6957, 955.34436, 717.7327, , 
65817.178542083, 002449, 3.7937477, -0.07583245, 5.5479617, -0.31795985, 0.00951613, 0.62447315, -0.7133332, 1599.6957, 1599.6957, 955.3438, 717.7215, , 
65817.195211125, 002450, 3.786828, -0.07429923, 5.5521016, -0.31592396, 0.007578148, 0.6276801, -0.7114437, 1599.6957, 1599.6957, 955.3425, 717.7121, , 
65817.211880166, 002451, 3.7793193, -0.072593816, 5.555941, -0.31332842, 0.0054028193, 0.6305779, -0.7100476, 1599.6957, 1599.6957, 955.3417, 717.70624, , 
65817.228549166, 002452, 3.771652, -0.071044594, 5.5600705, -0.31025538, 0.002647136, 0.63283217, -0.7094068, 1599.6957, 1599.6957, 955.341, 717.70264, , 
65817.245218, 002453, 3.7640364, -0.06980301, 5.5647726, -0.30678195, -0.0010454813, 0.6343245, -0.70958877, 1599.6957, 1599.6957, 955.34076, 717.70197, , 
65817.278556083, 002454, 3.7491102, -0.06773471, 5.575204, -0.30025235, -0.010677834, 0.635834, -0.7109498, 1599.6957, 1599.6957, 955.3429, 717.7063, , 
65817.295225083, 002455, 3.7422926, -0.066607185, 5.5803804, -0.297787, -0.014922479, 0.63692254, -0.71093595, 1599.6957, 1599.6957, 955.34424, 717.7073, , 
65817.311894083, 002456, 3.736408, -0.065242104, 5.585046, -0.29597113, -0.01811566, 0.63867015, -0.7100517, 1599.6957, 1599.6957, 955.3455, 717.7046, , 
65817.345232, 002457, 3.7256079, -0.06259292, 5.594284, -0.29266423, -0.022859937, 0.64348876, -0.7069281, 1599.6957, 1599.6957, 955.3461, 717.6944, , 
65817.361901, 002458, 3.7203057, -0.06152083, 5.599023, -0.2905251, -0.02514996, 0.64592654, -0.705508, 1599.6957, 1599.6957, 955.346, 717.68744, , 
65817.378570083, 002459, 3.7149677, -0.060648113, 5.6038985, -0.2878188, -0.027805073, 0.64808106, -0.70454115, 1599.6957, 1599.6957, 955.34576, 717.68365, , 
65817.411907916, 002460, 3.7041385, -0.059464984, 5.613842, -0.28126982, -0.034697257, 0.6509094, -0.704273, 1599.6957, 1599.6957, 955.34576, 717.6819, , 
65817.428576875, 002461, 3.6986766, -0.059125055, 5.619023, -0.27799964, -0.038952775, 0.65161806, -0.70469344, 1599.6957, 1599.6957, 955.3465, 717.68365, , 
65817.445245916, 002462, 3.6931798, -0.05892724, 5.624559, -0.27506918, -0.043256845, 0.6521685, -0.705083, 1599.6957, 1599.6957, 955.3474, 717.68567, , 
65817.478583666, 002463, 3.6825912, -0.058714747, 5.6359477, -0.27024242, -0.05073406, 0.6534537, -0.7052612, 1599.6957, 1599.6957, 955.35, 717.6884, , 
65817.495252833, 002464, 3.6774814, -0.058741767, 5.6417627, -0.26809245, -0.05383164, 0.65417135, -0.70518684, 1599.6957, 1599.6957, 955.35065, 717.6887, , 
65817.511921833, 002465, 3.6718884, -0.05903464, 5.6478333, -0.26600403, -0.056807965, 0.6547166, -0.7052381, 1599.6957, 1599.6957, 955.35156, 717.6896, , 
65817.545259708, 002466, 3.6610572, -0.059914712, 5.6602545, -0.2623182, -0.062042423, 0.6552868, -0.705648, 1599.6957, 1599.6957, 955.35297, 717.6921, , 
65817.56192875, 002467, 3.6558945, -0.060398374, 5.6665664, -0.2606836, -0.064187996, 0.65547997, -0.70588243, 1599.6957, 1599.6957, 955.35345, 717.69336, , 
65817.595266791, 002468, 3.6457448, -0.06145272, 5.679562, -0.25734857, -0.06790959, 0.65588224, -0.7063841, 1599.6957, 1599.6957, 955.354, 717.6964, , 
65817.611935625, 002469, 3.6409767, -0.062049318, 5.686019, -0.25552335, -0.0695681, 0.6561758, -0.7066127, 1599.6957, 1599.6957, 955.3539, 717.69763, , 
65817.628604625, 002470, 3.6362739, -0.062627204, 5.69268, -0.25355178, -0.071136594, 0.65653086, -0.7068369, 1599.6957, 1599.6957, 955.3536, 717.69916, , 
65817.661942666, 002471, 3.6269643, -0.063612156, 5.7067604, -0.24985667, -0.07369167, 0.6574629, -0.7070246, 1599.6957, 1599.6957, 955.3527, 717.7007, , 
65817.678611708, 002472, 3.6224189, -0.06401925, 5.713897, -0.24840248, -0.07412921, 0.65801036, -0.7069819, 1599.6957, 1599.6957, 955.3518, 717.7005, , 
65817.711949541, 002473, 3.613956, -0.06475974, 5.728119, -0.24516284, -0.07327797, 0.65873766, -0.70752406, 1600.1476, 1600.1476, 955.34894, 717.7011, , 
65817.728618541, 002474, 3.6097918, -0.06491275, 5.735314, -0.24280706, -0.07251277, 0.6587447, -0.70840806, 1599.6957, 1599.6957, 955.346, 717.704, , 
65817.7452875, 002475, 3.6051857, -0.064609185, 5.742522, -0.24000922, -0.071081206, 0.6587979, -0.70945626, 1599.6957, 1599.6957, 955.3431, 717.7068, , 
65817.778625458, 002476, 3.5963593, -0.062047858, 5.756266, -0.23247413, -0.06543821, 0.66034174, -0.7110713, 1600.1476, 1600.1476, 955.33276, 717.71027, , 
65817.7952945, 002477, 3.592751, -0.059876405, 5.762562, -0.22669737, -0.061461154, 0.662226, -0.71153885, 1599.6957, 1599.6957, 955.3265, 717.70996, , 
65817.8119635, 002478, 3.5896037, -0.057064757, 5.768587, -0.21936335, -0.057292823, 0.664714, -0.71186554, 1600.1476, 1600.1476, 955.31964, 717.70917, , 
65817.845301333, 002479, 3.5832808, -0.04885045, 5.780972, -0.20238982, -0.050386198, 0.67037773, -0.71210474, 1599.6957, 1599.6957, 955.3049, 717.7059, , 
65817.861970291, 002480, 3.5803502, -0.043845303, 5.7873545, -0.19397293, -0.048726115, 0.6731999, -0.7119004, 1600.1476, 1600.1476, 955.3002, 717.7039, , 
65817.895308416, 002481, 3.5751312, -0.032393973, 5.799431, -0.17773867, -0.046486456, 0.67912465, -0.71066, 1600.1476, 1600.1476, 955.2923, 717.69696, , 
65817.91197725, 002482, 3.573481, -0.026162334, 5.804782, -0.16931175, -0.043597605, 0.68264514, -0.7095269, 1600.1476, 1600.1476, 955.2892, 717.6919, , 
65817.94531525, 002483, 3.570362, -0.012792416, 5.8142223, -0.15215284, -0.03618369, 0.689629, -0.7070729, 1600.1476, 1600.1476, 955.2837, 717.67847, , 
65817.96198425, 002484, 3.5686934, -0.005875189, 5.818491, -0.1447942, -0.032127842, 0.6924351, -0.70607084, 1600.5995, 1600.5995, 955.28265, 717.6735, , 
65817.995322166, 002485, 3.565268, 0.007916227, 5.8262463, -0.13302736, -0.022440953, 0.69650275, -0.7047581, 1600.5995, 1600.5995, 955.28204, 717.6661, , 
65818.011991208, 002486, 3.563891, 0.014628008, 5.830263, -0.12751098, -0.017767424, 0.6979404, -0.70448875, 1600.5995, 1600.5995, 955.2828, 717.66315, , 
65818.045329166, 002487, 3.5604036, 0.02755374, 5.838273, -0.11662349, -0.010208723, 0.70007765, -0.7044047, 1600.5995, 1600.5995, 955.285, 717.6613, , 
65818.061998083, 002488, 3.5584266, 0.03380283, 5.842081, -0.11159031, -0.0069016586, 0.701155, -0.7041887, 1600.5995, 1600.5995, 955.2869, 717.6599, , 
65818.095336125, 002489, 3.5547457, 0.045833893, 5.849001, 0.102128476, 0.00025956036, -0.7039664, 0.7028521, 1600.5995, 1600.5995, 955.29114, 717.65515, , 
65818.112005125, 002490, 3.5531433, 0.051010594, 5.8523016, 0.09720167, -0.0034022818, -0.70550406, 0.7020002, 1600.5995, 1600.5995, 955.29474, 717.65094, , 
65818.128674166, 002491, 3.5513198, 0.056161024, 5.8551354, 0.09211674, -0.007148071, -0.70681024, 0.7013435, 1600.5995, 1600.5995, 955.298, 717.6482, , 
65818.162012041, 002492, 3.5467966, 0.06548497, 5.8608446, 0.081663266, -0.011837707, -0.70797205, 0.7014034, 1600.5995, 1600.5995, 955.30505, 717.6473, , 
65818.195350041, 002493, 3.5415587, 0.0736614, 5.866912, 0.0711143, -0.013366431, -0.70863515, 0.70185494, 1600.5995, 1600.5995, 955.31055, 717.6485, , 
65818.212018916, 002494, 3.538787, 0.077465236, 5.8699427, 0.0663233, -0.013709875, -0.70906115, 0.70188713, 1600.5995, 1600.5995, 955.3139, 717.6484, , 
65818.245356958, 002495, 3.5326984, 0.08398166, 5.8761263, 0.05835416, -0.013639471, -0.7099055, 0.70174277, 1601.0514, 1601.0514, 955.31836, 717.6474, , 
65818.262025916, 002496, 3.5293572, 0.08659136, 5.879452, 0.054816015, -0.012493944, -0.7101883, 0.7017632, 1601.0514, 1601.0514, 955.3202, 717.647, , 
65820.295641208, 002592, 3.4734147, -0.04463216, 6.633878, -0.162925, 0.43724272, -0.67931134, 0.56640136, 1599.6957, 1599.6957, 955.3502, 717.70447, , 
65820.312310166, 002593, 3.476006, -0.044362705, 6.640925, -0.166911, 0.43918285, -0.6799252, 0.5629929, 1599.6957, 1599.6957, 955.35077, 717.698, , 
65820.32897925, 002594, 3.4783576, -0.043992195, 6.6477475, -0.17111981, 0.44056952, -0.6804621, 0.559989, 1599.6957, 1599.6957, 955.3505, 717.69293, , 
65820.345648208, 002595, 3.4802933, -0.043343153, 6.654497, -0.1756153, 0.44158906, -0.68066126, 0.55754685, 1600.1476, 1600.1476, 955.3496, 717.68823, , 
65820.378986083, 002596, 3.4838374, -0.041925225, 6.6681576, -0.18551727, 0.4440682, -0.6792756, 0.55405015, 1599.6957, 1599.6957, 955.3454, 717.68225, , 
65820.395655125, 002597, 3.4859366, -0.041227844, 6.675187, -0.1905683, 0.44651344, -0.6777414, 0.55224633, 1599.6957, 1599.6957, 955.3437, 717.68225, , 
65820.412324083, 002598, 3.4886582, -0.04062341, 6.6826835, -0.19517447, 0.45035052, -0.6758774, 0.549801, 1599.6957, 1599.6957, 955.34296, 717.68445, , 
65820.428993125, 002599, 3.491762, -0.04001855, 6.6900682, -0.1989949, 0.4550952, -0.6740985, 0.5466998, 1599.6957, 1599.6957, 955.34393, 717.6871, , 
65820.445661958, 002600, 3.4949741, -0.039315995, 6.6969204, -0.20204929, 0.4596555, -0.67289275, 0.54323864, 1599.6957, 1599.6957, 955.34564, 717.689, , 
65820.479000041, 002601, 3.50127, -0.037724406, 6.708962, -0.20673218, 0.4662219, -0.6723548, 0.53650534, 1599.6957, 1599.6957, 955.3504, 717.68756, , 
65820.495669041, 002602, 3.5041912, -0.03701289, 6.7143116, -0.20880929, 0.46823904, -0.6724898, 0.53376806, 1599.6957, 1599.6957, 955.3519, 717.6854, , 
65820.512338, 002603, 3.5072877, -0.037205983, 6.7189655, -0.21122338, 0.46957818, -0.6724871, 0.53164107, 1599.6957, 1599.6957, 955.3527, 717.6831, , 
65820.529006916, 002604, 3.5100896, -0.03718462, 6.723812, -0.21382917, 0.4709452, -0.67196476, 0.5300482, 1599.6957, 1599.6957, 955.35266, 717.6814, , 
65820.562344875, 002605, 3.5160017, -0.03774313, 6.7342205, -0.21866937, 0.47600827, -0.6691607, 0.5270899, 1599.6957, 1599.6957, 955.35254, 717.68463, , 
65820.579013916, 002606, 3.5193858, -0.03836161, 6.739732, -0.22096461, 0.4799591, -0.66718405, 0.5250516, 1599.6957, 1599.6957, 955.3538, 717.6901, , 
65820.595682791, 002607, 3.5230684, -0.039087936, 6.745277, -0.22339645, 0.48437288, -0.665223, 0.5224513, 1599.6957, 1599.6957, 955.3553, 717.6944, , 
65820.612351833, 002608, 3.527081, -0.03978838, 6.751189, -0.22602847, 0.48893192, -0.66355556, 0.51918274, 1599.6957, 1599.6957, 955.3573, 717.69794, , 
65820.645689791, 002609, 3.535724, -0.041330088, 6.762049, -0.23135029, 0.4975136, -0.66132295, 0.5114774, 1599.6957, 1599.6957, 955.363, 717.70166, , 
65820.66235875, 002610, 3.5402, -0.042165913, 6.7670016, -0.23373808, 0.50102085, -0.66067886, 0.5077875, 1599.2438, 1599.2438, 955.3654, 717.70166, , 
65820.679027708, 002611, 3.544722, -0.043069195, 6.7718472, -0.23571977, 0.50402343, -0.6601161, 0.5046218, 1599.6957, 1599.6957, 955.36835, 717.7015, , 
65820.695696708, 002612, 3.5493536, -0.044094656, 6.776709, -0.23724112, 0.5068855, -0.6594, 0.50197154, 1599.6957, 1599.6957, 955.3704, 717.7022, , 
65820.71236575, 002613, 3.5543277, -0.04529676, 6.782249, -0.23851332, 0.5099513, -0.65828806, 0.49971783, 1599.6957, 1599.6957, 955.3724, 717.70416, , 
65820.729034708, 002614, 3.5594687, -0.04663901, 6.787765, -0.23947325, 0.5131988, -0.6568517, 0.49782068, 1599.6957, 1599.6957, 955.37506, 717.70886, , 
65820.762372541, 002615, 3.5700865, -0.0493476, 6.797849, -0.24112304, 0.51919436, -0.6538976, 0.4946865, 1599.6957, 1599.6957, 955.3788, 717.71716, , 
65820.779041625, 002616, 3.575555, -0.050561596, 6.80257, -0.24224757, 0.5214738, -0.6526872, 0.49333623, 1599.6957, 1599.6957, 955.3803, 717.7212, , 
65820.795710583, 002617, 3.5811775, -0.051639535, 6.8070946, -0.24380377, 0.5233178, -0.65167594, 0.4919518, 1599.6957, 1599.6957, 955.38086, 717.72296, , 
65820.812379666, 002618, 3.5871496, -0.05299591, 6.8127847, -0.24569917, 0.52493244, -0.6507819, 0.49046978, 1599.6957, 1599.6957, 955.3811, 717.7238, , 
65820.845717541, 002619, 3.599617, -0.05490017, 6.821868, -0.24961776, 0.5279693, -0.6495664, 0.48682952, 1599.6957, 1599.6957, 955.38196, 717.7236, , 
65820.8623865, 002620, 3.6060653, -0.05566942, 6.8261423, -0.2514473, 0.5290436, -0.64934784, 0.4850098, 1599.6957, 1599.6957, 955.38226, 717.72235, , 
65820.8790555, 002621, 3.6126177, -0.05637695, 6.8304443, -0.2531631, 0.5298581, -0.6493163, 0.48326725, 1599.6957, 1599.6957, 955.3826, 717.72064, , 
65820.912393333, 002622, 3.6267502, -0.058116853, 6.8399763, -0.25661406, 0.5314371, -0.6489861, 0.48014665, 1599.6957, 1599.6957, 955.3829, 717.7169, , 
65820.929062416, 002623, 3.6341708, -0.05907155, 6.8451047, -0.25838417, 0.5322751, -0.6485931, 0.47879824, 1599.6957, 1599.6957, 955.3829, 717.716, , 
65820.945731416, 002624, 3.6411767, -0.0597011, 6.8499594, -0.26019177, 0.53282356, -0.64824027, 0.4776858, 1599.6957, 1599.6957, 955.3824, 717.7147, , 
65820.962400375, 002625, 3.64802, -0.060094133, 6.854768, -0.2620771, 0.5329661, -0.64797926, 0.47684982, 1599.6957, 1599.6957, 955.3815, 717.71326, , 
65820.995738333, 002626, 3.6620076, -0.06048456, 6.864651, -0.26541868, 0.5337274, -0.647371, 0.47497234, 1599.6957, 1599.6957, 955.3798, 717.71063, , 
65821.012407333, 002627, 3.6702802, -0.061356444, 6.8706126, -0.2664596, 0.5347229, -0.6471465, 0.47357383, 1599.6957, 1599.6957, 955.38043, 717.70996, , 
65821.029076291, 002628, 3.677926, -0.06156324, 6.8759017, -0.26714882, 0.53565896, -0.6472481, 0.47198611, 1599.6957, 1599.6957, 955.3816, 717.70917, , 
65821.062414125, 002629, 3.6924, -0.061267145, 6.8855767, -0.2684527, 0.5362062, -0.64831805, 0.46914807, 1599.6957, 1599.6957, 955.3838, 717.704, , 
65821.079083208, 002630, 3.6994817, -0.061129343, 6.8902807, -0.26908106, 0.53641236, -0.64883804, 0.4678317, 1599.6957, 1599.6957, 955.3846, 717.7014, , 
65821.095752166, 002631, 3.7066348, -0.06115039, 6.895115, -0.26944807, 0.53721064, -0.6490678, 0.4663833, 1599.2438, 1599.2438, 955.3856, 717.6999, , 
65821.129090041, 002632, 3.7215407, -0.061682105, 6.9053593, -0.26947933, 0.5406908, -0.6487002, 0.4628415, 1599.6957, 1599.6957, 955.39075, 717.70105, , 
65821.145759083, 002633, 3.7290437, -0.061990418, 6.9103236, -0.26897922, 0.542966, -0.64865506, 0.46052667, 1599.6957, 1599.6957, 955.3942, 717.70233, , 
65821.162428083, 002634, 3.7363932, -0.062303476, 6.9150724, -0.26832017, 0.54500806, -0.6488935, 0.4581569, 1599.6957, 1599.6957, 955.39935, 717.7033, , 
65821.179097125, 002635, 3.7434032, -0.06258528, 6.919554, -0.26784348, 0.546387, -0.6493619, 0.45612517, 1599.6957, 1599.6957, 955.4027, 717.703, , 
65821.195765916, 002636, 3.7499595, -0.062837385, 6.92384, -0.26764914, 0.54693216, -0.64988506, 0.45483914, 1599.6957, 1599.6957, 955.40497, 717.70184, , 
65821.229103958, 002637, 3.762967, -0.06429682, 6.9322004, -0.26755482, 0.5473054, -0.65006495, 0.45418808, 1599.2438, 1599.2438, 955.40656, 717.70056, , 
65821.245773, 002638, 3.7691307, -0.06493803, 6.936586, -0.26718518, 0.5481874, -0.6495712, 0.45404837, 1599.2438, 1599.2438, 955.40717, 717.70233, , 
65821.262442, 002639, 3.7751584, -0.06552603, 6.9410605, -0.26656362, 0.5493263, -0.64893216, 0.45395118, 1599.2438, 1599.2438, 955.4082, 717.705, , 
65821.279110833, 002640, 3.7809951, -0.06600504, 6.9455743, -0.2658053, 0.5503032, -0.6483522, 0.45404118, 1599.2438, 1599.2438, 955.4097, 717.70886, , 
65821.312448875, 002641, 3.792776, -0.066804595, 6.9551725, -0.26408967, 0.55202866, -0.6474841, 0.45418647, 1599.2438, 1599.2438, 955.41156, 717.71387, , 
65821.329117833, 002642, 3.7988875, -0.06718903, 6.960181, -0.2631015, 0.5534396, -0.6471262, 0.45355242, 1599.2438, 1599.2438, 955.41425, 717.7171, , 
65821.345786583, 002643, 3.8047633, -0.06743543, 6.964899, -0.26220015, 0.55535257, -0.6467296, 0.45230028, 1599.6957, 1599.6957, 955.4172, 717.7197, , 
65821.379124708, 002644, 3.8162851, -0.067818776, 6.9739637, -0.26097786, 0.5598368, -0.6459228, 0.44861683, 1599.6957, 1599.6957, 955.4253, 717.7254, , 
65821.395793791, 002645, 3.8219109, -0.06805248, 6.978423, -0.26084384, 0.56214607, -0.6453617, 0.44660988, 1599.2438, 1599.2438, 955.4288, 717.7278, , 
65821.412462625, 002646, 3.8279464, -0.068446904, 6.9829884, -0.26106855, 0.5642611, -0.64469856, 0.44476566, 1599.2438, 1599.2438, 955.43146, 717.73, , 
65821.429131583, 002647, 3.8338916, -0.06903682, 6.987631, -0.26136595, 0.56648165, -0.64384663, 0.4429988, 1599.2438, 1599.2438, 955.4347, 717.73334, , 
65821.462469666, 002648, 3.8455591, -0.0708544, 6.997322, -0.2614287, 0.57217765, -0.6415502, 0.43895465, 1599.2438, 1599.2438, 955.4412, 717.74084, , 
65821.479138666, 002649, 3.8515193, -0.07203242, 7.0024166, -0.26118857, 0.57536817, -0.64021146, 0.4368766, 1599.6957, 1599.6957, 955.4465, 717.7473, , 
65821.495807541, 002650, 3.8575544, -0.07328905, 7.0076246, -0.26102766, 0.5785107, -0.63877416, 0.43492255, 1599.6957, 1599.6957, 955.4503, 717.7524, , 
65821.5291455, 002651, 3.8703358, -0.07568868, 7.0186415, -0.26092255, 0.58449996, -0.6357686, 0.43136704, 1599.2438, 1599.2438, 955.4583, 717.76447, , 
65821.545814541, 002652, 3.8764935, -0.076861106, 7.024196, -0.26119068, 0.58717185, -0.63411844, 0.4300029, 1599.2438, 1599.2438, 955.461, 717.76965, , 
65821.562483375, 002653, 3.88246, -0.07782259, 7.029795, -0.2620131, 0.589263, -0.6324257, 0.42913395, 1599.2438, 1599.2438, 955.4623, 717.77423, , 
65821.595821416, 002654, 3.8939338, -0.07884017, 7.041181, -0.26571146, 0.59163344, -0.6288484, 0.42885554, 1599.2438, 1599.2438, 955.4591, 717.78186, , 
65821.612490375, 002655, 3.8991582, -0.078949496, 7.046554, -0.26848018, 0.59228474, -0.6269582, 0.42899936, 1599.6957, 1599.6957, 955.45575, 717.784, , 
65821.629159458, 002656, 3.9044452, -0.0787768, 7.052026, -0.27172893, 0.5926646, -0.62507296, 0.42918047, 1599.6957, 1599.6957, 955.4518, 717.7855, , 
65821.662497291, 002657, 3.9155598, -0.07754059, 7.063648, -0.2794452, 0.592215, -0.6214907, 0.4300477, 1599.2438, 1599.2438, 955.43945, 717.7861, , 
65821.67916625, 002658, 3.9211905, -0.07658986, 7.0696406, -0.28343406, 0.5914644, -0.61985415, 0.43083155, 1599.6957, 1599.6957, 955.4334, 717.7853, , 
65821.695835291, 002659, 3.9269574, -0.07550312, 7.0756836, -0.28746775, 0.5906943, -0.618169, 0.4316361, 1599.6957, 1599.6957, 955.42737, 717.78436, , 
65821.729173083, 002660, 3.9388483, -0.07317112, 7.086555, -0.29707062, 0.5902196, -0.6137262, 0.4321229, 1599.2438, 1599.2438, 955.41345, 717.7832, , 
65821.745842208, 002661, 3.9451835, -0.071804866, 7.0921254, -0.30285445, 0.59018856, -0.611206, 0.43172216, 1599.6957, 1599.6957, 955.4074, 717.78253, , 
65821.762511208, 002662, 3.9516113, -0.070242815, 7.097674, -0.30932018, 0.58978784, -0.60873306, 0.4311792, 1599.6957, 1599.6957, 955.39844, 717.7798, , 
65821.779180208, 002663, 3.9582126, -0.068531826, 7.103275, -0.3161881, 0.5893099, -0.6062057, 0.43041083, 1599.6957, 1599.6957, 955.3915, 717.77673, , 
65821.812518041, 002664, 3.9716752, -0.06489399, 7.113743, -0.3292201, 0.59034264, -0.6009444, 0.42658603, 1599.6957, 1599.6957, 955.379, 717.7709, , 
65821.829187083, 002665, 3.9787204, -0.062887736, 7.1185074, -0.3349886, 0.59185094, -0.59876347, 0.42305735, 1599.6957, 1599.6957, 955.37646, 717.76855, , 
65821.845856083, 002666, 3.9864118, -0.06071608, 7.1235495, -0.3402412, 0.59310764, -0.59745157, 0.4189403, 1599.6957, 1599.6957, 955.37494, 717.7649, , 
65821.879193875, 002667, 4.001244, -0.055876616, 7.133273, -0.35047266, 0.5927731, -0.5970587, 0.41147286, 1599.6957, 1599.6957, 955.37134, 717.7484, , 
65821.895863, 002668, 4.008064, -0.053422812, 7.138084, -0.35564873, 0.5915373, -0.5969257, 0.40899566, 1599.6957, 1599.6957, 955.36865, 717.7397, , 
65821.929200958, 002669, 4.0211177, -0.049408596, 7.147531, -0.3650752, 0.59134567, -0.5942128, 0.40489703, 1599.6957, 1599.6957, 955.3622, 717.728, , 
65821.945869791, 002670, 4.0279465, -0.047726292, 7.1526136, -0.36853313, 0.59306276, -0.59209055, 0.40235394, 1599.6957, 1599.6957, 955.36115, 717.7277, , 
65821.962538875, 002671, 4.0346675, -0.046147846, 7.157689, -0.37130034, 0.59516007, -0.59002644, 0.39973685, 1599.6957, 1599.6957, 955.361, 717.7294, , 
65821.995876833, 002672, 4.0466065, -0.04300454, 7.167402, -0.37612563, 0.59728324, -0.58727497, 0.39609388, 1599.6957, 1599.6957, 955.36017, 717.7297, , 
65822.012545708, 002673, 4.051843, -0.041788325, 7.171717, -0.37866396, 0.5967983, -0.5867725, 0.39514956, 1599.6957, 1599.6957, 955.3589, 717.7273, , 
65822.029214708, 002674, 4.0566278, -0.040657677, 7.1759477, -0.38126305, 0.5955588, -0.58671933, 0.3945994, 1599.6957, 1599.6957, 955.3563, 717.7217, , 
65822.062552708, 002675, 4.0658126, -0.03864868, 7.184897, -0.38558555, 0.5932549, -0.58709896, 0.39330295, 1599.6957, 1599.6957, 955.3532, 717.7121, , 
65822.079221708, 002676, 4.070787, -0.038004994, 7.189622, -0.38710144, 0.59326005, -0.5870059, 0.39194295, 1599.6957, 1599.6957, 955.35284, 717.7081, , 
65822.095890625, 002677, 4.0761237, -0.03757377, 7.1944513, -0.38841572, 0.5941631, -0.58651984, 0.38999727, 1599.6957, 1599.6957, 955.35333, 717.70703, , 
65822.129228583, 002678, 4.0881515, -0.037605196, 7.2044363, -0.3906477, 0.59701073, -0.5853116, 0.3852051, 1599.6957, 1599.6957, 955.35614, 717.70703, , 
65822.145897583, 002679, 4.0937667, -0.03736959, 7.209347, -0.39163452, 0.59789485, -0.5853423, 0.38277757, 1599.6957, 1599.6957, 955.35754, 717.7056, , 
65822.162566416, 002680, 4.0992126, -0.037026785, 7.214206, -0.3926309, 0.5983587, -0.585748, 0.38040388, 1599.6957, 1599.6957, 955.359, 717.7032, , 
65822.1959045, 002681, 4.110007, -0.036491748, 7.2240686, -0.39401945, 0.5991951, -0.58671254, 0.37614134, 1599.6957, 1599.6957, 955.3625, 717.69714, , 
65822.2125735, 002682, 4.1160297, -0.036469325, 7.2290306, -0.39410073, 0.5996961, -0.58706653, 0.3747027, 1599.6957, 1599.6957, 955.3639, 717.69586, , 
65822.2292425, 002683, 4.121946, -0.036546472, 7.234149, -0.39390373, 0.60017204, -0.5871382, 0.37403488, 1599.6957, 1599.6957, 955.36505, 717.696, , 
65822.262580375, 002684, 4.132855, -0.036818936, 7.2450066, -0.3931664, 0.60104334, -0.5864197, 0.3745386, 1599.6957, 1599.6957, 955.3653, 717.69904, , 
65822.279249416, 002685, 4.1381392, -0.037018985, 7.250596, -0.39286792, 0.60126376, -0.58582795, 0.3754228, 1599.6957, 1599.6957, 955.36487, 717.7013, , 
65824.296195, 002776, 4.836703, -0.050178062, 7.8191514, -0.43552878, 0.6207739, -0.56508183, 0.3250184, 1599.6957, 1599.6957, 955.37555, 717.6747, , 
65824.312864041, 002777, 4.8433356, -0.05056267, 7.819664, -0.43631983, 0.6202136, -0.56483895, 0.3254491, 1599.6957, 1599.6957, 955.3744, 717.67334, , 
65824.346201833, 002778, 4.8580465, -0.050950143, 7.821289, -0.4374581, 0.61980134, -0.56409544, 0.32599524, 1599.6957, 1599.6957, 955.37225, 717.67236, , 
65824.362870916, 002779, 4.86616, -0.050919525, 7.8224545, -0.43771726, 0.61989945, -0.5637731, 0.3260185, 1599.6957, 1599.6957, 955.3718, 717.67255, , 
65824.396208916, 002780, 4.8829393, -0.050709, 7.824726, -0.43710953, 0.62064797, -0.563912, 0.32516885, 1599.6957, 1599.6957, 955.373, 717.67377, , 
65824.41287775, 002781, 4.890829, -0.050468333, 7.825062, -0.43646038, 0.62065774, -0.56465757, 0.32472774, 1599.6957, 1599.6957, 955.37427, 717.6735, , 
65824.42954675, 002782, 4.898768, -0.050224487, 7.825344, -0.4358884, 0.62052274, -0.5655029, 0.3242827, 1599.6957, 1599.6957, 955.37555, 717.67267, , 
65824.462884791, 002783, 4.915789, -0.05010161, 7.826564, -0.4344807, 0.62155485, -0.56660014, 0.32227394, 1599.6957, 1599.6957, 955.3793, 717.6721, , 
65824.479553666, 002784, 4.9246144, -0.050204903, 7.8271446, -0.43350622, 0.6227567, -0.5670189, 0.32052445, 1599.6957, 1599.6957, 955.38196, 717.67334, , 
65824.496222625, 002785, 4.9333744, -0.050286822, 7.8276253, -0.43255705, 0.62377745, -0.5676408, 0.3187164, 1599.2438, 1599.2438, 955.38586, 717.6745, , 
65824.529560583, 002786, 4.9483986, -0.05048016, 7.827161, -0.4310377, 0.6243869, -0.5695959, 0.31608242, 1599.2438, 1599.2438, 955.3911, 717.6732, , 
65824.546229375, 002787, 4.956164, -0.050517216, 7.8274107, -0.4303971, 0.62434363, -0.5706586, 0.31512243, 1599.6957, 1599.6957, 955.3939, 717.6712, , 
65824.5628985, 002788, 4.963955, -0.05059115, 7.8278513, -0.42977005, 0.6243953, -0.57158375, 0.3141977, 1599.6957, 1599.6957, 955.3959, 717.67, , 
65824.5962365, 002789, 4.9792786, -0.050972994, 7.8291144, -0.42866063, 0.6250904, -0.57273674, 0.31222528, 1599.6957, 1599.6957, 955.40027, 717.669, , 
65824.612905458, 002790, 4.986288, -0.051155947, 7.829843, -0.42817605, 0.62571526, -0.57293195, 0.3112794, 1599.6957, 1599.6957, 955.4019, 717.66956, , 
65824.629574333, 002791, 4.9931965, -0.05143528, 7.83071, -0.42774034, 0.62642133, -0.57294637, 0.31043032, 1599.6957, 1599.6957, 955.4033, 717.6706, , 
65824.662912291, 002792, 5.0069532, -0.052269302, 7.83293, -0.42716092, 0.62757826, -0.57273257, 0.30928367, 1599.6957, 1599.6957, 955.40564, 717.6729, , 
65824.679581333, 002793, 5.01377, -0.052791316, 7.834172, -0.42706385, 0.6283442, -0.57236314, 0.30854583, 1599.6957, 1599.6957, 955.4064, 717.67413, , 
65824.696250208, 002794, 5.0207005, -0.05341162, 7.835425, -0.42670566, 0.6295252, -0.5720811, 0.30715388, 1599.2438, 1599.2438, 955.4077, 717.67566, , 
65824.712919208, 002795, 5.028187, -0.054427844, 7.8363357, -0.42575336, 0.63110846, -0.5721868, 0.30502203, 1599.2438, 1599.2438, 955.4117, 717.67834, , 
65824.74625725, 002796, 5.042764, -0.05615998, 7.838345, -0.4234824, 0.6344124, -0.57298905, 0.2997785, 1599.6957, 1599.6957, 955.42065, 717.68195, , 
65824.76292625, 002797, 5.049559, -0.056733504, 7.839461, -0.4229089, 0.63563824, -0.5732222, 0.29753706, 1599.6957, 1599.6957, 955.42566, 717.68335, , 
65824.779595041, 002798, 5.0561156, -0.057205934, 7.840597, -0.42279458, 0.6366053, -0.57320744, 0.29565448, 1599.6957, 1599.6957, 955.4282, 717.684, , 
65824.812933083, 002799, 5.0689063, -0.058677234, 7.8425584, -0.4229007, 0.6384501, -0.57267725, 0.29253593, 1599.2438, 1599.2438, 955.4326, 717.68585, , 
65824.829602083, 002800, 5.075302, -0.059675507, 7.8434777, -0.42305502, 0.63953084, -0.57207257, 0.29113212, 1599.2438, 1599.2438, 955.43414, 717.68726, , 
65824.846270916, 002801, 5.0817566, -0.060432, 7.844717, -0.4234421, 0.64080817, -0.5711047, 0.28965676, 1599.2438, 1599.2438, 955.4353, 717.6892, , 
65824.879608916, 002802, 5.094874, -0.061925, 7.8476543, -0.4243034, 0.64381206, -0.5686211, 0.28660548, 1599.2438, 1599.2438, 955.4376, 717.69556, , 
65824.896277958, 002803, 5.1014924, -0.062702246, 7.8492637, -0.42477766, 0.64537126, -0.56729364, 0.28502256, 1599.2438, 1599.2438, 955.43866, 717.69867, , 
65824.912946958, 002804, 5.1088324, -0.06370978, 7.85078, -0.42546654, 0.64673054, -0.5659784, 0.28352487, 1599.2438, 1599.2438, 955.4396, 717.7021, , 
65824.929615791, 002805, 5.1160307, -0.064659156, 7.852334, -0.42665067, 0.64790684, -0.56446546, 0.28207207, 1599.2438, 1599.2438, 955.4396, 717.70404, , 
65824.96295375, 002806, 5.129524, -0.06623081, 7.85559, -0.4303804, 0.6503667, -0.56054294, 0.2785454, 1599.2438, 1599.2438, 955.4383, 717.7075, , 
65824.979622791, 002807, 5.1362925, -0.06699749, 7.8572297, -0.43253866, 0.65191925, -0.55824834, 0.2761709, 1599.2438, 1599.2438, 955.43774, 717.7102, , 
65824.996291666, 002808, 5.143094, -0.067735, 7.8588667, -0.4348119, 0.65368915, -0.55577755, 0.273387, 1599.2438, 1599.2438, 955.43774, 717.7125, , 
65825.029629625, 002809, 5.1569443, -0.06957077, 7.861312, -0.44032577, 0.656935, -0.55051494, 0.26736316, 1599.2438, 1599.2438, 955.437, 717.7169, , 
65825.046298625, 002810, 5.1632433, -0.06992013, 7.862756, -0.44406858, 0.6579048, -0.5476426, 0.26467296, 1599.2438, 1599.2438, 955.4353, 717.71716, , 
65825.06296775, 002811, 5.1692123, -0.06997231, 7.8642917, -0.44837135, 0.6584147, -0.5445742, 0.262473, 1599.2438, 1599.2438, 955.4324, 717.7164, , 
65825.079636541, 002812, 5.1751256, -0.06983594, 7.86589, -0.45296833, 0.65894824, -0.5411016, 0.2604151, 1599.6957, 1599.6957, 955.4271, 717.7153, , 
65825.1129745, 002813, 5.187612, -0.06928882, 7.868731, -0.4618105, 0.6618043, -0.53299505, 0.25428802, 1599.6957, 1599.6957, 955.421, 717.7172, , 
65825.129643541, 002814, 5.1942167, -0.06886381, 7.8700876, -0.46580145, 0.66373664, -0.5291536, 0.24995846, 1599.6957, 1599.6957, 955.41974, 717.7192, , 
65825.146312333, 002815, 5.2008195, -0.06827175, 7.8713055, -0.4696145, 0.66535604, -0.52596825, 0.24519584, 1599.6957, 1599.6957, 955.4196, 717.72015, , 
65825.162981416, 002816, 5.20725, -0.067499176, 7.8724, -0.47322592, 0.6663949, -0.52357894, 0.24049994, 1599.6957, 1599.6957, 955.42017, 717.71924, , 
65825.196319375, 002817, 5.219512, -0.065691635, 7.8745456, -0.4798281, 0.66727674, -0.5201216, 0.2323365, 1599.6957, 1599.6957, 955.42145, 717.71326, , 
65825.212988375, 002818, 5.2257204, -0.06507195, 7.8755007, -0.48287585, 0.66788846, -0.5181242, 0.22869891, 1599.6957, 1599.6957, 955.4218, 717.71136, , 
65825.229657208, 002819, 5.2318726, -0.06451072, 7.8765454, -0.48584333, 0.66886026, -0.51562494, 0.22519583, 1599.6957, 1599.6957, 955.4217, 717.7108, , 
65825.24632625, 002820, 5.2378726, -0.06388332, 7.877718, -0.4886938, 0.6701374, -0.5127754, 0.22171067, 1599.6957, 1599.6957, 955.4212, 717.7117, , 
65825.279664291, 002821, 5.2494955, -0.06256338, 7.8800035, -0.4938261, 0.6729602, -0.5070946, 0.21474472, 1599.6957, 1599.6957, 955.421, 717.71454, , 
65825.296333125, 002822, 5.2549973, -0.06189578, 7.881083, -0.49613348, 0.67431253, -0.5044602, 0.21136267, 1599.6957, 1599.6957, 955.4213, 717.71655, , 
65825.313002125, 002823, 5.2598963, -0.06147089, 7.8815193, -0.4984876, 0.6754131, -0.50196993, 0.20821479, 1599.6957, 1599.6957, 955.4212, 717.7177, , 
65825.329671125, 002824, 5.2646184, -0.060850672, 7.882319, 0.50106746, -0.67634076, 0.49925336, -0.20552543, 1599.6957, 1599.6957, 955.42053, 717.71857, , 
65825.363009125, 002825, 5.273255, -0.059487317, 7.884018, 0.5069244, -0.67784196, 0.4930986, -0.20102626, 1599.6957, 1599.6957, 955.4162, 717.7201, , 
65825.379677916, 002826, 5.2772303, -0.058821917, 7.884779, 0.509908, -0.67838544, 0.4900848, -0.19900721, 1599.6957, 1599.6957, 955.414, 717.72034, , 
65825.396347041, 002827, 5.2810907, -0.058202457, 7.8854275, 0.5127554, -0.67886484, 0.4872955, -0.19689468, 1599.2438, 1599.2438, 955.4119, 717.7203, , 
65825.413015958, 002828, 5.2839894, -0.057580046, 7.8855834, 0.5153337, -0.6793174, 0.48489353, -0.19451854, 1599.2438, 1599.2438, 955.41, 717.7199, , 
65825.446353875, 002829, 5.291164, -0.056639448, 7.8862853, 0.5194647, -0.6804378, 0.48085615, -0.18957363, 1599.2438, 1599.2438, 955.4091, 717.7197, , 
65825.463022791, 002830, 5.2948112, -0.056224782, 7.8867006, 0.5211999, -0.6809166, 0.4791404, -0.18742411, 1599.2438, 1599.2438, 955.4088, 717.71967, , 
65825.479691791, 002831, 5.29839, -0.055832397, 7.8871355, 0.52284753, -0.681324, 0.47749144, -0.18555343, 1599.2438, 1599.2438, 955.40845, 717.7196, , 
65825.496360791, 002832, 5.3018885, -0.055472996, 7.88761, 0.5243581, -0.68163353, 0.47599173, -0.18400066, 1599.2438, 1599.2438, 955.40796, 717.71954, , 
65825.529698666, 002833, 5.3090353, -0.055004995, 7.8887134, 0.52718127, -0.68192023, 0.47342867, -0.18146653, 1599.2438, 1599.2438, 955.40643, 717.7185, , 
65825.546367666, 002834, 5.3125687, -0.054817982, 7.8891606, 0.52840453, -0.6822219, 0.47212708, -0.18016085, 1599.2438, 1599.2438, 955.4059, 717.7183, , 
65825.563036708, 002835, 5.3161674, -0.05468078, 7.889555, 0.5295088, -0.68280697, 0.47059888, -0.17869453, 1599.2438, 1599.2438, 955.4054, 717.71924, , 
65825.579705708, 002836, 5.3197994, -0.054565977, 7.8899226, 0.53061056, -0.6835408, 0.46882293, -0.17728342, 1599.6957, 1599.6957, 955.40497, 717.7206, , 
65825.613043541, 002837, 5.3274736, -0.05437245, 7.890466, 0.5327267, -0.68491673, 0.46534848, -0.1747634, 1599.6957, 1599.6957, 955.40344, 717.7239, , 
65825.629712583, 002838, 5.3314934, -0.054299314, 7.890646, 0.53365296, -0.6855711, 0.4637543, -0.17360583, 1599.6957, 1599.6957, 955.40283, 717.7253, , 
65825.646381583, 002839, 5.335325, -0.054178994, 7.890869, 0.5345194, -0.6862803, 0.4620838, -0.17258912, 1599.6957, 1599.6957, 955.4023, 717.72687, , 
65825.679719416, 002840, 5.3429646, -0.05397457, 7.8912153, 0.53594786, -0.68791205, 0.45878118, -0.17046092, 1599.6957, 1599.6957, 955.401, 717.7315, , 
65825.696388375, 002841, 5.3467693, -0.05384523, 7.8912387, 0.5365816, -0.6885577, 0.45747828, -0.16935784, 1599.6957, 1599.6957, 955.40076, 717.73303, , 
65825.713057416, 002842, 5.350207, -0.053930365, 7.891383, 0.53719807, -0.689009, 0.45642036, -0.16841958, 1599.6957, 1599.6957, 955.40063, 717.734, , 
65825.729726416, 002843, 5.3536363, -0.053972237, 7.8914847, 0.5379516, -0.68925774, 0.45540714, -0.16773878, 1599.6957, 1599.6957, 955.39996, 717.73456, , 
65825.763064333, 002844, 5.360874, -0.053823587, 7.891349, 0.53979045, -0.68947697, 0.45314968, -0.16704252, 1599.6957, 1599.6957, 955.39795, 717.7347, , 
65825.779733291, 002845, 5.3646345, -0.053808637, 7.8912387, 0.5405839, -0.6896509, 0.45198956, -0.16690205, 1599.6957, 1599.6957, 955.39636, 717.73517, , 
65825.796402333, 002846, 5.368478, -0.053831264, 7.8910913, 0.54121614, -0.6898381, 0.45099065, -0.1667815, 1599.6957, 1599.6957, 955.3953, 717.73566, , 
65825.813071333, 002847, 5.3723173, -0.053742126, 7.891209, 0.541666, -0.6900382, 0.45023748, -0.16652822, 1599.6957, 1599.6957, 955.3946, 717.7362, , 
65825.846409125, 002848, 5.3799405, -0.053604864, 7.891333, 0.5422949, -0.6898792, 0.44973361, -0.16650106, 1599.6957, 1599.6957, 955.3937, 717.73584, , 
65825.863078166, 002849, 5.3835773, -0.053482912, 7.8914332, 0.5425201, -0.6891475, 0.4503278, -0.16719005, 1599.6957, 1599.6957, 955.39307, 717.7342, , 
65825.879747166, 002850, 5.387094, -0.053310864, 7.891617, 0.5426618, -0.688019, 0.45148924, -0.16824265, 1599.6957, 1599.6957, 955.39264, 717.7314, , 
65825.913085041, 002851, 5.3939905, -0.053055637, 7.8928056, 0.5418461, -0.6856186, 0.4550389, -0.17108329, 1599.6957, 1599.6957, 955.3923, 717.72375, , 
65825.929753916, 002852, 5.397405, -0.05313049, 7.893793, 0.54067004, -0.6847284, 0.45711368, -0.1728292, 1599.6957, 1599.6957, 955.39264, 717.72156, , 
65825.946422958, 002853, 5.4008007, -0.05346, 7.894751, 0.5389351, -0.6840468, 0.45941588, -0.17483145, 1599.6957, 1599.6957, 955.39343, 717.7199, , 
65825.963091875, 002854, 5.4041705, -0.053969905, 7.895852, 0.5366886, -0.6835196, 0.46198475, -0.17702058, 1599.6957, 1599.6957, 955.3945, 717.71954, , 
65825.996429875, 002855, 5.410579, -0.05531022, 7.898739, 0.53138477, -0.68250155, 0.46769965, -0.18187602, 1599.6957, 1599.6957, 955.39777, 717.71954, , 
65826.013098875, 002856, 5.4135084, -0.056195606, 7.900826, 0.5286969, -0.6816556, 0.47074968, -0.18498597, 1599.6957, 1599.6957, 955.3988, 717.7191, , 
65826.029767875, 002857, 5.416228, -0.057058375, 7.9032526, 0.52590954, -0.68064076, 0.47390938, -0.1885662, 1599.6957, 1599.6957, 955.39935, 717.7183, , 
65826.063105708, 002858, 5.4217625, -0.05891215, 7.9088387, 0.51839095, -0.67976195, 0.48077878, -0.19505438, 1599.6957, 1599.6957, 955.40265, 717.7196, , 
65826.07977475, 002859, 5.424692, -0.060010318, 7.9120045, 0.51347786, -0.68014127, 0.48457906, -0.19731075, 1599.2438, 1599.2438, 955.40643, 717.7225, , 
65826.09644375, 002860, 5.4274583, -0.061140887, 7.915497, 0.50798243, -0.68050086, 0.48891827, -0.19957818, 1599.2438, 1599.2438, 955.41296, 717.7266, , 
65826.129781541, 002861, 5.4309096, -0.06328358, 7.924045, -0.49604583, 0.68015116, -0.49887002, 0.20606227, 1599.6957, 1599.6957, 955.4231, 717.73096, , 
65826.146450583, 002862, 5.4323916, -0.06442389, 7.9287887, -0.48993146, 0.6793787, -0.5040595, 0.2105608, 1599.2438, 1599.2438, 955.4271, 717.7323, , 
65826.163119583, 002863, 5.433647, -0.065676466, 7.933859, -0.48382482, 0.6785187, -0.50900227, 0.21550547, 1599.2438, 1599.2438, 955.4316, 717.73413, , 
65826.196457375, 002864, 5.4359155, -0.068785116, 7.9447627, -0.4708836, 0.6774254, -0.518288, 0.22525743, 1599.2438, 1599.2438, 955.4383, 717.73895, , 
65826.213126375, 002865, 5.4367175, -0.07106242, 7.950427, -0.46405667, 0.6770894, -0.5228446, 0.22985823, 1599.6957, 1599.6957, 955.44403, 717.7432, , 
65826.229795458, 002866, 5.4374685, -0.07333491, 7.9562025, -0.45715603, 0.67662215, -0.52752864, 0.23431697, 1599.6957, 1599.6957, 955.44867, 717.7461, , 
65826.246464416, 002867, 5.4382267, -0.075330436, 7.9620814, -0.45029366, 0.67591405, -0.5323589, 0.23868375, 1599.2438, 1599.2438, 955.4534, 717.7483, , 
65826.27980225, 002868, 5.439313, -0.079095416, 7.9742765, -0.4359911, 0.6738597, -0.5427117, 0.2475657, 1594.2728, 1594.2728, 955.4654, 717.75134, , 
65828.313416291, 002959, 4.686501, -0.046039388, 8.167174, 0.10922974, 0.17861907, -0.69250333, 0.6903645, 1604.2147, 1604.2147, 955.3216, 717.68097, , 
65828.33008525, 002960, 4.684553, -0.045555204, 8.167867, 0.11271663, 0.17532627, -0.6920723, 0.69108003, 1604.2147, 1604.2147, 955.3216, 717.6809, , 
65828.363423083, 002961, 4.6807213, -0.044780012, 8.168484, -0.119199686, -0.1676143, 0.6910399, -0.69293636, 1602.4071, 1602.4071, 955.32056, 717.681, , 
65828.380092125, 002962, 4.678646, -0.044591438, 8.168513, -0.122102484, -0.1635015, 0.69023025, -0.6942193, 1602.4071, 1602.4071, 955.31964, 717.682, , 
65828.413430125, 002963, 4.6741743, -0.04498476, 8.168293, -0.12927653, -0.15557493, 0.68765557, -0.69729036, 1602.4071, 1602.4071, 955.3181, 717.6872, , 
65828.430098958, 002964, 4.6716905, -0.045456752, 8.1679, -0.13373013, -0.1514355, 0.6860077, -0.69898283, 1599.6957, 1599.6957, 955.318, 717.6901, , 
65828.463436958, 002965, 4.6658907, -0.046288226, 8.166085, -0.14344527, -0.14168002, 0.6823582, -0.7026645, 1599.6957, 1599.6957, 955.3174, 717.69763, , 
65828.480105958, 002966, 4.662679, -0.04676983, 8.164713, -0.14913541, -0.13608961, 0.6802961, -0.7045818, 1599.6957, 1599.6957, 955.3172, 717.701, , 
65828.513443791, 002967, 4.655882, -0.048186123, 8.160929, -0.16271815, -0.124025375, 0.67543054, -0.70847315, 1597.4362, 1597.4362, 955.3175, 717.70807, , 
65828.530112791, 002968, 4.652294, -0.049033973, 8.1584635, -0.1702548, -0.117466696, 0.6727846, -0.710335, 1597.8881, 1597.8881, 955.3181, 717.71277, , 
65828.56345075, 002969, 4.6441092, -0.05050251, 8.152371, -0.18689384, -0.102367565, 0.66703457, -0.71390224, 1595.6285, 1595.6285, 955.3189, 717.719, , 
65828.580119625, 002970, 4.6395564, -0.05131439, 8.148673, -0.1957339, -0.09390748, 0.6637464, -0.71575856, 1595.6285, 1595.6285, 955.3194, 717.7235, , 
65828.613457666, 002971, 4.63041, -0.05390905, 8.140011, -0.21319571, -0.07668469, 0.6564803, -0.71951413, 1595.6285, 1595.6285, 955.3198, 717.7316, , 
65828.630126583, 002972, 4.62586, -0.055585403, 8.135098, -0.22246419, -0.06801838, 0.6525913, -0.72111565, 1592.9171, 1592.9171, 955.3208, 717.73676, , 
65828.663464416, 002973, 4.61574, -0.058348868, 8.124557, -0.24305901, -0.049455043, 0.64417565, -0.7235429, 1592.9171, 1592.9171, 955.3229, 717.74316, , 
65828.6968025, 002974, 4.6054454, -0.061071955, 8.112641, -0.26390892, -0.02892848, 0.6351845, -0.72529715, 1588.3981, 1588.3981, 955.3246, 717.74945, , 
65828.7134715, 002975, 4.600636, -0.06280309, 8.106242, -0.27441663, -0.018349549, 0.63014805, -0.7261352, 1588.3981, 1588.3981, 955.3253, 717.7526, , 
65828.746809291, 002976, 4.5905256, -0.0662846, 8.093006, -0.29580098, 0.0021929247, 0.6188151, -0.727712, 1588.3981, 1588.3981, 955.32825, 717.7621, , 
65828.763478333, 002977, 4.585355, -0.06791772, 8.08626, -0.3063445, 0.011954154, 0.6129088, -0.7282534, 1596.9843, 1596.9843, 955.3301, 717.76624, , 
65828.796816125, 002978, 4.5753174, -0.07101601, 8.072225, -0.32687703, 0.031181091, 0.6010873, -0.72861046, 1597.4362, 1597.4362, 955.33435, 717.7747, , 
65828.813485125, 002979, 4.5713024, -0.072643116, 8.064507, -0.33668628, 0.041059356, 0.5954537, -0.7282797, 1597.4362, 1597.4362, 955.3359, 717.77747, , 
65828.830154125, 002980, 4.5670443, -0.07393449, 8.056834, -0.34625262, 0.05127163, 0.59007955, -0.72752076, 1597.4362, 1597.4362, 955.3369, 717.77924, , 
65828.863492166, 002981, 4.5584974, -0.0759265, 8.04159, -0.3639698, 0.07106372, 0.5797933, -0.7254762, 1596.9843, 1596.9843, 955.3381, 717.7817, , 
65828.880161, 002982, 4.554075, -0.07674149, 8.034098, -0.37214485, 0.07973491, 0.574504, -0.7246348, 1596.9843, 1596.9843, 955.3389, 717.7833, , 
65828.89683, 002983, 4.549573, -0.07742436, 8.026662, -0.37996864, 0.08743048, 0.56914055, -0.723919, 1596.9843, 1596.9843, 955.3409, 717.7862, , 
65828.930167958, 002984, 4.5411057, -0.078030646, 8.011774, -0.39401677, 0.10109558, 0.559835, -0.7218831, 1596.9843, 1596.9843, 955.34393, 717.7888, , 
65828.946836791, 002985, 4.5371304, -0.07784304, 8.004306, -0.40038037, 0.10783526, 0.55608475, -0.72030324, 1596.9843, 1596.9843, 955.34485, 717.7881, , 
65828.96350575, 002986, 4.5333037, -0.077410266, 7.996759, -0.40649402, 0.11480057, 0.55262136, -0.71846575, 1596.9843, 1596.9843, 955.34485, 717.78674, , 
65828.996843875, 002987, 4.525605, -0.07627665, 7.981435, -0.41774592, 0.12901603, 0.54540664, -0.7151047, 1596.9843, 1596.9843, 955.34424, 717.78516, , 
65829.013512875, 002988, 4.521496, -0.07564567, 7.973414, -0.4227096, 0.13587727, 0.5415235, -0.71386707, 1596.9843, 1596.9843, 955.34406, 717.78625, , 
65829.030181666, 002989, 4.5173345, -0.075023, 7.9654784, -0.42738858, 0.14257638, 0.53756505, -0.71276563, 1596.9843, 1596.9843, 955.34393, 717.78796, , 
65829.046850625, 002990, 4.513216, -0.07444003, 7.9578013, -0.431865, 0.14905445, 0.533636, -0.71169376, 1596.9843, 1596.9843, 955.34393, 717.79047, , 
65829.080188666, 002991, 4.505248, -0.07319299, 7.942642, -0.44054604, 0.16193925, 0.5262503, -0.7090525, 1596.9843, 1596.9843, 955.34357, 717.79346, , 
65829.096857458, 002992, 4.501476, -0.07242911, 7.935059, -0.4449238, 0.16861281, 0.5229925, -0.7071714, 1596.9843, 1596.9843, 955.3429, 717.79376, , 
65829.113526541, 002993, 4.49752, -0.072353676, 7.927593, -0.44911328, 0.17522493, 0.52001697, -0.70510703, 1596.9843, 1596.9843, 955.3415, 717.79297, , 
65829.130195458, 002994, 4.493634, -0.0718117, 7.9201107, -0.45294532, 0.1815582, 0.51721007, -0.70311517, 1596.9843, 1596.9843, 955.34033, 717.7924, , 
65829.1468645, 002995, 4.4896383, -0.071198806, 7.9126577, -0.45642558, 0.1873989, 0.5144931, -0.7013232, 1597.4362, 1597.4362, 955.33923, 717.7923, , 
65829.18020225, 002996, 4.481137, -0.07007573, 7.8979573, -0.46236405, 0.19722459, 0.50961465, -0.6982943, 1597.4362, 1597.4362, 955.33765, 717.79254, , 
65829.196871291, 002997, 4.4765987, -0.06943382, 7.8907723, -0.46477312, 0.20114018, 0.50772095, -0.6969562, 1597.4362, 1597.4362, 955.33704, 717.7924, , 
65829.21354025, 002998, 4.4718747, -0.06878934, 7.883638, -0.46678376, 0.2047241, 0.50630534, -0.69559747, 1597.4362, 1597.4362, 955.336, 717.7917, , 
65829.230209375, 002999, 4.467073, -0.067737736, 7.8765507, -0.46832758, 0.20830214, 0.50548685, -0.69409114, 1596.9843, 1596.9843, 955.3347, 717.7906, , 
65829.263547166, 003000, 4.4575953, -0.06399875, 7.862611, -0.47083464, 0.21608111, 0.5049897, -0.6903689, 1596.9843, 1596.9843, 955.3307, 717.7868, , 
65829.280216208, 003001, 4.452902, -0.061463885, 7.8558235, -0.47143894, 0.22002254, 0.5052885, -0.68849045, 1596.9843, 1596.9843, 955.3274, 717.784, , 
65829.296885208, 003002, 4.448267, -0.058465037, 7.849126, -0.47135356, 0.22414881, 0.5061372, -0.6865917, 1597.4362, 1597.4362, 955.3244, 717.7821, , 
65829.330223, 003003, 4.439231, -0.05159168, 7.8363094, -0.46958393, 0.2334536, 0.50963396, -0.6821023, 1597.4362, 1597.4362, 955.31555, 717.77673, , 
65829.346892041, 003004, 4.4351788, -0.047182802, 7.829908, -0.46838644, 0.23865055, 0.51223946, -0.6791693, 1597.4362, 1597.4362, 955.31116, 717.7731, , 
65829.363561, 003005, 4.4313974, -0.042286284, 7.8236136, -0.46707577, 0.24395192, 0.5154057, -0.6757844, 1596.9843, 1596.9843, 955.30646, 717.76825, , 
65829.396898833, 003006, 4.424229, -0.031570055, 7.8114014, -0.46389624, 0.254115, 0.5228847, -0.66844404, 1597.4362, 1597.4362, 955.2966, 717.754, , 
65829.413567833, 003007, 4.4205823, -0.025989518, 7.8057046, -0.461898, 0.25846815, 0.52692103, -0.66498023, 1597.4362, 1597.4362, 955.2931, 717.74774, , 
65829.446905833, 003008, 4.4133544, -0.014401574, 7.7947273, -0.45762426, 0.26569328, 0.535094, -0.6585298, 1597.4362, 1597.4362, 955.2868, 717.73334, , 
65829.463574791, 003009, 4.409839, -0.008464262, 7.789421, -0.4555028, 0.2688745, 0.5391061, -0.6554299, 1597.8881, 1597.8881, 955.285, 717.72705, , 
65829.480243625, 003010, 4.4063435, -0.00255239, 7.7842245, -0.45318872, 0.27188694, 0.54296505, -0.65259963, 1597.4362, 1597.4362, 955.2831, 717.71954, , 
65829.513581666, 003011, 4.3996882, 0.00887616, 7.774531, -0.44798085, 0.27838024, 0.5499288, -0.647608, 1597.4362, 1597.4362, 955.28125, 717.71106, , 
65829.530250708, 003012, 4.3965034, 0.014315408, 7.7700033, -0.4453299, 0.2819989, 0.55280405, -0.64541894, 1597.4362, 1597.4362, 955.28076, 717.7085, , 
65829.5635885, 003013, 4.389916, 0.024683878, 7.7608104, -0.44029325, 0.28965998, 0.5572082, -0.6416838, 1597.4362, 1597.4362, 955.28076, 717.706, , 
65829.5802575, 003014, 4.3865194, 0.029523775, 7.756483, -0.43770123, 0.29320404, 0.55920166, -0.6401114, 1597.8881, 1597.8881, 955.28125, 717.7058, , 
65829.6135955, 003015, 4.3799176, 0.03890761, 7.748139, -0.433335, 0.30002254, 0.56326896, -0.63634527, 1597.8881, 1597.8881, 955.2829, 717.704, , 
65829.630264333, 003016, 4.376748, 0.043605767, 7.744227, -0.43171662, 0.30319592, 0.56542003, -0.6340294, 1597.8881, 1597.8881, 955.28394, 717.70166, , 
65829.663602333, 003017, 4.370102, 0.053056322, 7.7373767, -0.42861235, 0.30852175, 0.5695176, -0.62988526, 1597.8881, 1597.8881, 955.28674, 717.69556, , 
65829.680271333, 003018, 4.366717, 0.05780693, 7.734118, -0.42707425, 0.31114393, 0.5712917, -0.62803096, 1597.8881, 1597.8881, 955.2881, 717.6937, , 
65829.713609125, 003019, 4.359856, 0.067171134, 7.727561, -0.4243546, 0.31641576, 0.574618, -0.62419415, 1597.8881, 1597.8881, 955.2916, 717.68945, , 
65829.730278125, 003020, 4.35645, 0.071657985, 7.7243037, -0.42359328, 0.319049, 0.5760708, -0.6220281, 1597.8881, 1597.8881, 955.2932, 717.6871, , 
65829.763616166, 003021, 4.34984, 0.079524264, 7.7182403, -0.42307705, 0.32417628, 0.5779803, -0.61794364, 1597.8881, 1597.8881, 955.2968, 717.6819, , 
65829.780285041, 003022, 4.3461766, 0.08266122, 7.715239, -0.422588, 0.3261743, 0.578429, -0.61680603, 1598.34, 1598.34, 955.298, 717.6812, , 
65829.813623, 003023, 4.337303, 0.086726524, 7.709323, -0.42043358, 0.32871458, 0.57812685, -0.6172128, 1597.8881, 1597.8881, 955.2996, 717.6861, , 
65829.846960791, 003024, 4.327133, 0.088220924, 7.7032733, -0.419794, 0.33019775, 0.57549894, -0.6193087, 1597.8881, 1597.8881, 955.2995, 717.6946, , 
65829.863629833, 003025, 4.321851, 0.08822467, 7.700154, -0.4207953, 0.3306176, 0.5733071, -0.6204372, 1597.8881, 1597.8881, 955.29834, 717.7002, , 
65829.896967791, 003026, 4.3108406, 0.086697474, 7.693773, -0.42385614, 0.33144593, 0.56833607, -0.6224818, 1597.8881, 1597.8881, 955.29614, 717.7081, , 
65829.913636625, 003027, 4.3050795, 0.08458418, 7.690899, -0.42524043, 0.33240515, 0.56592643, -0.6232213, 1597.8881, 1597.8881, 955.2951, 717.7135, , 
65829.946974625, 003028, 4.2927127, 0.07911025, 7.684608, -0.4288288, 0.33365467, 0.55981624, -0.6256086, 1597.8881, 1597.8881, 955.29333, 717.72296, , 
65829.980312708, 003029, 4.278366, 0.072255224, 7.6780787, -0.43362612, 0.33122322, 0.55176675, -0.6307242, 1597.8881, 1597.8881, 955.28937, 717.73694, , 
65829.996981458, 003030, 4.270829, 0.06832471, 7.6746707, -0.43604565, 0.32994372, 0.5475945, -0.63335747, 1597.8881, 1597.8881, 955.2879, 717.74335, , 
65830.030319541, 003031, 4.2566595, 0.05783862, 7.6691637, -0.44150516, 0.329289, 0.53878677, -0.6374565, 1597.8881, 1597.8881, 955.2859, 717.75806, , 
65830.0469885, 003032, 4.249246, 0.05287432, 7.665569, -0.44482034, 0.3296295, 0.53420764, -0.6388283, 1597.4362, 1597.4362, 955.28534, 717.7636, , 
65830.080326333, 003033, 4.2338495, 0.043077655, 7.6577244, -0.45265138, 0.3307107, 0.52444035, -0.6408584, 1597.8881, 1597.8881, 955.2846, 717.77484, , 
65830.096995333, 003034, 4.2259436, 0.038124323, 7.6535397, -0.456985, 0.33158314, 0.51917, -0.64162284, 1597.4362, 1597.4362, 955.2846, 717.7794, , 
65830.130333333, 003035, 4.2108545, 0.027089424, 7.6460023, -0.4660914, 0.33320162, 0.50842154, -0.6428399, 1597.8881, 1597.8881, 955.2852, 717.7892, , 
65830.147002166, 003036, 4.2028685, 0.02205047, 7.6418133, -0.4711045, 0.33401296, 0.5029247, -0.64308834, 1597.4362, 1597.4362, 955.28577, 717.7924, , 
65830.180340166, 003037, 4.186788, 0.012517124, 7.6327496, -0.48147798, 0.33618474, 0.49189362, -0.64280593, 1597.4362, 1597.4362, 955.28766, 717.7981, , 
65830.213677958, 003038, 4.1715794, 0.00276912, 7.623589, -0.4924036, 0.33964315, 0.48075226, -0.64113843, 1597.4362, 1597.4362, 955.2896, 717.8011, , 
65830.230347, 003039, 4.164394, -0.0020924248, 7.618881, -0.4982007, 0.3421527, 0.47490078, -0.6396849, 1597.4362, 1597.4362, 955.29126, 717.8022, , 
65830.263685041, 003040, 4.149868, -0.010267951, 7.6081276, 0.50943613, -0.3478312, -0.46327737, 0.636288, 1597.4362, 1597.4362, 955.2937, 717.8036, , 
65830.280354, 003041, 4.1426787, -0.013942242, 7.6023903, 0.5148396, -0.3506271, -0.457443, 0.63462347, 1596.9843, 1596.9843, 955.2951, 717.8043, , 
65832.330636166, 003133, 3.515366, -0.08262149, 6.672593, 0.6232199, -0.44980198, -0.2812856, 0.57458985, 1601.0514, 1601.0514, 955.3681, 717.8518, , 
65832.347305208, 003134, 3.5068011, -0.08275595, 6.6656885, 0.620928, -0.44878796, -0.28517687, 0.57594436, 1601.0514, 1601.0514, 955.3659, 717.85266, , 
65832.380643041, 003135, 3.4889085, -0.08222218, 6.652246, 0.61656165, -0.4462959, -0.29290318, 0.5786876, 1601.0514, 1601.0514, 955.36053, 717.85406, , 
65832.397312041, 003136, 3.4794781, -0.08151787, 6.645701, 0.61560684, -0.44420713, -0.29537064, 0.5800554, 1601.0514, 1601.0514, 955.3596, 717.8533, , 
65832.413980916, 003137, 3.4698875, -0.080714494, 6.639567, 0.61569345, -0.44137466, -0.29681182, 0.58138865, 1601.0514, 1601.0514, 955.36005, 717.8512, , 
65832.447318916, 003138, 3.4514856, -0.07821006, 6.627291, 0.61730075, -0.43619013, -0.29910368, 0.58242166, 1601.0514, 1601.0514, 955.36145, 717.84216, , 
65832.463987833, 003139, 3.4430256, -0.07665986, 6.621161, 0.6174768, -0.43497583, -0.3015636, 0.58187455, 1601.5033, 1601.5033, 955.36, 717.8375, , 
65832.497325875, 003140, 3.4265518, -0.07337723, 6.608524, 0.61486226, -0.43388447, -0.3087002, 0.5817155, 1601.0514, 1601.0514, 955.3531, 717.8318, , 
65832.513994875, 003141, 3.4176528, -0.07171253, 6.6017113, 0.6125777, -0.43303928, -0.31211582, 0.5829319, 1601.0514, 1601.0514, 955.3509, 717.8322, , 
65832.530663666, 003142, 3.4088428, -0.07006054, 6.595165, 0.6100659, -0.43153778, -0.31507885, 0.58508134, 1601.0514, 1601.0514, 955.34973, 717.8342, , 
65832.564001583, 003143, 3.3916504, -0.066464335, 6.583146, 0.60608333, -0.42757592, -0.32007256, 0.58940256, 1601.0514, 1601.0514, 955.34937, 717.83887, , 
65832.580670666, 003144, 3.3838763, -0.06441147, 6.57778, 0.6050531, -0.42654327, -0.3228541, 0.5896921, 1601.0514, 1601.0514, 955.3481, 717.8379, , 
65832.614008458, 003145, 3.3693874, -0.0610969, 6.567798, 0.6031845, -0.4266032, -0.32952425, 0.5878708, 1601.0514, 1601.0514, 955.341, 717.8309, , 
65832.6306775, 003146, 3.3622704, -0.059806354, 6.5629096, 0.60153025, -0.42675036, -0.3328204, 0.58760196, 1601.0514, 1601.0514, 955.3379, 717.8292, , 
65832.647346416, 003147, 3.354998, -0.058780562, 6.557971, 0.59935683, -0.4266153, -0.33562165, 0.5883272, 1601.0514, 1601.0514, 955.3352, 717.8302, , 
65832.680684291, 003148, 3.3399644, -0.057493474, 6.547994, 0.59509945, -0.42554426, -0.33889103, 0.59154165, 1601.0514, 1601.0514, 955.3343, 717.8361, , 
65832.69735325, 003149, 3.3323226, -0.05706582, 6.5431256, 0.5933655, -0.42454788, -0.3400123, 0.5933533, 1601.0514, 1601.0514, 955.3347, 717.8403, , 
65832.730691333, 003150, 3.316199, -0.056470603, 6.5337725, 0.5918823, -0.42182675, -0.34177062, 0.59576035, 1601.0514, 1601.0514, 955.33545, 717.84204, , 
65832.747360083, 003151, 3.3085752, -0.056135498, 6.5294595, 0.5923914, -0.4199497, -0.34213793, 0.5963693, 1601.0514, 1601.0514, 955.3361, 717.8396, , 
65832.764029125, 003152, 3.3009796, -0.055864215, 6.525259, 0.5936112, -0.41778025, -0.34190625, 0.5968129, 1601.0514, 1601.0514, 955.3373, 717.8367, , 
65832.797367125, 003153, 3.2860188, -0.055678632, 6.5168734, 0.59653175, -0.41402587, -0.3406065, 0.5972601, 1601.0514, 1601.0514, 955.3401, 717.83057, , 
65832.814036125, 003154, 3.2785883, -0.054813113, 6.512433, 0.59779733, -0.41295335, -0.33995873, 0.5971062, 1601.5033, 1601.5033, 955.3415, 717.8271, , 
65832.847373833, 003155, 3.2639563, -0.055013206, 6.5036373, 0.59987116, -0.41197753, -0.33866206, 0.5964371, 1601.0514, 1601.0514, 955.3428, 717.82324, , 
65832.864042958, 003156, 3.256505, -0.055544212, 6.4991193, 0.6006967, -0.41166642, -0.33799607, 0.59619874, 1601.0514, 1601.0514, 955.34357, 717.8214, , 
65832.880711958, 003157, 3.2488503, -0.056288935, 6.4944634, 0.60122985, -0.411277, -0.3374436, 0.59624296, 1601.0514, 1601.0514, 955.3441, 717.82074, , 
65832.914049708, 003158, 3.2323499, -0.05893873, 6.484931, 0.6012057, -0.4105175, -0.3371966, 0.5969301, 1601.0514, 1601.0514, 955.34534, 717.82104, , 
65832.93071875, 003159, 3.2239342, -0.06031564, 6.480097, 0.60096586, -0.41024417, -0.33753717, 0.597167, 1601.0514, 1601.0514, 955.3452, 717.8213, , 
65832.947387791, 003160, 3.2154584, -0.06160518, 6.4752684, 0.6010729, -0.4099829, -0.337694, 0.59715, 1601.0514, 1601.0514, 955.3452, 717.8209, , 
65832.980725541, 003161, 3.1981206, -0.06416788, 6.465798, 0.60243255, -0.40960515, -0.33720934, 0.5963125, 1601.0514, 1601.0514, 955.3454, 717.8176, , 
65832.997394583, 003162, 3.1892922, -0.06544061, 6.461158, 0.6032202, -0.4096547, -0.33705276, 0.5955701, 1601.0514, 1601.0514, 955.34534, 717.8156, , 
65833.0307325, 003163, 3.1707647, -0.06902734, 6.4517465, 0.6045858, -0.40988806, -0.33727708, 0.5938956, 1601.0514, 1601.0514, 955.3441, 717.8108, , 
65833.047401416, 003164, 3.161589, -0.07026445, 6.447291, 0.60521394, -0.40995812, -0.33764365, 0.5929985, 1601.0514, 1601.0514, 955.34357, 717.8085, , 
65833.064070416, 003165, 3.152548, -0.07123723, 6.4429026, 0.6061735, -0.4103779, -0.33798447, 0.59153205, 1601.0514, 1601.0514, 955.34265, 717.8054, , 
65833.097408333, 003166, 3.1346872, -0.072314635, 6.4339976, 0.6088253, -0.4129201, -0.338318, 0.5868302, 1601.5033, 1601.5033, 955.3388, 717.7958, , 
65833.114077333, 003167, 3.1264603, -0.073603325, 6.4297037, 0.6101727, -0.4138725, -0.33775547, 0.58508134, 1601.5033, 1601.5033, 955.33777, 717.79254, , 
65833.147415208, 003168, 3.1071386, -0.073938295, 6.4205227, 0.613753, -0.41411492, -0.33376926, 0.58345026, 1601.0514, 1601.0514, 955.33997, 717.7882, , 
65833.164084166, 003169, 3.097013, -0.073591396, 6.415896, 0.6160032, -0.41357464, -0.33101454, 0.58303124, 1601.0514, 1601.0514, 955.3423, 717.78656, , 
65833.180753166, 003170, 3.0868812, -0.07307878, 6.411232, 0.6183537, -0.4128394, -0.32808316, 0.58272094, 1601.0514, 1601.0514, 955.346, 717.78406, , 
65833.214091, 003171, 3.0668387, -0.07227186, 6.4016757, 0.6219522, -0.41076615, -0.32301167, 0.5831897, 1601.0514, 1601.0514, 955.35205, 717.7817, , 
65833.230760041, 003172, 3.0569928, -0.071825944, 6.3969564, 0.6231007, -0.40958562, -0.3209568, 0.58392805, 1601.0514, 1601.0514, 955.3551, 717.78143, , 
65833.247429041, 003173, 3.0474515, -0.071297295, 6.3922954, 0.62383425, -0.40884995, -0.3193492, 0.58454144, 1601.0514, 1601.0514, 955.35834, 717.782, , 
65833.280766791, 003174, 3.0297525, -0.070054926, 6.382945, 0.6244078, -0.41006947, -0.31738088, 0.5841467, 1601.0514, 1601.0514, 955.36, 717.7834, , 
65833.297435791, 003175, 3.0215738, -0.06936389, 6.3780875, 0.6246302, -0.41215467, -0.31644985, 0.5829452, 1601.0514, 1601.0514, 955.35876, 717.7845, , 
65833.314104875, 003176, 3.0139315, -0.069120206, 6.3726406, 0.6249507, -0.4147963, -0.31513652, 0.5814375, 1601.0514, 1601.0514, 955.3577, 717.7855, , 
65833.347442625, 003177, 2.9979851, -0.068335615, 6.361564, 0.62544185, -0.41939655, -0.3108308, 0.5799253, 1601.0514, 1601.0514, 955.3576, 717.79126, , 
65833.364111666, 003178, 2.9897125, -0.06808424, 6.3558216, 0.62537056, -0.42083138, -0.3083189, 0.5803035, 1601.0514, 1601.0514, 955.359, 717.79535, , 
65833.380780625, 003179, 2.9814522, -0.06788312, 6.3500257, 0.62517, -0.42190006, -0.3060984, 0.5809188, 1601.0514, 1601.0514, 955.3608, 717.7997, , 
65833.414118625, 003180, 2.9651806, -0.06791019, 6.3380837, 0.62486047, -0.42381385, -0.30316696, 0.5813958, 1601.0514, 1601.0514, 955.3632, 717.8067, , 
65833.4307875, 003181, 2.9571576, -0.06798558, 6.332293, 0.6249453, -0.42452854, -0.3020437, 0.58136773, 1601.0514, 1601.0514, 955.36365, 717.80835, , 
65833.447456458, 003182, 2.9490628, -0.06814933, 6.326595, 0.62529045, -0.42488912, -0.3006432, 0.58145916, 1601.0514, 1601.0514, 955.3646, 717.8096, , 
65833.480794416, 003183, 2.932409, -0.06909997, 6.31489, 0.62604135, -0.4248631, -0.2972622, 0.5824078, 1601.0514, 1601.0514, 955.36865, 717.8128, , 
65833.49746325, 003184, 2.9238896, -0.06990612, 6.308776, 0.6262919, -0.4247698, -0.29554257, 0.5830813, 1601.0514, 1601.0514, 955.37146, 717.8153, , 
65833.514132333, 003185, 2.915599, -0.071216375, 6.3022976, 0.626534, -0.42466998, -0.29382086, 0.5837636, 1600.5995, 1600.5995, 955.37354, 717.81726, , 
65833.547470291, 003186, 2.898197, -0.073569685, 6.2891984, 0.6271008, -0.42427567, -0.29068476, 0.5850103, 1601.0514, 1601.0514, 955.37787, 717.8207, , 
65833.564139166, 003187, 2.8894684, -0.07470415, 6.282504, 0.627477, -0.42430475, -0.2895426, 0.5851522, 1601.0514, 1601.0514, 955.3797, 717.8217, , 
65833.597477083, 003188, 2.872011, -0.076923475, 6.268873, 0.6279524, -0.42453378, -0.28862408, 0.5849299, 1601.0514, 1601.0514, 955.3807, 717.82184, , 
65833.614146041, 003189, 2.862802, -0.07866743, 6.2618737, 0.6279845, -0.42481935, -0.2888333, 0.58458483, 1601.0514, 1601.0514, 955.38007, 717.82117, , 
65833.630815125, 003190, 2.8538554, -0.07997886, 6.254847, 0.6278759, -0.42513812, -0.2894769, 0.58415115, 1601.0514, 1601.0514, 955.37915, 717.8205, , 
65833.664152833, 003191, 2.835921, -0.08230933, 6.240606, 0.6273157, -0.42576966, -0.2915867, 0.58324313, 1601.0514, 1601.0514, 955.3757, 717.8185, , 
65833.680821875, 003192, 2.826818, -0.08349528, 6.233343, 0.6266127, -0.42600727, -0.29308903, 0.5830723, 1600.5995, 1600.5995, 955.3739, 717.8182, , 
65833.714159875, 003193, 2.8092384, -0.08590655, 6.21827, 0.6246559, -0.42641723, -0.29694647, 0.5829204, 1601.0514, 1601.0514, 955.36993, 717.81805, , 
65833.730828708, 003194, 2.800284, -0.08689653, 6.2107706, 0.6237477, -0.42675328, -0.2990636, 0.58256453, 1606.0223, 1606.0223, 955.3668, 717.81726, , 
65833.747497708, 003195, 2.7909005, -0.087772615, 6.2032557, 0.62262946, -0.4268237, -0.30111367, 0.5826529, 1606.0223, 1606.0223, 955.3646, 717.81696, , 
65833.78083575, 003196, 2.770758, -0.089261934, 6.1882215, 0.6196071, -0.42459363, -0.30394286, 0.58602566, 1606.0223, 1606.0223, 955.36414, 717.8214, , 
65833.797504583, 003197, 2.760601, -0.0895222, 6.181094, 0.6187454, -0.42300463, -0.30490056, 0.5875856, 1603.7628, 1603.7628, 955.36505, 717.82306, , 
65833.8141735, 003198, 2.7516427, -0.090410665, 6.174029, 0.61880034, -0.42211607, -0.30590883, 0.5876427, 1603.7628, 1603.7628, 955.3652, 717.822, , 
65833.847511541, 003199, 2.733481, -0.08949517, 6.161068, 0.6193734, -0.42255706, -0.30865225, 0.5852828, 1603.7628, 1603.7628, 955.361, 717.8144, , 
65833.864180541, 003200, 2.7238984, -0.08883078, 6.154472, 0.6187343, -0.42258823, -0.30975682, 0.58535266, 1601.5033, 1601.5033, 955.3595, 717.8136, , 
65833.897518375, 003201, 2.7032108, -0.0874604, 6.1410437, 0.6173518, -0.41973808, -0.30931133, 0.5890868, 1601.5033, 1601.5033, 955.3625, 717.8185, , 
65833.914187375, 003202, 2.6928308, -0.08628542, 6.134739, 0.61731017, -0.41693616, -0.30820608, 0.5916937, 1601.5033, 1601.5033, 955.36633, 717.8208, , 
65833.930856375, 003203, 2.682549, -0.08507839, 6.1286874, 0.6178481, -0.4141949, -0.3072844, 0.5935341, 1599.2438, 1599.2438, 955.37134, 717.8212, , 
65833.964194125, 003204, 2.663527, -0.08233118, 6.1176596, 0.6189633, -0.41082916, -0.30850062, 0.59408015, 1599.2438, 1599.2438, 955.3734, 717.81647, , 
65833.980863166, 003205, 2.6547325, -0.08095941, 6.1125517, 0.6191436, -0.4102269, -0.31049392, 0.5932696, 1599.2438, 1599.2438, 955.3718, 717.8127, , 
65834.014201125, 003206, 2.6385124, -0.078451954, 6.103238, 0.6177919, -0.4093861, -0.31536892, 0.5926877, 1596.9843, 1596.9843, 955.3666, 717.8067, , 
65834.030869958, 003207, 2.629823, -0.077631906, 6.098404, 0.6162735, -0.4084884, -0.31778082, 0.5935988, 1596.9843, 1596.9843, 955.3649, 717.8067, , 
65834.047538958, 003208, 2.6205578, -0.077046454, 6.093382, 0.614665, -0.40707746, -0.31992507, 0.5950823, 1596.9843, 1596.9843, 955.364, 717.80804, , 
65834.080876958, 003209, 2.601321, -0.07606111, 6.083429, 0.61269164, -0.40307254, -0.32313955, 0.598099, 1594.2728, 1594.2728, 955.3645, 717.8089, , 
65834.09754575, 003210, 2.591579, -0.07556656, 6.078667, 0.6125882, -0.40073183, -0.3242491, 0.5991764, 1594.2728, 1594.2728, 955.36554, 717.8071, , 
65834.11421475, 003211, 2.5820713, -0.07604865, 6.0732284, 0.6129982, -0.39846128, -0.3249899, 0.59986943, 1594.2728, 1594.2728, 955.3666, 717.80475, , 
65834.147552791, 003212, 2.563111, -0.07568448, 6.064004, 0.6146814, -0.3951742, -0.32610252, 0.59971774, 1592.0132, 1592.0132, 955.3682, 717.7968, , 
65834.164221666, 003213, 2.553791, -0.07549415, 6.059629, 0.61538893, -0.39453825, -0.32679367, 0.59903413, 1592.0132, 1592.0132, 955.36786, 717.79346, , 
65834.180890625, 003214, 2.5444524, -0.07545659, 6.0552716, 0.61584395, -0.39434534, -0.3274341, 0.5983435, 1592.0132, 1592.0132, 955.3672, 717.7907, , 
65834.214228625, 003215, 2.5253003, -0.076594695, 6.0460215, 0.61652935, -0.39437935, -0.32791507, 0.59735096, 1587.4941, 1587.4941, 955.3661, 717.7869, , 
65834.230897625, 003216, 2.515522, -0.077319965, 6.04153, 0.61661404, -0.3944078, -0.32815182, 0.5971146, 1587.4941, 1587.4941, 955.3658, 717.78613, , 
65834.247566458, 003217, 2.505624, -0.07806085, 6.0371704, 0.616509, -0.39449492, -0.3285125, 0.5969672, 1587.4941, 1587.4941, 955.3653, 717.78564, , 
65834.280904416, 003218, 2.4853742, -0.07989357, 6.0285296, 0.6157882, -0.394719, -0.32965866, 0.5969312, 1600.1476, 1600.1476, 955.3639, 717.7855, , 
65834.297573375, 003219, 2.4750354, -0.081007935, 6.024223, 0.61525613, -0.394803, -0.33052352, 0.59694624, 1600.1476, 1600.1476, 955.3631, 717.7856, , 
65834.31424225, 003220, 2.4638586, -0.082777694, 6.01934, 0.6147558, -0.3948677, -0.33153802, 0.59685624, 1600.1476, 1600.1476, 955.3617, 717.7854, , 
65836.347854875, 003313, 1.2820897, -0.056694034, 5.450572, 0.58711445, -0.34282717, -0.39859787, 0.61553705, 1600.1476, 1600.1476, 955.3432, 717.7252, , 
65836.364523958, 003314, 1.272797, -0.05758635, 5.44593, 0.58445513, -0.34197557, -0.40161383, 0.61658025, 1600.1476, 1600.1476, 955.34045, 717.72687, , 
65836.381192916, 003315, 1.2634212, -0.058498517, 5.4412346, 0.5819878, -0.3408181, -0.40468174, 0.6175482, 1600.1476, 1600.1476, 955.3387, 717.7274, , 
65836.397861916, 003316, 1.2539545, -0.05940522, 5.436474, 0.57970387, -0.3394461, -0.4077785, 0.6184144, 1600.1476, 1600.1476, 955.33704, 717.72736, , 
65836.431199708, 003317, 1.2343109, -0.061397854, 5.4273043, 0.57592756, -0.3356836, -0.41402942, 0.61984164, 1600.5995, 1600.5995, 955.33417, 717.72485, , 
65836.44786875, 003318, 1.2246513, -0.062061083, 5.4226475, 0.5744, -0.3336144, -0.41708183, 0.6203297, 1600.5995, 1600.5995, 955.3332, 717.7226, , 
65836.464537666, 003319, 1.2148707, -0.06263569, 5.4179487, 0.5725337, -0.33115968, -0.42044455, 0.62109977, 1600.5995, 1600.5995, 955.33203, 717.71954, , 
65836.481206541, 003320, 1.2048846, -0.06320171, 5.413303, 0.5703932, -0.3277189, -0.42385584, 0.62257385, 1600.5995, 1600.5995, 955.3316, 717.7178, , 
65836.514544458, 003321, 1.1844674, -0.064289734, 5.4045773, 0.56659913, -0.31953347, -0.43088254, 0.6254631, 1600.5995, 1600.5995, 955.3323, 717.7122, , 
65836.5312135, 003322, 1.1749282, -0.064489685, 5.4004664, 0.5648572, -0.31619078, -0.43494686, 0.62592405, 1600.5995, 1600.5995, 955.33185, 717.70795, , 
65836.547882541, 003323, 1.1657375, -0.0645018, 5.3963947, 0.5629294, -0.31353116, -0.43911493, 0.62608856, 1600.1476, 1600.1476, 955.3307, 717.70355, , 
65836.564551333, 003324, 1.156435, -0.0643981, 5.3923445, 0.56071043, -0.31110665, -0.44310436, 0.62647825, 1600.1476, 1600.1476, 955.3289, 717.6989, , 
65836.581220291, 003325, 1.1466707, -0.064238556, 5.38836, 0.5582995, -0.30825463, -0.4464609, 0.6276571, 1600.1476, 1600.1476, 955.3281, 717.69727, , 
65836.597889333, 003326, 1.1362678, -0.06409685, 5.3845263, 0.5560679, -0.3042674, -0.4486261, 0.6300351, 1600.1476, 1600.1476, 955.32855, 717.6975, , 
65836.631227125, 003327, 1.114241, -0.063153625, 5.3776846, 0.5535349, -0.2931567, -0.45000228, 0.6365188, 1600.1476, 1600.1476, 955.33563, 717.7017, , 
65836.647896083, 003328, 1.1038239, -0.06274983, 5.374716, 0.5529931, -0.28768328, -0.45069683, 0.63899064, 1600.1476, 1600.1476, 955.3395, 717.70197, , 
65836.664565041, 003329, 1.0941304, -0.06230346, 5.371931, 0.5526444, -0.28308254, -0.45191926, 0.6404821, 1600.1476, 1600.1476, 955.3425, 717.7007, , 
65836.681234166, 003330, 1.0851626, -0.06182372, 5.369301, 0.5523167, -0.2794752, -0.4538148, 0.6410085, 1600.1476, 1600.1476, 955.3451, 717.6964, , 
65836.697903166, 003331, 1.0760896, -0.06165184, 5.366252, 0.5516481, -0.27667916, -0.45632684, 0.64101404, 1600.1476, 1600.1476, 955.34564, 717.6924, , 
65836.714571916, 003332, 1.0671417, -0.06166983, 5.363239, 0.5503977, -0.2741999, -0.45905048, 0.6412093, 1600.1476, 1600.1476, 955.3455, 717.68884, , 
65836.74791, 003333, 1.0493884, -0.062066138, 5.3581624, 0.54595965, -0.2682215, -0.46384466, 0.64407563, 1600.1476, 1600.1476, 955.3455, 717.6875, , 
65836.764578916, 003334, 1.0401678, -0.062413637, 5.355891, 0.54335713, -0.2644557, -0.4658882, 0.64635473, 1600.1476, 1600.1476, 955.34625, 717.6891, , 
65836.781247708, 003335, 1.0307852, -0.062749125, 5.353836, 0.5408761, -0.26023948, -0.46791902, 0.64867574, 1600.1476, 1600.1476, 955.3478, 717.6912, , 
65836.797916791, 003336, 1.0213449, -0.06302147, 5.352057, 0.53879124, -0.25565526, -0.46996257, 0.65075314, 1600.1476, 1600.1476, 955.34924, 717.6919, , 
65836.81458575, 003337, 1.0133841, -0.06385055, 5.3511972, 0.5372782, -0.25100893, -0.47208512, 0.65227485, 1600.1476, 1600.1476, 955.35126, 717.6912, , 
65836.83125475, 003338, 1.0046281, -0.064236164, 5.350099, 0.5362687, -0.24655944, -0.47405106, 0.6533758, 1600.1476, 1600.1476, 955.3539, 717.68866, , 
65836.84792375, 003339, 0.995698, -0.064519264, 5.3489866, 0.535572, -0.24247803, -0.47582367, 0.65418553, 1600.1476, 1600.1476, 955.356, 717.68616, , 
65836.8645925, 003340, 0.98676455, -0.064855866, 5.347867, 0.534784, -0.23902172, -0.4774833, 0.6548925, 1600.1476, 1600.1476, 955.3577, 717.68384, , 
65836.897930458, 003341, 0.9688004, -0.06599029, 5.345608, 0.53233176, -0.2340206, -0.47996864, 0.656877, 1600.1476, 1600.1476, 955.36, 717.683, , 
65836.914599541, 003342, 0.9592403, -0.06723016, 5.3434134, 0.5307591, -0.23247616, -0.48066556, 0.65818703, 1600.1476, 1600.1476, 955.3603, 717.6848, , 
65836.931268375, 003343, 0.950032, -0.06825499, 5.3419633, 0.52914166, -0.2314576, -0.4812614, 0.65941197, 1600.1476, 1600.1476, 955.36017, 717.68726, , 
65836.947937291, 003344, 0.9409158, -0.06921197, 5.340883, 0.52760106, -0.2306966, -0.48196217, 0.6604004, 1600.1476, 1600.1476, 955.3596, 717.6902, , 
65836.964606333, 003345, 0.9317721, -0.07015644, 5.340052, 0.52619517, -0.22998121, -0.4828037, 0.66115636, 1600.1476, 1600.1476, 955.35913, 717.69165, , 
65836.981275333, 003346, 0.9225, -0.07113381, 5.339423, 0.5248271, -0.22913508, -0.4837352, 0.6618564, 1600.1476, 1600.1476, 955.3586, 717.69275, , 
65836.997944166, 003347, 0.9130252, -0.072154716, 5.3390303, 0.5232212, -0.22792567, -0.48487568, 0.66271037, 1600.1476, 1600.1476, 955.358, 717.6941, , 
65837.014613166, 003348, 0.90160996, -0.074278146, 5.3370566, 0.5211518, -0.22644441, -0.48636678, 0.66375536, 1600.1476, 1600.1476, 955.35754, 717.6953, , 
65837.031282166, 003349, 0.89127773, -0.07566092, 5.3365293, 0.51880884, -0.22481291, -0.48815346, 0.6648329, 1600.1476, 1600.1476, 955.3568, 717.69653, , 
65837.064620083, 003350, 0.8712213, -0.077664554, 5.3371, 0.5136099, -0.22144113, -0.49242383, 0.666849, 1600.1476, 1600.1476, 955.3544, 717.6988, , 
65837.081288916, 003351, 0.8611402, -0.07846179, 5.3378415, 0.510881, -0.21968329, -0.49458084, 0.6679295, 1600.1476, 1600.1476, 955.3532, 717.69977, , 
65837.097957916, 003352, 0.8510181, -0.07913696, 5.3387966, 0.5082847, -0.21791354, -0.49650487, 0.66906154, 1600.1476, 1600.1476, 955.3522, 717.701, , 
65837.114626916, 003353, 0.83774906, -0.07991388, 5.3379765, 0.5058748, -0.21651183, -0.49834213, 0.6699765, 1600.1476, 1600.1476, 955.351, 717.7025, , 
65837.131295875, 003354, 0.8266958, -0.08023037, 5.338527, 0.5036466, -0.2156776, -0.500209, 0.6705327, 1600.5995, 1600.5995, 955.34973, 717.70306, , 
65837.147964916, 003355, 0.81619585, -0.080255665, 5.3396206, 0.5015079, -0.21502995, -0.50193954, 0.6710505, 1600.1476, 1600.1476, 955.3481, 717.7035, , 
65837.164633708, 003356, 0.80559427, -0.0801081, 5.3410783, -0.49952644, 0.21374361, 0.50315726, -0.6720267, 1600.1476, 1600.1476, 955.3469, 717.705, , 
65837.181302708, 003357, 0.7948154, -0.07975938, 5.342844, -0.49785927, 0.21164297, 0.50393665, -0.67334336, 1600.1476, 1600.1476, 955.34717, 717.707, , 
65837.197971708, 003358, 0.7840606, -0.07911871, 5.3448524, -0.49647072, 0.20913516, 0.5047632, -0.674532, 1600.1476, 1600.1476, 955.3481, 717.7084, , 
65837.214640708, 003359, 0.7691326, -0.07867475, 5.345202, -0.495267, 0.20666063, 0.5058414, -0.6753714, 1600.1476, 1600.1476, 955.3491, 717.7087, , 
65837.231309458, 003360, 0.75725067, -0.07756737, 5.346886, -0.4941379, 0.20424524, 0.5071852, -0.67592514, 1600.1476, 1600.1476, 955.34985, 717.70795, , 
65837.2479785, 003361, 0.74630195, -0.07616888, 5.3490796, -0.49291077, 0.2015293, 0.5084893, -0.6766561, 1600.1476, 1600.1476, 955.3505, 717.70715, , 
65837.2813165, 003362, 0.72528046, -0.07303462, 5.3540974, -0.49029237, 0.19483808, 0.51073605, -0.6788226, 1600.1476, 1600.1476, 955.3537, 717.7073, , 
65837.297985333, 003363, 0.7153232, -0.071331896, 5.3567, -0.48913106, 0.19156958, 0.5121593, -0.6795181, 1600.1476, 1600.1476, 955.3551, 717.7066, , 
65837.314654333, 003364, 0.70322895, -0.069539696, 5.3583403, -0.4879941, 0.18918984, 0.5140557, -0.67957014, 1600.1476, 1600.1476, 955.3558, 717.70386, , 
65837.331323333, 003365, 0.6933965, -0.06780805, 5.3602376, -0.48672286, 0.18794516, 0.5163948, -0.6790537, 1600.1476, 1600.1476, 955.355, 717.7007, , 
65837.34799225, 003366, 0.6844123, -0.066249356, 5.3619742, -0.48513207, 0.18763977, 0.51885915, -0.6783977, 1600.1476, 1600.1476, 955.3531, 717.6976, , 
65837.364661333, 003367, 0.67565805, -0.06493678, 5.3635073, -0.48302847, 0.18777953, 0.52121276, -0.6780559, 1600.5995, 1600.5995, 955.35077, 717.6955, , 
65837.381330083, 003368, 0.666837, -0.063895546, 5.364868, -0.4804333, 0.18804684, 0.5232439, -0.67826104, 1600.1476, 1600.1476, 955.3473, 717.6952, , 
65837.397999125, 003369, 0.6577751, -0.063144065, 5.3661103, -0.47756204, 0.18806404, 0.52470326, -0.679156, 1600.1476, 1600.1476, 955.34485, 717.69714, , 
65837.414668166, 003370, 0.64607376, -0.06294752, 5.3667364, -0.4747842, 0.18759878, 0.525388, -0.6807012, 1600.1476, 1600.1476, 955.3432, 717.7008, , 
65837.431337041, 003371, 0.6357828, -0.0627311, 5.3678026, -0.47247216, 0.18658291, 0.5255279, -0.6824788, 1600.1476, 1600.1476, 955.3424, 717.707, , 
65837.448005875, 003372, 0.62598544, -0.06255702, 5.369103, -0.47081608, 0.18515427, 0.5253508, -0.6841467, 1600.1476, 1600.1476, 955.3428, 717.7111, , 
65837.464674958, 003373, 0.61644715, -0.062439498, 5.3706026, -0.46986124, 0.18326683, 0.5250037, -0.6855764, 1600.1476, 1600.1476, 955.3437, 717.7144, , 
65837.481343875, 003374, 0.6071169, -0.062395353, 5.3722796, -0.46940342, 0.18084458, 0.5246757, -0.68678313, 1600.1476, 1600.1476, 955.346, 717.7172, , 
65837.498012875, 003375, 0.5979725, -0.062480908, 5.374089, -0.46898994, 0.17787567, 0.5245812, -0.6879122, 1600.1476, 1600.1476, 955.3482, 717.71844, , 
65837.514681875, 003376, 0.5872073, -0.06322755, 5.37626, -0.46829516, 0.17431282, 0.52486646, -0.689079, 1600.1476, 1600.1476, 955.3505, 717.71936, , 
65837.531350708, 003377, 0.5777738, -0.06386143, 5.378229, -0.46713293, 0.17049082, 0.52555764, -0.69029623, 1600.1476, 1600.1476, 955.35345, 717.7203, , 
65837.548019666, 003378, 0.56881726, -0.06459281, 5.380103, -0.46540952, 0.16656677, 0.5266553, -0.69158053, 1600.1476, 1600.1476, 955.35516, 717.721, , 
65837.564688625, 003379, 0.560068, -0.06545, 5.3819346, -0.46320128, 0.16276658, 0.5280835, -0.69287765, 1600.1476, 1600.1476, 955.35657, 717.7219, , 
65837.581357708, 003380, 0.5514277, -0.06642523, 5.3837337, -0.46062997, 0.15924782, 0.52973026, -0.69415134, 1600.1476, 1600.1476, 955.35754, 717.72327, , 
65837.5980265, 003381, 0.5428238, -0.06751418, 5.3855457, -0.457799, 0.15590079, 0.53146195, -0.69545895, 1600.1476, 1600.1476, 955.3577, 717.7246, , 
65837.614695541, 003382, 0.53388196, -0.06890508, 5.3878083, -0.4547345, 0.15267675, 0.5331623, -0.6968819, 1600.1476, 1600.1476, 955.35785, 717.7263, , 
65837.6313645, 003383, 0.52508134, -0.07026033, 5.389893, -0.45140123, 0.14939967, 0.5348524, -0.69846225, 1600.1476, 1600.1476, 955.358, 717.7294, , 
65837.648033541, 003384, 0.5163096, -0.07162638, 5.3919563, -0.44795287, 0.14635262, 0.53654814, -0.70002526, 1600.1476, 1600.1476, 955.3577, 717.73193, , 
65837.664702458, 003385, 0.5075378, -0.072964296, 5.3941264, -0.4443437, 0.14348364, 0.53846496, -0.70144606, 1600.1476, 1600.1476, 955.3572, 717.73425, , 
65837.68137125, 003386, 0.49875766, -0.07426839, 5.3964853, -0.4406197, 0.14058098, 0.5406505, -0.7027008, 1600.1476, 1600.1476, 955.3563, 717.73615, , 
65837.698040333, 003387, 0.48995063, -0.075558886, 5.3990436, -0.4368863, 0.13746428, 0.5430697, -0.70378196, 1600.1476, 1600.1476, 955.3551, 717.7377, , 
65837.714709333, 003388, 0.48102993, -0.077006675, 5.4017925, -0.43315575, 0.13398518, 0.5457252, -0.7047043, 1600.1476, 1600.1476, 955.3544, 717.7381, , 
65837.731378333, 003389, 0.4720834, -0.07832266, 5.4047813, -0.42938367, 0.12997076, 0.5486033, -0.70552933, 1600.1476, 1600.1476, 955.3538, 717.7379, , 
65837.748047083, 003390, 0.4631387, -0.07954913, 5.4079885, -0.42527705, 0.12545654, 0.55184525, -0.70630515, 1600.1476, 1600.1476, 955.3531, 717.7369, , 
65837.764716125, 003391, 0.4543032, -0.080658875, 5.411282, -0.4209604, 0.120948344, 0.555425, -0.7068713, 1600.1476, 1600.1476, 955.3524, 717.73553, , 
65837.798054083, 003392, 0.43702805, -0.08254753, 5.418081, -0.41211823, 0.11208378, 0.5631065, -0.7074651, 1600.1476, 1600.1476, 955.34985, 717.7304, , 
65837.814723083, 003393, 0.4281749, -0.083159365, 5.4217796, -0.4075113, 0.10772301, 0.56706166, -0.70765203, 1600.5995, 1600.5995, 955.3487, 717.7279, , 
65837.831391916, 003394, 0.4194609, -0.08367595, 5.4253554, -0.4024261, 0.1034207, 0.57132703, -0.7077732, 1600.1476, 1600.1476, 955.34705, 717.7252, , 
65837.848060916, 003395, 0.41057265, -0.08410991, 5.4290805, -0.3968271, 0.098279275, 0.57564497, -0.70816827, 1600.1476, 1600.1476, 955.3454, 717.7228, , 
65837.864729833, 003396, 0.40144295, -0.08450333, 5.4330735, -0.39127997, 0.09165669, 0.5795216, -0.70898074, 1600.1476, 1600.1476, 955.34485, 717.72095, , 
65837.881398916, 003397, 0.39230734, -0.08474005, 5.437225, -0.38640034, 0.08423669, 0.58305424, -0.70968074, 1600.1476, 1600.1476, 955.3459, 717.7197, , 
65837.898067708, 003398, 0.38343406, -0.08466624, 5.4413204, -0.38230547, 0.07727699, 0.5865858, -0.7097801, 1600.1476, 1600.1476, 955.34717, 717.71735, , 
65837.914736666, 003399, 0.3746007, -0.08460489, 5.4448614, -0.3787715, 0.0713065, 0.5901984, -0.7093048, 1600.5995, 1600.5995, 955.3486, 717.7119, , 
65837.931405583, 003400, 0.36600614, -0.084050454, 5.448649, -0.37567657, 0.065737255, 0.5936412, -0.70861536, 1600.1476, 1600.1476, 955.3495, 717.70715, , 
65837.948074708, 003401, 0.35733593, -0.083304465, 5.452662, -0.37293184, 0.05971608, 0.59656835, -0.7081398, 1600.1476, 1600.1476, 955.351, 717.7028, , 
65837.964743666, 003402, 0.3484465, -0.08255695, 5.4569845, -0.37070218, 0.052422337, 0.59867495, -0.7081103, 1600.1476, 1600.1476, 955.3551, 717.69916, , 
65837.998081541, 003403, 0.33052734, -0.081190966, 5.4663787, -0.36717442, 0.03386964, 0.6011768, -0.7089586, 1599.6957, 1599.6957, 955.36694, 717.69775, , 
65838.014750375, 003404, 0.32168055, -0.08123787, 5.471278, -0.36522567, 0.025191354, 0.6027749, -0.7089697, 1600.1476, 1600.1476, 955.37506, 717.6963, , 
65838.031419458, 003405, 0.3138518, -0.08050647, 5.4752493, -0.36281967, 0.018429296, 0.6052577, -0.7082976, 1600.1476, 1600.1476, 955.379, 717.69324, , 
65838.048088291, 003406, 0.30674377, -0.07947525, 5.4784884, -0.35995138, 0.0136709865, 0.60843277, -0.7071475, 1600.1476, 1600.1476, 955.3807, 717.68884, , 
65838.064757291, 003407, 0.30006266, -0.07844109, 5.4812613, -0.35659763, 0.010171006, 0.61190635, -0.7059074, 1600.1476, 1600.1476, 955.3803, 717.6821, , 
65838.098095291, 003408, 0.2868992, -0.07700905, 5.4863815, -0.34849775, 0.0039419294, 0.61824197, -0.70449317, 1600.1476, 1600.1476, 955.37775, 717.6752, , 
65838.11476425, 003409, 0.27875382, -0.07675704, 5.4894075, -0.3438056, 0.0008235952, 0.620726, -0.704625, 1600.1476, 1600.1476, 955.3761, 717.67413, , 
65838.131433083, 003410, 0.27132457, -0.07661814, 5.492399, -0.3388345, -0.0027722188, 0.622893, -0.7051155, 1600.1476, 1600.1476, 955.37415, 717.6749, , 
65838.148102083, 003411, 0.26408213, -0.07654928, 5.4956317, -0.3338683, -0.0069048526, 0.6248117, -0.7057583, 1600.1476, 1600.1476, 955.3731, 717.6765, , 
65838.164771041, 003412, 0.2569245, -0.0765073, 5.499205, -0.32920685, -0.011584523, 0.626526, -0.7063666, 1600.1476, 1600.1476, 955.37274, 717.67834, , 
65838.181440041, 003413, 0.24991648, -0.07643261, 5.5031095, -0.32542977, -0.01662139, 0.62803775, -0.70667374, 1600.1476, 1600.1476, 955.37366, 717.68005, , 
65838.214777791, 003414, 0.23613654, -0.07565698, 5.5113754, -0.32133797, -0.02602962, 0.6306863, -0.7059032, 1600.1476, 1600.1476, 955.3781, 717.6787, , 
65838.231446833, 003415, 0.2297649, -0.075252794, 5.5155773, -0.32015598, -0.029826973, 0.6319582, -0.705152, 1600.1476, 1600.1476, 955.38135, 717.6759, , 
65838.248115833, 003416, 0.22373049, -0.07495992, 5.5198207, -0.31880435, -0.03309147, 0.6331604, -0.7045401, 1600.1476, 1600.1476, 955.3832, 717.6741, , 
65838.264784833, 003417, 0.217901, -0.07474945, 5.524064, -0.31721354, -0.03577903, 0.63425636, -0.70414084, 1600.1476, 1600.1476, 955.3844, 717.67285, , 
65838.281453666, 003418, 0.21222587, -0.074589655, 5.528262, -0.31557572, -0.037734658, 0.63525844, -0.70387137, 1600.1476, 1600.1476, 955.38495, 717.672, , 
65838.314791625, 003419, 0.19979648, -0.074759565, 5.537244, -0.3120823, -0.03984278, 0.63701785, -0.70372254, 1600.1476, 1600.1476, 955.38367, 717.6708, , 
65838.331460625, 003420, 0.19365852, -0.074943736, 5.5417833, -0.31009558, -0.04058754, 0.6376715, -0.70396626, 1600.1476, 1600.1476, 955.3825, 717.6712, , 
65840.365072625, 003514, -0.45254475, -0.08090969, 6.4458356, -0.24391772, -0.09888455, 0.66598266, -0.6979922, 1600.1476, 1600.1476, 955.37335, 717.6632, , 
65840.381741583, 003515, -0.45656037, -0.07997388, 6.4550653, -0.24455333, -0.09897437, 0.6655057, -0.6982119, 1600.1476, 1600.1476, 955.3744, 717.6644, , 
65840.398410541, 003516, -0.46050537, -0.0789555, 6.4639397, -0.24510172, -0.09824792, 0.6651809, -0.69843173, 1600.1476, 1600.1476, 955.3744, 717.66486, , 
65840.415079625, 003517, -0.46704137, -0.07843078, 6.474815, -0.2456938, -0.096794605, 0.6648358, -0.69875515, 1600.1476, 1600.1476, 955.37366, 717.66504, , 
65840.448417416, 003518, -0.47621185, -0.07657412, 6.492139, -0.24635066, -0.0926384, 0.664159, -0.69973016, 1600.1476, 1600.1476, 955.3703, 717.66614, , 
65840.465086375, 003519, -0.4805205, -0.07560815, 6.500228, -0.24634035, -0.09050676, 0.6637498, -0.7004007, 1600.1476, 1600.1476, 955.3682, 717.6672, , 
65840.481755375, 003520, -0.484927, -0.07471503, 6.5083604, -0.24635923, -0.08894718, 0.6631649, -0.70114756, 1600.1476, 1600.1476, 955.3666, 717.6687, , 
65840.515093208, 003521, -0.4949133, -0.07365166, 6.524945, -0.24728402, -0.08795316, 0.66171134, -0.7023197, 1600.1476, 1600.1476, 955.36566, 717.6731, , 
65840.531762083, 003522, -0.49958622, -0.07304518, 6.5332894, -0.24827908, -0.087911695, 0.6611736, -0.70248026, 1600.1476, 1600.1476, 955.36633, 717.674, , 
65840.548431166, 003523, -0.5041219, -0.07242313, 6.541553, -0.24949361, -0.08773793, 0.66093314, -0.7022979, 1599.6957, 1599.6957, 955.3675, 717.67365, , 
65840.581768958, 003524, -0.5132315, -0.07151231, 6.558029, -0.25164068, -0.0878881, 0.660971, -0.70147705, 1600.1476, 1600.1476, 955.3695, 717.6711, , 
65840.598437916, 003525, -0.5179563, -0.07138689, 6.5664473, -0.25239187, -0.08897277, 0.6609562, -0.70108426, 1600.1476, 1600.1476, 955.37146, 717.6698, , 
65840.615106916, 003526, -0.52220297, -0.071892485, 6.5737185, -0.25297517, -0.090910524, 0.66080874, -0.70076436, 1600.1476, 1600.1476, 955.37366, 717.6695, , 
65840.631775916, 003527, -0.5270036, -0.072369166, 6.58192, -0.25364742, -0.09318125, 0.6606339, -0.7003878, 1600.1476, 1600.1476, 955.3762, 717.66943, , 
65840.665113708, 003528, -0.53718865, -0.07352306, 6.598657, -0.2548339, -0.09674056, 0.6605369, -0.6995656, 1600.1476, 1600.1476, 955.38196, 717.66833, , 
65840.681782666, 003529, -0.5424893, -0.07425056, 6.6069183, -0.25486737, -0.097849935, 0.6604865, -0.6994467, 1600.1476, 1600.1476, 955.3833, 717.6683, , 
65840.69845175, 003530, -0.5469602, -0.0751174, 6.6135693, -0.25457492, -0.09856853, 0.660328, -0.6996019, 1600.1476, 1600.1476, 955.38403, 717.6691, , 
65840.7317895, 003531, -0.5572242, -0.07704328, 6.628171, -0.2537288, -0.09959926, 0.65952045, -0.70052445, 1600.1476, 1600.1476, 955.3844, 717.6724, , 
65840.748458458, 003532, -0.56306934, -0.07799872, 6.6363773, -0.2532705, -0.099962205, 0.65913206, -0.7010039, 1600.1476, 1600.1476, 955.3843, 717.67487, , 
65840.765127458, 003533, -0.56901747, -0.078906424, 6.644743, -0.25276378, -0.10018555, 0.65898585, -0.70129234, 1600.1476, 1600.1476, 955.38403, 717.676, , 
65840.7984655, 003534, -0.58099186, -0.08043005, 6.661475, -0.2514165, -0.099332854, 0.6597729, -0.701158, 1600.1476, 1600.1476, 955.3824, 717.67554, , 
65840.815134291, 003535, -0.5855963, -0.08100269, 6.667703, -0.2502731, -0.098472856, 0.660568, -0.7009397, 1600.1476, 1600.1476, 955.38007, 717.67365, , 
65840.83180325, 003536, -0.59131956, -0.0816364, 6.6754494, -0.24877727, -0.0977189, 0.66145366, -0.7007424, 1600.1476, 1600.1476, 955.378, 717.67224, , 
65840.84847225, 003537, -0.5974601, -0.0822905, 6.6837773, -0.24697809, -0.09721691, 0.66243887, -0.7005181, 1600.1476, 1600.1476, 955.37585, 717.671, , 
65840.881810041, 003538, -0.6101915, -0.0834309, 6.7011, -0.24263182, -0.096747644, 0.6649198, -0.6997509, 1600.1476, 1600.1476, 955.3711, 717.66724, , 
65840.898479041, 003539, -0.6161119, -0.08396206, 6.7091784, -0.23998058, -0.096660025, 0.66629326, -0.69937074, 1600.1476, 1600.1476, 955.36865, 717.66534, , 
65840.915148, 003540, -0.6222484, -0.08441104, 6.717757, -0.23728478, -0.09776367, 0.66735446, -0.69912535, 1600.1476, 1600.1476, 955.36646, 717.6641, , 
65840.948486, 003541, -0.63552916, -0.084618755, 6.7370615, -0.23377645, -0.10307348, 0.6687487, -0.69821167, 1599.6957, 1599.6957, 955.36774, 717.6639, , 
65840.965154875, 003542, -0.6418893, -0.084233195, 6.746607, -0.23289052, -0.105113916, 0.66993034, -0.6970699, 1599.6957, 1599.6957, 955.3695, 717.6607, , 
65840.981823791, 003543, -0.6479702, -0.0835432, 6.7557387, -0.23202209, -0.10598319, 0.6715607, -0.6956577, 1599.6957, 1599.6957, 955.36993, 717.6564, , 
65841.015161708, 003544, -0.6583741, -0.08174268, 6.771016, -0.22934407, -0.105755255, 0.6747078, -0.69353193, 1600.1476, 1600.1476, 955.36786, 717.64703, , 
65841.031830625, 003545, -0.664061, -0.08082736, 6.779138, -0.22779272, -0.10606289, 0.6754386, -0.69328487, 1600.1476, 1600.1476, 955.3668, 717.6458, , 
65841.048499625, 003546, -0.6702584, -0.07996001, 6.787979, -0.2265168, -0.10730045, 0.67536956, -0.69357955, 1600.1476, 1600.1476, 955.36646, 717.6467, , 
65841.081837583, 003547, -0.6827317, -0.078103244, 6.806101, -0.22485413, -0.11123081, 0.6744167, -0.6944282, 1600.1476, 1600.1476, 955.36847, 717.6526, , 
65841.098506583, 003548, -0.6874056, -0.07682556, 6.813036, -0.22395198, -0.11233166, 0.6746331, -0.6943323, 1600.1476, 1600.1476, 955.3689, 717.65326, , 
65841.115175416, 003549, -0.69179285, -0.07544176, 6.8196945, -0.2225941, -0.11278687, 0.6754838, -0.69386786, 1600.1476, 1600.1476, 955.36847, 717.6523, , 
65841.131844416, 003550, -0.696568, -0.07412939, 6.82717, -0.22083436, -0.11316735, 0.67673117, -0.6931524, 1600.1476, 1600.1476, 955.3672, 717.6493, , 
65841.165182375, 003551, -0.70605356, -0.07194389, 6.842794, -0.21665111, -0.11449078, 0.67962396, -0.6914228, 1600.1476, 1600.1476, 955.3654, 717.6438, , 
65841.181851125, 003552, -0.7107801, -0.071130835, 6.8508263, -0.2143192, -0.11538649, 0.68099606, -0.6906501, 1600.1476, 1600.1476, 955.36414, 717.6405, , 
65841.198520166, 003553, -0.71558136, -0.07053645, 6.8591585, -0.21199164, -0.116744086, 0.6820814, -0.69006914, 1600.1476, 1600.1476, 955.36346, 717.6389, , 
65841.231858125, 003554, -0.72215533, -0.06944324, 6.8728666, -0.20873088, -0.12141466, 0.6832229, -0.68912727, 1600.1476, 1600.1476, 955.3644, 717.63806, , 
65841.248527, 003555, -0.7266921, -0.06920273, 6.8818254, -0.20790352, -0.12426454, 0.6835466, -0.68854815, 1600.1476, 1600.1476, 955.3667, 717.6378, , 
65841.265195875, 003556, -0.73125315, -0.06901915, 6.8910604, -0.20745982, -0.12694165, 0.6838396, -0.6879024, 1600.1476, 1600.1476, 955.36865, 717.63745, , 
65841.281864916, 003557, -0.7357147, -0.068871774, 6.900319, -0.20744503, -0.12912302, 0.68409294, -0.6872485, 1599.6957, 1599.6957, 955.3708, 717.6367, , 
65841.315202916, 003558, -0.74221975, -0.068186924, 6.9157662, -0.20826563, -0.13192013, 0.6842529, -0.6863093, 1600.1476, 1600.1476, 955.37506, 717.63525, , 
65841.331871708, 003559, -0.74569774, -0.06802676, 6.9238462, -0.20862265, -0.13266909, 0.6841548, -0.68615425, 1600.1476, 1600.1476, 955.37634, 717.6351, , 
65841.348540666, 003560, -0.7495437, -0.06804942, 6.9324355, -0.20863758, -0.13295674, 0.6839977, -0.6862507, 1600.1476, 1600.1476, 955.37695, 717.6355, , 
65841.381878666, 003561, -0.75738895, -0.068361305, 6.9499326, -0.20822318, -0.13232228, 0.68367803, -0.6868175, 1600.1476, 1600.1476, 955.376, 717.6367, , 
65841.398547666, 003562, -0.76135004, -0.06868443, 6.958805, -0.2080544, -0.1317142, 0.6833995, -0.6872626, 1600.1476, 1600.1476, 955.37494, 717.638, , 
65841.4152165, 003563, -0.7642498, -0.06894773, 6.9643817, -0.20789292, -0.1310162, 0.68307126, -0.68777096, 1600.1476, 1600.1476, 955.37415, 717.6391, , 
65841.448554416, 003564, -0.77168745, -0.07018907, 6.981456, -0.20720023, -0.12987788, 0.6823974, -0.6888639, 1599.6957, 1599.6957, 955.37195, 717.64233, , 
65841.4652235, 003565, -0.7755178, -0.071026415, 6.9908724, -0.20686735, -0.1293618, 0.68209493, -0.6893605, 1599.6957, 1599.6957, 955.371, 717.64355, , 
65841.48189225, 003566, -0.77928233, -0.07195597, 7.000522, -0.20657632, -0.12884504, 0.681848, -0.6897887, 1600.1476, 1600.1476, 955.3702, 717.64465, , 
65841.498561208, 003567, -0.78295314, -0.07290402, 7.0102696, -0.20627223, -0.1280429, 0.6817187, -0.69015676, 1600.1476, 1600.1476, 955.36926, 717.64545, , 
65841.531899166, 003568, -0.78661734, -0.075588375, 7.0265775, -0.20544496, -0.12499254, 0.6818628, -0.6908201, 1600.1476, 1600.1476, 955.36566, 717.6458, , 
65841.548568041, 003569, -0.78966475, -0.07649753, 7.0361147, -0.20522325, -0.1229181, 0.6818599, -0.69126093, 1600.1476, 1600.1476, 955.36365, 717.6458, , 
65841.565237, 003570, -0.7927522, -0.07732546, 7.0458884, -0.20518047, -0.120742954, 0.68178296, -0.6917326, 1600.1476, 1600.1476, 955.361, 717.646, , 
65841.598575, 003571, -0.7985288, -0.078656554, 7.065521, -0.20522617, -0.115482084, 0.6820082, -0.6923951, 1600.1476, 1600.1476, 955.35693, 717.64514, , 
65841.615243958, 003572, -0.7993211, -0.07887541, 7.0721097, -0.20478678, -0.112245694, 0.6824356, -0.69263625, 1600.5995, 1600.5995, 955.35333, 717.6436, , 
65841.631912791, 003573, -0.8013853, -0.079115205, 7.0812225, -0.20408113, -0.109619886, 0.6827287, -0.6929762, 1600.1476, 1600.1476, 955.3505, 717.6428, , 
65841.665250791, 003574, -0.80664325, -0.07930586, 7.1023183, -0.20339008, -0.107871175, 0.68191564, -0.6942531, 1600.1476, 1600.1476, 955.34753, 717.64594, , 
65841.681919791, 003575, -0.8094242, -0.07912473, 7.113366, -0.20408638, -0.1082071, 0.6809931, -0.69490176, 1600.1476, 1600.1476, 955.34796, 717.6484, , 
65841.698588583, 003576, -0.81213546, -0.07870221, 7.124374, -0.20535903, -0.10879597, 0.6800853, -0.69532377, 1600.1476, 1600.1476, 955.349, 717.6504, , 
65841.715257583, 003577, -0.8124163, -0.0778407, 7.1315937, -0.20687068, -0.10917217, 0.67942184, -0.69546527, 1600.1476, 1600.1476, 955.351, 717.6519, , 
65841.748595583, 003578, -0.8161675, -0.07604582, 7.1510706, -0.20913756, -0.109821044, 0.67860395, -0.69548357, 1600.1476, 1600.1476, 955.3532, 717.6525, , 
65841.765264583, 003579, -0.8182526, -0.07512912, 7.161238, -0.21020296, -0.110330135, 0.67823094, -0.6954458, 1600.1476, 1600.1476, 955.35474, 717.6529, , 
65841.798602333, 003580, -0.8222418, -0.073294714, 7.1811905, -0.21345179, -0.11059289, 0.6776313, -0.6949989, 1600.1476, 1600.1476, 955.3576, 717.65204, , 
65841.815271375, 003581, -0.8240265, -0.07167593, 7.189542, -0.21540226, -0.10979977, 0.6774242, -0.6947247, 1600.1476, 1600.1476, 955.35876, 717.6509, , 
65841.83194025, 003582, -0.82602537, -0.07058036, 7.1985097, -0.2172173, -0.10856871, 0.6772301, -0.69454217, 1600.1476, 1600.1476, 955.3596, 717.6491, , 
65841.865278125, 003583, -0.8306893, -0.06900969, 7.2166305, -0.22023694, -0.10596556, 0.6761539, -0.6950417, 1600.1476, 1600.1476, 955.35986, 717.6488, , 
65841.881947083, 003584, -0.833375, -0.0684478, 7.2256956, -0.22154284, -0.105219305, 0.6750728, -0.6957904, 1600.1476, 1600.1476, 955.36005, 717.65125, , 
65841.898616125, 003585, -0.8362274, -0.06797787, 7.2347174, -0.22286974, -0.1048352, 0.67374593, -0.6967102, 1600.1476, 1600.1476, 955.36053, 717.6542, , 
65841.931953833, 003586, -0.8418266, -0.06791121, 7.253095, -0.2258839, -0.10436742, 0.6711647, -0.6982993, 1600.1476, 1600.1476, 955.3625, 717.6605, , 
65841.948622875, 003587, -0.8448018, -0.06759252, 7.2617865, -0.2273534, -0.104042865, 0.6701608, -0.69883484, 1600.1476, 1600.1476, 955.36334, 717.6623, , 
65841.965291916, 003588, -0.8478126, -0.06723644, 7.270246, -0.22864774, -0.103588715, 0.6693658, -0.6992417, 1600.1476, 1600.1476, 955.364, 717.66364, , 
65841.998629625, 003589, -0.85397345, -0.06679309, 7.2868023, -0.23035938, -0.10283008, 0.6680682, -0.70003253, 1600.1476, 1600.1476, 955.3649, 717.6663, , 
65842.015298708, 003590, -0.85711545, -0.06710367, 7.2946844, -0.23087773, -0.102602825, 0.6674218, -0.70051146, 1600.1476, 1600.1476, 955.36505, 717.66785, , 
65842.031967625, 003591, -0.86036736, -0.06744579, 7.302671, -0.23139311, -0.1023939, 0.6668219, -0.70094305, 1600.1476, 1600.1476, 955.3653, 717.66925, , 
65842.065305666, 003592, -0.8671644, -0.068231195, 7.3189983, -0.23259, -0.1019502, 0.6658686, -0.70151764, 1600.1476, 1600.1476, 955.3659, 717.6715, , 
65842.081974416, 003593, -0.87066275, -0.06877497, 7.327299, -0.23324485, -0.10188451, 0.66551846, -0.701642, 1600.1476, 1600.1476, 955.36633, 717.672, , 
65842.098643375, 003594, -0.87423307, -0.06939509, 7.33567, -0.23398872, -0.10174652, 0.6652541, -0.70166516, 1600.1476, 1600.1476, 955.36707, 717.6722, , 
65842.131981458, 003595, -0.8820975, -0.07209837, 7.352683, -0.23594487, -0.10124668, 0.66466016, -0.70164514, 1599.6957, 1599.6957, 955.3682, 717.67194, , 
65842.14865025, 003596, -0.8862017, -0.07305119, 7.36128, -0.23704821, -0.10106174, 0.6642424, -0.7016957, 1599.6957, 1599.6957, 955.36926, 717.672, , 
65842.165319166, 003597, -0.8904822, -0.07396015, 7.369868, -0.23814838, -0.100699104, 0.6638166, -0.7017781, 1600.1476, 1600.1476, 955.3698, 717.6722, , 
65842.198657166, 003598, -0.8995295, -0.075675435, 7.3870716, -0.23970799, -0.09949302, 0.66326606, -0.70193964, 1600.1476, 1600.1476, 955.3703, 717.6721, , 
65842.215326166, 003599, -0.90404946, -0.07799917, 7.3954396, -0.23983434, -0.0990585, 0.66312647, -0.7020899, 1600.1476, 1600.1476, 955.3702, 717.67224, , 
65842.248663958, 003600, -0.91386074, -0.08030189, 7.412847, -0.23843631, -0.098184414, 0.66319096, -0.7026277, 1599.6957, 1599.6957, 955.36847, 717.67316, , 
65842.265332916, 003601, -0.9189643, -0.081152424, 7.421657, -0.23696122, -0.09757428, 0.6633478, -0.7030636, 1600.1476, 1600.1476, 955.3662, 717.67426, , 
65842.282001958, 003602, -0.92413, -0.08193907, 7.43053, -0.23507658, -0.09683329, 0.66356343, -0.703595, 1600.1476, 1600.1476, 955.36414, 717.6755, , 
65842.315339666, 003603, -0.93416077, -0.084243916, 7.448131, -0.231018, -0.09461966, 0.66412294, -0.7047117, 1600.1476, 1600.1476, 955.358, 717.67804, , 
65842.332008791, 003604, -0.9391603, -0.08535066, 7.4569306, -0.22920428, -0.09297198, 0.66449195, -0.70517516, 1600.1476, 1600.1476, 955.3553, 717.6788, , 
65842.348677791, 003605, -0.9444092, -0.08597337, 7.465891, -0.2274889, -0.09089606, 0.66489583, -0.7056205, 1600.1476, 1600.1476, 955.3523, 717.6791, , 
65844.382289333, 003688, -1.5037596, -0.07731329, 8.493567, -0.20893434, -0.10931764, 0.66945374, -0.70443434, 1600.1476, 1600.1476, 955.3624, 717.68787, , 
65844.39895825, 003689, -1.5086023, -0.07823751, 8.499815, -0.21031532, -0.107655525, 0.6680058, -0.70565283, 1600.1476, 1600.1476, 955.36206, 717.6923, , 
65844.432296166, 003690, -1.5195562, -0.07963673, 8.513225, -0.21387956, -0.10515701, 0.6653276, -0.70748615, 1600.1476, 1600.1476, 955.3626, 717.6975, , 
65844.448965166, 003691, -1.5246103, -0.080718145, 8.520182, -0.21629693, -0.10436055, 0.66404283, -0.70807594, 1600.1476, 1600.1476, 955.3638, 717.69934, , 
65844.482303083, 003692, -1.5346357, -0.08300501, 8.534359, -0.22177155, -0.10241466, 0.6618153, -0.70875174, 1599.6957, 1599.6957, 955.3674, 717.7017, , 
65844.498971916, 003693, -1.539652, -0.08413667, 8.541324, -0.22464915, -0.10050938, 0.66088104, -0.70899004, 1600.1476, 1600.1476, 955.3685, 717.7018, , 
65844.532309833, 003694, -1.5506903, -0.08573716, 8.555197, -0.230289, -0.094660126, 0.65874237, -0.7099752, 1600.1476, 1600.1476, 955.36865, 717.70184, , 
65844.54897875, 003695, -1.5560157, -0.08689483, 8.561921, -0.23319152, -0.09109253, 0.6573614, -0.7107742, 1600.1476, 1600.1476, 955.3682, 717.70276, , 
65844.58231675, 003696, -1.566739, -0.08918376, 8.575295, -0.23995282, -0.082998484, 0.6540757, -0.71254396, 1599.6957, 1599.6957, 955.3668, 717.7058, , 
65844.59898575, 003697, -1.5720944, -0.09017272, 8.581941, -0.24377379, -0.07844743, 0.65243024, -0.7132707, 1599.6957, 1599.6957, 955.3662, 717.7066, , 
65844.6323235, 003698, -1.5841233, -0.091175064, 8.593599, -0.25207803, -0.06848141, 0.64925146, -0.71431047, 1600.1476, 1600.1476, 955.36475, 717.7067, , 
65844.648992541, 003699, -1.589473, -0.091662474, 8.599824, -0.25635228, -0.062985435, 0.6478444, -0.7145726, 1600.1476, 1600.1476, 955.3638, 717.706, , 
65844.682330333, 003700, -1.6000695, -0.09224925, 8.611826, -0.26428476, -0.050101947, 0.64514524, -0.7151441, 1600.1476, 1600.1476, 955.3595, 717.7036, , 
65844.69899925, 003701, -1.6056563, -0.09233467, 8.61765, -0.267642, -0.042891644, 0.6434634, -0.7158792, 1600.1476, 1600.1476, 955.35645, 717.7038, , 
65844.73233725, 003702, -1.6191713, -0.091853105, 8.627585, -0.27557468, -0.029618718, 0.63747245, -0.71889514, 1600.1476, 1600.1476, 955.3517, 717.7116, , 
65844.74900625, 003703, -1.6258179, -0.09155928, 8.633197, -0.2806787, -0.023765702, 0.6334612, -0.72068137, 1600.1476, 1600.1476, 955.35156, 717.71716, , 
65844.782344041, 003704, -1.6384791, -0.09027375, 8.643589, -0.29189333, -0.010597462, 0.6257499, -0.7232724, 1600.1476, 1600.1476, 955.35144, 717.7274, , 
65844.799013041, 003705, -1.6448588, -0.08903057, 8.64708, -0.29763645, -0.0029560195, 0.622265, -0.72400975, 1600.1476, 1600.1476, 955.35065, 717.73, , 
65844.832350833, 003706, -1.656999, -0.086571634, 8.654035, -0.309623, 0.012295226, 0.6148147, -0.72524846, 1600.5995, 1600.5995, 955.3491, 717.73566, , 
65844.849019833, 003707, -1.6627649, -0.085471205, 8.657664, -0.31607604, 0.019606126, 0.61072326, -0.7257608, 1600.1476, 1600.1476, 955.34924, 717.7384, , 
65844.865688791, 003708, -1.6683553, -0.084369235, 8.661003, -0.32293177, 0.02713065, 0.606617, -0.72594404, 1600.1476, 1600.1476, 955.3495, 717.74054, , 
65844.882357833, 003709, -1.6737593, -0.083261825, 8.6639385, -0.32999817, 0.035096932, 0.6026964, -0.72569036, 1600.1476, 1600.1476, 955.3496, 717.74176, , 
65844.899026791, 003710, -1.6790355, -0.0822143, 8.666435, -0.33713204, 0.04346958, 0.5989222, -0.7250825, 1600.5995, 1600.5995, 955.34924, 717.7417, , 
65844.932364583, 003711, -1.6888067, -0.07987288, 8.66779, -0.35116252, 0.060485937, 0.5910309, -0.72367734, 1600.1476, 1600.1476, 955.3482, 717.74146, , 
65844.949033583, 003712, -1.6941555, -0.07927994, 8.668728, -0.3579579, 0.06881316, 0.586612, -0.72319925, 1600.1476, 1600.1476, 955.34784, 717.7428, , 
65844.982371375, 003713, -1.7054425, -0.07878349, 8.669836, -0.37095672, 0.08475345, 0.5765099, -0.72307974, 1600.1476, 1600.1476, 955.34796, 717.7487, , 
65844.999040333, 003714, -1.711158, -0.078723356, 8.669863, -0.3775285, 0.092313126, 0.5710443, -0.7230898, 1600.1476, 1600.1476, 955.34894, 717.7539, , 
65845.032378333, 003715, -1.7211336, -0.07843957, 8.666516, -0.39090672, 0.10750759, 0.5608173, -0.72188514, 1600.1476, 1600.1476, 955.3505, 717.7591, , 
65845.049047291, 003716, -1.7261416, -0.07827855, 8.66527, -0.39775866, 0.11521019, 0.5561785, -0.7205416, 1600.1476, 1600.1476, 955.351, 717.7597, , 
65845.082385125, 003717, -1.7359084, -0.07805499, 8.662259, -0.41156194, 0.13001855, 0.5473478, -0.71702325, 1600.1476, 1600.1476, 955.35156, 717.7577, , 
65845.099054125, 003718, -1.7404194, -0.0781294, 8.659672, -0.4181877, 0.13689749, 0.54308903, -0.71514505, 1600.1476, 1600.1476, 955.3523, 717.7559, , 
65845.115723041, 003719, -1.7450162, -0.07833021, 8.657011, -0.42453462, 0.143288, 0.53893214, -0.7132959, 1600.1476, 1600.1476, 955.35284, 717.7545, , 
65845.149060833, 003720, -1.7549449, -0.07909329, 8.65214, -0.43692747, 0.15499324, 0.53044945, -0.70971465, 1600.1476, 1600.1476, 955.3551, 717.75146, , 
65845.165729791, 003721, -1.760075, -0.079680316, 8.649455, -0.44291207, 0.16050525, 0.52602446, -0.7080715, 1600.1476, 1600.1476, 955.3563, 717.75073, , 
65845.182398875, 003722, -1.7651823, -0.08035995, 8.646518, -0.44862852, 0.16605939, 0.521628, -0.7064425, 1600.1476, 1600.1476, 955.35754, 717.7502, , 
65845.215736666, 003723, -1.774218, -0.0823564, 8.638555, -0.45919946, 0.17835023, 0.51313937, -0.70286214, 1600.1476, 1600.1476, 955.35846, 717.7493, , 
65845.232405625, 003724, -1.7788662, -0.08323996, 8.6346, -0.4642024, 0.1850144, 0.5087094, -0.701071, 1600.1476, 1600.1476, 955.3582, 717.74963, , 
65845.249074625, 003725, -1.7836338, -0.084140204, 8.630586, -0.4691446, 0.19162492, 0.50389457, -0.6994809, 1600.1476, 1600.1476, 955.3582, 717.75055, , 
65845.282412416, 003726, -1.793254, -0.08595297, 8.622284, -0.47874343, 0.20416096, 0.49369654, -0.69669706, 1600.1476, 1600.1476, 955.35925, 717.7551, , 
65845.299081416, 003727, -1.7978789, -0.08676037, 8.618011, -0.48324153, 0.21029325, 0.4889084, -0.6951424, 1600.1476, 1600.1476, 955.35974, 717.7569, , 
65845.315750375, 003728, -1.8017398, -0.08833229, 8.612926, -0.4873267, 0.21641159, 0.4847859, -0.69329745, 1600.1476, 1600.1476, 955.3594, 717.7584, , 
65845.349088166, 003729, -1.8098532, -0.08976033, 8.603997, -0.49445197, 0.22819221, 0.478106, -0.6891011, 1600.1476, 1600.1476, 955.3573, 717.7581, , 
65845.365757083, 003730, -1.8140123, -0.0901947, 8.599714, -0.49756178, 0.23351596, 0.47508577, -0.6871654, 1600.1476, 1600.1476, 955.35614, 717.7579, , 
65845.399095166, 003731, -1.822724, -0.09080916, 8.591133, 0.5030784, -0.24342005, -0.46841145, 0.68428767, 1600.1476, 1600.1476, 955.3545, 717.7601, , 
65845.415764125, 003732, -1.8267338, -0.09148572, 8.586631, 0.5057596, -0.24768354, -0.46449158, 0.68345284, 1600.1476, 1600.1476, 955.35474, 717.76294, , 
65845.432432916, 003733, -1.8310192, -0.09171213, 8.582452, 0.5088945, -0.25160834, -0.4602345, 0.6825714, 1600.1476, 1600.1476, 955.35614, 717.7666, , 
65845.465770916, 003734, -1.8387485, -0.09133654, 8.574441, 0.51647633, -0.26056844, -0.4520889, 0.6789491, 1600.1476, 1600.1476, 955.3577, 717.7678, , 
65845.482439916, 003735, -1.8421788, -0.09101955, 8.570388, 0.5200057, -0.26585954, -0.44829154, 0.67671806, 1600.1476, 1600.1476, 955.35754, 717.7675, , 
65845.499108708, 003736, -1.8455358, -0.09080683, 8.566241, 0.52283275, -0.271319, -0.44447872, 0.6748855, 1600.1476, 1600.1476, 955.3568, 717.7687, , 
65845.532446708, 003737, -1.8520998, -0.09164191, 8.557818, 0.526146, -0.282266, -0.436618, 0.67294943, 1600.1476, 1600.1476, 955.3554, 717.7786, , 
65845.549115666, 003738, -1.8555503, -0.091827825, 8.553429, 0.52684754, -0.28786758, -0.4326234, 0.6726076, 1600.1476, 1600.1476, 955.35474, 717.7855, , 
65845.565784708, 003739, -1.8590229, -0.09196089, 8.549019, 0.5272294, -0.29356483, -0.42861193, 0.67241395, 1600.1476, 1600.1476, 955.3541, 717.7931, , 
65845.599122416, 003740, -1.866036, -0.09199662, 8.540536, 0.52792484, -0.30415022, -0.42045343, 0.67231464, 1600.1476, 1600.1476, 955.3538, 717.8117, , 
65845.615791375, 003741, -1.8686694, -0.0926518, 8.536723, 0.5287321, -0.30877265, -0.4164569, 0.67206067, 1600.1476, 1600.1476, 955.3544, 717.81885, , 
65845.632460416, 003742, -1.8715569, -0.092590705, 8.533072, 0.53003454, -0.31311256, -0.4126827, 0.6713545, 1600.1476, 1600.1476, 955.3551, 717.82446, , 
65845.66579825, 003743, -1.8767562, -0.09165233, 8.526286, 0.5341779, -0.32162008, -0.40642074, 0.66785973, 1600.1476, 1600.1476, 955.3551, 717.8295, , 
65845.68246725, 003744, -1.8790275, -0.09106054, 8.523073, 0.53678435, -0.32581005, -0.40397573, 0.6652171, 1600.1476, 1600.1476, 955.3541, 717.82855, , 
65845.699136125, 003745, -1.8812426, -0.090519235, 8.519928, 0.5396128, -0.32971787, -0.40171716, 0.66236496, 1600.1476, 1600.1476, 955.35266, 717.8255, , 
65845.732474, 003746, -1.8873479, -0.09148474, 8.51395, 0.5458134, -0.33661017, -0.39679882, 0.6567586, 1600.1476, 1600.1476, 955.35114, 717.8197, , 
65845.749142958, 003747, -1.889979, -0.09141201, 8.5107, 0.5491348, -0.33967218, -0.3938674, 0.65417296, 1600.1476, 1600.1476, 955.35114, 717.8161, , 
65845.765812, 003748, -1.8926117, -0.09130545, 8.507303, 0.55251634, -0.34265327, -0.39066774, 0.6516848, 1600.1476, 1600.1476, 955.35144, 717.81366, , 
65845.79914975, 003749, -1.8978064, -0.09103058, 8.500066, 0.5593375, -0.3487016, -0.38362077, 0.64682597, 1600.1476, 1600.1476, 955.35297, 717.809, , 
65845.81581875, 003750, -1.9002203, -0.092554264, 8.495901, 0.56288683, -0.35184962, -0.3797346, 0.64433056, 1600.1476, 1600.1476, 955.3539, 717.8074, , 
65845.83248775, 003751, -1.9025307, -0.09288379, 8.491841, 0.5664372, -0.355147, -0.37560576, 0.6418255, 1595.6285, 1595.6285, 955.35486, 717.8059, , 
65845.86582575, 003752, -1.9066713, -0.092670664, 8.48351, 0.57301253, -0.3623949, -0.36705935, 0.6368627, 1595.6285, 1595.6285, 955.35706, 717.80396, , 
65845.8824945, 003753, -1.9084392, -0.09250989, 8.479176, 0.5758983, -0.36653554, -0.36271128, 0.63437647, 1595.6285, 1595.6285, 955.3576, 717.8042, , 
65845.8991635, 003754, -1.9099914, -0.09237269, 8.474757, 0.5785836, -0.37114608, -0.35832965, 0.63173693, 1597.8881, 1597.8881, 955.358, 717.8052, , 
65845.932501375, 003755, -1.912185, -0.093415044, 8.466549, 0.5836013, -0.38122496, -0.34942558, 0.6260821, 1597.8881, 1597.8881, 955.35785, 717.8076, , 
65845.949170291, 003756, -1.9135898, -0.09351824, 8.462122, 0.5860811, -0.3863387, -0.34452096, 0.6233432, 1597.8881, 1597.8881, 955.358, 717.80945, , 
65845.965839291, 003757, -1.9151379, -0.09362331, 8.457617, 0.5885289, -0.39136264, -0.3393806, 0.6207173, 1600.1476, 1600.1476, 955.3587, 717.8125, , 
65845.982508208, 003758, -1.916821, -0.0937498, 8.453086, 0.59089506, -0.39619526, -0.3342432, 0.6181858, 1600.1476, 1600.1476, 955.3594, 717.81494, , 
65846.01584625, 003759, -1.9203051, -0.0938757, 8.443058, 0.59554034, -0.40484914, -0.32470307, 0.6131859, 1600.1476, 1600.1476, 955.36115, 717.8192, , 
65846.032515083, 003760, -1.9222125, -0.093931496, 8.438429, 0.5981232, -0.4087182, -0.32015052, 0.610493, 1602.4071, 1602.4071, 955.36194, 717.81976, , 
65846.049184, 003761, -1.9242057, -0.0939828, 8.434182, 0.6009366, -0.4125163, -0.31562558, 0.60752445, 1602.4071, 1602.4071, 955.3625, 717.8196, , 
65846.082522041, 003762, -1.9283357, -0.09412486, 8.426094, 0.6065616, -0.42041063, -0.30648816, 0.601168, 1602.4071, 1602.4071, 955.3636, 717.8181, , 
65846.099190791, 003763, -1.9304528, -0.09428458, 8.422098, 0.6091762, -0.42458758, -0.30178395, 0.59796, 1604.6666, 1604.6666, 955.364, 717.818, , 
65846.115859791, 003764, -1.9329108, -0.095132746, 8.417592, 0.61152434, -0.42890853, -0.29715335, 0.5947902, 1604.6666, 1604.6666, 955.3644, 717.81824, , 
65846.149197791, 003765, -1.9375166, -0.09594545, 8.409434, 0.61607534, -0.43758163, -0.2881433, 0.58817255, 1604.6666, 1604.6666, 955.3645, 717.81903, , 
65846.165866708, 003766, -1.939907, -0.09622426, 8.40553, 0.6185065, -0.44180772, -0.2835356, 0.5846909, 1606.9261, 1606.9261, 955.3645, 717.819, , 
65846.182535583, 003767, -1.9423792, -0.09644946, 8.401714, 0.6210285, -0.44595262, -0.2788444, 0.58111584, 1606.9261, 1606.9261, 955.36475, 717.8185, , 
65846.215873541, 003768, -1.9479249, -0.09687968, 8.394123, 0.6262326, -0.4544542, -0.2695654, 0.57327014, 1606.9261, 1606.9261, 955.3645, 717.8168, , 
65846.232542458, 003769, -1.9505333, -0.096959755, 8.390501, 0.6287913, -0.45887375, -0.26506, 0.56903386, 1608.7338, 1608.7338, 955.3638, 717.81506, , 
65846.249211291, 003770, -1.9530123, -0.096960716, 8.386945, 0.6311635, -0.46337405, -0.26056713, 0.5648202, 1608.7338, 1608.7338, 955.3631, 717.8141, , 
65846.282549333, 003771, -1.958177, -0.09688087, 8.379593, 0.6350043, -0.47241107, -0.25107917, 0.5572761, 1608.7338, 1608.7338, 955.3624, 717.81525, , 
65846.299218333, 003772, -1.9610426, -0.09680922, 8.375806, 0.63655573, -0.47649524, -0.24590379, 0.5543288, 1613.2528, 1613.2528, 955.3632, 717.81726, , 
65846.315887291, 003773, -1.9649868, -0.0971291, 8.372404, 0.6380278, -0.48028722, -0.2406177, 0.5516774, 1613.2528, 1613.2528, 955.3645, 717.8197, , 
65846.332556125, 003774, -1.9681722, -0.096990556, 8.368946, 0.63960844, -0.48409754, -0.23560086, 0.5486736, 1613.2528, 1613.2528, 955.3659, 717.82214, , 
65846.365893958, 003775, -1.9734005, -0.09619569, 8.362506, 0.6428879, -0.4925317, -0.22682978, 0.5409767, 1610.9933, 1610.9933, 955.3654, 717.82336, , 
65848.3828365, 003873, -2.1800284, -0.097246766, 7.6146865, 0.67464584, -0.6564763, 0.0042323517, 0.33745235, 1599.2438, 1599.2438, 955.37427, 717.8767, , 
65848.399505375, 003874, -2.1783364, -0.0970397, 7.6084714, 0.67472446, -0.65767294, 0.00847202, 0.33487517, 1599.2438, 1599.2438, 955.37585, 717.8769, , 
65848.432843166, 003875, -2.1753612, -0.09759587, 7.596738, 0.6754218, -0.6595948, 0.015782919, 0.32937983, 1599.2438, 1599.2438, 955.3781, 717.8752, , 
65848.449512208, 003876, -2.173383, -0.097516455, 7.5908675, 0.6759105, -0.66050696, 0.01903085, 0.32636407, 1599.2438, 1599.2438, 955.3783, 717.87366, , 
65848.466181291, 003877, -2.171199, -0.09741452, 7.5849304, 0.67633545, -0.6614833, 0.02214207, 0.32329533, 1599.2438, 1599.2438, 955.3783, 717.8722, , 
65848.482850041, 003878, -2.1688335, -0.09738411, 7.5788713, 0.6766299, -0.6625562, 0.025366455, 0.32023105, 1599.2438, 1599.2438, 955.3784, 717.87067, , 
65848.499519041, 003879, -2.1663117, -0.0974652, 7.5726376, 0.67676747, -0.6636837, 0.028811045, 0.31730065, 1599.2438, 1599.2438, 955.3788, 717.87006, , 
65848.516187958, 003880, -2.163775, -0.09793573, 7.5659266, 0.67680424, -0.66477627, 0.032429166, 0.31457418, 1599.2438, 1599.2438, 955.3796, 717.8696, , 
65848.532856958, 003881, -2.161098, -0.098386735, 7.5591536, 0.67680293, -0.6658032, 0.036072843, 0.31199792, 1599.2438, 1599.2438, 955.38086, 717.86926, , 
65848.56619475, 003882, -2.1551657, -0.099214554, 7.5457206, 0.67676216, -0.6678192, 0.043101817, 0.30684316, 1599.2438, 1599.2438, 955.3829, 717.8687, , 
65848.582863791, 003883, -2.151937, -0.099701926, 7.5389795, 0.6766976, -0.668814, 0.04618098, 0.30436063, 1598.7919, 1598.7919, 955.38354, 717.86847, , 
65848.599532666, 003884, -2.1485448, -0.100267805, 7.5322175, 0.6765539, -0.6698082, 0.048866242, 0.30206603, 1598.7919, 1598.7919, 955.3843, 717.8685, , 
65848.616201708, 003885, -2.1452925, -0.1015516, 7.5254254, 0.6763293, -0.67082256, 0.05098273, 0.29996082, 1598.7919, 1598.7919, 955.3846, 717.86884, , 
65848.632870541, 003886, -2.1417747, -0.10266393, 7.5186715, 0.67603105, -0.67192537, 0.052562207, 0.29788497, 1598.7919, 1598.7919, 955.38446, 717.86945, , 
65848.649539458, 003887, -2.1379828, -0.103552446, 7.511927, 0.67565215, -0.6731227, 0.053701945, 0.29583117, 1599.2438, 1599.2438, 955.3838, 717.8706, , 
65848.682877541, 003888, -2.1300294, -0.10514184, 7.498426, 0.6748297, -0.67549604, 0.055024203, 0.29203138, 1599.2438, 1599.2438, 955.38226, 717.87305, , 
65848.699546416, 003889, -2.1259916, -0.10579056, 7.491789, 0.6746632, -0.67653614, 0.055205643, 0.28996694, 1599.2438, 1599.2438, 955.38055, 717.8739, , 
65848.71621525, 003890, -2.123089, -0.10713021, 7.4847126, 0.6747445, -0.67748874, 0.05487956, 0.28760573, 1599.2438, 1599.2438, 955.3783, 717.87366, , 
65848.732884291, 003891, -2.1197362, -0.108015254, 7.477792, 0.67487556, -0.67845315, 0.054033194, 0.28517497, 1599.2438, 1599.2438, 955.3757, 717.8731, , 
65848.749553208, 003892, -2.1159277, -0.1084735, 7.4707646, 0.6747223, -0.6794357, 0.05274406, 0.2834343, 1599.2438, 1599.2438, 955.37225, 717.8734, , 
65848.76622225, 003893, -2.112102, -0.10876375, 7.4633217, 0.67416215, -0.68025154, 0.05140733, 0.28305596, 1599.2438, 1599.2438, 955.3709, 717.8751, , 
65848.799559958, 003894, -2.1049151, -0.10879783, 7.447706, 0.6729573, -0.6807787, 0.050516702, 0.2848104, 1599.2438, 1599.2438, 955.3721, 717.8801, , 
65848.816229, 003895, -2.1021469, -0.10860613, 7.4399056, 0.673048, -0.6805942, 0.05093586, 0.28496215, 1599.2438, 1599.2438, 955.3725, 717.8801, , 
65848.832897958, 003896, -2.0991712, -0.10802956, 7.432634, 0.67364264, -0.68039066, 0.051543105, 0.28393197, 1599.2438, 1599.2438, 955.3722, 717.8783, , 
65848.849566958, 003897, -2.0958948, -0.10720415, 7.425747, 0.67434686, -0.6804051, 0.052065242, 0.2821247, 1599.2438, 1599.2438, 955.37054, 717.875, , 
65848.86623575, 003898, -2.0924733, -0.10632177, 7.4188995, 0.674774, -0.68069756, 0.05228259, 0.28035244, 1599.2438, 1599.2438, 955.369, 717.8733, , 
65848.88290475, 003899, -2.0889864, -0.10545269, 7.4118986, 0.6747422, -0.681216, 0.052178297, 0.2791867, 1599.6957, 1599.6957, 955.368, 717.8729, , 
65848.916242666, 003900, -2.0827813, -0.1039805, 7.397125, 0.673263, -0.6826771, 0.05216484, 0.27919105, 1599.6957, 1599.6957, 955.36835, 717.87775, , 
65848.932911458, 003901, -2.0798876, -0.10315916, 7.3897257, 0.67225194, -0.6834362, 0.052272927, 0.27974972, 1599.6957, 1599.6957, 955.3694, 717.88104, , 
65848.949580458, 003902, -2.0767937, -0.10211356, 7.382736, 0.671498, -0.68412393, 0.052339412, 0.27986673, 1599.6957, 1599.6957, 955.3702, 717.8839, , 
65848.9662495, 003903, -2.073727, -0.10087717, 7.376236, 0.6712498, -0.6846399, 0.052334193, 0.27920088, 1599.6957, 1599.6957, 955.37006, 717.88556, , 
65848.982918458, 003904, -2.0707598, -0.09953852, 7.3701735, 0.6715056, -0.68492573, 0.052261975, 0.27789494, 1599.2438, 1599.2438, 955.369, 717.8849, , 
65848.999587375, 003905, -2.0679038, -0.098225124, 7.3644056, 0.6720763, -0.6849819, 0.0521375, 0.27639633, 1599.2438, 1599.2438, 955.3675, 717.8832, , 
65849.032925166, 003906, -2.0631902, -0.096740335, 7.350752, 0.67348236, -0.6847422, 0.0521409, 0.27355245, 1599.2438, 1599.2438, 955.364, 717.87775, , 
65849.049594208, 003907, -2.0604582, -0.096041344, 7.345081, 0.6742544, -0.6845295, 0.052311596, 0.27214697, 1599.2438, 1599.2438, 955.3626, 717.8751, , 
65849.06626325, 003908, -2.0575688, -0.09548094, 7.3397527, 0.67506576, -0.6843717, 0.052562192, 0.2704789, 1599.2438, 1599.2438, 955.3612, 717.8724, , 
65849.082931958, 003909, -2.0545318, -0.09508933, 7.3345857, 0.6758639, -0.68431705, 0.05298804, 0.26853392, 1599.2438, 1599.2438, 955.35925, 717.86865, , 
65849.099601, 003910, -2.0513272, -0.09489389, 7.3294034, 0.67648274, -0.6844011, 0.053702798, 0.26661256, 1599.2438, 1599.2438, 955.358, 717.8662, , 
65849.132938958, 003911, -2.0446951, -0.09530692, 7.315917, 0.67673475, -0.6848188, 0.056479733, 0.26431668, 1599.2438, 1599.2438, 955.3576, 717.86383, , 
65849.149607916, 003912, -2.0410945, -0.09566195, 7.3098865, 0.6764806, -0.68505186, 0.058898866, 0.2638351, 1599.2438, 1599.2438, 955.359, 717.86414, , 
65849.16627675, 003913, -2.0372977, -0.096069925, 7.304101, 0.67608374, -0.68538153, 0.062075716, 0.26326695, 1599.2438, 1599.2438, 955.361, 717.8648, , 
65849.182945666, 003914, -2.0332863, -0.09648795, 7.298598, 0.6755989, -0.68592304, 0.06582826, 0.26218763, 1599.2438, 1599.2438, 955.36414, 717.86584, , 
65849.199614708, 003915, -2.029046, -0.09690125, 7.2934356, 0.6750095, -0.6867911, 0.069944344, 0.26036122, 1599.2438, 1599.2438, 955.36633, 717.8667, , 
65849.216283708, 003916, -2.0229878, -0.09765465, 7.286577, 0.6741271, -0.68814343, 0.074284084, 0.25786287, 1599.2438, 1599.2438, 955.36835, 717.86804, , 
65849.249621458, 003917, -2.0120592, -0.09898467, 7.276113, 0.6713561, -0.6921865, 0.08344135, 0.2513892, 1599.2438, 1599.2438, 955.37286, 717.87463, , 
65849.266290416, 003918, -2.0067415, -0.09965915, 7.271741, 0.66958684, -0.6946857, 0.08803669, 0.24761797, 1599.2438, 1599.2438, 955.37463, 717.8788, , 
65849.282959458, 003919, -2.0013235, -0.100364774, 7.2675967, 0.6677538, -0.69729286, 0.09270462, 0.24350235, 1599.2438, 1599.2438, 955.37695, 717.8846, , 
65849.299628458, 003920, -1.9957981, -0.10109499, 7.263588, 0.66598713, -0.6998647, 0.09752582, 0.23903817, 1599.2438, 1599.2438, 955.3784, 717.88855, , 
65849.316297291, 003921, -1.9898807, -0.10199351, 7.2585573, 0.6643547, -0.7022642, 0.10239476, 0.23446377, 1599.2438, 1599.2438, 955.3798, 717.89197, , 
65849.34963525, 003922, -1.9782163, -0.10374364, 7.2496533, 0.6613735, -0.7065464, 0.11263749, 0.22514448, 1599.2438, 1599.2438, 955.3832, 717.89813, , 
65849.366304166, 003923, -1.9722993, -0.10468589, 7.24527, 0.6598556, -0.7085043, 0.11805143, 0.22062662, 1599.2438, 1599.2438, 955.38495, 717.9004, , 
65849.382972916, 003924, -1.9662483, -0.10569316, 7.2407827, 0.65822846, -0.7103971, 0.12378456, 0.21621385, 1599.2438, 1599.2438, 955.38715, 717.9027, , 
65849.399642, 003925, -1.9600736, -0.10672311, 7.236267, 0.6565678, -0.7122038, 0.12992811, 0.21166743, 1599.2438, 1599.2438, 955.39044, 717.90564, , 
65849.416310958, 003926, -1.9531425, -0.107913174, 7.2310176, 0.65491414, -0.71394616, 0.1364882, 0.20673501, 1599.2438, 1599.2438, 955.39294, 717.90717, , 
65849.432979916, 003927, -1.946561, -0.10890481, 7.2264943, 0.6534052, -0.71558267, 0.14339699, 0.20109808, 1598.7919, 1598.7919, 955.3952, 717.90796, , 
65849.46631775, 003928, -1.9334786, -0.110623986, 7.2184567, 0.65044504, -0.718853, 0.15758386, 0.18798669, 1599.2438, 1599.2438, 955.3989, 717.908, , 
65849.48298675, 003929, -1.9268312, -0.111424506, 7.2147713, 0.64876676, -0.7206142, 0.16474247, 0.18076697, 1599.2438, 1599.2438, 955.4001, 717.90814, , 
65849.49965575, 003930, -1.9201312, -0.11216513, 7.2112856, 0.64701176, -0.7223788, 0.17191358, 0.17317747, 1599.2438, 1599.2438, 955.401, 717.90826, , 
65849.516324708, 003931, -1.9135306, -0.112984255, 7.2084937, 0.6452964, -0.7239951, 0.17923126, 0.16522661, 1599.2438, 1599.2438, 955.4018, 717.90796, , 
65849.5329935, 003932, -1.9068978, -0.11358527, 7.20563, 0.643682, -0.72540855, 0.18669485, 0.15684667, 1599.2438, 1599.2438, 955.40216, 717.907, , 
65849.5496625, 003933, -1.9002665, -0.114007495, 7.2029057, 0.64218175, -0.72660327, 0.1943146, 0.14796019, 1599.2438, 1599.2438, 955.4019, 717.9052, , 
65849.583000416, 003934, -1.8866692, -0.11460377, 7.1976323, 0.6383991, -0.729168, 0.20954992, 0.12980479, 1599.2438, 1599.2438, 955.4011, 717.9013, , 
65849.599669458, 003935, -1.8796462, -0.1149209, 7.194822, 0.6354449, -0.7308126, 0.21747997, 0.12175918, 1599.2438, 1599.2438, 955.4023, 717.902, , 
65849.616338166, 003936, -1.8738065, -0.11512712, 7.194245, 0.6319601, -0.73243165, 0.22604267, 0.11434609, 1599.2438, 1599.2438, 955.4064, 717.9048, , 
65849.633007166, 003937, -1.8674167, -0.115195476, 7.1926155, 0.6283892, -0.7338522, 0.23501006, 0.10657529, 1599.2438, 1599.2438, 955.41, 717.9065, , 
65849.64967625, 003938, -1.8611138, -0.11502811, 7.1912746, 0.6252457, -0.7349159, 0.24392663, 0.09729413, 1598.7919, 1598.7919, 955.4122, 717.9067, , 
65849.683013958, 003939, -1.8490661, -0.11440191, 7.1902795, 0.61978054, -0.7366288, 0.26014137, 0.07467639, 1599.2438, 1599.2438, 955.41, 717.903, , 
65849.699682916, 003940, -1.8430535, -0.11430655, 7.190033, 0.6164672, -0.7377517, 0.26766872, 0.06359237, 1599.2438, 1599.2438, 955.40845, 717.90265, , 
65849.716351958, 003941, -1.8370253, -0.11467491, 7.191115, 0.61237234, -0.739267, 0.27494794, 0.05373997, 1599.2438, 1599.2438, 955.4088, 717.9052, , 
65849.733020958, 003942, -1.8307, -0.11511836, 7.1910586, 0.60771847, -0.74096924, 0.28214073, 0.0451603, 1599.2438, 1599.2438, 955.4109, 717.9092, , 
65849.76635875, 003943, -1.8180469, -0.11599451, 7.1904116, 0.59850365, -0.7436104, 0.29655206, 0.029898232, 1598.7919, 1598.7919, 955.41705, 717.9171, , 
65849.783027708, 003944, -1.812026, -0.11625008, 7.19035, 0.59458745, -0.74401075, 0.30398726, 0.02248945, 1598.7919, 1598.7919, 955.42065, 717.9188, , 
65849.799696625, 003945, -1.8062401, -0.116381615, 7.1905537, 0.59112394, -0.7439114, 0.31135032, 0.015145884, 1599.2438, 1599.2438, 955.4226, 717.9182, , 
65849.816365708, 003946, -1.8034099, -0.11724751, 7.192465, 0.58789927, -0.7436186, 0.31834176, 0.008024497, 1599.2438, 1599.2438, 955.42426, 717.91693, , 
65849.849703458, 003947, -1.7936467, -0.117709205, 7.1946716, 0.58096695, -0.74331874, 0.33154914, -0.0054567643, 1599.2438, 1599.2438, 955.42834, 717.91516, , 
65849.866372333, 003948, -1.7883633, -0.117755875, 7.19599, 0.57712156, -0.74333143, 0.33799204, -0.012268406, 1599.2438, 1599.2438, 955.4304, 717.9154, , 
65849.883041458, 003949, -1.7831252, -0.117685705, 7.1976705, 0.5733506, -0.74326175, 0.3441646, -0.019536858, 1599.2438, 1599.2438, 955.4326, 717.9159, , 
65849.89971025, 003950, -1.7779653, -0.11750668, 7.1997185, 0.56979537, -0.7430255, 0.35000166, -0.027298767, 1599.2438, 1599.2438, 955.4332, 717.9158, , 
65849.916379208, 003951, -1.7744397, -0.11758447, 7.203024, 0.5664381, -0.74263185, 0.35553566, -0.03521633, 1599.2438, 1599.2438, 955.433, 717.9154, , 
65849.933048208, 003952, -1.7697834, -0.117430635, 7.205751, 0.5631488, -0.74212766, 0.36093232, -0.04287056, 1599.2438, 1599.2438, 955.4326, 717.9146, , 
65849.966386125, 003953, -1.7591765, -0.117017105, 7.2106795, 0.55628437, -0.74105096, 0.37178707, -0.05626323, 1599.2438, 1599.2438, 955.4338, 717.9136, , 
65849.983055, 003954, -1.7535543, -0.11676716, 7.213094, 0.55292976, -0.7404297, 0.37705034, -0.06217406, 1598.7919, 1598.7919, 955.4354, 717.9128, , 
65849.999723916, 003955, -1.7478449, -0.11643263, 7.2155986, 0.5497634, -0.73958164, 0.3822984, -0.068024755, 1598.7919, 1598.7919, 955.43646, 717.91156, , 
65850.016392958, 003956, -1.7426748, -0.11663331, 7.2182856, 0.5467599, -0.73847044, 0.38762522, -0.07390311, 1598.7919, 1598.7919, 955.43713, 717.9096, , 
65850.033061916, 003957, -1.7370172, -0.11635556, 7.2210298, 0.5439378, -0.7371194, 0.39296347, -0.07978997, 1598.7919, 1598.7919, 955.4376, 717.90594, , 
65850.04973075, 003958, -1.7311131, -0.11592628, 7.223838, 0.5412275, -0.7356601, 0.39819476, -0.08554428, 1598.7919, 1598.7919, 955.43787, 717.90283, , 
65850.066399708, 003959, -1.725006, -0.115477405, 7.2266836, 0.53857124, -0.7342187, 0.4032103, -0.091023766, 1598.7919, 1598.7919, 955.4381, 717.8997, , 
65850.083068708, 003960, -1.7186824, -0.115082525, 7.2295556, 0.5358627, -0.7329366, 0.4079451, -0.096103735, 1599.2438, 1599.2438, 955.4384, 717.897, , 
65850.116406625, 003961, -1.7049303, -0.11531252, 7.2346835, 0.53022134, -0.73094857, 0.41651604, -0.105327785, 1599.2438, 1599.2438, 955.44055, 717.8931, , 
65850.133075416, 003962, -1.6980324, -0.11533441, 7.2376165, 0.5275753, -0.73007303, 0.420173, -0.11005649, 1599.2438, 1599.2438, 955.441, 717.8922, , 
65850.149744458, 003963, -1.6912585, -0.11518031, 7.2408805, 0.52523166, -0.7291597, 0.42335337, -0.115020506, 1599.2438, 1599.2438, 955.44055, 717.8911, , 
65850.166413416, 003964, -1.684519, -0.11498518, 7.244316, 0.52314353, -0.7282229, 0.42610848, -0.12018235, 1599.2438, 1599.2438, 955.43933, 717.8904, , 
65850.183082375, 003965, -1.6777345, -0.11482006, 7.247822, 0.52124697, -0.7273142, 0.42847726, -0.12539124, 1599.2438, 1599.2438, 955.4376, 717.8897, , 
65850.199751208, 003966, -1.670814, -0.11474568, 7.2512994, 0.5194557, -0.7265507, 0.43045095, -0.13039133, 1598.7919, 1598.7919, 955.4357, 717.8894, , 
65850.233089083, 003967, -1.6558644, -0.11620352, 7.258426, 0.5161343, -0.72565424, 0.4332696, -0.13895574, 1598.7919, 1598.7919, 955.4321, 717.891, , 
65850.249758125, 003968, -1.6482692, -0.11649234, 7.261491, 0.51475066, -0.7252878, 0.43436727, -0.14252898, 1598.7919, 1598.7919, 955.43085, 717.892, , 
65850.266427125, 003969, -1.6405691, -0.11669929, 7.264322, 0.5137945, -0.7247568, 0.43530777, -0.14577375, 1599.2438, 1599.2438, 955.4289, 717.89246, , 
65850.283095916, 003970, -1.6327834, -0.11684825, 7.266946, 0.5132557, -0.7240048, 0.43616775, -0.1488066, 1599.2438, 1599.2438, 955.42706, 717.89185, , 
65850.316433916, 003971, -1.6180774, -0.1171772, 7.2714977, 0.5131384, -0.72199976, 0.43768418, -0.15439457, 1599.2438, 1599.2438, 955.4216, 717.88794, , 
65850.333102833, 003972, -1.6103115, -0.11733001, 7.2735076, 0.513365, -0.72099924, 0.43819854, -0.15683973, 1599.2438, 1599.2438, 955.419, 717.88586, , 
65850.349771625, 003973, -1.602058, -0.11744173, 7.2753844, 0.51372254, -0.7200984, 0.4384384, -0.1591205, 1599.2438, 1599.2438, 955.41644, 717.88403, , 
65850.366440666, 003974, -1.5934087, -0.11752136, 7.277071, 0.51420486, -0.7193777, 0.43834457, -0.16106862, 1599.2438, 1599.2438, 955.4131, 717.88214, , 
65852.4000515, 004073, -0.6364878, -0.104177505, 6.68394, 0.65363544, -0.7155703, 0.2182838, 0.11433276, 1599.2438, 1599.2438, 955.3824, 717.831, , 
65852.416720416, 004074, -0.632032, -0.104909435, 6.674689, 0.654863, -0.7150881, 0.21533883, 0.115899265, 1599.2438, 1599.2438, 955.3807, 717.82996, , 
65852.433389416, 004075, -0.6275124, -0.10574723, 6.6653523, 0.6560253, -0.7146474, 0.21253234, 0.11721689, 1599.2438, 1599.2438, 955.3789, 717.82886, , 
65852.450058208, 004076, -0.6236039, -0.10668, 6.6555247, 0.65703535, -0.714342, 0.2098736, 0.118208095, 1599.2438, 1599.2438, 955.3771, 717.82794, , 
65852.483396208, 004077, -0.6160603, -0.10879131, 6.6355963, 0.65837574, -0.7143769, 0.2052276, 0.11869524, 1599.2438, 1599.2438, 955.3725, 717.82745, , 
65852.500065125, 004078, -0.6123392, -0.109856606, 6.6256876, 0.6588797, -0.71450883, 0.20349842, 0.118080586, 1599.2438, 1599.2438, 955.37054, 717.8274, , 
65852.516734, 004079, -0.6080138, -0.11114734, 6.6159897, 0.6594013, -0.7145913, 0.2021507, 0.11697944, 1599.2438, 1599.2438, 955.3676, 717.82684, , 
65852.533402875, 004080, -0.6036496, -0.112260945, 6.606262, 0.65994215, -0.71463853, 0.20116484, 0.115329154, 1599.2438, 1599.2438, 955.3653, 717.8258, , 
65852.550071916, 004081, -0.5996568, -0.11295519, 6.5961833, 0.66025937, -0.71475655, 0.20066538, 0.11364009, 1599.2438, 1599.2438, 955.3632, 717.8249, , 
65852.566740875, 004082, -0.59565425, -0.11339951, 6.585638, 0.660018, -0.71499777, 0.20107111, 0.112804614, 1599.2438, 1599.2438, 955.3622, 717.8249, , 
65852.600078625, 004083, -0.5873766, -0.11349332, 6.5634065, 0.6582489, -0.71530557, 0.2048979, 0.11429444, 1599.2438, 1599.2438, 955.36633, 717.82715, , 
65852.616747583, 004084, -0.58407754, -0.11381965, 6.552351, 0.6575551, -0.7149378, 0.20759314, 0.11571656, 1599.2438, 1599.2438, 955.371, 717.82745, , 
65852.633416666, 004085, -0.5803831, -0.113210015, 6.5413284, 0.657317, -0.7141938, 0.21013933, 0.11706023, 1598.7919, 1598.7919, 955.37415, 717.82623, , 
65852.650085583, 004086, -0.5766438, -0.112109125, 6.5305147, 0.657508, -0.71317613, 0.21237311, 0.118155256, 1599.2438, 1599.2438, 955.37683, 717.8238, , 
65852.666754416, 004087, -0.57291913, -0.11078338, 6.519887, 0.65782654, -0.7121335, 0.21425077, 0.119275905, 1599.2438, 1599.2438, 955.3797, 717.82, , 
65852.683423375, 004088, -0.5692057, -0.1093864, 6.5094247, 0.6579943, -0.7112263, 0.21599706, 0.120606564, 1599.2438, 1599.2438, 955.38214, 717.81775, , 
65852.716761291, 004089, -0.56275934, -0.10670457, 6.4896526, 0.6582208, -0.7098833, 0.2189934, 0.121873386, 1599.2438, 1599.2438, 955.3861, 717.81415, , 
65852.733430166, 004090, -0.5600147, -0.10541974, 6.4805455, 0.658579, -0.7094467, 0.21991467, 0.12081662, 1599.2438, 1599.2438, 955.3862, 717.8112, , 
65852.750099125, 004091, -0.5567287, -0.10399498, 6.471778, 0.65901375, -0.7092184, 0.22047761, 0.118741795, 1599.2438, 1599.2438, 955.3848, 717.809, , 
65852.766768083, 004092, -0.5531746, -0.10260123, 6.4632907, 0.65927845, -0.70928633, 0.22096507, 0.11592778, 1599.2438, 1599.2438, 955.38275, 717.8072, , 
65852.783437125, 004093, -0.5493849, -0.10134653, 6.4548917, 0.6591407, -0.7097898, 0.22131342, 0.11292658, 1599.2438, 1599.2438, 955.3797, 717.8063, , 
65852.800106041, 004094, -0.54534835, -0.1003117, 6.446381, 0.6583918, -0.71078837, 0.2215943, 0.11043607, 1599.2438, 1599.2438, 955.378, 717.80774, , 
65852.816774875, 004095, -0.54166, -0.09894247, 6.4377127, 0.65701634, -0.71214145, 0.22210535, 0.10887248, 1599.2438, 1599.2438, 955.37726, 717.8109, , 
65852.850112833, 004096, -0.5334196, -0.09742726, 6.42001, 0.6539764, -0.7146461, 0.22358823, 0.107722096, 1599.2438, 1599.2438, 955.37915, 717.8203, , 
65852.866781833, 004097, -0.5293946, -0.0968387, 6.4112477, 0.6528396, -0.7154793, 0.22432874, 0.10754768, 1599.2438, 1599.2438, 955.3803, 717.8235, , 
65852.883450541, 004098, -0.52556354, -0.096270286, 6.402605, 0.65215844, -0.7159142, 0.22495994, 0.107466996, 1599.2438, 1599.2438, 955.3816, 717.8259, , 
65852.900119583, 004099, -0.5219211, -0.09575014, 6.3940625, 0.65187395, -0.7160226, 0.22539689, 0.107556015, 1599.2438, 1599.2438, 955.38214, 717.8265, , 
65852.9167885, 004100, -0.5193793, -0.09518035, 6.386491, 0.65182805, -0.7159168, 0.22570966, 0.10788195, 1599.2438, 1599.2438, 955.38275, 717.8266, , 
65852.933457583, 004101, -0.5162377, -0.09488683, 6.378345, 0.65179104, -0.7158079, 0.22587213, 0.10848665, 1599.2438, 1599.2438, 955.38367, 717.82666, , 
65852.966795333, 004102, -0.50944656, -0.09493433, 6.361585, 0.65161157, -0.7157162, 0.22589824, 0.11010336, 1599.2438, 1599.2438, 955.3852, 717.8271, , 
65852.983464291, 004103, -0.50595933, -0.09523952, 6.3531013, 0.65146196, -0.71574974, 0.22582677, 0.11091393, 1599.2438, 1599.2438, 955.3861, 717.8278, , 
65853.000133166, 004104, -0.50244427, -0.09570666, 6.3445373, 0.6512899, -0.7158013, 0.22574763, 0.11174942, 1599.2438, 1599.2438, 955.3869, 717.8284, , 
65853.016802208, 004105, -0.49971157, -0.09670949, 6.336375, 0.65112895, -0.7158437, 0.22564065, 0.11262925, 1599.2438, 1599.2438, 955.38776, 717.8292, , 
65853.050140041, 004106, -0.49349314, -0.09869446, 6.319587, 0.6508201, -0.71606505, 0.224906, 0.11446138, 1599.2438, 1599.2438, 955.38934, 717.83136, , 
65853.066809, 004107, -0.4898696, -0.099551134, 6.3109407, 0.65078026, -0.71621466, 0.22414234, 0.11524668, 1599.2438, 1599.2438, 955.38947, 717.8323, , 
65853.083477958, 004108, -0.48611778, -0.1004114, 6.302233, 0.65085715, -0.7163587, 0.2230722, 0.11599121, 1599.2438, 1599.2438, 955.38934, 717.8331, , 
65853.100146958, 004109, -0.48227876, -0.10129846, 6.2934136, 0.651065, -0.71642315, 0.22180049, 0.11686202, 1599.2438, 1599.2438, 955.3889, 717.834, , 
65853.11681575, 004110, -0.47881624, -0.10224897, 6.284648, 0.6513766, -0.7164203, 0.22030535, 0.11796616, 1599.2438, 1599.2438, 955.3884, 717.8345, , 
65853.150153708, 004111, -0.47085002, -0.104210295, 6.2663236, 0.65226567, -0.71626323, 0.21674511, 0.12057424, 1599.2438, 1599.2438, 955.3874, 717.83527, , 
65853.166822708, 004112, -0.46667442, -0.10521108, 6.2568974, 0.6528448, -0.7161412, 0.21461503, 0.12196693, 1599.2438, 1599.2438, 955.38635, 717.8356, , 
65853.183491458, 004113, -0.4624306, -0.106223404, 6.2473507, 0.6534778, -0.716033, 0.21227984, 0.123291545, 1599.2438, 1599.2438, 955.3853, 717.8358, , 
65853.200160458, 004114, -0.45814776, -0.10723717, 6.2376814, 0.65414613, -0.7159266, 0.20981959, 0.12457004, 1599.2438, 1599.2438, 955.38403, 717.836, , 
65853.233498375, 004115, -0.44968754, -0.1092404, 6.2188525, 0.6555443, -0.71569145, 0.2050475, 0.1265029, 1599.2438, 1599.2438, 955.38074, 717.8361, , 
65853.250167375, 004116, -0.44539642, -0.11009537, 6.2092404, 0.6563261, -0.7155596, 0.20293096, 0.12660736, 1599.2438, 1599.2438, 955.3789, 717.8356, , 
65853.266836208, 004117, -0.44099337, -0.11080584, 6.199473, 0.65701944, -0.7155598, 0.20086491, 0.1263049, 1599.2438, 1599.2438, 955.37585, 717.8347, , 
65853.283505166, 004118, -0.43643677, -0.11143059, 6.189364, 0.6572979, -0.7158229, 0.19886318, 0.12653247, 1599.2438, 1599.2438, 955.37415, 717.8352, , 
65853.316843083, 004119, -0.42764133, -0.112342894, 6.167528, 0.65643436, -0.7165944, 0.1962833, 0.13061135, 1599.2438, 1599.2438, 955.37555, 717.8408, , 
65853.333511916, 004120, -0.42363364, -0.11236671, 6.1563587, 0.65614, -0.71650034, 0.19582249, 0.13327082, 1598.7919, 1598.7919, 955.3776, 717.8428, , 
65853.350180833, 004121, -0.4195482, -0.11193014, 6.145779, 0.6564409, -0.71593875, 0.19553432, 0.13521624, 1598.7919, 1598.7919, 955.37915, 717.8428, , 
65853.366849916, 004122, -0.41549516, -0.11112645, 6.1355867, 0.6572312, -0.71512944, 0.19501618, 0.13640274, 1599.2438, 1599.2438, 955.3795, 717.84033, , 
65853.400187875, 004123, -0.40727323, -0.10907046, 6.1152873, 0.6588169, -0.7136559, 0.19317524, 0.1390642, 1599.2438, 1599.2438, 955.3789, 717.8364, , 
65853.416856625, 004124, -0.40341294, -0.108032346, 6.104759, 0.6590531, -0.7131017, 0.1923717, 0.1418735, 1599.2438, 1599.2438, 955.38055, 717.83606, , 
65853.433525583, 004125, -0.3994941, -0.10705656, 6.094042, 0.6589771, -0.71258086, 0.1918385, 0.14551881, 1599.2438, 1599.2438, 955.3831, 717.83685, , 
65853.466863583, 004126, -0.39143986, -0.10513653, 6.0730033, 0.65900093, -0.7112974, 0.19093981, 0.1526951, 1599.2438, 1599.2438, 955.38904, 717.8384, , 
65853.483532416, 004127, -0.38757044, -0.10409427, 6.063089, 0.6595552, -0.7105235, 0.1900677, 0.1549764, 1599.2438, 1599.2438, 955.39075, 717.8375, , 
65853.500201333, 004128, -0.3839009, -0.103028886, 6.053527, 0.66046613, -0.70965445, 0.18880719, 0.15661047, 1599.2438, 1599.2438, 955.39075, 717.8358, , 
65853.53353925, 004129, -0.37855834, -0.101857275, 6.0348186, 0.6629987, -0.7075677, 0.18549408, 0.15928863, 1599.2438, 1599.2438, 955.38904, 717.8297, , 
65853.550208291, 004130, -0.37568954, -0.101072185, 6.025771, 0.6646137, -0.70629287, 0.1835001, 0.16052003, 1599.2438, 1599.2438, 955.38763, 717.82623, , 
65853.566877083, 004131, -0.37289378, -0.100332424, 6.016784, 0.66638106, -0.7049678, 0.18124895, 0.16157168, 1599.2438, 1599.2438, 955.38586, 717.8224, , 
65853.583546083, 004132, -0.37014085, -0.09971459, 6.00764, 0.6679998, -0.7037277, 0.17878945, 0.16302684, 1599.2438, 1599.2438, 955.3834, 717.81757, , 
65853.616884, 004133, -0.36510128, -0.09900194, 5.986917, 0.6701538, -0.70143646, 0.17413981, 0.1689854, 1599.2438, 1599.2438, 955.383, 717.8137, , 
65853.633552833, 004134, -0.3627088, -0.09875279, 5.9765015, 0.6709408, -0.70021385, 0.17211537, 0.17295992, 1599.2438, 1599.2438, 955.3847, 717.8125, , 
65853.65022175, 004135, -0.36045668, -0.09847197, 5.966449, 0.6717721, -0.6988706, 0.17040162, 0.17681983, 1599.2438, 1599.2438, 955.3862, 717.8113, , 
65853.68355975, 004136, -0.35648355, -0.0977838, 5.947209, 0.673663, -0.696139, 0.16798088, 0.1826227, 1599.2438, 1599.2438, 955.38904, 717.8065, , 
65853.70022875, 004137, -0.35468602, -0.0974676, 5.9379034, 0.6745113, -0.69501215, 0.1670654, 0.1846123, 1599.2438, 1599.2438, 955.3897, 717.80444, , 
65853.7168975, 004138, -0.35234842, -0.09756341, 5.9273634, 0.67508703, -0.694205, 0.16619116, 0.18632634, 1598.7919, 1598.7919, 955.3903, 717.8029, , 
65853.733566458, 004139, -0.3504243, -0.09761764, 5.9177012, 0.67538816, -0.6936883, 0.16528237, 0.18796074, 1598.7919, 1598.7919, 955.391, 717.80225, , 
65853.766904458, 004140, -0.3469714, -0.097990856, 5.8988647, 0.675451, -0.6932303, 0.16339667, 0.19104797, 1598.7919, 1598.7919, 955.39215, 717.80334, , 
65853.78357325, 004141, -0.34536135, -0.09829746, 5.8894424, 0.6754674, -0.69310373, 0.16239314, 0.1923007, 1598.7919, 1598.7919, 955.3925, 717.804, , 
65853.80024225, 004142, -0.3438437, -0.09867866, 5.879963, 0.6756156, -0.6929343, 0.16121493, 0.19337896, 1598.7919, 1598.7919, 955.3924, 717.8047, , 
65853.816911166, 004143, -0.34179682, -0.09884316, 5.8698683, 0.67595685, -0.6926215, 0.15989192, 0.19440238, 1598.7919, 1598.7919, 955.392, 717.80457, , 
65853.833580166, 004144, -0.3399682, -0.09911357, 5.859728, 0.67648464, -0.6921558, 0.1584996, 0.19536334, 1598.7919, 1598.7919, 955.3915, 717.80396, , 
65853.866917916, 004145, -0.3374761, -0.100244, 5.83962, 0.6778844, -0.69090843, 0.15585017, 0.19705065, 1598.7919, 1598.7919, 955.38983, 717.80084, , 
65853.883586958, 004146, -0.33640584, -0.10098306, 5.8293743, 0.6785644, -0.69029766, 0.15465993, 0.1977874, 1599.2438, 1599.2438, 955.3893, 717.7993, , 
65853.900255958, 004147, -0.33535436, -0.10182211, 5.8189845, 0.6791105, -0.6898479, 0.15346661, 0.19841065, 1599.2438, 1599.2438, 955.38855, 717.7981, , 
65853.916924916, 004148, -0.33410263, -0.10430345, 5.8084717, 0.6794781, -0.68963695, 0.15225829, 0.19881637, 1599.2438, 1599.2438, 955.3875, 717.7971, , 
65853.950262666, 004149, -0.3320678, -0.1067696, 5.787379, 0.68028677, -0.6893662, 0.150386, 0.19841447, 1599.2438, 1599.2438, 955.3853, 717.79565, , 
65853.966931583, 004150, -0.3312286, -0.10759081, 5.7768183, 0.680864, -0.68915594, 0.14980958, 0.19759922, 1599.2438, 1599.2438, 955.3834, 717.7937, , 
65853.983600625, 004151, -0.33051926, -0.108268455, 5.7662287, 0.6815692, -0.68884736, 0.14936985, 0.19657399, 1599.2438, 1599.2438, 955.38196, 717.7916, , 
65854.000269458, 004152, -0.3302807, -0.10946028, 5.7547994, 0.6823447, -0.68848985, 0.14900133, 0.19541247, 1599.2438, 1599.2438, 955.38043, 717.78925, , 
65854.033607375, 004153, -0.32967335, -0.110954046, 5.73274, 0.6838909, -0.687973, 0.14762491, 0.19285583, 1599.2438, 1599.2438, 955.3762, 717.7838, , 
65854.050276375, 004154, -0.32920238, -0.1112514, 5.721903, 0.6845193, -0.68798906, 0.14626056, 0.1916042, 1599.2438, 1599.2438, 955.37366, 717.7822, , 
65854.066945375, 004155, -0.32868898, -0.111388385, 5.71074, 0.6848323, -0.6880688, 0.14504173, 0.19112545, 1599.2438, 1599.2438, 955.3712, 717.7813, , 
65854.083614125, 004156, -0.32820815, -0.111370236, 5.699084, 0.68478245, -0.68798757, 0.14445455, 0.19203883, 1599.2438, 1599.2438, 955.3711, 717.7817, , 
65854.100283083, 004157, -0.32785624, -0.111153975, 5.6870484, 0.68459547, -0.6875677, 0.14453523, 0.19413733, 1599.2438, 1599.2438, 955.3726, 717.7824, , 
65854.133621125, 004158, -0.32807785, -0.11098393, 5.6623416, 0.68492115, -0.685362, 0.14605714, 0.19957274, 1599.2438, 1599.2438, 955.3795, 717.7812, , 
65854.150289916, 004159, -0.32852107, -0.11008905, 5.650351, 0.6855451, -0.6837423, 0.14698003, 0.20229034, 1599.2438, 1599.2438, 955.38275, 717.7789, , 
65854.166958833, 004160, -0.3292221, -0.10899047, 5.638585, 0.6863031, -0.6820843, 0.14747189, 0.20494182, 1598.7919, 1598.7919, 955.3866, 717.7752, , 
65854.183627833, 004161, -0.33023614, -0.107862175, 5.6269455, 0.68688804, -0.68058103, 0.14713556, 0.2081958, 1598.7919, 1598.7919, 955.3893, 717.7733, , 
65854.20029675, 004162, -0.33161795, -0.10681, 5.615459, 0.6871992, -0.679297, 0.14575963, 0.21229024, 1599.2438, 1599.2438, 955.3919, 717.77295, , 
65854.233634625, 004163, -0.33494693, -0.105645016, 5.5920563, 0.6878188, -0.6773596, 0.13915952, 0.2207351, 1599.2438, 1599.2438, 955.39484, 717.7752, , 
65854.250303583, 004164, -0.33731008, -0.10487001, 5.5816565, 0.6884122, -0.6767032, 0.13366611, 0.22426488, 1599.2438, 1599.2438, 955.3932, 717.7763, , 
65854.2669725, 004165, -0.34002095, -0.1041404, 5.571745, 0.6890265, -0.676261, 0.12701914, 0.22755149, 1598.7919, 1598.7919, 955.3901, 717.7778, , 
65854.283641458, 004166, -0.34303534, -0.10355469, 5.562049, 0.68954027, -0.6759323, 0.11976273, 0.23088239, 1599.2438, 1599.2438, 955.3851, 717.7802, , 
65854.300310291, 004167, -0.3463832, -0.10306856, 5.553036, 0.6898489, -0.6756103, 0.112403534, 0.2345735, 1599.2438, 1599.2438, 955.3815, 717.78265, , 
65854.31697925, 004168, -0.34998915, -0.102831334, 5.543663, 0.6898305, -0.6751897, 0.10521099, 0.23913066, 1599.2438, 1599.2438, 955.37866, 717.78564, , 
65854.35031725, 004169, -0.3580103, -0.10308842, 5.523226, 0.6888032, -0.67358786, 0.09193554, 0.25174853, 1599.2438, 1599.2438, 955.37714, 717.7958, , 
65854.366986208, 004170, -0.36260486, -0.10341735, 5.5126467, 0.6881701, -0.67206407, 0.08584401, 0.25958177, 1599.2438, 1599.2438, 955.37854, 717.80035, , 
65854.383655083, 004171, -0.3676613, -0.103819765, 5.502072, 0.68771183, -0.66987544, 0.07996744, 0.26818758, 1599.2438, 1599.2438, 955.3817, 717.80554, , 
65856.400596291, 004261, -0.31270528, -0.12002541, 4.529373, 0.6599595, -0.7096475, 0.17005128, 0.1787083, 1599.2438, 1599.2438, 955.3932, 717.8453, , 
65856.41726525, 004262, -0.3087347, -0.120139, 4.5222454, 0.6584774, -0.7118045, 0.17131203, 0.17433892, 1599.2438, 1599.2438, 955.391, 717.8486, , 
65856.450603166, 004263, -0.3005126, -0.120573536, 4.5070987, 0.65492064, -0.7158974, 0.17392227, 0.16828883, 1599.2438, 1599.2438, 955.38916, 717.85876, , 
65856.467271958, 004264, -0.29633242, -0.12073849, 4.4991794, 0.65331244, -0.71743757, 0.17533323, 0.1665068, 1599.2438, 1599.2438, 955.38983, 717.8631, , 
65856.483940958, 004265, -0.29244393, -0.12074552, 4.491143, 0.6521339, -0.71847576, 0.17669822, 0.16520217, 1599.2438, 1599.2438, 955.39087, 717.8671, , 
65856.500609958, 004266, -0.28891614, -0.12054992, 4.4830594, 0.6514641, -0.71901315, 0.17794397, 0.16416653, 1599.2438, 1599.2438, 955.3916, 717.8685, , 
65856.533947833, 004267, -0.28382838, -0.11966714, 4.4665875, 0.6511195, -0.71909887, 0.18031038, 0.1625683, 1599.2438, 1599.2438, 955.3924, 717.86774, , 
65856.550616666, 004268, -0.28117844, -0.11907826, 4.458382, 0.6510444, -0.7190451, 0.18122867, 0.16208504, 1599.2438, 1599.2438, 955.39276, 717.8671, , 
65856.567285583, 004269, -0.27855596, -0.11844657, 4.450081, 0.65082294, -0.7191198, 0.18170565, 0.16210893, 1599.2438, 1599.2438, 955.3932, 717.8671, , 
65856.600623625, 004270, -0.273774, -0.116934255, 4.4332905, 0.6503058, -0.7192886, 0.18179384, 0.16333184, 1599.2438, 1599.2438, 955.39496, 717.86896, , 
65856.617292416, 004271, -0.27185678, -0.11588355, 4.4247365, 0.65044236, -0.71906316, 0.18163, 0.16396192, 1599.2438, 1599.2438, 955.3954, 717.8689, , 
65856.633961333, 004272, -0.27020332, -0.11470182, 4.416406, 0.6509863, -0.7185526, 0.1813489, 0.16435209, 1599.2438, 1599.2438, 955.3954, 717.8678, , 
65856.650630333, 004273, -0.26876387, -0.11347751, 4.4083858, 0.6518957, -0.7178298, 0.18076773, 0.16454615, 1599.2438, 1599.2438, 955.39435, 717.86487, , 
65856.683968166, 004274, -0.26646066, -0.11104907, 4.392627, 0.6544572, -0.7160222, 0.17799996, 0.16526976, 1599.2438, 1599.2438, 955.3911, 717.85876, , 
65856.700637166, 004275, -0.26554, -0.109854504, 4.3847175, 0.6559829, -0.7149629, 0.17578027, 0.16618006, 1599.2438, 1599.2438, 955.3884, 717.8546, , 
65856.717306083, 004276, -0.26545572, -0.10872881, 4.377139, 0.65779734, -0.71366626, 0.1730671, 0.16742449, 1599.2438, 1599.2438, 955.3862, 717.8511, , 
65856.733975041, 004277, -0.26540965, -0.10749709, 4.3695474, 0.6598723, -0.7122191, 0.16990627, 0.16865504, 1599.2438, 1599.2438, 955.38367, 717.847, , 
65856.767312833, 004278, -0.26459163, -0.10470773, 4.3536744, 0.6641079, -0.7093151, 0.16272856, 0.17132479, 1599.2438, 1599.2438, 955.3766, 717.8368, , 
65856.78398175, 004279, -0.264103, -0.10333168, 4.3452907, 0.66579044, -0.7079706, 0.1593081, 0.17355555, 1599.2438, 1599.2438, 955.3745, 717.8335, , 
65856.80065075, 004280, -0.2636636, -0.10199967, 4.3366275, 0.6671462, -0.7066325, 0.15637055, 0.17645042, 1599.2438, 1599.2438, 955.3732, 717.8302, , 
65856.81731975, 004281, -0.2638109, -0.10019006, 4.328017, 0.66835326, -0.7052172, 0.154001, 0.17960042, 1599.2438, 1599.2438, 955.3732, 717.82806, , 
65856.8506575, 004282, -0.26403022, -0.09683338, 4.310837, 0.6708455, -0.70224386, 0.15053096, 0.18482469, 1599.2438, 1599.2438, 955.37366, 717.82275, , 
65856.867326416, 004283, -0.26405227, -0.09538011, 4.302386, 0.67224467, -0.70074165, 0.14907524, 0.18661432, 1599.2438, 1599.2438, 955.3734, 717.8181, , 
65856.8839955, 004284, -0.26408905, -0.09406194, 4.294055, 0.6736512, -0.69935936, 0.14748535, 0.18798581, 1599.2438, 1599.2438, 955.37274, 717.81445, , 
65856.900664416, 004285, -0.26413718, -0.09294181, 4.2857456, 0.6749539, -0.698177, 0.14552861, 0.18922895, 1599.2438, 1599.2438, 955.3717, 717.81104, , 
65856.93400225, 004286, -0.26467192, -0.0907089, 4.270274, 0.6767519, -0.6967134, 0.14043573, 0.19202906, 1599.2438, 1599.2438, 955.3688, 717.80695, , 
65856.950671166, 004287, -0.26470968, -0.09027548, 4.2618356, 0.677148, -0.6964273, 0.1378043, 0.19357088, 1599.2438, 1599.2438, 955.36774, 717.8069, , 
65856.967340083, 004288, -0.26471198, -0.090110615, 4.253178, 0.67737997, -0.6963395, 0.13532561, 0.1948197, 1599.2438, 1599.2438, 955.36633, 717.8076, , 
65856.984008958, 004289, -0.2647787, -0.09012483, 4.2443786, 0.67757374, -0.6963425, 0.13291095, 0.19579487, 1599.2438, 1599.2438, 955.3652, 717.8084, , 
65857.000677916, 004290, -0.26495805, -0.09027802, 4.235423, 0.67781746, -0.6962891, 0.13058084, 0.19670692, 1599.2438, 1599.2438, 955.364, 717.8089, , 
65857.034015916, 004291, -0.26642656, -0.0915928, 4.2171216, 0.6785335, -0.69573176, 0.12617977, 0.19906856, 1599.2438, 1599.2438, 955.3616, 717.8092, , 
65857.050684875, 004292, -0.26710048, -0.092263035, 4.2075357, 0.67897856, -0.6952301, 0.123979226, 0.2006795, 1599.2438, 1599.2438, 955.3609, 717.80896, , 
65857.067353625, 004293, -0.26784003, -0.092993855, 4.197747, 0.679533, -0.694541, 0.121838935, 0.20249203, 1599.2438, 1599.2438, 955.3603, 717.80817, , 
65857.084022625, 004294, -0.268677, -0.09379905, 4.18784, 0.6802174, -0.6937088, 0.11972753, 0.20429794, 1599.2438, 1599.2438, 955.35986, 717.80707, , 
65857.100691625, 004295, -0.2695911, -0.09465715, 4.1778774, 0.68101543, -0.69281274, 0.11756625, 0.20592883, 1599.2438, 1599.2438, 955.35925, 717.80554, , 
65857.134029375, 004296, -0.27123284, -0.09697574, 4.1578927, 0.6825545, -0.69115907, 0.11286099, 0.20899974, 1599.2438, 1599.2438, 955.3572, 717.802, , 
65857.15069825, 004297, -0.2721452, -0.098042935, 4.1476884, 0.68308854, -0.6905193, 0.11015799, 0.210804, 1599.2438, 1599.2438, 955.3563, 717.80133, , 
65857.167367291, 004298, -0.27316105, -0.099030204, 4.137377, 0.6835323, -0.6899384, 0.10714476, 0.21281101, 1599.2438, 1599.2438, 955.3554, 717.8011, , 
65857.184036291, 004299, -0.27430558, -0.09985933, 4.1270504, 0.684085, -0.68928385, 0.10395961, 0.21472722, 1599.6957, 1599.6957, 955.3541, 717.8007, , 
65857.217374083, 004300, -0.276721, -0.100918904, 4.1062045, 0.68577826, -0.6879242, 0.09759115, 0.21666655, 1599.2438, 1599.2438, 955.3505, 717.79785, , 
65857.234043083, 004301, -0.27797645, -0.10115725, 4.095574, 0.686699, -0.6872514, 0.09470201, 0.21716703, 1599.2438, 1599.2438, 955.3478, 717.7952, , 
65857.250712, 004302, -0.27928403, -0.10113712, 4.085043, 0.6874756, -0.6866047, 0.092384204, 0.21775329, 1599.2438, 1599.2438, 955.3461, 717.7933, , 
65857.267380958, 004303, -0.28057966, -0.100943685, 4.074366, 0.68796647, -0.68602085, 0.09078317, 0.21871439, 1599.2438, 1599.2438, 955.34534, 717.79193, , 
65857.300718666, 004304, -0.28310195, -0.10012826, 4.052439, 0.6880946, -0.68486094, 0.08962144, 0.22239427, 1599.2438, 1599.2438, 955.3468, 717.7916, , 
65857.317387708, 004305, -0.28422165, -0.09969231, 4.0406065, 0.688003, -0.68420255, 0.08975879, 0.2246375, 1599.2438, 1599.2438, 955.34845, 717.7919, , 
65857.334056666, 004306, -0.28536972, -0.09907052, 4.028994, 0.68796337, -0.68340856, 0.09013636, 0.22701219, 1599.2438, 1599.2438, 955.3504, 717.792, , 
65857.350725708, 004307, -0.28664201, -0.09821561, 4.018049, 0.688023, -0.6824506, 0.090579964, 0.22952315, 1599.2438, 1599.2438, 955.35345, 717.79175, , 
65857.3840635, 004308, -0.28934228, -0.09622096, 3.9977548, 0.6886837, -0.6803671, 0.09069194, 0.23364557, 1599.2438, 1599.2438, 955.3572, 717.78986, , 
65857.400732458, 004309, -0.29061192, -0.095189475, 3.9884012, 0.68920386, -0.67959875, 0.08976351, 0.23470439, 1599.2438, 1599.2438, 955.3576, 717.78796, , 
65857.417401375, 004310, -0.2916483, -0.09463705, 3.978626, 0.6896765, -0.67913944, 0.08804762, 0.23529458, 1599.2438, 1599.2438, 955.3568, 717.78674, , 
65857.434070166, 004311, -0.2925808, -0.09412317, 3.9692008, 0.68994385, -0.67897975, 0.085811965, 0.23579706, 1599.2438, 1599.2438, 955.3555, 717.7863, , 
65857.467408166, 004312, -0.29414964, -0.09283244, 3.951809, 0.68981683, -0.67936677, 0.08098538, 0.23675895, 1599.6957, 1599.6957, 955.3519, 717.7879, , 
65857.484077083, 004313, -0.29477173, -0.0922661, 3.9432268, 0.68937415, -0.67981476, 0.07852636, 0.23758984, 1599.2438, 1599.2438, 955.35065, 717.7898, , 
65857.500746041, 004314, -0.29531267, -0.09180247, 3.9345365, 0.68863237, -0.68032193, 0.07635319, 0.23899314, 1599.2438, 1599.2438, 955.34985, 717.7936, , 
65857.517414875, 004315, -0.29580057, -0.09134216, 3.9256897, 0.6876256, -0.6807894, 0.07460839, 0.24110276, 1599.2438, 1599.2438, 955.3501, 717.79736, , 
65857.534083875, 004316, -0.29631656, -0.091001555, 3.9167635, 0.6865034, -0.68108356, 0.07317549, 0.24389257, 1599.2438, 1599.2438, 955.35114, 717.8015, , 
65857.567421791, 004317, -0.29756582, -0.09066386, 3.899089, 0.68459964, -0.68089324, 0.070397675, 0.25050336, 1599.6957, 1599.6957, 955.3551, 717.81036, , 
65857.584090583, 004318, -0.298325, -0.090553716, 3.8904731, 0.6840535, -0.6803377, 0.06873983, 0.2539413, 1599.2438, 1599.2438, 955.3567, 717.8129, , 
65857.6007595, 004319, -0.2991286, -0.0904815, 3.8819826, 0.68374896, -0.6795282, 0.06680051, 0.2574227, 1599.2438, 1599.2438, 955.358, 717.81476, , 
65857.634097541, 004320, -0.30085978, -0.09054959, 3.8646746, 0.6837084, -0.6772161, 0.062205162, 0.2646727, 1599.2438, 1599.2438, 955.36066, 717.81696, , 
65857.650766458, 004321, -0.30177993, -0.09076378, 3.8561335, 0.68376726, -0.6758103, 0.059651487, 0.2686716, 1599.2438, 1599.2438, 955.3618, 717.8174, , 
65857.667435291, 004322, -0.30271578, -0.09109152, 3.8475628, 0.6838271, -0.6743539, 0.057032514, 0.27271715, 1599.2438, 1599.2438, 955.36334, 717.81793, , 
65857.68410425, 004323, -0.30362058, -0.0915262, 3.8389714, 0.68387043, -0.67294556, 0.05435885, 0.27660564, 1599.2438, 1599.2438, 955.3644, 717.81836, , 
65857.71744225, 004324, -0.3052643, -0.09290492, 3.8214219, 0.6840075, -0.67032784, 0.048665732, 0.2835946, 1599.2438, 1599.2438, 955.3658, 717.81915, , 
65857.734110958, 004325, -0.30600178, -0.09382741, 3.812431, 0.68406284, -0.66910905, 0.045451276, 0.28685445, 1599.2438, 1599.2438, 955.3659, 717.8195, , 
65857.750779958, 004326, -0.30672655, -0.09473557, 3.8034544, 0.68402666, -0.66788316, 0.041986957, 0.2903042, 1599.2438, 1599.2438, 955.3658, 717.82, , 
65857.767449, 004327, -0.307491, -0.09568766, 3.7943134, 0.6839547, -0.6664957, 0.038362145, 0.29413897, 1599.2438, 1599.2438, 955.366, 717.8209, , 
65857.800786875, 004328, -0.30925146, -0.09763859, 3.775582, 0.6841103, -0.66284806, 0.030700779, 0.3027921, 1599.2438, 1599.2438, 955.3668, 717.8214, , 
65857.817455708, 004329, -0.31000888, -0.098759055, 3.7655675, 0.68442976, -0.6606977, 0.026399631, 0.3071441, 1599.2438, 1599.2438, 955.36694, 717.8205, , 
65857.834124583, 004330, -0.31078476, -0.09975931, 3.7557344, 0.68495, -0.658476, 0.021465113, 0.31111446, 1599.2438, 1599.2438, 955.3661, 717.819, , 
65857.850793583, 004331, -0.31168216, -0.1005733, 3.7462835, 0.68556684, -0.65617746, 0.015828675, 0.3149267, 1599.2438, 1599.2438, 955.3646, 717.817, , 
65857.884131458, 004332, -0.3138328, -0.102073476, 3.7272296, 0.6866964, -0.6509381, 0.0034481385, 0.3235981, 1599.2438, 1599.2438, 955.3609, 717.81195, , 
65857.900800375, 004333, -0.31510025, -0.10281655, 3.7174675, 0.687209, -0.64790195, -0.0025815729, 0.32857287, 1599.2438, 1599.2438, 955.36, 717.8099, , 
65857.917469375, 004334, -0.3161925, -0.10441508, 3.7071545, 0.68775505, -0.64479285, -0.008389026, 0.3334139, 1599.2438, 1599.2438, 955.35925, 717.8074, , 
65857.950807291, 004335, -0.31895196, -0.105832145, 3.6868, 0.68877035, -0.6381267, -0.020016931, 0.34349534, 1599.2438, 1599.2438, 955.3577, 717.8013, , 
65857.967476125, 004336, -0.32084766, -0.10621701, 3.6764941, 0.68936443, -0.6338755, -0.025168924, 0.3497785, 1599.2438, 1599.2438, 955.3586, 717.79846, , 
65857.984145041, 004337, -0.3231018, -0.106420845, 3.666414, 0.69026923, -0.6289814, -0.030071666, 0.35637954, 1599.2438, 1599.2438, 955.361, 717.7937, , 
65858.000814083, 004338, -0.32550848, -0.10637814, 3.6569781, 0.69167894, -0.62398225, -0.035269983, 0.36191487, 1599.2438, 1599.2438, 955.3622, 717.7882, , 
65858.034151833, 004339, -0.32901603, -0.1059364, 3.6385722, 0.69508237, -0.6155938, -0.04795633, 0.36824587, 1599.2438, 1599.2438, 955.3594, 717.77313, , 
65858.050820791, 004340, -0.3312849, -0.10549509, 3.6302667, 0.69647557, -0.61199266, -0.05484866, 0.37064597, 1599.2438, 1599.2438, 955.3554, 717.76324, , 
65858.067489708, 004341, -0.33396217, -0.104983166, 3.621907, 0.6975157, -0.6083049, -0.061484214, 0.37370667, 1599.2438, 1599.2438, 955.3531, 717.7569, , 
65858.10082775, 004342, -0.34101397, -0.10387741, 3.6040218, 0.6985868, -0.59900165, -0.07175836, 0.38473922, 1599.2438, 1599.2438, 955.3546, 717.74713, , 
65858.117496541, 004343, -0.3445127, -0.10378167, 3.594197, 0.6986275, -0.5929633, -0.075215034, 0.39326432, 1599.2438, 1599.2438, 955.3594, 717.7452, , 
65858.134165458, 004344, -0.34909472, -0.103289716, 3.5849006, 0.6985379, -0.58638227, -0.078554265, 0.40252942, 1598.7919, 1598.7919, 955.3659, 717.74414, , 
65858.167503458, 004345, -0.35850787, -0.10168329, 3.5688899, 0.69832355, -0.57444954, -0.08777705, 0.41790807, 1599.2438, 1599.2438, 955.3776, 717.74054, , 
65858.18417225, 004346, -0.3627913, -0.10082856, 3.5621688, 0.69795763, -0.5698517, -0.09404995, 0.42341328, 1599.2438, 1599.2438, 955.379, 717.7385, , 
65858.200841208, 004347, -0.3667773, -0.100113496, 3.5560572, 0.69736296, -0.5661288, -0.100752786, 0.42782232, 1599.2438, 1599.2438, 955.37823, 717.7361, , 
65858.217510208, 004348, -0.37016618, -0.09955497, 3.54934, 0.6965487, -0.56304914, -0.10748394, 0.4315586, 1599.2438, 1599.2438, 955.3766, 717.7347, , 
65858.250847958, 004349, -0.3777206, -0.09932936, 3.5375402, 0.694053, -0.55769587, -0.1203526, 0.43906832, 1599.2438, 1599.2438, 955.3724, 717.73425, , 
65858.267516958, 004350, -0.38199228, -0.09965414, 3.5315394, 0.6923031, -0.55478984, -0.12639998, 0.4437879, 1599.2438, 1599.2438, 955.37146, 717.7357, , 
65858.284185916, 004351, -0.38680714, -0.1001949, 3.5253384, 0.69038534, -0.5511914, -0.13221695, 0.4495273, 1599.2438, 1599.2438, 955.3717, 717.73804, , 
65858.317523833, 004352, -0.39813024, -0.101880446, 3.5135791, 0.6868849, -0.5414423, -0.14311625, 0.46319216, 1599.2438, 1599.2438, 955.37646, 717.7426, , 
65858.334192666, 004353, -0.40438974, -0.10263931, 3.5077546, 0.6855028, -0.535698, -0.14831254, 0.47023073, 1599.2438, 1599.2438, 955.3797, 717.7434, , 
65858.350861625, 004354, -0.41085213, -0.10325317, 3.5020216, 0.68437093, -0.5298081, -0.15344585, 0.47685865, 1599.2438, 1599.2438, 955.383, 717.7434, , 
65858.384199625, 004355, -0.42388403, -0.10435191, 3.491225, 0.6821507, -0.5190753, -0.16346821, 0.48837423, 1598.7919, 1598.7919, 955.3893, 717.7421, , 
65860.401140416, 004445, -1.1458849, -0.09916068, 3.5986006, -0.24705392, -0.04877566, 0.66487306, -0.70322764, 1599.6957, 1599.6957, 955.3495, 717.68365, , 
65860.434478125, 004446, -1.1533802, -0.0978159, 3.6083858, -0.2476408, -0.047981746, 0.6673292, -0.70074505, 1599.2438, 1599.2438, 955.3496, 717.6749, , 
65860.451147041, 004447, -1.1572953, -0.09724775, 3.6130831, -0.24832134, -0.04725685, 0.6682836, -0.6996431, 1599.2438, 1599.2438, 955.34937, 717.66943, , 
65860.484485083, 004448, -1.1652039, -0.09631746, 3.622598, -0.25016823, -0.04725036, 0.66945505, -0.6978634, 1599.6957, 1599.6957, 955.3509, 717.66315, , 
65860.501153791, 004449, -1.1691025, -0.09588383, 3.6272075, -0.25108382, -0.047388032, 0.6698533, -0.69714266, 1599.6957, 1599.6957, 955.35205, 717.6599, , 
65860.53449175, 004450, -1.1760019, -0.0953275, 3.63471, -0.25223303, -0.047185123, 0.6705489, -0.6960721, 1599.2438, 1599.2438, 955.3531, 717.6559, , 
65860.551160791, 004451, -1.1796887, -0.094942756, 3.6386976, -0.25260454, -0.04724244, 0.67059416, -0.6958898, 1599.2438, 1599.2438, 955.35333, 717.6548, , 
65860.584498583, 004452, -1.1872066, -0.09429202, 3.6469288, -0.25293723, -0.04941171, 0.6696366, -0.69654006, 1599.2438, 1599.2438, 955.3553, 717.65704, , 
65860.6011675, 004453, -1.190787, -0.09397305, 3.650898, -0.2529462, -0.050776858, 0.6690183, -0.69703263, 1599.2438, 1599.2438, 955.35645, 717.6592, , 
65860.634505375, 004454, -1.1966352, -0.09344058, 3.6572974, -0.25244594, -0.05159629, 0.66849506, -0.6976555, 1599.2438, 1599.2438, 955.3572, 717.66235, , 
65860.651174208, 004455, -1.1997348, -0.093039535, 3.6607056, -0.2518003, -0.05181251, 0.6684402, -0.6979254, 1599.2438, 1599.2438, 955.3568, 717.66327, , 
65860.667843208, 004456, -1.2027891, -0.092663154, 3.6642635, -0.25071168, -0.05246175, 0.6685167, -0.6981955, 1599.2438, 1599.2438, 955.3563, 717.6646, , 
65860.701181125, 004457, -1.2085629, -0.09156671, 3.6714408, -0.24744712, -0.054103628, 0.6690889, -0.6986864, 1599.2438, 1599.2438, 955.3551, 717.6666, , 
65860.717849916, 004458, -1.2112797, -0.09098086, 3.6751814, -0.24550743, -0.05511378, 0.6694996, -0.69889826, 1599.2438, 1599.2438, 955.3544, 717.6675, , 
65860.751187875, 004459, -1.2165684, -0.090531915, 3.6833522, -0.24156924, -0.057910316, 0.67014724, -0.6994236, 1599.2438, 1599.2438, 955.35297, 717.67017, , 
65860.767856833, 004460, -1.2192228, -0.09056909, 3.6876957, -0.23986831, -0.059594277, 0.67018324, -0.699833, 1599.2438, 1599.2438, 955.35284, 717.67175, , 
65860.801194583, 004461, -1.2247163, -0.09113024, 3.696855, -0.23747534, -0.063519575, 0.6694197, -0.70103353, 1599.2438, 1599.2438, 955.3539, 717.67773, , 
65860.817863583, 004462, -1.2270272, -0.09144277, 3.7010436, -0.23670201, -0.06587142, 0.66891634, -0.7015583, 1599.2438, 1599.2438, 955.3551, 717.68054, , 
65860.8512015, 004463, -1.2322266, -0.09257382, 3.710629, -0.2361729, -0.07032001, 0.66824585, -0.70194376, 1599.2438, 1599.2438, 955.3586, 717.68475, , 
65860.867870333, 004464, -1.2347851, -0.09335347, 3.7156904, -0.23631509, -0.072782, 0.66810435, -0.7017796, 1599.2438, 1599.2438, 955.36066, 717.6854, , 
65860.901208333, 004465, -1.2399088, -0.09532652, 3.726333, -0.23665287, -0.078611314, 0.6681607, -0.70098287, 1598.7919, 1598.7919, 955.3667, 717.6856, , 
65860.917877208, 004466, -1.2425967, -0.096483156, 3.7318296, -0.23673189, -0.081669316, 0.66818964, -0.70057887, 1599.2438, 1599.2438, 955.3695, 717.6855, , 
65860.951215041, 004467, -1.2486411, -0.09903771, 3.7431417, -0.23665437, -0.087568946, 0.66791695, -0.70015234, 1599.2438, 1599.2438, 955.3758, 717.68665, , 
65860.967883958, 004468, -1.2520791, -0.10038644, 3.748871, -0.23619318, -0.090520516, 0.6674852, -0.7003445, 1599.2438, 1599.2438, 955.37823, 717.6886, , 
65861.001221875, 004469, -1.2595268, -0.10279474, 3.7599645, -0.23373291, -0.09493777, 0.66707855, -0.70097214, 1599.2438, 1599.2438, 955.3811, 717.6938, , 
65861.01789075, 004470, -1.2630923, -0.10439374, 3.7652447, -0.23218362, -0.09604728, 0.6670227, -0.70138884, 1599.2438, 1599.2438, 955.38074, 717.69556, , 
65861.051228708, 004471, -1.2721652, -0.10620014, 3.775768, -0.22848688, -0.097314455, 0.6663963, -0.7030218, 1599.2438, 1599.2438, 955.3783, 717.7021, , 
65861.067897583, 004472, -1.2771941, -0.10679704, 3.7810266, -0.22581373, -0.097949736, 0.66587967, -0.7042857, 1599.2438, 1599.2438, 955.3767, 717.70636, , 
65861.101235416, 004473, -1.2876736, -0.10716254, 3.791284, -0.21856926, -0.097438134, 0.66546035, -0.7070331, 1599.2438, 1599.2438, 955.36926, 717.71655, , 
65861.117904375, 004474, -1.2927434, -0.10683677, 3.795873, -0.21526887, -0.09673021, 0.66524625, -0.70834315, 1599.2438, 1599.2438, 955.3658, 717.7203, , 
65861.151242333, 004475, -1.3040074, -0.10571447, 3.8068569, -0.21117774, -0.09729918, 0.6644493, -0.7102422, 1599.2438, 1599.2438, 955.36194, 717.728, , 
65861.167911083, 004476, -1.3096625, -0.10491295, 3.812666, -0.21018064, -0.098358646, 0.66424876, -0.7105796, 1599.2438, 1599.2438, 955.36206, 717.73, , 
65861.201249, 004477, -1.3206689, -0.10284989, 3.8233995, -0.20842798, -0.09818528, 0.6648381, -0.71056867, 1599.2438, 1599.2438, 955.36053, 717.73004, , 
65861.217917875, 004478, -1.3257084, -0.10197921, 3.828286, -0.2073487, -0.09658808, 0.66527027, -0.7106987, 1599.2438, 1599.2438, 955.35834, 717.7294, , 
65861.251255833, 004479, -1.336919, -0.09989217, 3.8377357, -0.20478992, -0.09290254, 0.66541827, -0.71179265, 1599.2438, 1599.2438, 955.3531, 717.73016, , 
65861.26792475, 004480, -1.3427722, -0.098854624, 3.842533, -0.20377879, -0.0913941, 0.664999, -0.7126695, 1599.2438, 1599.2438, 955.3504, 717.7328, , 
65861.301262708, 004481, -1.3547819, -0.0968179, 3.8525524, -0.20306103, -0.089870706, 0.6633673, -0.7145861, 1599.6957, 1599.6957, 955.3486, 717.73816, , 
65861.317931416, 004482, -1.3604198, -0.097185336, 3.8588302, -0.20321202, -0.09010162, 0.66241646, -0.71539575, 1599.6957, 1599.6957, 955.34894, 717.7422, , 
65861.351269375, 004483, -1.3716644, -0.09572912, 3.8687694, -0.20339182, -0.089324765, 0.6618901, -0.7159291, 1599.6957, 1599.6957, 955.349, 717.7445, , 
65861.367938458, 004484, -1.3770142, -0.09471973, 3.8728566, -0.20332828, -0.087382264, 0.66244227, -0.715676, 1599.2438, 1599.2438, 955.34717, 717.7425, , 
65861.401276083, 004485, -1.3875711, -0.093008995, 3.880271, -0.2036136, -0.08199882, 0.66368717, -0.71507835, 1599.2438, 1599.2438, 955.34296, 717.7374, , 
65861.417945125, 004486, -1.3921202, -0.092767306, 3.8841755, -0.20408717, -0.079254426, 0.6640276, -0.7149368, 1599.2438, 1599.2438, 955.3411, 717.7355, , 
65861.451283, 004487, -1.4027154, -0.09204356, 3.891343, -0.20585789, -0.07187439, 0.66432947, -0.7149286, 1599.2438, 1599.2438, 955.3366, 717.7314, , 
65861.467951833, 004488, -1.4085534, -0.09163421, 3.8948035, -0.20731737, -0.067081794, 0.6640124, -0.7152672, 1599.6957, 1599.6957, 955.3343, 717.7302, , 
65861.50128975, 004489, -1.4211241, -0.09073217, 3.9021153, -0.21147367, -0.057615202, 0.66205794, -0.71668595, 1599.2438, 1599.2438, 955.32996, 717.731, , 
65861.51795875, 004490, -1.4273133, -0.08997841, 3.9061446, -0.2144322, -0.05325923, 0.66064066, -0.7174512, 1599.2438, 1599.2438, 955.3288, 717.7326, , 
65861.551296541, 004491, -1.4401305, -0.0886053, 3.914081, -0.22166638, -0.044672944, 0.6576076, -0.7186241, 1599.2438, 1599.2438, 955.3281, 717.7343, , 
65861.5679655, 004492, -1.4465091, -0.08795988, 3.9178944, -0.22574382, -0.039982732, 0.65603906, -0.71906453, 1599.2438, 1599.2438, 955.3279, 717.7347, , 
65861.601303375, 004493, -1.4591546, -0.08689912, 3.925417, -0.23526467, -0.030096846, 0.652562, -0.71965796, 1599.2438, 1599.2438, 955.32776, 717.73486, , 
65861.617972166, 004494, -1.4655907, -0.087463856, 3.930333, -0.24087192, -0.02497318, 0.6506808, -0.7197025, 1599.2438, 1599.2438, 955.3281, 717.7343, , 
65861.651310208, 004495, -1.4780582, -0.08742036, 3.9381843, -0.25255147, -0.01472473, 0.6466185, -0.71964264, 1599.2438, 1599.2438, 955.32947, 717.73267, , 
65861.667979125, 004496, -1.4842527, -0.087435246, 3.9417999, -0.258378, -0.009389356, 0.6444766, -0.719585, 1599.2438, 1599.2438, 955.3301, 717.73193, , 
65861.701316916, 004497, -1.4966229, -0.087863535, 3.9487107, -0.26964983, 0.0019125233, 0.6400597, -0.7194505, 1599.2438, 1599.2438, 955.33057, 717.7306, , 
65861.717985875, 004498, -1.5027834, -0.08895177, 3.9527106, -0.2751427, 0.0077452254, 0.6378659, -0.71927994, 1599.2438, 1599.2438, 955.33057, 717.7301, , 
65861.751323791, 004499, -1.5149953, -0.0903735, 3.9596655, -0.28626505, 0.019922044, 0.6332616, -0.71877337, 1599.2438, 1599.2438, 955.3303, 717.7286, , 
65861.767992625, 004500, -1.5211343, -0.09111898, 3.9630935, -0.2918944, 0.025994513, 0.63074744, -0.718526, 1599.2438, 1599.2438, 955.3302, 717.72815, , 
65861.8013305, 004501, -1.533533, -0.09285926, 3.9701173, -0.30323622, 0.037913118, 0.62523854, -0.71811366, 1599.2438, 1599.2438, 955.33057, 717.72815, , 
65861.817999541, 004502, -1.5397061, -0.09421578, 3.9747195, -0.30873194, 0.043997746, 0.62231386, -0.7179654, 1599.2438, 1599.2438, 955.33057, 717.7287, , 
65861.834668291, 004503, -1.5458535, -0.09521367, 3.9783049, -0.31432498, 0.050509017, 0.6192327, -0.7177739, 1599.2438, 1599.2438, 955.33044, 717.72943, , 
65861.851337208, 004504, -1.5519408, -0.09600801, 3.9814527, -0.32042438, 0.057528634, 0.6158627, -0.7174481, 1599.2438, 1599.2438, 955.3302, 717.7302, , 
65861.86800625, 004505, -1.5579932, -0.096641935, 3.9843714, -0.3270507, 0.06503038, 0.61208606, -0.7170492, 1599.2438, 1599.2438, 955.3302, 717.73083, , 
65861.901344166, 004506, -1.5700479, -0.09752546, 3.9901195, -0.34119564, 0.07975055, 0.60347724, -0.71626854, 1599.2438, 1599.2438, 955.33124, 717.7335, , 
65861.918012916, 004507, -1.576054, -0.09779824, 3.9931853, -0.3486409, 0.08667255, 0.5988646, -0.7157504, 1599.6957, 1599.6957, 955.3323, 717.7347, , 
65861.951350958, 004508, -1.5869269, -0.097716406, 3.9981332, -0.36333925, 0.100944966, 0.5900464, -0.71389073, 1599.6957, 1599.6957, 955.33435, 717.73505, , 
65861.968019916, 004509, -1.5918655, -0.097491935, 4.000101, -0.37028876, 0.108580604, 0.58589596, -0.7126166, 1599.6957, 1599.6957, 955.3346, 717.73456, , 
65862.001357625, 004510, -1.6009959, -0.096922986, 4.0029974, -0.38305682, 0.1247666, 0.57775676, -0.7098577, 1599.6957, 1599.6957, 955.3338, 717.7338, , 
65862.018026708, 004511, -1.6056718, -0.09628053, 4.005271, -0.38871667, 0.13288958, 0.5737715, -0.708538, 1599.6957, 1599.6957, 955.33264, 717.73425, , 
65862.051364541, 004512, -1.6142601, -0.095519796, 4.007467, -0.39902937, 0.14741038, 0.5660032, -0.7061772, 1599.2438, 1599.2438, 955.3311, 717.7359, , 
65862.068033375, 004513, -1.6183281, -0.09514877, 4.0081887, -0.40396658, 0.15364021, 0.5623883, -0.7049291, 1599.2438, 1599.2438, 955.3309, 717.7366, , 
65862.101371291, 004514, -1.626021, -0.094303824, 4.0091763, -0.4135507, 0.16489217, 0.5557758, -0.70206815, 1599.2438, 1599.2438, 955.3307, 717.7357, , 
65862.11804025, 004515, -1.6287833, -0.09388663, 4.009662, -0.4183912, 0.16977863, 0.55249685, -0.7006221, 1599.2438, 1599.2438, 955.331, 717.7347, , 
65862.134709041, 004516, -1.632016, -0.09359368, 4.0098834, -0.4231876, 0.17435864, 0.5490492, -0.6993256, 1599.2438, 1599.2438, 955.3317, 717.7342, , 
65862.168047, 004517, -1.6384226, -0.09334284, 4.009667, -0.43173394, 0.18342596, 0.5419368, -0.69732726, 1599.6957, 1599.6957, 955.333, 717.73505, , 
65862.184716, 004518, -1.6413105, -0.09331269, 4.009166, -0.43567702, 0.18837509, 0.538249, -0.6964111, 1599.6957, 1599.6957, 955.33344, 717.73676, , 
65862.201384958, 004519, -1.6438673, -0.093298346, 4.008381, -0.43952984, 0.1938128, 0.53451055, -0.69537663, 1599.6957, 1599.6957, 955.33344, 717.7384, , 
65862.21805375, 004520, -1.6466507, -0.09325161, 4.0070915, -0.4432922, 0.1997901, 0.5307552, -0.6941721, 1599.6957, 1599.6957, 955.333, 717.74, , 
65862.251391666, 004521, -1.6506162, -0.09318342, 4.0042458, -0.4507988, 0.21216206, 0.52317154, -0.6914183, 1599.2438, 1599.2438, 955.3316, 717.7435, , 
65862.268060666, 004522, -1.6522739, -0.093193516, 4.0025916, -0.45454735, 0.21817356, 0.5191866, -0.69009584, 1599.2438, 1599.2438, 955.331, 717.7453, , 
65862.284729458, 004523, -1.6538029, -0.0932064, 4.000815, -0.45822686, 0.22393323, 0.5152296, -0.688782, 1599.2438, 1599.2438, 955.3307, 717.74786, , 
65862.31806725, 004524, -1.6577116, -0.09312168, 3.9973316, -0.46550205, 0.23505889, 0.50774723, -0.6857462, 1599.2438, 1599.2438, 955.32996, 717.7506, , 
65862.334736333, 004525, -1.6592654, -0.09302362, 3.9952815, -0.46917686, 0.2404335, 0.5042009, -0.683993, 1599.2438, 1599.2438, 955.32947, 717.75146, , 
65862.368074083, 004526, -1.6615809, -0.09272532, 3.9907174, -0.47651613, 0.24979642, 0.4975904, -0.6803955, 1599.2438, 1599.2438, 955.3293, 717.7513, , 
65862.384743125, 004527, -1.6625631, -0.09251546, 3.9883292, -0.48014885, 0.25384468, 0.49458805, -0.6785297, 1599.2438, 1599.2438, 955.3294, 717.75006, , 
65864.418352541, 004613, -1.4158838, -0.078802384, 3.4296224, 0.676301, -0.60527205, -0.11209428, 0.40459558, 1599.2438, 1599.2438, 955.33057, 717.7973, , 
65864.451690291, 004614, -1.407537, -0.079109445, 3.420535, 0.6772036, -0.6093389, -0.10546797, 0.3987203, 1599.2438, 1599.2438, 955.3307, 717.7988, , 
65864.468359208, 004615, -1.4033216, -0.079229675, 3.416104, 0.67774576, -0.6112688, -0.1016657, 0.3958223, 1599.2438, 1599.2438, 955.331, 717.79926, , 
65864.485028166, 004616, -1.3990376, -0.07935071, 3.4117424, 0.678221, -0.6132029, -0.097714365, 0.39300177, 1599.2438, 1599.2438, 955.3317, 717.8002, , 
65864.518366, 004617, -1.3897051, -0.079575114, 3.4030669, 0.67879707, -0.6177174, -0.089640565, 0.38681304, 1599.2438, 1599.2438, 955.33264, 717.8025, , 
65864.535034958, 004618, -1.3848788, -0.07977281, 3.3989077, 0.67876524, -0.620432, -0.08555485, 0.38343495, 1599.2438, 1599.2438, 955.333, 717.8052, , 
65864.551703916, 004619, -1.3800476, -0.08006558, 3.3948362, 0.6784663, -0.62337226, -0.08141386, 0.38008198, 1599.2438, 1599.2438, 955.3333, 717.8081, , 
65864.585041833, 004620, -1.3702921, -0.08084056, 3.3869011, 0.67754066, -0.6296951, -0.07269405, 0.37301216, 1599.2438, 1599.2438, 955.3345, 717.8164, , 
65864.601710583, 004621, -1.3654443, -0.08125997, 3.3830447, 0.67708427, -0.632901, -0.06834211, 0.36921862, 1599.2438, 1599.2438, 955.33484, 717.81976, , 
65864.618379666, 004622, -1.3603822, -0.081831194, 3.3793166, 0.67665625, -0.6359935, -0.063971765, 0.36545333, 1599.2438, 1599.2438, 955.3352, 717.8231, , 
65864.635048541, 004623, -1.3554249, -0.08241765, 3.3755453, 0.6762935, -0.6388898, -0.059413347, 0.3618244, 1599.2438, 1599.2438, 955.336, 717.8271, , 
65864.668386375, 004624, -1.3461668, -0.08356213, 3.3678062, 0.6757861, -0.6439891, -0.05045145, 0.35502955, 1599.2438, 1599.2438, 955.33765, 717.8322, , 
65864.685055291, 004625, -1.3417507, -0.084193006, 3.3639355, 0.6756741, -0.64620477, -0.046181433, 0.351783, 1599.2438, 1599.2438, 955.3383, 717.83417, , 
65864.701724291, 004626, -1.3374394, -0.08489933, 3.3600512, 0.67558193, -0.6482845, -0.041882876, 0.34865752, 1599.2438, 1599.2438, 955.33936, 717.83636, , 
65864.73506225, 004627, -1.3284458, -0.08648497, 3.3526106, 0.67517775, -0.6522474, -0.032858837, 0.34297, 1599.2438, 1599.2438, 955.3418, 717.8402, , 
65864.751731041, 004628, -1.3242294, -0.08734832, 3.348774, 0.67485726, -0.6543108, -0.028014764, 0.34008852, 1599.2438, 1599.2438, 955.34393, 717.84326, , 
65864.7684, 004629, -1.3201772, -0.08812699, 3.3450046, 0.6745357, -0.6563258, -0.023372388, 0.3371821, 1599.6957, 1599.6957, 955.34534, 717.8454, , 
65864.785068958, 004630, -1.3163463, -0.08875128, 3.3413477, 0.6742805, -0.6582403, -0.019068183, 0.33421847, 1599.6957, 1599.6957, 955.34656, 717.8473, , 
65864.818406708, 004631, -1.3091712, -0.089644395, 3.3343542, 0.6740625, -0.66171986, -0.011385023, 0.32808048, 1599.2438, 1599.2438, 955.3483, 717.8499, , 
65864.835075666, 004632, -1.306008, -0.08978835, 3.3310785, 0.673947, -0.66336477, -0.00833287, 0.32507423, 1599.6957, 1599.6957, 955.3487, 717.8507, , 
65864.851744666, 004633, -1.3031162, -0.08971247, 3.3279357, 0.67376083, -0.66501534, -0.005851346, 0.32212842, 1599.6957, 1599.6957, 955.34845, 717.8519, , 
65864.868413625, 004634, -1.3004396, -0.08946496, 3.3248925, 0.67356235, -0.66663486, -0.003881266, 0.31921268, 1599.6957, 1599.6957, 955.34796, 717.8528, , 
65864.885082541, 004635, -1.2979511, -0.08909334, 3.3219666, 0.6734234, -0.66822094, -0.0023149878, 0.3161904, 1599.6957, 1599.6957, 955.34717, 717.85345, , 
65864.918420375, 004636, -1.2938265, -0.08834402, 3.316284, 0.67338336, -0.67108935, 0.0002955079, 0.31015128, 1599.2438, 1599.2438, 955.3445, 717.8538, , 
65864.93508925, 004637, -1.2920878, -0.08805545, 3.313444, 0.67342687, -0.67242277, 0.0015648361, 0.30715066, 1599.2438, 1599.2438, 955.3433, 717.8537, , 
65864.951758291, 004638, -1.2903144, -0.0877572, 3.3105807, 0.67348343, -0.67371386, 0.0027790077, 0.3041744, 1599.2438, 1599.2438, 955.34216, 717.8535, , 
65864.985096, 004639, -1.2872361, -0.08713929, 3.3048236, 0.67361873, -0.6762219, 0.0046649775, 0.29822817, 1599.2438, 1599.2438, 955.3392, 717.853, , 
65865.001764958, 004640, -1.285935, -0.08685133, 3.3019564, 0.6736854, -0.67753834, 0.0055897487, 0.295057, 1599.2438, 1599.2438, 955.3379, 717.8527, , 
65865.018434, 004641, -1.2853974, -0.08684605, 3.298732, 0.6737157, -0.67877066, 0.0062171253, 0.29212832, 1599.6957, 1599.6957, 955.3359, 717.85254, , 
65865.05177175, 004642, -1.2845454, -0.08649328, 3.2922382, 0.6738724, -0.6806775, 0.0066108895, 0.28728127, 1599.6957, 1599.6957, 955.3331, 717.8518, , 
65865.068440708, 004643, -1.2844424, -0.08634652, 3.2887275, 0.67408735, -0.6812594, 0.0072886753, 0.2853748, 1599.6957, 1599.6957, 955.33185, 717.851, , 
65865.085109666, 004644, -1.2845032, -0.08629221, 3.2850392, 0.6744764, -0.68159497, 0.008716347, 0.28360885, 1599.6957, 1599.6957, 955.3315, 717.8499, , 
65865.118447458, 004645, -1.2849504, -0.08664484, 3.276584, 0.6754429, -0.68175524, 0.012686031, 0.28075933, 1599.6957, 1599.6957, 955.3316, 717.84674, , 
65865.135116375, 004646, -1.2853311, -0.08709872, 3.2721896, 0.6757234, -0.6817493, 0.01456887, 0.28000656, 1599.6957, 1599.6957, 955.33215, 717.84534, , 
65865.168454333, 004647, -1.2861251, -0.08853032, 3.2632668, 0.675804, -0.68181133, 0.017795162, 0.27947372, 1599.6957, 1599.6957, 955.3338, 717.8448, , 
65865.185123291, 004648, -1.2864516, -0.089440785, 3.258736, 0.67566293, -0.6820006, 0.019403702, 0.27924606, 1599.2438, 1599.2438, 955.33496, 717.8453, , 
65865.201792125, 004649, -1.286657, -0.090448074, 3.2542126, 0.6754207, -0.6824272, 0.02135511, 0.27864638, 1599.2438, 1599.2438, 955.3359, 717.84595, , 
65865.235130041, 004650, -1.2863398, -0.09310371, 3.2440364, 0.6743431, -0.6840451, 0.027280983, 0.2767659, 1599.2438, 1599.2438, 955.33923, 717.8495, , 
65865.251799, 004651, -1.2861276, -0.09440346, 3.2391796, 0.6736214, -0.6850132, 0.031882297, 0.27563515, 1599.2438, 1599.2438, 955.3416, 717.8516, , 
65865.268467791, 004652, -1.2858608, -0.09570968, 3.234288, 0.67285264, -0.6858974, 0.03746331, 0.27460986, 1599.2438, 1599.2438, 955.34485, 717.8539, , 
65865.30180575, 004653, -1.2848618, -0.09811299, 3.2249942, 0.6714533, -0.6877103, 0.04974278, 0.27153373, 1599.2438, 1599.2438, 955.35345, 717.8581, , 
65865.318474708, 004654, -1.2842547, -0.09932165, 3.2206671, 0.6710344, -0.6887461, 0.05544481, 0.26882616, 1599.2438, 1599.2438, 955.35626, 717.859, , 
65865.335143458, 004655, -1.2832496, -0.10019977, 3.216742, 0.6705839, -0.69002193, 0.060442362, 0.265582, 1599.2438, 1599.2438, 955.3586, 717.85986, , 
65865.368481375, 004656, -1.2802968, -0.10138942, 3.2095487, 0.66934395, -0.6931667, 0.069807775, 0.25811926, 1599.2438, 1599.2438, 955.3608, 717.8618, , 
65865.385150375, 004657, -1.2783761, -0.101749755, 3.2062657, 0.66866773, -0.6949048, 0.0751789, 0.25365096, 1599.2438, 1599.2438, 955.3618, 717.8627, , 
65865.418488083, 004658, -1.2737097, -0.10214408, 3.200334, 0.6672246, -0.6986927, 0.08780015, 0.24275725, 1599.2438, 1599.2438, 955.3644, 717.864, , 
65865.435157041, 004659, -1.2709203, -0.102336, 3.1979105, 0.66646373, -0.70077884, 0.094408944, 0.23626666, 1599.6957, 1599.6957, 955.36505, 717.86426, , 
65865.451826083, 004660, -1.2677687, -0.102595374, 3.1958516, 0.665534, -0.7030697, 0.10111461, 0.22920151, 1599.6957, 1599.6957, 955.36554, 717.8647, , 
65865.485164, 004661, -1.2605867, -0.10332842, 3.1922667, 0.66275567, -0.7081031, 0.114488505, 0.21502845, 1599.6957, 1599.6957, 955.3662, 717.8673, , 
65865.501832791, 004662, -1.2566144, -0.10380679, 3.190672, 0.6608019, -0.71077836, 0.12127935, 0.2083899, 1599.2438, 1599.2438, 955.36774, 717.87103, , 
65865.53517075, 004663, -1.2476666, -0.10433278, 3.1885252, 0.6568354, -0.7156982, 0.13578844, 0.19469154, 1599.2438, 1599.2438, 955.3708, 717.87665, , 
65865.551839666, 004664, -1.2432212, -0.10458926, 3.1880877, 0.65524596, -0.7176586, 0.14335944, 0.18726203, 1599.2438, 1599.2438, 955.37225, 717.878, , 
65865.568508416, 004665, -1.2387701, -0.10477562, 3.1880913, 0.6540203, -0.71925867, 0.15074506, 0.17944482, 1599.2438, 1599.2438, 955.37274, 717.87744, , 
65865.585177458, 004666, -1.2342931, -0.104933836, 3.1884751, 0.653085, -0.7205626, 0.15787393, 0.17130485, 1599.2438, 1599.2438, 955.3725, 717.87585, , 
65865.618515416, 004667, -1.2247427, -0.10573327, 3.1892123, 0.6512068, -0.7227761, 0.17198084, 0.15474805, 1599.2438, 1599.2438, 955.3709, 717.8707, , 
65865.635184041, 004668, -1.2196803, -0.10628857, 3.1898427, 0.6497615, -0.7239897, 0.17911997, 0.14685024, 1599.2438, 1599.2438, 955.3708, 717.8694, , 
65865.668522083, 004669, -1.2089375, -0.107625104, 3.1915185, 0.64549655, -0.726807, 0.19371966, 0.13250858, 1599.2438, 1599.2438, 955.3731, 717.8705, , 
65865.685191083, 004670, -1.2033132, -0.108330764, 3.1925151, 0.6429635, -0.7281521, 0.20138447, 0.12584415, 1599.2438, 1599.2438, 955.37506, 717.8717, , 
65865.718528791, 004671, -1.1920027, -0.10996963, 3.1947153, 0.6379764, -0.73002917, 0.21756469, 0.11273522, 1599.2438, 1599.2438, 955.38043, 717.8725, , 
65865.735197791, 004672, -1.1863178, -0.11045842, 3.1962106, 0.6357176, -0.7304107, 0.22609566, 0.10603884, 1599.2438, 1599.2438, 955.38275, 717.8712, , 
65865.751866791, 004673, -1.1806153, -0.11082979, 3.1979063, 0.6335366, -0.73050594, 0.23481706, 0.099264495, 1599.2438, 1599.2438, 955.3851, 717.86914, , 
65865.785204541, 004674, -1.1689608, -0.11152041, 3.2017674, 0.6287485, -0.730408, 0.2526228, 0.085798144, 1599.2438, 1599.2438, 955.391, 717.8633, , 
65865.8018735, 004675, -1.162957, -0.11207494, 3.203967, 0.6260825, -0.7303169, 0.2615679, 0.07899595, 1599.2438, 1599.2438, 955.3937, 717.861, , 
65865.835211458, 004676, -1.1506475, -0.11289862, 3.20911, 0.62041116, -0.72991455, 0.2795812, 0.06441311, 1598.7919, 1598.7919, 955.3996, 717.8552, , 
65865.851880375, 004677, -1.1443464, -0.11317283, 3.212131, 0.61746037, -0.7296246, 0.28844917, 0.05645915, 1598.7919, 1598.7919, 955.40155, 717.85254, , 
65865.868549166, 004678, -1.137931, -0.113404386, 3.2154272, 0.61438686, -0.72935593, 0.29705754, 0.048223775, 1599.2438, 1599.2438, 955.4031, 717.84985, , 
65865.901887125, 004679, -1.1247543, -0.11376827, 3.2227705, 0.6076185, -0.72909826, 0.31339604, 0.03159839, 1599.2438, 1599.2438, 955.406, 717.84564, , 
65865.918556125, 004680, -1.1179982, -0.11393396, 3.2267275, 0.60401297, -0.7290275, 0.3211533, 0.023405015, 1599.2438, 1599.2438, 955.40717, 717.8447, , 
65865.951893833, 004681, -1.1043152, -0.1142352, 3.235253, 0.5970866, -0.7284163, 0.3359362, 0.006627846, 1599.2438, 1599.2438, 955.4087, 717.8419, , 
65865.968562791, 004682, -1.0974466, -0.114327095, 3.2398343, 0.59384775, -0.7278609, 0.34286922, -0.0020179187, 1599.2438, 1599.2438, 955.40845, 717.8402, , 
65865.985231791, 004683, -1.090524, -0.11440992, 3.2445278, 0.5906159, -0.7272523, 0.3495217, -0.010560843, 1599.2438, 1599.2438, 955.4077, 717.8379, , 
65866.018569541, 004684, -1.0773642, -0.11434117, 3.2528865, 0.5837245, -0.7262212, 0.36219785, -0.026100125, 1599.2438, 1599.2438, 955.4076, 717.8359, , 
65866.0352385, 004685, -1.0705596, -0.11434987, 3.2571661, 0.58009905, -0.7257898, 0.3682581, -0.03316964, 1599.2438, 1599.2438, 955.40857, 717.8355, , 
65866.051907375, 004686, -1.0635827, -0.1143677, 3.2616942, 0.5764959, -0.7253207, 0.37409702, -0.04017053, 1599.2438, 1599.2438, 955.4091, 717.8353, , 
65866.068576416, 004687, -1.0566001, -0.11433753, 3.2663689, 0.57297885, -0.72481084, 0.37962186, -0.047239553, 1593.369, 1593.369, 955.4095, 717.83514, , 
65866.08524525, 004688, -1.0496827, -0.11423893, 3.271139, 0.56966823, -0.7242312, 0.3847114, -0.054447178, 1593.369, 1593.369, 955.4091, 717.83496, , 
65866.118583208, 004689, -1.0363145, -0.11393076, 3.2806697, 0.5635603, -0.7229738, 0.39356416, -0.069396354, 1593.369, 1593.369, 955.40656, 717.83484, , 
65866.135252125, 004690, -1.0295726, -0.1137379, 3.2855248, 0.56043357, -0.72241724, 0.3976019, -0.07707272, 1596.0804, 1596.0804, 955.40497, 717.8354, , 
65866.168589833, 004691, -1.0156506, -0.113429606, 3.2953107, 0.5535118, -0.7216697, 0.40527797, -0.09255876, 1596.0804, 1596.0804, 955.40125, 717.8389, , 
65866.185258833, 004692, -1.0084573, -0.11336877, 3.3001459, 0.5496901, -0.7215784, 0.40883166, -0.10010954, 1595.6285, 1595.6285, 955.4001, 717.8417, , 
65866.218596791, 004693, -0.9943537, -0.113720335, 3.3087175, 0.5418128, -0.7222753, 0.4143466, -0.11434236, 1598.34, 1598.34, 955.3982, 717.85205, , 
65866.235265541, 004694, -0.98688906, -0.11384335, 3.3132827, 0.5379731, -0.72300184, 0.4161781, -0.121034004, 1598.34, 1598.34, 955.3975, 717.85803, , 
65866.2686035, 004695, -0.9717703, -0.1139331, 3.322316, 0.53107107, -0.724416, 0.41867888, -0.13376462, 1600.5995, 1600.5995, 955.3955, 717.8728, , 
65866.285272458, 004696, -0.9642615, -0.113888994, 3.3265758, 0.5279962, -0.7246794, 0.4201517, -0.13975827, 1600.5995, 1600.5995, 955.3946, 717.878, , 
65866.301941333, 004697, -0.9568031, -0.11380882, 3.330617, 0.52502, -0.72452676, 0.4221804, -0.1455286, 1600.5995, 1600.5995, 955.3939, 717.88184, , 
65866.335279083, 004698, -0.94083667, -0.11364576, 3.3385649, 0.51905483, -0.72336787, 0.42756012, -0.1565672, 1602.859, 1602.859, 955.39307, 717.88684, , 
65866.351948166, 004699, -0.93324244, -0.113579005, 3.3421578, 0.51599216, -0.72264624, 0.43047094, -0.16195454, 1602.859, 1602.859, 955.39294, 717.88837, , 
65866.368617083, 004700, -0.9256861, -0.11349739, 3.3456008, 0.5129403, -0.72199196, 0.43319324, -0.16722253, 1602.859, 1602.859, 955.39294, 717.8907, , 
65866.401954875, 004701, -0.9105597, -0.11326381, 3.3521037, 0.5072184, -0.72073394, 0.4379784, -0.17733274, 1605.1185, 1605.1185, 955.3929, 717.89453, , 
65868.418894875, 004796, 0.035029307, -0.093288146, 3.096176, 0.6254879, -0.7252756, 0.2855921, 0.03431368, 1600.5995, 1600.5995, 955.3725, 717.819, , 
65868.435563875, 004797, 0.040554613, -0.09448579, 3.089429, 0.6267907, -0.72520465, 0.28255522, 0.037072442, 1600.5995, 1600.5995, 955.3718, 717.8193, , 
65868.452232833, 004798, 0.04581196, -0.09530504, 3.0829017, 0.6282692, -0.7248779, 0.27977547, 0.0394386, 1600.5995, 1600.5995, 955.3708, 717.8184, , 
65868.468901583, 004799, 0.050913393, -0.09596382, 3.0764048, 0.6299608, -0.7243197, 0.2771295, 0.041348673, 1600.5995, 1600.5995, 955.3694, 717.8167, , 
65868.485570625, 004800, 0.05592963, -0.09654462, 3.0698628, 0.63178754, -0.7235528, 0.27473578, 0.04284982, 1600.5995, 1600.5995, 955.36774, 717.8142, , 
65868.502239541, 004801, 0.060942225, -0.097105704, 3.0632284, 0.63357675, -0.72269946, 0.27265155, 0.044125944, 1600.5995, 1600.5995, 955.3662, 717.8114, , 
65868.518908541, 004802, 0.06600312, -0.09826977, 3.0555284, 0.63540506, -0.72172, 0.27082762, 0.04509225, 1600.5995, 1600.5995, 955.36414, 717.80707, , 
65868.55224625, 004803, 0.07595313, -0.09900339, 3.0419047, 0.6394474, -0.71933764, 0.267683, 0.044792652, 1600.5995, 1600.5995, 955.35974, 717.79846, , 
65868.568915208, 004804, 0.08107533, -0.09884111, 3.0352283, 0.6414172, -0.7181529, 0.26629618, 0.043894686, 1600.5995, 1600.5995, 955.3559, 717.7921, , 
65868.58558425, 004805, 0.08642132, -0.09850259, 3.0282722, 0.6427663, -0.7172532, 0.26546648, 0.04389649, 1600.5995, 1600.5995, 955.3541, 717.7884, , 
65868.602253083, 004806, 0.09195622, -0.098037764, 3.020978, 0.6433968, -0.71663445, 0.2653727, 0.045311816, 1600.5995, 1600.5995, 955.3541, 717.78613, , 
65868.618921958, 004807, 0.097047105, -0.0977346, 3.0134397, 0.6436645, -0.71616036, 0.26558927, 0.047672942, 1600.5995, 1600.5995, 955.35626, 717.7844, , 
65868.652259833, 004808, 0.10751457, -0.09600645, 2.9992177, 0.6452474, -0.7148146, 0.26475248, 0.051009335, 1600.5995, 1600.5995, 955.3581, 717.7809, , 
65868.668928791, 004809, 0.11259762, -0.094895214, 2.9923315, 0.64670324, -0.71396494, 0.26326153, 0.052177303, 1600.5995, 1600.5995, 955.35706, 717.7772, , 
65868.685597791, 004810, 0.117650315, -0.09383353, 2.9853082, 0.64805335, -0.7131609, 0.26174554, 0.05401524, 1600.5995, 1600.5995, 955.35657, 717.7746, , 
65868.702266583, 004811, 0.122672774, -0.09289148, 2.9780164, 0.649165, -0.7123909, 0.2604567, 0.056976344, 1600.5995, 1600.5995, 955.35706, 717.7726, , 
65868.718935583, 004812, 0.127914, -0.09215845, 2.9702158, 0.6503135, -0.71149004, 0.25924608, 0.060545713, 1600.5995, 1600.5995, 955.3589, 717.76996, , 
65868.735604541, 004813, 0.13270251, -0.09137451, 2.9627619, 0.65170985, -0.7103564, 0.25802353, 0.06396805, 1600.5995, 1600.5995, 955.3603, 717.7672, , 
65868.768942208, 004814, 0.14146222, -0.0896959, 2.9488842, 0.65551865, -0.70778805, 0.2542206, 0.06857964, 1600.5995, 1600.5995, 955.3604, 717.7598, , 
65868.78561125, 004815, 0.14564894, -0.08883881, 2.9424098, 0.65762013, -0.706719, 0.2514407, 0.06972592, 1600.5995, 1600.5995, 955.3581, 717.7547, , 
65868.802280166, 004816, 0.14987275, -0.088062875, 2.9360645, 0.65937585, -0.7061091, 0.24826266, 0.070703536, 1600.5995, 1600.5995, 955.3559, 717.75214, , 
65868.818949208, 004817, 0.1541014, -0.08760332, 2.9297388, 0.66054285, -0.70603806, 0.2450517, 0.07171451, 1600.5995, 1600.5995, 955.3539, 717.7512, , 
65868.835618083, 004818, 0.15851267, -0.08726418, 2.9233627, 0.6609566, -0.7065488, 0.24204348, 0.07307541, 1600.5995, 1600.5995, 955.35205, 717.753, , 
65868.852286916, 004819, 0.16313076, -0.086955026, 2.916849, 0.6606671, -0.70753473, 0.23937197, 0.07493156, 1600.5995, 1600.5995, 955.35144, 717.7565, , 
65868.868955875, 004820, 0.16782485, -0.08671044, 2.9101934, 0.65993756, -0.7087144, 0.23716627, 0.07719107, 1600.5995, 1600.5995, 955.35156, 717.7611, , 
65868.885624791, 004821, 0.17248832, -0.086521834, 2.9034395, 0.6590794, -0.7098135, 0.23542936, 0.07970126, 1600.5995, 1600.5995, 955.3527, 717.76746, , 
65868.918962583, 004822, 0.18119933, -0.08596103, 2.8903847, 0.6579244, -0.7110182, 0.23308156, 0.08521513, 1600.5995, 1600.5995, 955.3558, 717.77435, , 
65868.935631541, 004823, 0.18556331, -0.08594796, 2.883392, 0.6576371, -0.71111906, 0.23234233, 0.0885451, 1600.5995, 1600.5995, 955.3586, 717.777, , 
65868.952300541, 004824, 0.18993405, -0.08613461, 2.8761387, 0.6574008, -0.71101755, 0.23179024, 0.09247514, 1600.5995, 1600.5995, 955.3612, 717.7785, , 
65868.968969416, 004825, 0.19430454, -0.08652273, 2.8686788, 0.65715355, -0.7108187, 0.2312417, 0.09702263, 1600.5995, 1600.5995, 955.3645, 717.78, , 
65868.985638416, 004826, 0.19869117, -0.08708927, 2.8611648, 0.65685207, -0.7106421, 0.23058982, 0.101791725, 1600.1476, 1600.1476, 955.36926, 717.78235, , 
65869.018976208, 004827, 0.20860256, -0.08820004, 2.8465526, 0.6564255, -0.7105352, 0.22820425, 0.11030899, 1600.5995, 1600.5995, 955.3752, 717.7864, , 
65869.035645166, 004828, 0.21345119, -0.08893105, 2.8394635, 0.6564151, -0.7105856, 0.22638783, 0.113735646, 1600.5995, 1600.5995, 955.3775, 717.789, , 
65869.052314041, 004829, 0.21816298, -0.08982952, 2.8324046, 0.65643144, -0.71076673, 0.22410329, 0.11698752, 1600.5995, 1600.5995, 955.37854, 717.7912, , 
65869.068982916, 004830, 0.2229157, -0.09082958, 2.8253229, 0.6564314, -0.7110617, 0.22135745, 0.12037427, 1600.5995, 1600.5995, 955.3794, 717.79395, , 
65869.085651791, 004831, 0.22775047, -0.09186253, 2.818254, 0.65647507, -0.71139634, 0.2182306, 0.12381919, 1600.5995, 1600.5995, 955.37994, 717.79694, , 
65869.10232075, 004832, 0.23262513, -0.092838146, 2.8112693, 0.6567671, -0.7116398, 0.21469282, 0.1270154, 1600.5995, 1600.5995, 955.37994, 717.80054, , 
65869.135658708, 004833, 0.24380058, -0.0946678, 2.7959633, 0.6581153, -0.71181124, 0.20640495, 0.13268727, 1600.5995, 1600.5995, 955.3776, 717.80414, , 
65869.152327541, 004834, 0.24902903, -0.09553301, 2.7886577, 0.65892553, -0.71170765, 0.20205022, 0.13588609, 1600.5995, 1600.5995, 955.376, 717.8061, , 
65869.168996541, 004835, 0.2541869, -0.09638439, 2.7813256, 0.6597436, -0.71147233, 0.19762914, 0.1396001, 1600.5995, 1600.5995, 955.3752, 717.80743, , 
65869.185665416, 004836, 0.25933838, -0.09717847, 2.773936, 0.6606615, -0.7110951, 0.19296019, 0.14365418, 1600.5995, 1600.5995, 955.3745, 717.80865, , 
65869.202334375, 004837, 0.2644472, -0.09784746, 2.7665515, 0.6618363, -0.7105326, 0.18784034, 0.147757, 1600.1476, 1600.1476, 955.37354, 717.80945, , 
65869.235672125, 004838, 0.27447465, -0.098359175, 2.751484, 0.66503614, -0.7088548, 0.1765672, 0.15516342, 1600.5995, 1600.5995, 955.36914, 717.80853, , 
65869.252341083, 004839, 0.27924836, -0.09850992, 2.744256, 0.66701055, -0.70768046, 0.17079167, 0.15847863, 1600.5995, 1600.5995, 955.3666, 717.8068, , 
65869.269010041, 004840, 0.28393668, -0.09850666, 2.7371154, 0.66913307, -0.70639175, 0.16505834, 0.16133004, 1600.5995, 1600.5995, 955.36273, 717.80334, , 
65869.285679, 004841, 0.2886024, -0.09839244, 2.7297952, 0.6711573, -0.7050533, 0.15944222, 0.16439569, 1600.5995, 1600.5995, 955.35986, 717.80054, , 
65869.319016791, 004842, 0.29727247, -0.09782118, 2.714595, 0.6744196, -0.70166504, 0.15015696, 0.17400357, 1600.5995, 1600.5995, 955.3581, 717.79535, , 
65869.33568575, 004843, 0.3011976, -0.097270295, 2.7071652, 0.6762162, -0.6994384, 0.14601001, 0.17943984, 1600.5995, 1600.5995, 955.3587, 717.7924, , 
65869.352354708, 004844, 0.30511528, -0.09661284, 2.7000086, 0.6785387, -0.69700927, 0.14133726, 0.18381278, 1600.5995, 1600.5995, 955.35834, 717.7881, , 
65869.369023541, 004845, 0.30898294, -0.09582452, 2.6932802, 0.68123066, -0.69462025, 0.13576093, 0.18707329, 1600.5995, 1600.5995, 955.35565, 717.78076, , 
65869.385692416, 004846, 0.312858, -0.09496923, 2.6867573, 0.6839142, -0.6924365, 0.12953487, 0.18977302, 1600.5995, 1600.5995, 955.3524, 717.77515, , 
65869.419030375, 004847, 0.32044458, -0.092980795, 2.6728268, 0.6880592, -0.688509, 0.11724911, 0.19693272, 1600.5995, 1600.5995, 955.3465, 717.7656, , 
65869.435699125, 004848, 0.32409272, -0.091965064, 2.6649864, 0.689185, -0.6864305, 0.112701096, 0.202819, 1600.5995, 1600.5995, 955.3468, 717.76373, , 
65869.452368166, 004849, 0.32767832, -0.09114254, 2.6566074, 0.68977576, -0.6839348, 0.10982442, 0.21066839, 1600.5995, 1600.5995, 955.34985, 717.76306, , 
65869.469037041, 004850, 0.33101892, -0.09033752, 2.6481762, 0.6902169, -0.68105066, 0.10805046, 0.21930753, 1600.5995, 1600.5995, 955.3568, 717.76263, , 
65869.485706083, 004851, 0.33413368, -0.08944275, 2.64029, 0.6909037, -0.6780747, 0.106360294, 0.22705573, 1600.5995, 1600.5995, 955.36206, 717.76154, , 
65869.502375, 004852, 0.33708942, -0.08847289, 2.633239, 0.6919515, -0.67529774, 0.10387666, 0.2332075, 1600.1476, 1600.1476, 955.3659, 717.7595, , 
65869.535712791, 004853, 0.34296224, -0.0869312, 2.6222527, 0.6943884, -0.6712365, 0.09539488, 0.24117665, 1604.6666, 1604.6666, 955.3667, 717.7537, , 
65869.552381708, 004854, 0.34586322, -0.086457975, 2.6171358, 0.6953082, -0.66988903, 0.08999547, 0.24432759, 1604.6666, 1604.6666, 955.3649, 717.75226, , 
65869.569050666, 004855, 0.34871286, -0.08625597, 2.6119537, 0.6958639, -0.66879904, 0.084419586, 0.24769863, 1604.6666, 1604.6666, 955.3631, 717.7519, , 
65869.585719416, 004856, 0.351456, -0.08626978, 2.6065404, 0.69610274, -0.6678086, 0.078900844, 0.25149015, 1605.1185, 1605.1185, 955.361, 717.75275, , 
65869.602388458, 004857, 0.35401535, -0.08644305, 2.6007547, 0.6960327, -0.66675454, 0.073738195, 0.2560069, 1602.859, 1602.859, 955.3603, 717.75433, , 
65869.619057333, 004858, 0.35642892, -0.08612481, 2.5944738, 0.69572234, -0.6654547, 0.06936605, 0.26139784, 1602.859, 1602.859, 955.36066, 717.7564, , 
65869.635726291, 004859, 0.35850298, -0.08584622, 2.5879118, 0.69547546, -0.6637056, 0.06582041, 0.26735067, 1602.859, 1602.859, 955.3631, 717.75903, , 
65869.669064041, 004860, 0.3615517, -0.08562124, 2.5750923, 0.69611335, -0.6589797, 0.06022448, 0.27846912, 1600.1476, 1600.1476, 955.36847, 717.75916, , 
65869.685733083, 004861, 0.362752, -0.08537141, 2.5691617, 0.69694424, -0.6564792, 0.057604, 0.2828173, 1600.5995, 1600.5995, 955.371, 717.75653, , 
65869.702401958, 004862, 0.36388838, -0.08509001, 2.563564, 0.69780165, -0.65429914, 0.05481436, 0.2862881, 1600.5995, 1600.5995, 955.3721, 717.75415, , 
65869.719070916, 004863, 0.36509496, -0.08548386, 2.5579436, 0.69832027, -0.6526731, 0.051878802, 0.28926682, 1600.5995, 1600.5995, 955.3725, 717.75256, , 
65869.735739791, 004864, 0.3663202, -0.0859784, 2.5523443, 0.698313, -0.65159184, 0.048971735, 0.29221356, 1598.34, 1598.34, 955.37274, 717.7526, , 
65869.752408708, 004865, 0.367539, -0.08631493, 2.5467787, 0.69777966, -0.65100837, 0.046195854, 0.2952247, 1598.34, 1598.34, 955.373, 717.75464, , 
65869.769077666, 004866, 0.36875945, -0.086679734, 2.5411513, 0.6968683, -0.6507958, 0.043562915, 0.29823095, 1598.34, 1598.34, 955.37335, 717.7578, , 
65869.785746625, 004867, 0.36992604, -0.087060936, 2.5354717, 0.6958758, -0.6507138, 0.04107313, 0.3010671, 1598.34, 1598.34, 955.3738, 717.7627, , 
65869.819084375, 004868, 0.37104455, -0.088491045, 2.524248, 0.6945147, -0.6500417, 0.03594939, 0.30627242, 1596.0804, 1596.0804, 955.3739, 717.7682, , 
65869.835753375, 004869, 0.3713119, -0.08902156, 2.5184207, 0.6942547, -0.6492117, 0.033151418, 0.3089266, 1596.0804, 1596.0804, 955.3739, 717.7696, , 
65869.85242225, 004870, 0.37145722, -0.08937806, 2.5123987, 0.6941976, -0.6480895, 0.030264992, 0.31169507, 1593.8209, 1593.8209, 955.3739, 717.7703, , 
65869.869091291, 004871, 0.37143427, -0.08968912, 2.50624, 0.6942628, -0.6467799, 0.027336424, 0.3145277, 1593.8209, 1593.8209, 955.374, 717.7703, , 
65869.885760041, 004872, 0.37128508, -0.09000064, 2.500011, 0.69437945, -0.64544433, 0.024300009, 0.31725094, 1593.8209, 1593.8209, 955.3739, 717.77014, , 
65869.902428958, 004873, 0.37104195, -0.090318285, 2.493749, 0.69452083, -0.6442012, 0.021075778, 0.31968963, 1593.8209, 1593.8209, 955.37335, 717.76965, , 
65869.935767, 004874, 0.3705359, -0.09209457, 2.480036, 0.6945915, -0.64219993, 0.014461671, 0.32390237, 1591.5614, 1591.5614, 955.3716, 717.76917, , 
65869.952435916, 004875, 0.37011552, -0.09266877, 2.473399, 0.69454193, -0.64137715, 0.011260037, 0.32576075, 1591.5614, 1591.5614, 955.37054, 717.76917, , 
65869.969104708, 004876, 0.36960518, -0.093138166, 2.4668024, 0.6945096, -0.64064586, 0.0081936475, 0.32735643, 1591.5614, 1591.5614, 955.369, 717.7691, , 
65869.985773666, 004877, 0.3689918, -0.09355497, 2.4601681, 0.6945183, -0.6399812, 0.005248278, 0.3286956, 1586.1385, 1586.1385, 955.36774, 717.7689, , 
65870.002442625, 004878, 0.3682438, -0.09394659, 2.4534206, 0.6945492, -0.63930327, 0.0025472639, 0.32997933, 1586.1385, 1586.1385, 955.36646, 717.76855, , 
65870.019111541, 004879, 0.36666563, -0.09463423, 2.4465933, 0.6946443, -0.6385023, 0.00021850498, 0.3313371, 1586.1385, 1586.1385, 955.3654, 717.768, , 
65870.052449291, 004880, 0.36402375, -0.095327355, 2.4326258, 0.6951898, -0.6364556, -0.0042694425, 0.33409163, 1601.9552, 1601.9552, 955.36426, 717.76587, , 
65870.069118291, 004881, 0.36266637, -0.095492795, 2.4256392, 0.6956452, -0.6353212, -0.0069059697, 0.33525684, 1601.9552, 1601.9552, 955.3631, 717.76355, , 
65870.085787208, 004882, 0.36125278, -0.09556759, 2.4186285, 0.6961757, -0.6341232, -0.009789508, 0.3363499, 1601.9552, 1601.9552, 955.3618, 717.76135, , 
65870.102456208, 004883, 0.35973322, -0.09557101, 2.4115162, 0.696723, -0.6327751, -0.012780859, 0.3376528, 1601.9552, 1601.9552, 955.36053, 717.7591, , 
65870.119124958, 004884, 0.3580401, -0.09552543, 2.4036558, 0.6972427, -0.63122106, -0.01570462, 0.33936107, 1601.9552, 1601.9552, 955.3594, 717.75604, , 
65870.135793958, 004885, 0.35626036, -0.09535657, 2.3957632, 0.6978711, -0.62944716, -0.018430758, 0.34122208, 1601.9552, 1601.9552, 955.3589, 717.7535, , 
65870.169131833, 004886, 0.35255003, -0.09465085, 2.3806665, 0.69937444, -0.62554115, -0.023683796, 0.34498233, 1601.9552, 1601.9552, 955.35846, 717.7464, , 
65870.185800625, 004887, 0.3506189, -0.09425082, 2.373061, 0.70000577, -0.62354285, -0.026147652, 0.3471349, 1601.9552, 1601.9552, 955.3586, 717.74365, , 
65870.202469583, 004888, 0.34859306, -0.093877636, 2.3652952, 0.70044917, -0.6214415, -0.028327929, 0.34982708, 1601.9552, 1601.9552, 955.35925, 717.7416, , 
65870.219138541, 004889, 0.34618866, -0.093442984, 2.3574798, 0.70074075, -0.6192128, -0.030290266, 0.35301626, 1601.9552, 1601.9552, 955.36115, 717.73956, , 
65870.235807541, 004890, 0.3436535, -0.09298529, 2.3496268, 0.70099235, -0.61683965, -0.032104604, 0.35649374, 1601.9552, 1601.9552, 955.363, 717.7382, , 
65870.269145208, 004891, 0.33861196, -0.092007376, 2.3341947, 0.701748, -0.6117604, -0.035254866, 0.36339512, 1601.9552, 1601.9552, 955.3675, 717.7354, , 
65870.285814208, 004892, 0.33614534, -0.09147099, 2.3268745, 0.70226926, -0.6093449, -0.03688426, 0.3662736, 1601.9552, 1601.9552, 955.37006, 717.7327, , 
65870.302483208, 004893, 0.33380467, -0.09092906, 2.3199015, 0.7027868, -0.6072713, -0.038925644, 0.36850646, 1601.9552, 1601.9552, 955.3711, 717.7305, , 
65870.319152125, 004894, 0.33166313, -0.09091796, 2.3130498, 0.70331776, -0.6055772, -0.041368853, 0.37001228, 1601.9552, 1601.9552, 955.3712, 717.72815, , 
65870.335820958, 004895, 0.32958072, -0.09058867, 2.3065903, 0.7037615, -0.6042153, -0.044087958, 0.37107942, 1601.9552, 1601.9552, 955.3702, 717.7249, , 
65870.369158875, 004896, 0.32568288, -0.08989927, 2.2940814, 0.7041895, -0.60234004, -0.04929252, 0.37265804, 1601.9552, 1601.9552, 955.36774, 717.7214, , 
65870.38582775, 004897, 0.3238348, -0.08963136, 2.2877898, 0.70414364, -0.6016933, -0.051638316, 0.37347075, 1601.5033, 1601.5033, 955.3662, 717.72034, , 
65870.402496791, 004898, 0.32200265, -0.089419544, 2.2813418, 0.7039528, -0.6010572, -0.053653162, 0.37456918, 1601.5033, 1601.5033, 955.36554, 717.7201, , 
65872.419435791, 004989, -0.23874079, -0.11537813, 1.4032056, 0.671264, -0.5227346, -0.16300845, 0.49958113, 1597.8881, 1597.8881, 955.3989, 717.76385, , 
65872.452773791, 004990, -0.24229944, -0.11346954, 1.3825412, 0.67236966, -0.5278649, -0.15892121, 0.49398562, 1597.8881, 1597.8881, 955.3956, 717.7633, , 
65872.469442708, 004991, -0.243977, -0.11238071, 1.3721926, 0.67270166, -0.5304657, -0.15641136, 0.49154255, 1597.8881, 1597.8881, 955.39435, 717.7638, , 
65872.486111666, 004992, -0.2458373, -0.111325264, 1.361689, 0.6728541, -0.5326023, -0.15321429, 0.49002802, 1597.8881, 1597.8881, 955.3946, 717.7661, , 
65872.519449333, 004993, -0.2506417, -0.10942781, 1.3396126, 0.67313695, -0.53560793, -0.14596206, 0.48857543, 1597.8881, 1597.8881, 955.3988, 717.77136, , 
65872.536118375, 004994, -0.25265613, -0.10824999, 1.3291918, 0.6736006, -0.536947, -0.14299354, 0.48734272, 1597.8881, 1597.8881, 955.401, 717.7729, , 
65872.569456125, 004995, -0.2555946, -0.105554536, 1.3100171, 0.67499334, -0.53960043, -0.14007781, 0.48331526, 1597.8881, 1597.8881, 955.39996, 717.771, , 
65872.586125, 004996, -0.2568595, -0.10428303, 1.300894, 0.67581373, -0.54062, -0.13980205, 0.48110422, 1597.8881, 1597.8881, 955.39795, 717.76855, , 
65872.619463, 004997, -0.25965327, -0.10149413, 1.2824825, 0.67756534, -0.54151744, -0.13993146, 0.47758076, 1597.8881, 1597.8881, 955.39404, 717.7617, , 
65872.636131916, 004998, -0.2610634, -0.10057339, 1.273581, 0.6785371, -0.54168713, -0.1399944, 0.47598752, 1597.8881, 1597.8881, 955.39276, 717.7585, , 
65872.65280075, 004999, -0.26241255, -0.09981222, 1.2647389, 0.6795185, -0.54200304, -0.14000425, 0.47422162, 1597.8881, 1597.8881, 955.39087, 717.7539, , 
65872.686138625, 005000, -0.26502293, -0.09872453, 1.2467699, 0.68092734, -0.543271, -0.13905434, 0.47101864, 1597.4362, 1597.4362, 955.3884, 717.74896, , 
65872.702807541, 005001, -0.26684445, -0.09867561, 1.2369543, 0.6811969, -0.54404557, -0.13750367, 0.4701892, 1597.4362, 1597.4362, 955.38855, 717.74866, , 
65872.719476333, 005002, -0.2684946, -0.098694965, 1.2272855, 0.681291, -0.5448701, -0.13510145, 0.4697945, 1597.8881, 1597.8881, 955.38983, 717.7499, , 
65872.752814291, 005003, -0.27111876, -0.09869172, 1.208805, 0.6817282, -0.54699004, -0.12848108, 0.46855232, 1597.8881, 1597.8881, 955.3947, 717.75385, , 
65872.769483208, 005004, -0.2720968, -0.09866254, 1.1999688, 0.68229204, -0.5484818, -0.12471498, 0.46700254, 1597.8881, 1597.8881, 955.3966, 717.75476, , 
65872.802820916, 005005, -0.27434993, -0.098737374, 1.1818261, 0.6837271, -0.55196124, -0.117227584, 0.46272415, 1597.8881, 1597.8881, 955.39923, 717.7551, , 
65872.819489916, 005006, -0.27549002, -0.09896738, 1.1726501, 0.6842976, -0.553749, -0.11359942, 0.46064517, 1597.8881, 1597.8881, 955.4002, 717.75543, , 
65872.836158916, 005007, -0.2763937, -0.099373706, 1.1637255, 0.68469745, -0.55539054, -0.11004649, 0.45893422, 1597.8881, 1597.8881, 955.4015, 717.7562, , 
65872.869496625, 005008, -0.27819893, -0.10063486, 1.1458638, 0.6852706, -0.5582173, -0.10360581, 0.45613986, 1597.8881, 1597.8881, 955.4046, 717.7585, , 
65872.886165541, 005009, -0.27915204, -0.101405084, 1.1368958, 0.68565655, -0.5595747, -0.1007339, 0.4545369, 1597.8881, 1597.8881, 955.4055, 717.7589, , 
65872.919503458, 005010, -0.28287697, -0.10368778, 1.1179441, 0.6866303, -0.5623536, -0.09495325, 0.4508672, 1597.4362, 1597.4362, 955.40717, 717.7589, , 
65872.9361725, 005011, -0.28430355, -0.10481833, 1.1085598, 0.6870239, -0.5637548, -0.091783054, 0.44917104, 1597.4362, 1597.4362, 955.4081, 717.75916, , 
65872.969510208, 005012, -0.28716645, -0.10716643, 1.0896775, 0.6876515, -0.5667053, -0.08520359, 0.44578108, 1597.4362, 1597.4362, 955.4109, 717.7606, , 
65872.986179166, 005013, -0.28862244, -0.10830707, 1.0802819, 0.6881305, -0.5684127, -0.08188657, 0.44348395, 1597.4362, 1597.4362, 955.41156, 717.76074, , 
65873.002848125, 005014, -0.29079586, -0.10866414, 1.0693322, 0.68879503, -0.5702802, -0.07861832, 0.44063717, 1597.4362, 1597.4362, 955.4117, 717.76013, , 
65873.036185833, 005015, -0.2943358, -0.11019744, 1.049292, 0.690273, -0.5744584, -0.07238695, 0.43391338, 1597.4362, 1597.4362, 955.41016, 717.75745, , 
65873.052854833, 005016, -0.2959367, -0.11120132, 1.039608, 0.6909341, -0.5767031, -0.06925552, 0.43038046, 1597.4362, 1597.4362, 955.4091, 717.7563, , 
65873.08619275, 005017, -0.2991048, -0.11316847, 1.0199612, 0.69206744, -0.5815335, -0.062962145, 0.42296243, 1597.8881, 1597.8881, 955.4064, 717.75446, , 
65873.1028615, 005018, -0.30139503, -0.1138964, 1.0088812, 0.69269, -0.58403856, -0.059798636, 0.4189315, 1597.8881, 1597.8881, 955.4047, 717.7535, , 
65873.119530458, 005019, -0.30344176, -0.1145899, 0.99827147, 0.69348997, -0.58643556, -0.05658613, 0.41468412, 1597.8881, 1597.8881, 955.40265, 717.75134, , 
65873.152868375, 005020, -0.306867, -0.11562434, 0.97825867, 0.69547766, -0.59131926, -0.050418533, 0.4051053, 1597.8881, 1597.8881, 955.39844, 717.74646, , 
65873.169537166, 005021, -0.30844483, -0.115866944, 0.96834385, 0.69638574, -0.59408563, -0.047584977, 0.3998058, 1597.8881, 1597.8881, 955.3945, 717.74316, , 
65873.186206083, 005022, -0.30998892, -0.11593503, 0.95832556, 0.6971159, -0.59696674, -0.04434855, 0.39457992, 1597.8881, 1597.8881, 955.3917, 717.7414, , 
65873.219543958, 005023, -0.31433535, -0.1154455, 0.93720853, 0.69811153, -0.6024652, -0.034924995, 0.38530022, 1597.8881, 1597.8881, 955.38947, 717.7399, , 
65873.236213, 005024, -0.3159998, -0.115015045, 0.9267925, 0.69834733, -0.60494214, -0.02908726, 0.3814578, 1597.8881, 1597.8881, 955.39087, 717.7405, , 
65873.26955075, 005025, -0.3187556, -0.113487504, 0.90666145, 0.6990655, -0.6091921, -0.017469473, 0.37401503, 1597.8881, 1597.8881, 955.3939, 717.74066, , 
65873.286219708, 005026, -0.31996375, -0.11244552, 0.89709127, 0.6996913, -0.61086595, -0.012271962, 0.37030292, 1597.8881, 1597.8881, 955.3955, 717.73914, , 
65873.302888625, 005027, -0.32155398, -0.11120334, 0.8873291, 0.7004346, -0.6123056, -0.0074971435, 0.36662933, 1597.8881, 1597.8881, 955.3965, 717.7373, , 
65873.319557375, 005028, -0.32280007, -0.11005295, 0.87812525, 0.7011814, -0.6136482, -0.003199361, 0.36300182, 1597.8881, 1597.8881, 955.39703, 717.73517, , 
65873.352895375, 005029, -0.32415083, -0.108232476, 0.8609703, 0.7023844, -0.6167134, 0.0048469207, 0.3553834, 1597.8881, 1597.8881, 955.39703, 717.73065, , 
65873.36956425, 005030, -0.32438725, -0.10758374, 0.8527068, 0.7027319, -0.6185454, 0.00896914, 0.35141015, 1597.8881, 1597.8881, 955.3968, 717.7294, , 
65873.38623325, 005031, -0.3243773, -0.10712421, 0.84455204, 0.7028093, -0.62057894, 0.013218839, 0.34751433, 1597.8881, 1597.8881, 955.3966, 717.7288, , 
65873.419571041, 005032, -0.32422012, -0.10635139, 0.82811964, 0.702039, -0.62513834, 0.022026312, 0.34037948, 1597.8881, 1597.8881, 955.39667, 717.7309, , 
65873.436239958, 005033, -0.32370764, -0.10625419, 0.8200163, 0.7011377, -0.62750626, 0.026561745, 0.33754465, 1597.8881, 1597.8881, 955.3975, 717.73346, , 
65873.46957775, 005034, -0.32229966, -0.105978355, 0.80414283, 0.6990028, -0.6319775, 0.036133297, 0.33270705, 1597.8881, 1597.8881, 955.40125, 717.7412, , 
65873.486246625, 005035, -0.32145894, -0.105569735, 0.7965709, 0.69816047, -0.63401026, 0.04097375, 0.33003673, 1597.8881, 1597.8881, 955.40295, 717.74396, , 
65873.502915583, 005036, -0.32066748, -0.10433909, 0.7891556, 0.69765204, -0.635961, 0.04564318, 0.32672924, 1597.8881, 1597.8881, 955.4046, 717.7459, , 
65873.5362535, 005037, -0.31855765, -0.10196923, 0.7756022, 0.6973224, -0.63977724, 0.053448025, 0.31870008, 1597.8881, 1597.8881, 955.404, 717.7459, , 
65873.552922291, 005038, -0.31736213, -0.10090328, 0.7691072, 0.6972544, -0.64152235, 0.05648273, 0.31479394, 1597.8881, 1597.8881, 955.4024, 717.7453, , 
65873.569591291, 005039, -0.3161562, -0.09994797, 0.7625377, 0.6971598, -0.6429694, 0.059170786, 0.31154022, 1597.8881, 1597.8881, 955.4015, 717.745, , 
65873.602929125, 005040, -0.3138194, -0.09887722, 0.74843603, 0.69697225, -0.64496344, 0.06402846, 0.3068424, 1597.8881, 1597.8881, 955.401, 717.7444, , 
65873.619598, 005041, -0.31257594, -0.09846676, 0.74130416, 0.6971531, -0.6455835, 0.06630019, 0.30463716, 1597.8881, 1597.8881, 955.401, 717.74335, , 
65873.636266916, 005042, -0.31120276, -0.09786639, 0.73448974, 0.69759387, -0.64604867, 0.068458185, 0.30215454, 1597.8881, 1597.8881, 955.40063, 717.74146, , 
65873.669604833, 005043, -0.3081541, -0.09659545, 0.72117203, 0.69880074, -0.6468193, 0.07238648, 0.29675335, 1597.8881, 1597.8881, 955.39905, 717.7353, , 
65873.68627375, 005044, -0.30644023, -0.09608322, 0.7144582, 0.69916743, -0.64732945, 0.07405238, 0.29435635, 1597.8881, 1597.8881, 955.3982, 717.7333, , 
65873.7029425, 005045, -0.30457893, -0.095688306, 0.70764214, 0.69924814, -0.6479791, 0.07542131, 0.29238132, 1597.8881, 1597.8881, 955.3975, 717.7321, , 
65873.7196115, 005046, -0.30311686, -0.09531022, 0.7007487, 0.69916767, -0.6487032, 0.076252505, 0.2907475, 1597.8881, 1597.8881, 955.39636, 717.73193, , 
65873.752949458, 005047, -0.29905793, -0.09465102, 0.686924, 0.6991142, -0.6501605, 0.07691222, 0.28742862, 1597.8881, 1597.8881, 955.3937, 717.7319, , 
65873.769618208, 005048, -0.29682288, -0.094297014, 0.679963, 0.6992222, -0.6507861, 0.076750614, 0.28578869, 1597.8881, 1597.8881, 955.39124, 717.7313, , 
65873.786287208, 005049, -0.2944802, -0.093920365, 0.6729506, 0.6993453, -0.65143394, 0.07619923, 0.28415424, 1597.8881, 1597.8881, 955.38916, 717.73083, , 
65873.802956125, 005050, -0.2921765, -0.09368576, 0.666291, 0.6994193, -0.6521688, 0.07515373, 0.28256035, 1597.4362, 1597.4362, 955.3867, 717.7306, , 
65873.819625041, 005051, -0.28969038, -0.09335185, 0.65935105, 0.69940543, -0.6530559, 0.07372991, 0.2809163, 1597.8881, 1597.8881, 955.38275, 717.7308, , 
65873.836293833, 005052, -0.28704494, -0.09292292, 0.6521312, 0.6993036, -0.65409005, 0.072092906, 0.27918324, 1597.8881, 1597.8881, 955.3795, 717.7313, , 
65873.869631791, 005053, -0.2814212, -0.091931105, 0.6372642, 0.6987616, -0.6566412, 0.06852697, 0.27542445, 1597.8881, 1597.8881, 955.37134, 717.7339, , 
65873.88630075, 005054, -0.27848744, -0.091380216, 0.6297165, 0.6983646, -0.6581441, 0.0665019, 0.27333254, 1598.34, 1598.34, 955.3675, 717.7355, , 
65873.902969708, 005055, -0.27560118, -0.09110129, 0.62226695, 0.6980592, -0.65969, 0.06439605, 0.2708793, 1597.8881, 1597.8881, 955.3636, 717.73694, , 
65873.919638416, 005056, -0.27261198, -0.0906156, 0.61461043, 0.69784355, -0.66121244, 0.06254476, 0.26814318, 1597.8881, 1597.8881, 955.3594, 717.738, , 
65873.952976416, 005057, -0.26645833, -0.08924252, 0.5981672, 0.6973049, -0.66373354, 0.06032233, 0.2637895, 1597.8881, 1597.8881, 955.3522, 717.74023, , 
65873.969645333, 005058, -0.26342827, -0.088467956, 0.5893894, 0.6969786, -0.6645301, 0.05990884, 0.26273835, 1597.8881, 1597.8881, 955.3505, 717.74133, , 
65873.986314291, 005059, -0.26046443, -0.08762795, 0.58044523, 0.6967183, -0.665027, 0.059883554, 0.26217678, 1598.34, 1598.34, 955.34973, 717.74255, , 
65874.002983125, 005060, -0.25752407, -0.086667344, 0.5715786, 0.6966426, -0.66535175, 0.06009479, 0.26150483, 1598.34, 1598.34, 955.34937, 717.7428, , 
65874.036321, 005061, -0.25201172, -0.085198484, 0.5543017, 0.69747424, -0.6659458, 0.06029758, 0.25770128, 1597.8881, 1597.8881, 955.3464, 717.7398, , 
65874.052989958, 005062, -0.24895388, -0.08382143, 0.546269, 0.6982947, -0.66631943, 0.060141537, 0.25453085, 1597.8881, 1597.8881, 955.34406, 717.73694, , 
65874.069658708, 005063, -0.24581498, -0.08234392, 0.5382495, 0.6990672, -0.6667289, 0.059930857, 0.2513682, 1597.8881, 1597.8881, 955.3415, 717.73413, , 
65874.102996625, 005064, -0.24027368, -0.081060015, 0.52115077, 0.6999147, -0.6674302, 0.06008468, 0.24707526, 1597.8881, 1597.8881, 955.3374, 717.72986, , 
65874.119665583, 005065, -0.23760326, -0.0806793, 0.5120519, 0.6998922, -0.6675884, 0.060618002, 0.24658076, 1597.8881, 1597.8881, 955.33704, 717.72955, , 
65874.136334375, 005066, -0.23467495, -0.07968505, 0.5029282, 0.69979966, -0.6674833, 0.061454643, 0.24692042, 1597.8881, 1597.8881, 955.33765, 717.72974, , 
65874.169672291, 005067, -0.22878227, -0.07706621, 0.48556393, 0.70043576, -0.666563, 0.06324284, 0.24715155, 1597.8881, 1597.8881, 955.3397, 717.7278, , 
65874.186341291, 005068, -0.22587638, -0.075570345, 0.47769812, 0.70143205, -0.66594326, 0.06369205, 0.24587797, 1597.8881, 1597.8881, 955.3396, 717.72473, , 
65874.203010208, 005069, -0.22387685, -0.07492429, 0.4714624, 0.7027996, -0.6652445, 0.06364373, 0.24386872, 1597.8881, 1597.8881, 955.3382, 717.719, , 
65874.236347916, 005070, -0.21925531, -0.07293259, 0.4580538, 0.70547205, -0.6637708, 0.062928684, 0.24032812, 1598.34, 1598.34, 955.3356, 717.7098, , 
65874.253016875, 005071, -0.21677569, -0.071892865, 0.4509684, 0.70647025, -0.6631659, 0.06236925, 0.23920868, 1598.34, 1598.34, 955.3343, 717.70496, , 
65874.269685875, 005072, -0.21427013, -0.070918135, 0.44381928, 0.70724064, -0.6627625, 0.06157509, 0.23825423, 1598.34, 1598.34, 955.3332, 717.7023, , 
65874.303023583, 005073, -0.2098232, -0.069405355, 0.42985308, 0.7080776, -0.66220605, 0.059740778, 0.23778197, 1597.8881, 1597.8881, 955.3315, 717.69885, , 
65874.319692583, 005074, -0.20784046, -0.068758644, 0.4226905, 0.7082288, -0.6617783, 0.059076395, 0.23868695, 1597.8881, 1597.8881, 955.3315, 717.6984, , 
65874.3363615, 005075, -0.20583245, -0.068041205, 0.41529498, 0.708336, -0.66128826, 0.058628645, 0.23983456, 1598.34, 1598.34, 955.33203, 717.6982, , 
65874.36969925, 005076, -0.20181897, -0.06648723, 0.4010091, 0.7085321, -0.6607932, 0.05821757, 0.24071848, 1598.34, 1598.34, 955.33276, 717.6973, , 
65874.386368208, 005077, -0.19975218, -0.06572823, 0.3942445, 0.7084343, -0.6610918, 0.058257516, 0.24017616, 1598.34, 1598.34, 955.3324, 717.6974, , 
65874.403037166, 005078, -0.19773173, -0.064760335, 0.38824883, 0.70802855, -0.6618769, 0.058425937, 0.2391672, 1597.8881, 1597.8881, 955.33185, 717.6983, , 
65876.453313833, 005167, 0.19147046, -0.056363508, -0.22945228, 0.64511335, -0.7117672, 0.27767557, -0.010608756, 1597.8881, 1597.8881, 955.3136, 717.7439, , 
65876.469982875, 005168, 0.19689117, -0.0551752, -0.23162195, 0.64242303, -0.7111765, 0.28488514, -0.019003298, 1597.8881, 1597.8881, 955.3135, 717.74316, , 
65876.48665175, 005169, 0.20202364, -0.053870913, -0.2331973, 0.63998413, -0.7104776, 0.29125735, -0.028478315, 1597.8881, 1597.8881, 955.3124, 717.74225, , 
65876.503320666, 005170, 0.20701168, -0.05251796, -0.23433587, 0.6375938, -0.7098813, 0.2967334, -0.038624573, 1598.34, 1598.34, 955.30994, 717.74194, , 
65876.519989708, 005171, 0.21237151, -0.052097175, -0.2351501, 0.63503885, -0.70947474, 0.30161065, -0.049013834, 1598.34, 1598.34, 955.30786, 717.7429, , 
65876.553327458, 005172, 0.22256364, -0.04959953, -0.23650023, 0.6288463, -0.70881665, 0.311854, -0.06984584, 1597.8881, 1597.8881, 955.3036, 717.748, , 
65876.569996416, 005173, 0.22761953, -0.048012484, -0.23703435, 0.62544435, -0.7083411, 0.31724364, -0.08017781, 1598.34, 1598.34, 955.3022, 717.75055, , 
65876.586665333, 005174, 0.23268463, -0.04629042, -0.2375029, 0.62189305, -0.70775783, 0.32279015, -0.09019091, 1598.34, 1598.34, 955.3009, 717.75305, , 
65876.603334166, 005175, 0.23777276, -0.04446948, -0.23792943, 0.61816365, -0.7071237, 0.32854322, -0.09954496, 1598.34, 1598.34, 955.3001, 717.75574, , 
65876.620003041, 005176, 0.24315587, -0.043206416, -0.2386285, 0.6143814, -0.70634097, 0.33452672, -0.10821132, 1598.34, 1598.34, 955.2995, 717.75885, , 
65876.636672, 005177, 0.24831134, -0.041744135, -0.23898406, 0.610678, -0.70524186, 0.34071213, -0.11671126, 1598.34, 1598.34, 955.29926, 717.7605, , 
65876.653341, 005178, 0.2529502, -0.03978622, -0.23872134, 0.60731995, -0.703633, 0.34684432, -0.12554705, 1598.34, 1598.34, 955.2988, 717.7611, , 
65876.686678708, 005179, 0.26108128, -0.035269164, -0.23682147, 0.6018414, -0.6988977, 0.35831982, -0.1446917, 1598.34, 1598.34, 955.29626, 717.75854, , 
65876.703347666, 005180, 0.26490483, -0.032840274, -0.23546626, 0.59935147, -0.6961988, 0.36368585, -0.15432957, 1598.34, 1598.34, 955.29486, 717.75665, , 
65876.720016666, 005181, 0.2690416, -0.030451648, -0.23371987, 0.5968087, -0.69349647, 0.36887157, -0.16375546, 1598.34, 1598.34, 955.2931, 717.75433, , 
65876.7366855, 005182, 0.2728896, -0.0277972, -0.231987, 0.5942313, -0.6906476, 0.374097, -0.17305063, 1598.34, 1598.34, 955.29193, 717.7526, , 
65876.753354375, 005183, 0.27654636, -0.0249369, -0.23012602, 0.5916356, -0.6875805, 0.37937513, -0.18241417, 1598.34, 1598.34, 955.2909, 717.7508, , 
65876.770023333, 005184, 0.28008676, -0.02190261, -0.22808921, 0.5890269, -0.6843603, 0.38457555, -0.19183283, 1598.34, 1598.34, 955.28937, 717.7483, , 
65876.786692333, 005185, 0.28355116, -0.018712088, -0.22589064, 0.5863577, -0.6809723, 0.38980028, -0.2012885, 1598.34, 1598.34, 955.2883, 717.74646, , 
65876.820030041, 005186, 0.29101586, -0.0124271065, -0.22155684, 0.5809187, -0.67375445, 0.40038085, -0.21973537, 1598.34, 1598.34, 955.28625, 717.7415, , 
65876.836699041, 005187, 0.2945176, -0.008949544, -0.21912025, 0.5783762, -0.6698651, 0.40546796, -0.22881788, 1598.34, 1598.34, 955.28534, 717.7391, , 
65876.853367958, 005188, 0.2977074, -0.0051842183, -0.21645585, 0.57617414, -0.6657336, 0.41022515, -0.23777606, 1598.34, 1598.34, 955.2845, 717.7362, , 
65876.870036916, 005189, 0.3006084, -0.0011974126, -0.21361318, 0.5745241, -0.6612251, 0.41452807, -0.24671838, 1598.34, 1598.34, 955.28357, 717.73267, , 
65876.886705791, 005190, 0.3032456, 0.0030018538, -0.21060887, 0.5733868, -0.656334, 0.41845316, -0.25563687, 1598.34, 1598.34, 955.2824, 717.7268, , 
65876.920043583, 005191, 0.30890697, 0.0115907565, -0.20494798, 0.5722705, -0.64558405, 0.42518035, -0.27376905, 1598.34, 1598.34, 955.281, 717.71643, , 
65876.936712541, 005192, 0.3112201, 0.016360894, -0.20169619, 0.5721114, -0.6397538, 0.4280482, -0.28315783, 1598.7919, 1598.7919, 955.28064, 717.7091, , 
65876.9533815, 005193, 0.3131054, 0.021412358, -0.19809666, 0.5721251, -0.6337593, 0.4305792, -0.29261512, 1598.34, 1598.34, 955.28076, 717.70374, , 
65876.970050208, 005194, 0.31467617, 0.026608162, -0.19431956, 0.5723989, -0.6275693, 0.43276343, -0.30204666, 1598.7919, 1598.7919, 955.28125, 717.6984, , 
65877.003388208, 005195, 0.31751242, 0.037037417, -0.18678568, 0.57408065, -0.6143474, 0.4355238, -0.32144642, 1598.7919, 1598.7919, 955.2846, 717.68616, , 
65877.020057083, 005196, 0.31854892, 0.042268187, -0.1828118, 0.5753655, -0.6072506, 0.43631428, -0.33140787, 1598.7919, 1598.7919, 955.2872, 717.6809, , 
65877.036726041, 005197, 0.3190335, 0.047567055, -0.17848504, 0.57682645, -0.59967005, 0.4369398, -0.34168807, 1599.2438, 1599.2438, 955.29065, 717.67554, , 
65877.053394833, 005198, 0.31912172, 0.052889112, -0.17406185, 0.5786199, -0.59151816, 0.4373861, -0.35213453, 1598.7919, 1598.7919, 955.2968, 717.6679, , 
65877.08673275, 005199, 0.31867075, 0.063263506, -0.1652708, 0.5823342, -0.574239, 0.43832806, -0.37283346, 1598.7919, 1598.7919, 955.30963, 717.6553, , 
65877.103401708, 005200, 0.31845286, 0.068190694, -0.16089843, 0.58359206, -0.56579006, 0.43903822, -0.38281512, 1599.2438, 1599.2438, 955.31964, 717.64825, , 
65877.1367395, 005201, 0.32038814, 0.07582934, -0.15441692, 0.58508956, -0.55088097, 0.44043466, -0.40027192, 1598.7919, 1598.7919, 955.3343, 717.64105, , 
65877.153408375, 005202, 0.32113007, 0.079939626, -0.15043728, 0.5848997, -0.54477715, 0.44130656, -0.40787077, 1599.2438, 1599.2438, 955.3431, 717.6389, , 
65877.170077375, 005203, 0.32222608, 0.08377456, -0.14631613, 0.58426934, -0.54030776, 0.4417762, -0.41416243, 1599.2438, 1599.2438, 955.34845, 717.6392, , 
65877.203415125, 005204, 0.32510918, 0.090272725, -0.13789713, 0.5814328, -0.535095, 0.44119772, -0.4253867, 1599.2438, 1599.2438, 955.3576, 717.6489, , 
65877.220084083, 005205, 0.32904083, 0.09293224, -0.13494909, 0.57901603, -0.5335627, 0.44112325, -0.4306524, 1599.2438, 1599.2438, 955.3608, 717.65594, , 
65877.253421916, 005206, 0.33581865, 0.09771338, -0.12870276, 0.57290894, -0.53020585, 0.4432336, -0.44068244, 1598.7919, 1598.7919, 955.3652, 717.6711, , 
65877.27009075, 005207, 0.33829045, 0.10005459, -0.12520379, 0.570139, -0.52769923, 0.44466144, -0.4458154, 1599.2438, 1599.2438, 955.36707, 717.67596, , 
65877.28675975, 005208, 0.34041792, 0.10240398, -0.12162871, 0.56769645, -0.5239542, 0.44628698, -0.4516865, 1599.2438, 1599.2438, 955.3702, 717.6798, , 
65877.320097625, 005209, 0.3459075, 0.10589853, -0.116914324, 0.56409335, -0.51379627, 0.45013678, -0.46388474, 1599.2438, 1599.2438, 955.38055, 717.6829, , 
65877.336766625, 005210, 0.34817386, 0.107762486, -0.114315905, 0.5628835, -0.508005, 0.45209622, -0.46978945, 1599.2438, 1599.2438, 955.386, 717.68225, , 
65877.353435333, 005211, 0.35007125, 0.10967676, -0.11135825, 0.56214106, -0.5024104, 0.45375666, -0.47506425, 1599.2438, 1599.2438, 955.3917, 717.68115, , 
65877.386773291, 005212, 0.35306484, 0.11315872, -0.106402606, 0.56363386, -0.49009126, 0.45735452, -0.48265335, 1599.2438, 1599.2438, 955.40625, 717.6696, , 
65877.403442208, 005213, 0.35412234, 0.11456251, -0.10379304, 0.5633585, -0.48460653, 0.45920482, -0.4867387, 1599.2438, 1599.2438, 955.4124, 717.66437, , 
65877.420111, 005214, 0.3566259, 0.11437124, -0.10367102, 0.5617066, -0.48148063, 0.46017227, -0.4908191, 1599.2438, 1599.2438, 955.41785, 717.66614, , 
65877.453448916, 005215, 0.36069256, 0.115577996, -0.099994905, 0.5587305, -0.47870454, 0.4609778, -0.49614674, 1599.6957, 1599.6957, 955.4212, 717.6723, , 
65877.470117833, 005216, 0.36192, 0.1161128, -0.09811481, 0.5574415, -0.47653216, 0.46077186, -0.49986538, 1599.6957, 1599.6957, 955.4235, 717.6761, , 
65877.503455583, 005217, 0.36193243, 0.115887366, -0.09677681, 0.5567431, -0.46537283, 0.45895857, -0.5126619, 1599.6957, 1599.6957, 955.4432, 717.6845, , 
65877.520124583, 005218, 0.3613506, 0.115830824, -0.096826, 0.557187, -0.45756903, 0.4580649, -0.5199516, 1599.2438, 1599.2438, 955.45667, 717.68634, , 
65877.553462416, 005219, 0.36147398, 0.11758955, -0.0963761, 0.5581185, -0.44372097, 0.45787892, -0.53100127, 1599.6957, 1599.6957, 955.4862, 717.6855, , 
65877.570131291, 005220, 0.36320814, 0.11923016, -0.096021235, 0.55773777, -0.44023275, 0.45912677, -0.5332225, 1599.6957, 1599.6957, 955.4925, 717.684, , 
65877.603469125, 005221, 0.36990374, 0.123671964, -0.09533333, 0.5565592, -0.44087172, 0.46278715, -0.53075606, 1599.6957, 1599.6957, 955.4866, 717.67847, , 
65877.620138083, 005222, 0.37354025, 0.12570992, -0.0959914, 0.55642885, -0.4405265, 0.46436557, -0.52979994, 1599.6957, 1599.6957, 955.4833, 717.6753, , 
65877.653475875, 005223, 0.3777488, 0.12987284, -0.0965039, 0.5574148, -0.43321764, 0.46669623, -0.5327344, 1599.6957, 1599.6957, 955.4907, 717.66644, , 
65877.670144833, 005224, 0.37927803, 0.13180988, -0.096742585, 0.5581216, -0.42842636, 0.4675703, -0.53509724, 1599.6957, 1599.6957, 955.4976, 717.66266, , 
65877.703482708, 005225, 0.38270387, 0.13554625, -0.09708485, 0.5605425, -0.4206812, 0.4675645, -0.5387048, 1599.6957, 1599.6957, 955.5138, 717.65515, , 
65877.736820458, 005226, 0.38731503, 0.13972537, -0.09636346, 0.56351584, -0.41355368, 0.46636817, -0.5421475, 1600.1476, 1600.1476, 955.52924, 717.6499, , 
65877.753489416, 005227, 0.38906676, 0.14145334, -0.09669047, 0.56461006, -0.40991285, 0.46641827, -0.54372877, 1600.1476, 1600.1476, 955.5389, 717.6461, , 
65877.786827333, 005228, 0.3922631, 0.14466079, -0.09785368, 0.56515133, -0.4025438, 0.46848676, -0.5468845, 1599.6957, 1599.6957, 955.5497, 717.6402, , 
65877.803496125, 005229, 0.39372504, 0.14604959, -0.098564915, 0.5649327, -0.3987545, 0.4700895, -0.5485087, 1599.6957, 1599.6957, 955.5556, 717.6363, , 
65877.836834, 005230, 0.39750195, 0.14837204, -0.09888947, 0.56436276, -0.3914149, 0.472869, -0.5519817, 1600.1476, 1600.1476, 955.5646, 717.6312, , 
65877.853502958, 005231, 0.3990382, 0.14908464, -0.09934436, 0.5641334, -0.38790673, 0.47378045, -0.553908, 1600.1476, 1600.1476, 955.5711, 717.6291, , 
65877.886840708, 005232, 0.40186208, 0.14976044, -0.10007735, 0.56306416, -0.38037997, 0.47503042, -0.55912054, 1599.6957, 1599.6957, 955.58295, 717.62897, , 
65877.903509583, 005233, 0.40359026, 0.14976494, -0.09981952, 0.5620814, -0.37655196, 0.47576725, -0.56206644, 1600.1476, 1600.1476, 955.5907, 717.6302, , 
65877.936847375, 005234, 0.40692386, 0.14960873, -0.09974031, 0.55907935, -0.36865106, 0.47840995, -0.56802344, 1600.1476, 1600.1476, 955.6008, 717.6325, , 
65877.953516333, 005235, 0.40869147, 0.14954528, -0.09978723, 0.55686396, -0.3648227, 0.48066506, -0.57076085, 1600.1476, 1600.1476, 955.6048, 717.63367, , 
65877.970185333, 005236, 0.4105065, 0.1494847, -0.09979409, 0.55425256, -0.36102635, 0.483435, -0.57337135, 1600.1476, 1600.1476, 955.60645, 717.63434, , 
65878.003523208, 005237, 0.41415128, 0.1489968, -0.09941966, 0.54878205, -0.3525147, 0.4895192, -0.5787421, 1599.6957, 1599.6957, 955.61035, 717.6348, , 
65878.020192, 005238, 0.41594347, 0.14868638, -0.09913854, 0.5459727, -0.3480091, 0.49263877, -0.5814729, 1599.6957, 1599.6957, 955.6125, 717.6348, , 
65878.053529916, 005239, 0.41951, 0.14831011, -0.0984728, 0.53983307, -0.33950487, 0.49886963, -0.5868952, 1599.6957, 1599.6957, 955.61523, 717.6358, , 
65878.070198833, 005240, 0.4213614, 0.14818253, -0.09795768, 0.53656447, -0.33553874, 0.50190234, -0.5895816, 1599.6957, 1599.6957, 955.6164, 717.63727, , 
65878.086867625, 005241, 0.423221, 0.14808267, -0.09731903, 0.5330002, -0.3316179, 0.50498307, -0.5923956, 1599.6957, 1599.6957, 955.61676, 717.63885, , 
65878.103536625, 005242, 0.42510122, 0.14801303, -0.09654421, 0.52904516, -0.32779384, 0.5081668, -0.5953393, 1599.6957, 1599.6957, 955.61664, 717.64105, , 
65878.1368745, 005243, 0.4292492, 0.14887245, -0.09450719, 0.5200657, -0.32038915, 0.5149639, -0.6014104, 1599.6957, 1599.6957, 955.6138, 717.6476, , 
65878.1535435, 005244, 0.43120545, 0.14912215, -0.093633674, 0.51523966, -0.3165087, 0.5188201, -0.604298, 1599.6957, 1599.6957, 955.61163, 717.65027, , 
65878.170212166, 005245, 0.43308634, 0.14939506, -0.09288274, 0.5103402, -0.3123154, 0.5230284, -0.6070035, 1599.6957, 1599.6957, 955.60864, 717.65247, , 
65878.203550166, 005246, 0.43638816, 0.1499661, -0.0917825, 0.50055027, -0.30258355, 0.53203326, -0.61223626, 1600.1476, 1600.1476, 955.60504, 717.65356, , 
65878.220219083, 005247, 0.43734998, 0.15041655, -0.091027655, 0.4957337, -0.2969002, 0.5365421, -0.61499673, 1600.1476, 1600.1476, 955.6043, 717.65356, , 
65878.236887833, 005248, 0.43822336, 0.15069519, -0.09070873, 0.49082324, -0.2904958, 0.5410467, -0.6180398, 1600.1476, 1600.1476, 955.60504, 717.65344, , 
65878.270225791, 005249, 0.43969348, 0.15112877, -0.09048448, 0.4808204, -0.27718556, 0.5500315, -0.62405545, 1599.6957, 1599.6957, 955.6076, 717.65314, , 
65878.286894708, 005250, 0.44035023, 0.15136798, -0.09030935, 0.47568628, -0.2708639, 0.5544182, -0.62687784, 1599.6957, 1599.6957, 955.6085, 717.65326, , 
65878.320232416, 005251, 0.44164437, 0.1524077, -0.09025553, 0.465816, -0.25899366, 0.5630145, -0.63162684, 1599.6957, 1599.6957, 955.60864, 717.6528, , 
65878.336901416, 005252, 0.44214237, 0.15280756, -0.08995417, 0.46101305, -0.2531637, 0.56716245, -0.63379955, 1599.6957, 1599.6957, 955.60864, 717.652, , 
65878.370239333, 005253, 0.44275725, 0.15373777, -0.08909113, 0.45131564, -0.24119434, 0.5752428, -0.6381498, 1599.6957, 1599.6957, 955.6093, 717.65076, , 
65878.386908125, 005254, 0.4428892, 0.15432614, -0.088513985, 0.44630197, -0.2350775, 0.57929087, -0.6402931, 1599.6957, 1599.6957, 955.6098, 717.6501, , 
65878.403577041, 005255, 0.4433729, 0.15548705, -0.088044845, 0.44116196, -0.2290356, 0.58348185, -0.64223653, 1599.6957, 1599.6957, 955.6098, 717.6494, , 
65878.420246, 005256, 0.44367164, 0.15655932, -0.08739366, 0.43559378, -0.22313881, 0.587911, -0.6440712, 1599.6957, 1599.6957, 955.6089, 717.6487, , 
65880.470522666, 005343, 0.33540303, 0.12550718, 0.53836, -0.039644144, -0.05308817, -0.7402702, 0.66903657, 1599.2438, 1599.2438, 955.41846, 717.5859, , 
65880.487191416, 005344, 0.33358097, 0.12462364, 0.54460824, -0.039427184, -0.05240479, -0.7403685, 0.6689946, 1599.2438, 1599.2438, 955.4173, 717.58514, , 
65880.503860416, 005345, 0.33132303, 0.124014854, 0.5520832, -0.039038476, -0.051763967, -0.7402221, 0.66922927, 1599.2438, 1599.2438, 955.4163, 717.58545, , 
65880.537198208, 005346, 0.3266514, 0.12230609, 0.56603026, -0.038726445, -0.050300173, -0.73928016, 0.6703991, 1599.2438, 1599.2438, 955.41345, 717.5892, , 
65880.553867083, 005347, 0.32425964, 0.12134315, 0.5728044, -0.03918689, -0.049470585, -0.7388209, 0.6709402, 1599.2438, 1599.2438, 955.4126, 717.5909, , 
65880.587205, 005348, 0.31933463, 0.119455725, 0.5863958, -0.041010477, -0.048130784, -0.7382729, 0.6715315, 1599.2438, 1599.2438, 955.4125, 717.59296, , 
65880.603873916, 005349, 0.31647372, 0.11825207, 0.59433836, -0.04193511, -0.047337092, -0.7381216, 0.67169714, 1599.2438, 1599.2438, 955.4126, 717.59344, , 
65880.637211666, 005350, 0.3106783, 0.116318315, 0.6094631, -0.04433619, -0.04524539, -0.73796755, 0.6718564, 1599.2438, 1599.2438, 955.4127, 717.5937, , 
65880.653880625, 005351, 0.3076504, 0.115459085, 0.6167829, -0.04591199, -0.04449976, -0.7378691, 0.67190844, 1599.2438, 1599.2438, 955.41345, 717.59375, , 
65880.670549541, 005352, 0.30447543, 0.114622265, 0.6240814, -0.047786072, -0.043900255, -0.7376842, 0.6720204, 1599.2438, 1599.2438, 955.4145, 717.5939, , 
65880.703887333, 005353, 0.29785097, 0.11293061, 0.63995045, -0.052353233, -0.042353638, -0.7371349, 0.67238194, 1599.2438, 1599.2438, 955.4177, 717.5951, , 
65880.72055625, 005354, 0.29446262, 0.1121523, 0.6485445, -0.054811485, -0.041113436, -0.7368503, 0.67257494, 1599.2438, 1599.2438, 955.419, 717.59564, , 
65880.753894208, 005355, 0.28748226, 0.11133903, 0.66504776, -0.059159953, -0.037155267, -0.7363447, 0.67299044, 1599.2438, 1599.2438, 955.4194, 717.59674, , 
65880.770563166, 005356, 0.2840008, 0.11122545, 0.6733405, -0.06064737, -0.034943342, -0.73619765, 0.6731374, 1599.2438, 1599.2438, 955.4186, 717.597, , 
65880.787231875, 005357, 0.2805501, 0.11123623, 0.68160594, -0.0616776, -0.032860264, -0.73612845, 0.6732243, 1599.2438, 1599.2438, 955.41736, 717.59705, , 
65880.820569833, 005358, 0.27392375, 0.11027068, 0.6988584, -0.06264446, -0.030147467, -0.7360601, 0.6733368, 1599.2438, 1599.2438, 955.41516, 717.597, , 
65880.837238708, 005359, 0.27041474, 0.11024659, 0.70682114, -0.06307143, -0.02948576, -0.7359257, 0.67347306, 1599.2438, 1599.2438, 955.41486, 717.59717, , 
65880.853907583, 005360, 0.26676744, 0.11029779, 0.71469265, -0.0635137, -0.028729096, -0.73565996, 0.6737545, 1599.2438, 1599.2438, 955.41425, 717.5981, , 
65880.887245416, 005361, 0.25923663, 0.11046709, 0.7306644, -0.06448175, -0.02566232, -0.7348601, 0.67465854, 1599.2438, 1599.2438, 955.4119, 717.6005, , 
65880.903914416, 005362, 0.25555515, 0.1104313, 0.739669, -0.06497277, -0.023365352, -0.7343503, 0.67524976, 1599.2438, 1599.2438, 955.40924, 717.6027, , 
65880.920583166, 005363, 0.25180027, 0.11045451, 0.7481765, -0.065489665, -0.020973634, -0.7338572, 0.67581415, 1599.2438, 1599.2438, 955.40717, 717.6044, , 
65880.953921041, 005364, 0.24436577, 0.11056101, 0.7638854, -0.066379316, -0.016504578, -0.73319644, 0.6765681, 1599.2438, 1599.2438, 955.4024, 717.607, , 
65880.970590041, 005365, 0.24073781, 0.11054742, 0.7713727, -0.06677003, -0.014434149, -0.7329651, 0.6768276, 1599.2438, 1599.2438, 955.40063, 717.6077, , 
65880.987259, 005366, 0.23720975, 0.11047782, 0.7787041, -0.067342944, -0.012333677, -0.7328535, 0.6769333, 1599.2438, 1599.2438, 955.39905, 717.60815, , 
65881.003927791, 005367, 0.23395552, 0.110564426, 0.78615624, -0.068199135, -0.0100491205, -0.7329027, 0.67683196, 1599.2438, 1599.2438, 955.3975, 717.60803, , 
65881.020596708, 005368, 0.23075247, 0.11049687, 0.7934027, -0.0691764, -0.0076315477, -0.7331156, 0.6765337, 1599.2438, 1599.2438, 955.3955, 717.607, , 
65881.037265708, 005369, 0.2276052, 0.11030205, 0.80041546, -0.07016044, -0.0052994476, -0.7334687, 0.6760718, 1599.2438, 1599.2438, 955.3942, 717.6056, , 
65881.053934583, 005370, 0.22453423, 0.11003782, 0.80720645, -0.07114652, -0.0033433153, -0.7338877, 0.6755264, 1599.2438, 1599.2438, 955.3933, 717.6039, , 
65881.087272416, 005371, 0.21866103, 0.10941984, 0.8204944, -0.07315713, -0.00017561066, -0.7347031, 0.6744326, 1599.2438, 1599.2438, 955.3924, 717.59985, , 
65881.103941291, 005372, 0.2161009, 0.1090566, 0.8276448, -0.07377536, 0.0016843962, -0.73502, 0.6740178, 1598.7919, 1598.7919, 955.3917, 717.5984, , 
65881.120610291, 005373, 0.21351093, 0.10873028, 0.83484936, -0.07397331, 0.0039271433, -0.7352689, 0.6737153, 1599.2438, 1599.2438, 955.3902, 717.59735, , 
65881.153948, 005374, 0.20823692, 0.108166665, 0.84943134, -0.07269392, 0.008637438, -0.7353503, 0.6737218, 1599.2438, 1599.2438, 955.38416, 717.5969, , 
65881.170617, 005375, 0.20560236, 0.10787447, 0.8567353, -0.071502104, 0.0105868, -0.7351813, 0.67400587, 1599.2438, 1599.2438, 955.3812, 717.5978, , 
65881.187285916, 005376, 0.202959, 0.107523434, 0.8639857, -0.07022505, 0.012184774, -0.73484075, 0.6744843, 1599.2438, 1599.2438, 955.3774, 717.5996, , 
65881.220623666, 005377, 0.19709103, 0.10641979, 0.88006645, -0.06830398, 0.015032078, -0.7336019, 0.67597103, 1598.7919, 1598.7919, 955.37274, 717.6041, , 
65881.237292625, 005378, 0.19447224, 0.10589562, 0.8876129, -0.06803025, 0.016699476, -0.73287624, 0.6767462, 1598.7919, 1598.7919, 955.37006, 717.6076, , 
65881.253961541, 005379, 0.19202073, 0.1053891, 0.89513344, -0.06822954, 0.018656274, -0.7321785, 0.6774299, 1599.2438, 1599.2438, 955.3682, 717.6101, , 
65881.2872995, 005380, 0.18750237, 0.10442267, 0.9101632, -0.06917257, 0.022726715, -0.7310101, 0.67847097, 1599.2438, 1599.2438, 955.3645, 717.61487, , 
65881.303968291, 005381, 0.18498231, 0.10368137, 0.9186077, -0.06964359, 0.02438289, -0.73065394, 0.67874897, 1599.2438, 1599.2438, 955.36334, 717.6161, , 
65881.337306125, 005382, 0.18101011, 0.10260984, 0.933907, -0.070750736, 0.026597066, -0.7303243, 0.67890596, 1599.2438, 1599.2438, 955.36194, 717.6171, , 
65881.353975125, 005383, 0.17930652, 0.10207209, 0.941173, -0.07111607, 0.027206779, -0.7301047, 0.6790798, 1599.2438, 1599.2438, 955.3617, 717.6177, , 
65881.370643875, 005384, 0.17767158, 0.101452805, 0.9484173, -0.071330905, 0.027663423, -0.7297399, 0.6794309, 1599.2438, 1599.2438, 955.3613, 717.6187, , 
65881.403981791, 005385, 0.1737649, 0.099718064, 0.9643123, -0.07200765, 0.028729038, -0.72840106, 0.6807506, 1599.2438, 1599.2438, 955.36053, 717.6233, , 
65881.420650708, 005386, 0.1718379, 0.09868489, 0.9723815, -0.07281348, 0.0292826, -0.7275053, 0.68159866, 1599.2438, 1599.2438, 955.3604, 717.62604, , 
65881.4539885, 005387, 0.16894124, 0.09659225, 0.98742414, -0.0753022, 0.02976449, -0.7258191, 0.6831034, 1599.2438, 1599.2438, 955.3616, 717.632, , 
65881.470657458, 005388, 0.16779277, 0.095569685, 0.9947861, -0.07659532, 0.029494192, -0.72510517, 0.68372923, 1599.2438, 1599.2438, 955.3626, 717.6341, , 
65881.487326416, 005389, 0.16678666, 0.09456505, 1.002182, -0.07755293, 0.029057488, -0.72441816, 0.6843679, 1599.2438, 1599.2438, 955.3638, 717.63605, , 
65881.520664166, 005390, 0.16418265, 0.092542976, 1.0197612, -0.07861737, 0.02867656, -0.72337085, 0.6853697, 1599.2438, 1599.2438, 955.3652, 717.63995, , 
65881.537333125, 005391, 0.16363315, 0.09160914, 1.027764, -0.0793054, 0.028713197, -0.7232214, 0.6854465, 1599.2438, 1599.2438, 955.36566, 717.64044, , 
65881.554002041, 005392, 0.1633307, 0.09068918, 1.0355792, -0.08036267, 0.02868166, -0.7232731, 0.68527025, 1598.7919, 1598.7919, 955.3667, 717.6399, , 
65881.587339916, 005393, 0.16310029, 0.088854894, 1.050729, -0.082929306, 0.026792808, -0.7238214, 0.6844615, 1599.2438, 1599.2438, 955.37054, 717.6372, , 
65881.604008708, 005394, 0.16268587, 0.08832775, 1.0591676, -0.08368388, 0.025890397, -0.7242742, 0.68392515, 1599.2438, 1599.2438, 955.373, 717.6345, , 
65881.620677708, 005395, 0.16265412, 0.087786205, 1.0676948, -0.083489455, 0.025851106, -0.7247787, 0.68341565, 1599.2438, 1599.2438, 955.3732, 717.63275, , 
65881.654015583, 005396, 0.16341779, 0.08682408, 1.0855173, -0.079633646, 0.028712085, -0.72598284, 0.6824829, 1598.7919, 1598.7919, 955.3675, 717.62933, , 
65881.670684375, 005397, 0.16398734, 0.08644144, 1.0947988, -0.07655888, 0.031327385, -0.7265244, 0.6821434, 1599.2438, 1599.2438, 955.363, 717.6285, , 
65881.687353375, 005398, 0.16466309, 0.08613518, 1.1040112, -0.07378358, 0.03385961, -0.7269622, 0.6818617, 1599.2438, 1599.2438, 955.3586, 717.6279, , 
65881.704022291, 005399, 0.16480316, 0.085939854, 1.1144766, -0.07168574, 0.035525594, -0.7273052, 0.68163496, 1598.7919, 1598.7919, 955.35516, 717.6273, , 
65881.737360208, 005400, 0.16581787, 0.085727066, 1.1326355, -0.06812833, 0.03673518, -0.7277513, 0.6814595, 1598.7919, 1598.7919, 955.3509, 717.62634, , 
65881.754028958, 005401, 0.16638285, 0.085690215, 1.1412315, -0.065673925, 0.03744715, -0.7277692, 0.6816426, 1599.2438, 1599.2438, 955.3488, 717.62683, , 
65881.787366833, 005402, 0.1676562, 0.08582014, 1.1581589, -0.06025832, 0.03979297, -0.7282817, 0.6814626, 1598.7919, 1598.7919, 955.3424, 717.627, , 
65881.804035833, 005403, 0.16799596, 0.08571209, 1.1669631, -0.057887744, 0.040817358, -0.72888136, 0.6809662, 1598.7919, 1598.7919, 955.3401, 717.6256, , 
65881.837373583, 005404, 0.16882348, 0.085551456, 1.1827315, -0.05478244, 0.041912716, -0.7302439, 0.67969555, 1598.7919, 1598.7919, 955.3369, 717.6207, , 
65881.854042541, 005405, 0.1690987, 0.08537391, 1.1900096, -0.053795516, 0.04193955, -0.7306337, 0.67935383, 1599.2438, 1599.2438, 955.33636, 717.6193, , 
65881.887380375, 005406, 0.16913529, 0.08492784, 1.2043587, -0.051462296, 0.042515688, -0.7305486, 0.6795901, 1599.2438, 1599.2438, 955.33435, 717.61957, , 
65881.904049208, 005407, 0.16865335, 0.08428329, 1.2125822, -0.05014173, 0.043601006, -0.7302971, 0.67989045, 1599.2438, 1599.2438, 955.3329, 717.62067, , 
65881.937387083, 005408, 0.16800903, 0.08361817, 1.2274863, -0.048195563, 0.046470918, -0.7302002, 0.679945, 1598.7919, 1598.7919, 955.32916, 717.6219, , 
65881.954056083, 005409, 0.16777466, 0.0834226, 1.2343518, -0.04773656, 0.04761018, -0.7303651, 0.6797215, 1598.7919, 1598.7919, 955.3281, 717.62146, , 
65881.987393791, 005410, 0.16726977, 0.083018914, 1.2479709, -0.047402453, 0.05055544, -0.7305876, 0.679293, 1598.7919, 1598.7919, 955.326, 717.6206, , 
65882.00406275, 005411, 0.16652618, 0.082797356, 1.2556901, -0.047310375, 0.052817307, -0.7306061, 0.67910737, 1598.7919, 1598.7919, 955.3247, 717.6206, , 
65882.037400666, 005412, 0.16556264, 0.08225956, 1.270056, -0.047202367, 0.057436842, -0.73064595, 0.6786969, 1599.2438, 1599.2438, 955.3215, 717.6205, , 
65882.054069458, 005413, 0.1650615, 0.081906654, 1.2769274, -0.047089446, 0.059516855, -0.7305164, 0.67866504, 1598.7919, 1598.7919, 955.3202, 717.6209, , 
65882.087407333, 005414, 0.16378647, 0.081080124, 1.290543, -0.04734814, 0.06344422, -0.72999316, 0.67885417, 1598.7919, 1598.7919, 955.3176, 717.62305, , 
65882.10407625, 005415, 0.16252068, 0.08010292, 1.2975514, -0.0477814, 0.06522788, -0.7295995, 0.679078, 1598.7919, 1598.7919, 955.3167, 717.62427, , 
65882.137414041, 005416, 0.1602599, 0.078569435, 1.3114554, -0.04949043, 0.06938285, -0.7286728, 0.6795386, 1598.7919, 1598.7919, 955.3148, 717.62775, , 
65882.154083, 005417, 0.1592162, 0.07787002, 1.3184073, -0.05065474, 0.07171689, -0.72824335, 0.67967075, 1598.7919, 1598.7919, 955.314, 717.6291, , 
65882.187420875, 005418, 0.1570487, 0.076388806, 1.3322301, -0.052932724, 0.076150626, -0.7273725, 0.6799474, 1598.7919, 1598.7919, 955.3126, 717.6317, , 
65882.204089708, 005419, 0.15566194, 0.075291924, 1.3387257, -0.054169267, 0.078018524, -0.72684246, 0.68020505, 1598.7919, 1598.7919, 955.31195, 717.6336, , 
65882.237427541, 005420, 0.15294404, 0.07335013, 1.3524092, -0.05675803, 0.08163452, -0.725694, 0.68079555, 1598.7919, 1598.7919, 955.31116, 717.63684, , 
65882.254096541, 005421, 0.1514902, 0.07246412, 1.359578, -0.058118746, 0.083556436, -0.72507495, 0.6811071, 1598.7919, 1598.7919, 955.31055, 717.6393, , 
65882.287434291, 005422, 0.14839096, 0.070813, 1.3744792, -0.061168578, 0.08801171, -0.7241782, 0.6812329, 1599.2438, 1599.2438, 955.30963, 717.64215, , 
65882.304103208, 005423, 0.14659023, 0.07029043, 1.3813014, -0.06266326, 0.090207234, -0.72398, 0.6810205, 1599.2438, 1599.2438, 955.30914, 717.6426, , 
65882.337440958, 005424, 0.14303985, 0.06910246, 1.3961185, -0.06542888, 0.09384316, -0.7238058, 0.6804541, 1598.7919, 1598.7919, 955.3086, 717.6424, , 
65882.354109916, 005425, 0.14118108, 0.06845232, 1.4038715, -0.066799894, 0.09554275, -0.7236572, 0.6802424, 1598.7919, 1598.7919, 955.30835, 717.6426, , 
65882.387447833, 005426, 0.13730052, 0.067163184, 1.419522, -0.06979752, 0.09840888, -0.72320426, 0.68001443, 1598.7919, 1598.7919, 955.3081, 717.6431, , 
65882.40411675, 005427, 0.13496718, 0.06652234, 1.426138, -0.071312755, 0.099146955, -0.72282344, 0.68015486, 1598.7919, 1598.7919, 955.30835, 717.6438, , 
65882.4374545, 005428, 0.13017854, 0.06547953, 1.4407026, -0.07507597, 0.09942614, -0.7221286, 0.68044716, 1598.7919, 1598.7919, 955.3099, 717.64514, , 
65882.454123458, 005429, 0.12773085, 0.065087035, 1.4483742, -0.077489726, 0.09934689, -0.7219463, 0.6803816, 1598.7919, 1598.7919, 955.31104, 717.6451, , 
65884.504399833, 005521, 0.123260595, 0.044101983, 2.408886, -0.082814, 0.0626083, -0.7118923, 0.6945728, 1599.2438, 1599.2438, 955.34125, 717.67145, , 
65884.521068791, 005522, 0.12247444, 0.043120243, 2.4160168, -0.07879812, 0.0607999, -0.7116182, 0.695481, 1598.7919, 1598.7919, 955.33923, 717.6746, , 
65884.537737708, 005523, 0.12240155, 0.042100266, 2.4232202, -0.07479863, 0.05870613, -0.7115127, 0.69621, 1598.7919, 1598.7919, 955.3379, 717.6764, , 
65884.554406625, 005524, 0.122715995, 0.041032046, 2.430449, -0.070653565, 0.056289393, -0.7114632, 0.69689286, 1598.7919, 1598.7919, 955.33673, 717.67773, , 
65884.571075666, 005525, 0.12326924, 0.039868366, 2.4377308, -0.065372236, 0.053786706, -0.7112234, 0.69785005, 1598.7919, 1598.7919, 955.3347, 717.6802, , 
65884.587744416, 005526, 0.12408112, 0.03858546, 2.4448466, -0.05618666, 0.05091778, -0.7106462, 0.6994515, 1598.7919, 1598.7919, 955.33136, 717.68396, , 
65884.621082291, 005527, 0.12625597, 0.03563921, 2.4551709, -0.026979256, 0.038098667, -0.7090822, 0.70357877, 1598.7919, 1598.7919, 955.3194, 717.6957, , 
65884.637751333, 005528, 0.1279372, 0.03400158, 2.4589021, -0.014275925, 0.02700005, -0.70850784, 0.70504177, 1598.7919, 1598.7919, 955.3179, 717.69836, , 
65884.654420083, 005529, 0.12973613, 0.032157943, 2.4620748, -0.004197748, 0.01436199, -0.707863, 0.7061913, 1598.7919, 1598.7919, 955.3188, 717.7002, , 
65884.671089, 005530, 0.1314816, 0.0301968, 2.4651585, -0.003825086, -0.0019922892, 0.70706826, -0.7071321, 1598.7919, 1598.7919, 955.32196, 717.70276, , 
65884.687757916, 005531, 0.1331146, 0.028305367, 2.4685361, -0.011317889, 0.008890821, 0.70625275, -0.7078135, 1598.7919, 1598.7919, 955.3244, 717.7047, , 
65884.721095833, 005532, 0.1355797, 0.024927922, 2.4756489, -0.028701799, 0.024604842, 0.7046408, -0.7085564, 1598.7919, 1598.7919, 955.3239, 717.7077, , 
65884.737764666, 005533, 0.13668187, 0.023656197, 2.4802911, -0.03609149, 0.030112635, 0.7038287, -0.70881295, 1598.7919, 1598.7919, 955.32263, 717.70886, , 
65884.754433583, 005534, 0.13770135, 0.022623166, 2.4855242, -0.04143498, 0.034656845, 0.70311546, -0.709021, 1598.7919, 1598.7919, 955.32196, 717.70996, , 
65884.771102583, 005535, 0.13865583, 0.021822572, 2.4912493, -0.044887245, 0.038405348, 0.7026552, -0.70907396, 1598.7919, 1598.7919, 955.3221, 717.71094, , 
65884.787771458, 005536, 0.1395332, 0.021212794, 2.4975123, -0.04665052, 0.041175917, 0.70239264, -0.70906484, 1598.7919, 1598.7919, 955.3225, 717.7112, , 
65884.80444025, 005537, 0.13992414, 0.020768952, 2.5039117, -0.046976082, 0.04296987, 0.7021103, -0.7092164, 1598.7919, 1598.7919, 955.32336, 717.7118, , 
65884.821109291, 005538, 0.13982248, 0.02044157, 2.510375, -0.04685199, 0.04403366, 0.7015321, -0.70973134, 1598.7919, 1598.7919, 955.32404, 717.7133, , 
65884.854447083, 005539, 0.14042366, 0.019963063, 2.5253782, -0.04788921, 0.044805184, 0.6994851, -0.7116317, 1598.7919, 1598.7919, 955.3243, 717.72046, , 
65884.871116125, 005540, 0.14097306, 0.019842446, 2.5331938, -0.049044497, 0.044988025, 0.6983166, -0.71268827, 1598.7919, 1598.7919, 955.32355, 717.7241, , 
65884.887784875, 005541, 0.14176725, 0.019851387, 2.5409596, -0.050138853, 0.045493364, 0.6973006, -0.71357423, 1598.7919, 1598.7919, 955.323, 717.7284, , 
65884.904453833, 005542, 0.14282347, 0.019884422, 2.5483537, -0.05109136, 0.04650739, 0.6965101, -0.71421313, 1598.7919, 1598.7919, 955.323, 717.73096, , 
65884.92112275, 005543, 0.14415729, 0.020042442, 2.5555336, -0.051871978, 0.047538523, 0.6960136, -0.71457285, 1598.7919, 1598.7919, 955.3231, 717.73267, , 
65884.93779175, 005544, 0.14568855, 0.02055861, 2.5630944, -0.052665427, 0.048073836, 0.6956822, -0.7148017, 1598.7919, 1598.7919, 955.323, 717.73395, , 
65884.971129458, 005545, 0.14917806, 0.022237018, 2.5788717, -0.05423243, 0.04695776, 0.6955664, -0.7148714, 1598.7919, 1598.7919, 955.3216, 717.73413, , 
65884.987798458, 005546, 0.15098603, 0.023144685, 2.5868096, -0.05517687, 0.045915466, 0.6955672, -0.7148661, 1598.7919, 1598.7919, 955.32007, 717.7337, , 
65885.004467375, 005547, 0.15229146, 0.024299651, 2.593878, -0.05635173, 0.04519518, 0.69550264, -0.7148832, 1598.7919, 1598.7919, 955.3189, 717.73346, , 
65885.021136375, 005548, 0.15324125, 0.02550289, 2.6001961, -0.057369918, 0.045160517, 0.6954702, -0.71483594, 1599.2438, 1599.2438, 955.3181, 717.7333, , 
65885.037805083, 005549, 0.15454616, 0.026160404, 2.6067696, -0.05803035, 0.04609036, 0.69551754, -0.7146772, 1599.2438, 1599.2438, 955.318, 717.73267, , 
65885.054474083, 005550, 0.15585437, 0.026564434, 2.613262, -0.058515154, 0.047720145, 0.69563574, -0.7144156, 1598.7919, 1598.7919, 955.31854, 717.73193, , 
65885.087811916, 005551, 0.15790379, 0.027178645, 2.6262984, -0.060382858, 0.051054046, 0.69583386, -0.7138366, 1598.7919, 1598.7919, 955.31964, 717.7305, , 
65885.10448075, 005552, 0.1580975, 0.028002411, 2.6324017, -0.06177936, 0.051861588, 0.6960098, -0.7134872, 1598.7919, 1598.7919, 955.3194, 717.7292, , 
65885.12114975, 005553, 0.15821636, 0.028633565, 2.639004, -0.06332255, 0.05200913, 0.6963109, -0.7130473, 1598.7919, 1598.7919, 955.31854, 717.72766, , 
65885.137818583, 005554, 0.15823694, 0.029075377, 2.6459403, -0.064866625, 0.051754367, 0.69677866, -0.7124699, 1599.2438, 1599.2438, 955.3176, 717.7257, , 
65885.154487625, 005555, 0.15808792, 0.029386155, 2.65298, -0.06636363, 0.051395964, 0.697387, -0.7117625, 1599.2438, 1599.2438, 955.3162, 717.7224, , 
65885.171156375, 005556, 0.1577409, 0.029558249, 2.66001, -0.06807361, 0.051255587, 0.698039, -0.7109715, 1598.7919, 1598.7919, 955.3152, 717.71967, , 
65885.20449425, 005557, 0.156615, 0.029395245, 2.6739883, -0.072411165, 0.051352985, 0.69950026, -0.7090972, 1598.7919, 1598.7919, 955.3126, 717.7122, , 
65885.22116325, 005558, 0.15573111, 0.02911283, 2.6810427, -0.07466437, 0.051340118, 0.70029885, -0.7080755, 1598.7919, 1598.7919, 955.3116, 717.7087, , 
65885.237832166, 005559, 0.15453261, 0.02874799, 2.6881423, -0.07696076, 0.051419623, 0.70109373, -0.70703655, 1598.7919, 1598.7919, 955.31055, 717.7051, , 
65885.254500958, 005560, 0.15302138, 0.02829542, 2.695245, -0.079188876, 0.051725682, 0.7018578, -0.70600945, 1598.7919, 1598.7919, 955.30963, 717.70154, , 
65885.271169875, 005561, 0.1512106, 0.027769841, 2.702351, -0.08125078, 0.052238908, 0.70260286, -0.7049956, 1598.7919, 1598.7919, 955.3087, 717.69696, , 
65885.287838833, 005562, 0.14907826, 0.027154498, 2.7094834, -0.08321729, 0.052866146, 0.7032183, -0.7041052, 1598.7919, 1598.7919, 955.3082, 717.69385, , 
65885.304507833, 005563, 0.14688127, 0.02623576, 2.7172904, 0.08518814, -0.05344355, -0.7036494, 0.70339483, 1598.7919, 1598.7919, 955.3076, 717.6912, , 
65885.337845541, 005564, 0.14124294, 0.024515197, 2.732621, 0.08901823, -0.053636357, -0.7040955, 0.70245886, 1598.7919, 1598.7919, 955.306, 717.68695, , 
65885.354514458, 005565, 0.13799347, 0.023660712, 2.7403738, 0.090435736, -0.053284902, -0.7042208, 0.7021789, 1598.7919, 1598.7919, 955.3052, 717.6857, , 
65885.371183416, 005566, 0.13455637, 0.022754855, 2.748167, 0.09154361, -0.053047374, -0.70429814, 0.7019757, 1598.7919, 1598.7919, 955.3044, 717.6846, , 
65885.387852375, 005567, 0.13095139, 0.021786556, 2.7559528, 0.092445984, -0.053103894, -0.7043157, 0.7018356, 1598.7919, 1598.7919, 955.304, 717.684, , 
65885.404521166, 005568, 0.12736411, 0.020647675, 2.765071, 0.092855915, -0.053286277, -0.7043318, 0.7017514, 1598.7919, 1598.7919, 955.30383, 717.6836, , 
65885.421190166, 005569, 0.123464145, 0.019504242, 2.7736409, 0.09279681, -0.053381197, -0.7043077, 0.70177627, 1598.7919, 1598.7919, 955.3039, 717.6836, , 
65885.454528, 005570, 0.11498878, 0.01723427, 2.7901337, 0.09152765, -0.052984077, -0.70453787, 0.701742, 1598.7919, 1598.7919, 955.3082, 717.6732, , 
65885.471196791, 005571, 0.11062805, 0.016121961, 2.7985055, 0.09050556, -0.052425694, -0.7049191, 0.7015336, 1598.7919, 1598.7919, 955.3087, 717.6722, , 
65885.48786575, 005572, 0.106260896, 0.015017293, 2.8069987, 0.089548394, -0.05178374, -0.7054, 0.70122063, 1598.7919, 1598.7919, 955.3089, 717.67096, , 
65885.504534708, 005573, 0.10204479, 0.013550557, 2.8161747, 0.0885538, -0.051368, -0.70582205, 0.7009528, 1598.7919, 1598.7919, 955.30914, 717.66974, , 
65885.521203625, 005574, 0.09769257, 0.012261096, 2.824986, 0.087571494, -0.05144128, -0.70606124, 0.70083, 1598.7919, 1598.7919, 955.3099, 717.66907, , 
65885.537872625, 005575, 0.09326952, 0.011175707, 2.833674, 0.086482115, -0.051647685, -0.70626277, 0.70074683, 1598.7919, 1598.7919, 955.31055, 717.66876, , 
65885.571210375, 005576, 0.08431872, 0.0095684305, 2.8515885, 0.08482694, -0.050564192, -0.70647544, 0.70081395, 1598.7919, 1598.7919, 955.31116, 717.6686, , 
65885.58787925, 005577, 0.079788744, 0.009074837, 2.8607824, 0.08468204, -0.049140554, -0.70651877, 0.7008891, 1598.7919, 1598.7919, 955.3104, 717.6685, , 
65885.60454825, 005578, 0.07567976, 0.008906372, 2.871641, 0.08463173, -0.04759309, -0.7067515, 0.70076716, 1598.7919, 1598.7919, 955.30963, 717.6681, , 
65885.621217, 005579, 0.07143746, 0.008855525, 2.8813646, 0.08417982, -0.046635106, -0.7072402, 0.70039284, 1598.7919, 1598.7919, 955.30927, 717.66693, , 
65885.637885958, 005580, 0.06708762, 0.008936197, 2.8901806, 0.08310475, -0.04651262, -0.70795846, 0.69980353, 1598.7919, 1598.7919, 955.3099, 717.66437, , 
65885.671223875, 005581, 0.057956383, 0.009657711, 2.907433, 0.079701886, -0.04626533, -0.7092277, 0.6989301, 1598.7919, 1598.7919, 955.3118, 717.66095, , 
65885.687892875, 005582, 0.053106725, 0.0103413835, 2.9165187, 0.07808969, -0.044647742, -0.7094856, 0.69895554, 1598.7919, 1598.7919, 955.3122, 717.6603, , 
65885.704561625, 005583, 0.048575602, 0.011093438, 2.9277995, 0.07710351, -0.04159059, -0.7095253, 0.6992132, 1598.7919, 1598.7919, 955.3112, 717.6606, , 
65885.721230583, 005584, 0.043867648, 0.0121083185, 2.9384356, 0.07685307, -0.037726145, -0.70947874, 0.69950724, 1598.7919, 1598.7919, 955.30963, 717.661, , 
65885.737899541, 005585, 0.039165393, 0.013240375, 2.948354, 0.077069424, -0.03400816, -0.7094793, 0.6996734, 1598.7919, 1598.7919, 955.30707, 717.6611, , 
65885.771237291, 005586, 0.030383319, 0.015305512, 2.9666402, 0.07683552, -0.028689291, -0.71003425, 0.6993745, 1598.7919, 1598.7919, 955.3046, 717.65967, , 
65885.787906208, 005587, 0.026370956, 0.016088154, 2.9750762, 0.07610022, -0.027343633, -0.7105589, 0.6989758, 1598.7919, 1598.7919, 955.30426, 717.6577, , 
65885.804575125, 005588, 0.022432484, 0.016513795, 2.9842083, 0.07505333, -0.026631564, -0.71118397, 0.69848055, 1598.7919, 1598.7919, 955.3044, 717.656, , 
65885.821244083, 005589, 0.018754408, 0.016872771, 2.9925618, 0.07376487, -0.026433393, -0.71190906, 0.6978864, 1598.7919, 1598.7919, 955.305, 717.65393, , 
65885.854581791, 005590, 0.011887281, 0.017453916, 3.0082917, 0.07052015, -0.026286859, -0.71362644, 0.69647205, 1598.7919, 1598.7919, 955.30707, 717.64844, , 
65885.871250833, 005591, 0.008542261, 0.017741896, 3.0163033, 0.069051, -0.025570285, -0.71451867, 0.6957308, 1598.7919, 1598.7919, 955.30774, 717.6459, , 
65885.88791975, 005592, 0.005242601, 0.01808323, 3.0245976, 0.06781675, -0.024017708, -0.71545386, 0.6949458, 1598.7919, 1598.7919, 955.3081, 717.6431, , 
65885.904588666, 005593, 0.0023398474, 0.018590339, 3.0331445, 0.06676359, -0.021577753, -0.7164559, 0.69409513, 1598.7919, 1598.7919, 955.30774, 717.6392, , 
65885.937926458, 005594, -0.0036855042, 0.01943954, 3.050737, 0.065948546, -0.016029682, -0.7179318, 0.69279706, 1598.7919, 1598.7919, 955.3063, 717.6342, , 
65885.954595333, 005595, -0.006714888, 0.019735388, 3.0595415, 0.066021055, -0.013554478, -0.71826804, 0.6924944, 1598.7919, 1598.7919, 955.305, 717.63245, , 
65885.971264291, 005596, -0.009686305, 0.01992298, 3.0682294, 0.0659768, -0.011563949, -0.7183834, 0.69241506, 1598.7919, 1598.7919, 955.30414, 717.63196, , 
65886.004602083, 005597, -0.01619162, 0.020709053, 3.0855057, 0.06466628, -0.008853072, -0.7180345, 0.6929405, 1598.7919, 1598.7919, 955.3032, 717.63293, , 
65886.021270958, 005598, -0.019412732, 0.020988591, 3.0941088, 0.063530885, -0.007885383, -0.71755815, 0.6935502, 1598.7919, 1598.7919, 955.303, 717.6353, , 
65886.037939916, 005599, -0.02227322, 0.02098637, 3.1026988, 0.06217605, -0.00697344, -0.7170224, 0.6942366, 1598.7919, 1598.7919, 955.30273, 717.6376, , 
65886.054608875, 005600, -0.024860514, 0.020899214, 3.1113403, 0.06066798, -0.0061774007, -0.7165852, 0.6948287, 1598.7919, 1598.7919, 955.30273, 717.6396, , 
65886.087946666, 005601, -0.02937319, 0.020637892, 3.1287177, 0.05785213, -0.005642694, -0.7160369, 0.6956382, 1598.7919, 1598.7919, 955.30334, 717.643, , 
65886.104615583, 005602, -0.03102897, 0.020729847, 3.1366236, 0.05636784, -0.0056832116, -0.71602684, 0.69577, 1598.7919, 1598.7919, 955.30383, 717.6437, , 
65886.121284541, 005603, -0.03269599, 0.020733055, 3.1450372, 0.05448116, -0.0057397, -0.71626663, 0.6956729, 1598.7919, 1598.7919, 955.3049, 717.64355, , 
65886.15462225, 005604, -0.035802078, 0.020660423, 3.1626346, 0.04924464, -0.0067162765, -0.71745396, 0.6948307, 1598.7919, 1598.7919, 955.3075, 717.64105, , 
65886.171291208, 005605, -0.037194353, 0.020613436, 3.1715772, 0.046317957, -0.0076170536, -0.71831995, 0.6941275, 1599.2438, 1599.2438, 955.3102, 717.638, , 
65886.187960208, 005606, -0.03853314, 0.020566292, 3.1806746, 0.04344209, -0.008444389, -0.7192301, 0.693361, 1598.7919, 1598.7919, 955.3122, 717.63544, , 
65886.204629083, 005607, -0.039317768, 0.021038223, 3.1889985, 0.040448233, -0.009123355, -0.7201218, 0.6926075, 1598.7919, 1598.7919, 955.3143, 717.6328, , 
65886.237966875, 005608, -0.041352686, 0.021360315, 3.2070112, 0.03373478, -0.010591172, -0.7219046, 0.69108874, 1599.2438, 1599.2438, 955.3198, 717.6268, , 
65886.254635791, 005609, -0.042408578, 0.021354519, 3.2162519, 0.030336136, -0.011517295, -0.72269017, 0.6904101, 1599.2438, 1599.2438, 955.3225, 717.6244, , 
65886.271304791, 005610, -0.04348361, 0.021280155, 3.2254436, 0.027180126, -0.012885356, -0.7233007, 0.68987775, 1598.7919, 1598.7919, 955.3252, 717.6224, , 
65886.3046425, 005611, -0.04481235, 0.021088235, 3.242028, 0.021037277, -0.016582819, -0.7241534, 0.6891185, 1599.2438, 1599.2438, 955.3323, 717.6194, , 
65886.321311416, 005612, -0.045517713, 0.021091279, 3.2506266, 0.018151294, -0.017759454, -0.72429144, 0.6890262, 1599.2438, 1599.2438, 955.3352, 717.6188, , 
65886.337980333, 005613, -0.04658194, 0.021254122, 3.2601407, 0.015813243, -0.018057304, -0.72413117, 0.6892445, 1598.7919, 1598.7919, 955.33765, 717.61945, , 
65886.354649375, 005614, -0.047747903, 0.021568708, 3.2700062, 0.014065592, -0.017794853, -0.72381496, 0.68962127, 1598.7919, 1598.7919, 955.33856, 717.62054, , 
65886.387987083, 005615, -0.050071582, 0.022668563, 3.289603, 0.010782922, -0.018060744, -0.72322214, 0.69029504, 1598.7919, 1598.7919, 955.34064, 717.62317, , 
65886.404655958, 005616, -0.05055083, 0.02371914, 3.2966588, 0.009108522, -0.01856976, -0.7230175, 0.6905199, 1598.7919, 1598.7919, 955.34204, 717.62396, , 
65886.421324958, 005617, -0.051315844, 0.024994977, 3.3050976, 0.0077254223, -0.018850634, -0.72293293, 0.6906178, 1599.2438, 1599.2438, 955.3432, 717.6244, , 
65886.437993958, 005618, -0.052232005, 0.026549675, 3.3144603, 0.0068152826, -0.018915817, -0.7230127, 0.69054216, 1599.2438, 1599.2438, 955.34424, 717.62427, , 
65886.471331666, 005619, -0.05395642, 0.030339457, 3.33363, 0.006032527, -0.018776437, -0.7237909, 0.68973744, 1599.2438, 1599.2438, 955.345, 717.6218, , 
65886.488000583, 005620, -0.05472083, 0.03235472, 3.3428988, 0.005771666, -0.019312372, -0.72447526, 0.68900603, 1599.2438, 1599.2438, 955.346, 717.6188, , 
65888.504938833, 005712, -0.14429122, -0.01231017, 4.432168, -0.268243, 0.33993417, -0.6440965, 0.63057935, 1598.7919, 1598.7919, 955.28937, 717.73694, , 
65888.52160775, 005713, -0.14131103, -0.010605391, 4.4391594, -0.2751727, 0.34513488, -0.6423969, 0.6264886, 1598.7919, 1598.7919, 955.2896, 717.73376, , 
65888.554945458, 005714, -0.13567087, -0.009131912, 4.452536, -0.2877238, 0.35593668, -0.6400314, 0.6171579, 1598.7919, 1598.7919, 955.28894, 717.72406, , 
65888.571614416, 005715, -0.13316435, -0.008516379, 4.458778, -0.29393896, 0.3607247, -0.63884634, 0.6126606, 1598.7919, 1598.7919, 955.2887, 717.71954, , 
65888.588283375, 005716, -0.1308955, -0.007844929, 4.464858, -0.30055323, 0.36518234, -0.6371979, 0.6085133, 1598.7919, 1598.7919, 955.2888, 717.7139, , 
65888.621621041, 005717, -0.12625459, -0.005011007, 4.477321, -0.31416395, 0.37414962, -0.63257796, 0.6009644, 1598.7919, 1598.7919, 955.2895, 717.7083, , 
65888.638290041, 005718, -0.12383003, -0.0034616105, 4.4838314, -0.32034788, 0.37978357, -0.62998354, 0.5968772, 1598.7919, 1598.7919, 955.2896, 717.70685, , 
65888.671627916, 005719, -0.11856663, -0.00063528493, 4.4971, -0.33068064, 0.394048, -0.62479633, 0.5873722, 1598.7919, 1598.7919, 955.2882, 717.7071, , 
65888.688296708, 005720, -0.11600687, 0.00072967267, 4.5034766, -0.33557367, 0.40124723, -0.6220386, 0.58263105, 1598.7919, 1598.7919, 955.2874, 717.7081, , 
65888.704965666, 005721, -0.113776565, 0.0019835606, 4.5094576, -0.34072712, 0.4074912, -0.6190281, 0.57849824, 1598.7919, 1598.7919, 955.28674, 717.70984, , 
65888.721634583, 005722, -0.111743085, 0.004047431, 4.516937, -0.3460529, 0.41264325, -0.6157788, 0.5751429, 1598.7919, 1598.7919, 955.2866, 717.71106, , 
65888.754972375, 005723, -0.10884939, 0.00621783, 4.5278444, -0.35702363, 0.42033544, -0.6092403, 0.5698058, 1598.7919, 1598.7919, 955.2874, 717.71295, , 
65888.77164125, 005724, -0.10758145, 0.0069496334, 4.5325246, -0.36257792, 0.42329133, -0.6060245, 0.567535, 1598.7919, 1598.7919, 955.2881, 717.71326, , 
65888.788310208, 005725, -0.10610029, 0.0075897425, 4.537046, -0.3681298, 0.4263403, -0.60283667, 0.56506854, 1598.7919, 1598.7919, 955.2888, 717.71313, , 
65888.821648083, 005726, -0.10256477, 0.009864584, 4.5486097, -0.3780482, 0.4342866, -0.59679615, 0.55884606, 1598.7919, 1598.7919, 955.2895, 717.71326, , 
65888.838316916, 005727, -0.10016301, 0.010778308, 4.5541806, -0.3820588, 0.43905595, -0.5941628, 0.5551861, 1598.7919, 1598.7919, 955.28925, 717.7136, , 
65888.854985833, 005728, -0.09742203, 0.01138084, 4.5591774, -0.38567668, 0.44386554, -0.59170556, 0.55147207, 1598.7919, 1598.7919, 955.2887, 717.71466, , 
65888.888323791, 005729, -0.09186104, 0.012138702, 4.5684147, -0.3923419, 0.45193848, -0.58698994, 0.54521775, 1598.7919, 1598.7919, 955.2881, 717.7164, , 
65888.9049925, 005730, -0.08921092, 0.012319051, 4.5727897, -0.3954502, 0.4548744, -0.5846462, 0.54304427, 1598.7919, 1598.7919, 955.2881, 717.7173, , 
65888.921661416, 005731, -0.08763551, 0.0136047825, 4.580472, -0.39838067, 0.4571856, -0.5821668, 0.5416235, 1598.7919, 1598.7919, 955.28845, 717.7189, , 
65888.938330375, 005732, -0.085263506, 0.013990305, 4.5859513, -0.4011098, 0.45931184, -0.5797832, 0.5403656, 1598.7919, 1598.7919, 955.2887, 717.7203, , 
65888.971668333, 005733, -0.07894213, 0.013934098, 4.5951767, -0.40570998, 0.4642467, -0.5752954, 0.5375031, 1598.7919, 1598.7919, 955.2892, 717.72473, , 
65888.988337041, 005734, -0.075136535, 0.013792604, 4.5995264, -0.40762097, 0.46711582, -0.573353, 0.5356438, 1598.7919, 1598.7919, 955.28906, 717.72675, , 
65889.005006041, 005735, -0.07102406, 0.013635904, 4.6037116, -0.4095556, 0.4699798, -0.57162637, 0.5335041, 1598.7919, 1598.7919, 955.28894, 717.7283, , 
65889.038343958, 005736, -0.062315095, 0.014942996, 4.616146, -0.41422912, 0.47503167, -0.56847245, 0.5287706, 1598.7919, 1598.7919, 955.28845, 717.72845, , 
65889.05501275, 005737, -0.057711687, 0.014879443, 4.620181, -0.4169432, 0.47716057, -0.56695825, 0.52634066, 1598.7919, 1598.7919, 955.2883, 717.72754, , 
65889.071681666, 005738, -0.05298444, 0.014685057, 4.623875, -0.4196389, 0.47905245, -0.5654442, 0.524104, 1598.7919, 1598.7919, 955.2883, 717.7261, , 
65889.088350583, 005739, -0.048091482, 0.014431231, 4.627432, -0.4223284, 0.48086923, -0.5638126, 0.52203345, 1598.7919, 1598.7919, 955.28845, 717.7252, , 
65889.121688541, 005740, -0.037546147, 0.014792405, 4.638777, -0.4279092, 0.4842938, -0.55982363, 0.5186047, 1598.7919, 1598.7919, 955.28894, 717.7245, , 
65889.13835725, 005741, -0.032106526, 0.014792338, 4.643631, -0.43055442, 0.48587152, -0.55773324, 0.5171899, 1598.7919, 1598.7919, 955.28925, 717.7247, , 
65889.155026208, 005742, -0.026551202, 0.014615782, 4.647538, -0.432995, 0.48738652, -0.5557318, 0.51587987, 1598.7919, 1598.7919, 955.2896, 717.72516, , 
65889.188364083, 005743, -0.014986076, 0.014264673, 4.654496, -0.4376646, 0.4899995, -0.55209404, 0.51336384, 1598.7919, 1598.7919, 955.2904, 717.72565, , 
65889.205032916, 005744, -0.008905686, 0.014188938, 4.657967, -0.4401, 0.49119914, -0.55044127, 0.5119081, 1598.34, 1598.34, 955.29065, 717.7251, , 
65889.221701833, 005745, -0.002257757, 0.015040003, 4.665804, -0.44268438, 0.49242753, -0.548797, 0.5102622, 1598.34, 1598.34, 955.291, 717.7241, , 
65889.238370791, 005746, 0.0042772293, 0.015348323, 4.670399, -0.4452514, 0.49362698, -0.5474428, 0.5083207, 1598.34, 1598.34, 955.29126, 717.72205, , 
65889.271708708, 005747, 0.01740709, 0.015790202, 4.677014, -0.45027396, 0.4954669, -0.5454617, 0.5042198, 1598.34, 1598.34, 955.2914, 717.71686, , 
65889.2883775, 005748, 0.024015186, 0.016107433, 4.6799846, -0.45289364, 0.4960405, -0.544651, 0.50218177, 1598.7919, 1598.7919, 955.2916, 717.71246, , 
65889.305046375, 005749, 0.030658178, 0.016614608, 4.6831527, -0.4556419, 0.49641237, -0.54390115, 0.5001367, 1598.7919, 1598.7919, 955.29193, 717.7086, , 
65889.338384291, 005750, 0.04413055, 0.018975385, 4.693435, -0.46108073, 0.49765462, -0.54237425, 0.49555477, 1598.7919, 1598.7919, 955.2924, 717.6991, , 
65889.355053125, 005751, 0.05127696, 0.019842431, 4.6967516, -0.46346152, 0.49878824, -0.54172695, 0.4928951, 1598.7919, 1598.7919, 955.2923, 717.69556, , 
65889.371722041, 005752, 0.05858068, 0.02072972, 4.699821, -0.4656138, 0.50017, -0.54106903, 0.4901819, 1598.7919, 1598.7919, 955.2922, 717.6925, , 
65889.405059916, 005753, 0.073563784, 0.022664286, 4.7056847, -0.4695336, 0.5036943, -0.5394986, 0.4845324, 1598.34, 1598.34, 955.2914, 717.68713, , 
65889.421728708, 005754, 0.080866694, 0.023938902, 4.7102056, -0.47122633, 0.5060183, -0.53849465, 0.4815754, 1598.34, 1598.34, 955.2909, 717.6857, , 
65889.455066625, 005755, 0.095937684, 0.025770806, 4.716068, -0.47404814, 0.5111526, -0.5363991, 0.4756863, 1598.7919, 1598.7919, 955.2895, 717.6849, , 
65889.471735541, 005756, 0.10327203, 0.026545279, 4.718452, -0.475856, 0.51349014, -0.53496873, 0.4729667, 1598.7919, 1598.7919, 955.2892, 717.68475, , 
65889.4884045, 005757, 0.11041056, 0.027256515, 4.72066, -0.47805044, 0.5156378, -0.53322345, 0.47038105, 1598.7919, 1598.7919, 955.28894, 717.68445, , 
65889.52174225, 005758, 0.1235591, 0.028065525, 4.726482, -0.48300385, 0.51995754, -0.52889735, 0.46542346, 1598.7919, 1598.7919, 955.2888, 717.6842, , 
65889.538411166, 005759, 0.13006142, 0.02850341, 4.728983, -0.48554358, 0.5221464, -0.5265182, 0.46302167, 1598.7919, 1598.7919, 955.2888, 717.6845, , 
65889.555080166, 005760, 0.13657142, 0.029010832, 4.7311096, -0.48809922, 0.5243503, -0.52393126, 0.46077332, 1598.7919, 1598.7919, 955.28894, 717.6854, , 
65889.588417875, 005761, 0.14948915, 0.029974595, 4.7351303, -0.49283245, 0.52928984, -0.5178757, 0.4569171, 1598.7919, 1598.7919, 955.2892, 717.6894, , 
65889.605086791, 005762, 0.15605298, 0.030373447, 4.737181, -0.49482277, 0.532314, -0.5145442, 0.45501256, 1598.7919, 1598.7919, 955.28925, 717.6942, , 
65889.63842475, 005763, 0.16987932, 0.030897021, 4.74155, -0.49854887, 0.53931385, -0.50771785, 0.45034698, 1598.7919, 1598.7919, 955.28894, 717.7027, , 
65889.655093416, 005764, 0.17658477, 0.03125546, 4.743325, 0.50038135, -0.54288703, 0.5044288, -0.44770938, 1598.7919, 1598.7919, 955.2887, 717.7068, , 
65889.671762416, 005765, 0.18320538, 0.031619847, 4.7449455, 0.5021925, -0.54626757, 0.5012929, -0.4450841, 1598.7919, 1598.7919, 955.28845, 717.7117, , 
65889.705100333, 005766, 0.19638099, 0.03231582, 4.7479463, 0.50540054, -0.5525452, 0.49565944, -0.43998387, 1598.7919, 1598.7919, 955.2882, 717.71814, , 
65889.721769083, 005767, 0.20316729, 0.032335296, 4.750028, 0.5069914, -0.5556479, 0.49290577, -0.43733191, 1598.7919, 1598.7919, 955.28796, 717.72217, , 
65889.738438041, 005768, 0.2099445, 0.032532416, 4.7516, 0.50859416, -0.55885154, 0.49008086, -0.4345545, 1598.7919, 1598.7919, 955.2878, 717.7253, , 
65889.771775875, 005769, 0.2234933, 0.032964237, 4.7542467, 0.51221544, -0.5651316, 0.48409867, -0.42884737, 1598.7919, 1598.7919, 955.28766, 717.7322, , 
65889.788444916, 005770, 0.23019995, 0.03312549, 4.7554717, 0.51422524, -0.56798667, 0.48104146, -0.4261017, 1598.7919, 1598.7919, 955.28766, 717.73474, , 
65889.805113625, 005771, 0.23688202, 0.033210598, 4.756706, 0.51630074, -0.5706921, 0.47794977, -0.4234477, 1598.7919, 1598.7919, 955.2878, 717.73706, , 
65889.8384515, 005772, 0.2516986, 0.032559916, 4.7602377, 0.5211637, -0.5762486, 0.47100145, -0.41771227, 1598.7919, 1598.7919, 955.2881, 717.742, , 
65889.8551205, 005773, 0.25874734, 0.03237962, 4.7616773, 0.52404034, -0.5790293, 0.46713272, -0.4146008, 1598.7919, 1598.7919, 955.28845, 717.7439, , 
65889.87178925, 005774, 0.26584643, 0.032205984, 4.763083, 0.5270049, -0.5818063, 0.46320596, -0.4113485, 1598.7919, 1598.7919, 955.2888, 717.74615, , 
65889.888458208, 005775, 0.2730496, 0.03204167, 4.76446, 0.52993417, -0.58458644, 0.45939824, -0.40789923, 1598.7919, 1598.7919, 955.28906, 717.7476, , 
65889.921796041, 005776, 0.28360215, 0.031127147, 4.7689896, 0.5357571, -0.5898378, 0.4523451, -0.40054893, 1598.7919, 1598.7919, 955.28937, 717.749, , 
65889.938465083, 005777, 0.28980452, 0.03084828, 4.7708945, 0.5389234, -0.5923761, 0.44877085, -0.39655617, 1598.7919, 1598.7919, 955.28937, 717.74896, , 
65889.955133791, 005778, 0.29696363, 0.030772828, 4.77238, 0.54232055, -0.59479725, 0.4451029, -0.3924129, 1598.7919, 1598.7919, 955.2895, 717.74854, , 
65889.988471666, 005779, 0.31195384, 0.030861758, 4.775022, 0.54949063, -0.5989997, 0.4376758, -0.38431692, 1598.7919, 1598.7919, 955.28973, 717.7459, , 
65890.005140708, 005780, 0.3197329, 0.03079725, 4.7763805, 0.5531325, -0.60076296, 0.43390718, -0.38059556, 1598.7919, 1598.7919, 955.2901, 717.74445, , 
65890.021809416, 005781, 0.32938004, 0.029657826, 4.7781544, 0.55669665, -0.6023785, 0.4300089, -0.37725475, 1598.7919, 1598.7919, 955.2904, 717.74304, , 
65890.038478416, 005782, 0.33755708, 0.029276066, 4.779726, 0.5603333, -0.6039852, 0.42588648, -0.37396425, 1598.7919, 1598.7919, 955.291, 717.7416, , 
65890.071816291, 005783, 0.35277808, 0.02910585, 4.7827463, 0.5679545, -0.6070756, 0.416805, -0.36764184, 1598.7919, 1598.7919, 955.29254, 717.73987, , 
65890.08848525, 005784, 0.36038208, 0.029203668, 4.784125, 0.5720111, -0.60876244, 0.41198418, -0.3639789, 1598.7919, 1598.7919, 955.29333, 717.73883, , 
65890.105154041, 005785, 0.36828834, 0.029341526, 4.785333, 0.5760659, -0.61068153, 0.40736154, -0.3595452, 1598.7919, 1598.7919, 955.29407, 717.73676, , 
65890.121822958, 005786, 0.37755007, 0.028961323, 4.786458, 0.5800247, -0.61264235, 0.40311906, -0.3545924, 1598.7919, 1598.7919, 955.29425, 717.73456, , 
65890.155160791, 005787, 0.3927371, 0.029748619, 4.7884135, 0.5883777, -0.6152281, 0.3953315, -0.34499118, 1598.7919, 1598.7919, 955.2946, 717.7259, , 
65890.171829666, 005788, 0.39955822, 0.030392993, 4.7894683, 0.5929112, -0.6157877, 0.39117157, -0.34094968, 1598.7919, 1598.7919, 955.2952, 717.7211, , 
65890.188498583, 005789, 0.4062159, 0.031113863, 4.7906103, 0.59757376, -0.6162839, 0.38652965, -0.3371862, 1598.7919, 1598.7919, 955.29614, 717.71655, , 
65890.2051675, 005790, 0.4130892, 0.031849407, 4.7918344, 0.6021233, -0.61702937, 0.38158247, -0.33334237, 1599.2438, 1599.2438, 955.29767, 717.7113, , 
65890.221836458, 005791, 0.4212603, 0.032191016, 4.7932806, 0.6064058, -0.6181778, 0.37652263, -0.32917902, 1598.7919, 1598.7919, 955.2986, 717.70807, , 
65890.255174208, 005792, 0.4365762, 0.034447163, 4.795249, 0.6135673, -0.622154, 0.3674415, -0.31850642, 1598.7919, 1598.7919, 955.299, 717.7029, , 
65890.271843125, 005793, 0.444346, 0.03591092, 4.795861, 0.6163906, -0.6248474, 0.36363587, -0.3120855, 1598.34, 1598.34, 955.29834, 717.70154, , 
65890.288512041, 005794, 0.45195237, 0.037424274, 4.7963605, 0.6188709, -0.62753147, 0.3601443, -0.3057762, 1598.7919, 1598.7919, 955.2974, 717.70056, , 
65890.305181041, 005795, 0.45945066, 0.03880114, 4.7969084, 0.62130725, -0.6299041, 0.35649052, -0.3001877, 1598.7919, 1598.7919, 955.2965, 717.69965, , 
65890.338518708, 005796, 0.47528583, 0.04047966, 4.7984443, 0.6266578, -0.6336304, 0.347642, -0.2914748, 1598.7919, 1598.7919, 955.2965, 717.69885, , 
65890.355187666, 005797, 0.48166817, 0.04147061, 4.798927, 0.62954926, -0.6351368, 0.3428375, -0.28763062, 1598.7919, 1598.7919, 955.2973, 717.6982, , 
65890.371856666, 005798, 0.48779815, 0.042412855, 4.7991776, 0.6324576, -0.63659006, 0.33811918, -0.2835948, 1598.7919, 1598.7919, 955.2977, 717.69745, , 
65890.388525583, 005799, 0.49382, 0.043322198, 4.799208, 0.6352595, -0.6379583, 0.33375943, -0.27939093, 1598.7919, 1598.7919, 955.2982, 717.6963, , 
65890.405194375, 005800, 0.4999503, 0.04417508, 4.799029, 0.6380093, -0.6391078, 0.32970917, -0.2752766, 1598.7919, 1598.7919, 955.29846, 717.6947, , 
65890.43853225, 005801, 0.5135958, 0.04553528, 4.7978168, 0.6436837, -0.6411542, 0.32146385, -0.26693368, 1598.7919, 1598.7919, 955.29926, 717.6898, , 
65890.455201208, 005802, 0.5196937, 0.04641433, 4.7969766, 0.6463986, -0.64231414, 0.3172776, -0.26255736, 1598.7919, 1598.7919, 955.2995, 717.68787, , 
65890.47187, 005803, 0.52570856, 0.04730633, 4.7959714, 0.6488703, -0.6436142, 0.313104, -0.25825182, 1598.7919, 1598.7919, 955.29987, 717.68604, , 
65890.488538916, 005804, 0.5316436, 0.048147082, 4.794835, 0.6510684, -0.64499617, 0.30898216, -0.2542047, 1598.7919, 1598.7919, 955.3, 717.6854, , 
65892.505476666, 005890, 1.2501292, 0.114618525, 4.25274, 0.74159706, -0.6562798, -0.05213051, -0.12889147, 1600.1476, 1600.1476, 955.56866, 717.5975, , 
65892.522145541, 005891, 1.25563, 0.1140393, 4.244119, 0.74138623, -0.65654445, -0.050639357, -0.12935038, 1600.1476, 1600.1476, 955.5674, 717.5984, , 
65892.538814583, 005892, 1.2605578, 0.113899216, 4.2351785, 0.7412738, -0.6569815, -0.048639577, -0.12854037, 1599.6957, 1599.6957, 955.56384, 717.5991, , 
65892.555483291, 005893, 1.2653625, 0.11403482, 4.225804, 0.74125683, -0.65758324, -0.0460867, -0.12648568, 1599.6957, 1599.6957, 955.5553, 717.5998, , 
65892.572152291, 005894, 1.2701988, 0.11431241, 4.2161164, 0.74124527, -0.6583471, -0.043001745, -0.1236341, 1599.6957, 1599.6957, 955.5467, 717.60016, , 
65892.605490166, 005895, 1.2812724, 0.11405519, 4.195205, 0.74119496, -0.6599455, -0.036103833, -0.11746677, 1599.6957, 1599.6957, 955.5276, 717.60114, , 
65892.622159083, 005896, 1.2866472, 0.11382388, 4.185069, 0.7412218, -0.6604961, -0.03269275, -0.1151797, 1599.6957, 1599.6957, 955.5163, 717.60156, , 
65892.638827833, 005897, 1.2914224, 0.11371654, 4.1756806, 0.74134916, -0.6607195, -0.029975038, -0.11380953, 1599.6957, 1599.6957, 955.51025, 717.6014, , 
65892.67216575, 005898, 1.3004335, 0.11316527, 4.1582975, 0.7411148, -0.66115415, -0.025237212, -0.113961294, 1599.6957, 1599.6957, 955.5025, 717.60236, , 
65892.688834708, 005899, 1.3049227, 0.11274856, 4.149953, 0.74061364, -0.6616863, -0.022773912, -0.11464697, 1599.6957, 1599.6957, 955.49994, 717.6041, , 
65892.705503458, 005900, 1.3118142, 0.11283088, 4.1407595, 0.7399351, -0.6624521, -0.02047246, -0.11503961, 1599.6957, 1599.6957, 955.49713, 717.6064, , 
65892.738841333, 005901, 1.3223853, 0.11238843, 4.1232314, 0.73878276, -0.66409504, -0.01710754, -0.11351314, 1599.6957, 1599.6957, 955.48914, 717.6114, , 
65892.75551025, 005902, 1.3270754, 0.11205725, 4.114526, 0.7383486, -0.66491956, -0.015837366, -0.111680605, 1599.6957, 1599.6957, 955.4849, 717.6129, , 
65892.788847958, 005903, 1.3364125, 0.1112982, 4.097051, 0.73761374, -0.66655976, -0.013925026, -0.10691225, 1599.6957, 1599.6957, 955.47424, 717.6159, , 
65892.805516875, 005904, 1.3421911, 0.11112532, 4.087624, 0.7373355, -0.6672959, -0.013506778, -0.10426022, 1599.2438, 1599.2438, 955.47003, 717.6169, , 
65892.838854833, 005905, 1.3523407, 0.110220134, 4.069431, 0.7369211, -0.66867274, -0.013389107, -0.09820857, 1599.2438, 1599.2438, 955.46075, 717.6183, , 
65892.855523583, 005906, 1.3571467, 0.10962172, 4.060276, 0.7367028, -0.6694203, -0.013296836, -0.09470265, 1599.2438, 1599.2438, 955.45636, 717.6189, , 
65892.888861541, 005907, 1.3667392, 0.10820178, 4.0417247, 0.7358528, -0.67132246, -0.012163908, -0.08774344, 1599.2438, 1599.2438, 955.4446, 717.6219, , 
65892.905530416, 005908, 1.3718785, 0.1071861, 4.0318537, 0.73521143, -0.6724235, -0.011047521, -0.08478588, 1599.2438, 1599.2438, 955.43945, 717.62396, , 
65892.938868166, 005909, 1.3819095, 0.1049556, 4.013193, 0.73373586, -0.67464167, -0.007981282, -0.0801661, 1599.6957, 1599.6957, 955.42834, 717.6298, , 
65892.955537083, 005910, 1.3869033, 0.10372022, 4.0041156, 0.7330793, -0.67557997, -0.0063727917, -0.078395635, 1599.2438, 1599.2438, 955.42413, 717.63214, , 
65892.988874958, 005911, 1.3970174, 0.10104363, 3.985856, 0.7322286, -0.67696023, -0.003936703, -0.07450313, 1599.2438, 1599.2438, 955.4158, 717.63574, , 
65893.00554375, 005912, 1.4025528, 0.10020615, 3.977267, 0.7319939, -0.6774973, -0.0031358248, -0.07191971, 1599.2438, 1599.2438, 955.41205, 717.6366, , 
65893.038881583, 005913, 1.4135042, 0.09746243, 3.9589126, 0.73175716, -0.67839473, -0.0022108483, -0.06562892, 1599.2438, 1599.2438, 955.4045, 717.6374, , 
65893.055550583, 005914, 1.4190202, 0.09580971, 3.9496324, 0.73175424, -0.6787087, -0.0019917167, -0.06233983, 1599.2438, 1599.2438, 955.3996, 717.63745, , 
65893.088888333, 005915, 1.4301814, 0.09219657, 3.931543, 0.73202014, -0.6789297, -0.0020950162, -0.056538876, 1599.2438, 1599.2438, 955.3937, 717.63654, , 
65893.10555725, 005916, 1.4359725, 0.090254486, 3.9235075, 0.7322416, -0.67888707, -0.0025002824, -0.05411475, 1599.2438, 1599.2438, 955.391, 717.63544, , 
65893.138895125, 005917, 1.4476925, 0.08623749, 3.9067523, 0.7326722, -0.67877316, -0.004231338, -0.049402136, 1599.2438, 1599.2438, 955.388, 717.63367, , 
65893.155563875, 005918, 1.4537416, 0.08438781, 3.8985531, 0.73265547, -0.67888397, -0.0057322606, -0.047954146, 1599.2438, 1599.2438, 955.3874, 717.63336, , 
65893.18890175, 005919, 1.4664711, 0.08142111, 3.882697, 0.7318306, -0.6797623, -0.009616539, -0.04748385, 1599.2438, 1599.2438, 955.3902, 717.6355, , 
65893.222239708, 005920, 1.4793103, 0.079676546, 3.8678253, 0.73078394, -0.6809598, -0.011411499, -0.046024982, 1599.2438, 1599.2438, 955.39075, 717.6397, , 
65893.238908416, 005921, 1.4857498, 0.07920957, 3.8597713, 0.73087776, -0.68093634, -0.010963998, -0.044980176, 1599.2438, 1599.2438, 955.38947, 717.6399, , 
65893.272246333, 005922, 1.4983861, 0.07897512, 3.8439298, 0.7324512, -0.6793315, -0.0075667626, -0.044346437, 1598.7919, 1598.7919, 955.38586, 717.6344, , 
65893.28891525, 005923, 1.504698, 0.07915149, 3.8362842, 0.7337062, -0.6779746, -0.005312817, -0.044694137, 1599.2438, 1599.2438, 955.3846, 717.6301, , 
65893.322252916, 005924, 1.5182613, 0.07983076, 3.8231876, 0.7361209, -0.6752174, 0.00021975602, -0.04698298, 1599.2438, 1599.2438, 955.3826, 717.6198, , 
65893.338921916, 005925, 1.5251937, 0.08036004, 3.816146, 0.7370116, -0.67414606, 0.0036247894, -0.04824753, 1599.2438, 1599.2438, 955.3815, 717.6164, , 
65893.372259791, 005926, 1.5392765, 0.08182456, 3.8018718, 0.73854214, -0.6722734, 0.011398497, -0.049740136, 1599.2438, 1599.2438, 955.3766, 717.6096, , 
65893.388928625, 005927, 1.5462394, 0.082809016, 3.7950487, 0.73948634, -0.67106557, 0.015425682, -0.050922066, 1598.7919, 1598.7919, 955.3747, 717.6061, , 
65893.422266416, 005928, 1.5598058, 0.08515084, 3.7832139, 0.74219304, -0.66753954, 0.02265728, -0.055018462, 1598.7919, 1598.7919, 955.37366, 717.5944, , 
65893.438935416, 005929, 1.5662411, 0.08681326, 3.7775424, 0.7439912, -0.6651841, 0.025743267, -0.05783112, 1598.7919, 1598.7919, 955.3747, 717.58777, , 
65893.472273166, 005930, 1.5784525, 0.090711415, 3.7676666, 0.74838334, -0.65920264, 0.029964989, -0.066905536, 1599.2438, 1599.2438, 955.3817, 717.5719, , 
65893.488942041, 005931, 1.5843003, 0.09285976, 3.7632997, 0.75086504, -0.65572953, 0.03095396, -0.07254117, 1599.2438, 1599.2438, 955.3901, 717.5599, , 
65893.522279958, 005932, 1.5958624, 0.09746651, 3.7550628, 0.7555761, -0.64888227, 0.032517165, -0.08366167, 1599.2438, 1599.2438, 955.4068, 717.5393, , 
65893.53894875, 005933, 1.601571, 0.100067414, 3.750936, 0.7575528, -0.64580363, 0.033416606, -0.08907713, 1599.2438, 1599.2438, 955.4139, 717.5317, , 
65893.572286625, 005934, 1.6127453, 0.10591317, 3.7425427, 0.7607328, -0.64039254, 0.035449732, -0.09963021, 1599.6957, 1599.6957, 955.42725, 717.51935, , 
65893.588955583, 005935, 1.618159, 0.109144345, 3.7384243, 0.7621531, -0.6377919, 0.036045615, -0.1050951, 1599.2438, 1599.2438, 955.4367, 717.5121, , 
65893.622293291, 005936, 1.6299313, 0.116499394, 3.730519, 0.7649823, -0.6323399, 0.035264105, -0.11706769, 1599.6957, 1599.6957, 955.4546, 717.50183, , 
65893.638962166, 005937, 1.6352849, 0.12027013, 3.726799, 0.7664158, -0.62941706, 0.034188993, -0.12358044, 1599.2438, 1599.2438, 955.469, 717.495, , 
65893.672299958, 005938, 1.6454504, 0.12824026, 3.7197068, 0.76927376, -0.6230498, 0.031801336, -0.13789694, 1599.2438, 1599.2438, 955.494, 717.4851, , 
65893.688968875, 005939, 1.6502415, 0.13244498, 3.716204, 0.7707497, -0.619562, 0.030679835, -0.14541869, 1599.6957, 1599.6957, 955.5126, 717.4783, , 
65893.705637833, 005940, 1.6550393, 0.13655512, 3.7126672, 0.7722372, -0.61600417, 0.029732713, -0.15265842, 1599.6957, 1599.6957, 955.5268, 717.473, , 
65893.738975666, 005941, 1.6639193, 0.14510912, 3.7052193, 0.77519137, -0.60880893, 0.027900971, -0.16628756, 1599.6957, 1599.6957, 955.5597, 717.4608, , 
65893.755644458, 005942, 1.6681904, 0.14936379, 3.7013927, 0.7765544, -0.6053008, 0.026528178, -0.17283109, 1600.1476, 1600.1476, 955.57434, 717.456, , 
65893.788982333, 005943, 1.6767021, 0.15760362, 3.6935127, 0.7787811, -0.5987386, 0.022734541, -0.18572912, 1600.1476, 1600.1476, 955.6053, 717.4483, , 
65893.805651291, 005944, 1.6810486, 0.16172999, 3.6889808, 0.77975714, -0.5955985, 0.020797655, -0.19185564, 1600.1476, 1600.1476, 955.626, 717.44403, , 
65893.82232, 005945, 1.6852216, 0.16572036, 3.6844542, 0.7807282, -0.59243417, 0.019162264, -0.19778298, 1600.1476, 1600.1476, 955.64105, 717.44086, , 
65893.855657875, 005946, 1.6930293, 0.17336063, 3.675309, 0.78274137, -0.5856531, 0.017177949, -0.20983653, 1600.1476, 1600.1476, 955.6763, 717.433, , 
65893.872326916, 005947, 1.6966499, 0.17704435, 3.6706824, 0.7837132, -0.58202535, 0.016999962, -0.21622008, 1600.1476, 1600.1476, 955.6913, 717.42957, , 
65893.888995833, 005948, 1.700069, 0.18065411, 3.666031, 0.78464293, -0.578249, 0.017150605, -0.22286649, 1600.1476, 1600.1476, 955.70667, 717.42633, , 
65893.922333541, 005949, 1.7063775, 0.18809529, 3.6566293, 0.7864022, -0.5703484, 0.01800647, -0.23653762, 1600.1476, 1600.1476, 955.7436, 717.41925, , 
65893.9390025, 005950, 1.7093391, 0.191391, 3.6519458, 0.78704536, -0.56636655, 0.01871929, -0.24379903, 1600.1476, 1600.1476, 955.7599, 717.4169, , 
65893.955671416, 005951, 1.7122152, 0.19453262, 3.6472886, 0.7875771, -0.56236565, 0.019537617, -0.25116828, 1600.1476, 1600.1476, 955.7821, 717.4144, , 
65893.97234025, 005952, 1.7149878, 0.19758077, 3.642677, 0.78802496, -0.5583133, 0.020489903, -0.2586176, 1600.1476, 1600.1476, 955.79895, 717.41296, , 
65894.005678083, 005953, 1.72025, 0.2034202, 3.6336036, 0.78857964, -0.5501416, 0.022847353, -0.27379626, 1600.5995, 1600.5995, 955.8388, 717.41077, , 
65894.022347041, 005954, 1.7220404, 0.20476393, 3.6281517, 0.78847283, -0.5463124, 0.02475632, -0.28149667, 1600.1476, 1600.1476, 955.8545, 717.4113, , 
65894.039015958, 005955, 1.7244908, 0.20699577, 3.623322, 0.78797674, -0.54301685, 0.027353138, -0.28892425, 1600.5995, 1600.5995, 955.86835, 717.41296, , 
65894.05568475, 005956, 1.7272686, 0.20951025, 3.618592, 0.7872374, -0.5402491, 0.030626308, -0.29571986, 1600.5995, 1600.5995, 955.87915, 717.41534, , 
65894.089022666, 005957, 1.733243, 0.2146032, 3.6091068, 0.7855752, -0.5354428, 0.03820437, -0.30775458, 1600.1476, 1600.1476, 955.89624, 717.4213, , 
65894.105691541, 005958, 1.7363757, 0.21633132, 3.603889, 0.78478503, -0.53303486, 0.042076085, -0.3133942, 1600.1476, 1600.1476, 955.9023, 717.42377, , 
65894.122360333, 005959, 1.739411, 0.21818508, 3.5989447, 0.7840497, -0.5305707, 0.04586719, -0.31883708, 1600.5995, 1600.5995, 955.9102, 717.4266, , 
65894.139029291, 005960, 1.7424171, 0.22002302, 3.5942376, 0.7831453, -0.5281982, 0.04960651, -0.3243907, 1600.5995, 1600.5995, 955.91626, 717.42896, , 
65894.172367208, 005961, 1.7485383, 0.22332798, 3.5852623, 0.7804845, -0.5239545, 0.05716278, -0.3362262, 1600.5995, 1600.5995, 955.9299, 717.43787, , 
65894.189036041, 005962, 1.7517328, 0.22483484, 3.5808783, 0.7786693, -0.52221555, 0.061426584, -0.3423329, 1600.1476, 1600.1476, 955.9344, 717.4433, , 
65894.205704916, 005963, 1.7545165, 0.22633745, 3.5760453, 0.776692, -0.5208305, 0.06623596, -0.3479912, 1600.1476, 1600.1476, 955.9367, 717.4491, , 
65894.222373833, 005964, 1.7577844, 0.22788842, 3.5713701, 0.77458113, -0.51987696, 0.07163206, -0.35301676, 1600.1476, 1600.1476, 955.93634, 717.45496, , 
65894.255711708, 005965, 1.7650552, 0.23090766, 3.5625336, 0.7702649, -0.5184301, 0.08281054, -0.36202842, 1600.1476, 1600.1476, 955.929, 717.4684, , 
65894.272380458, 005966, 1.7686899, 0.23228686, 3.5583973, 0.7682913, -0.5173867, 0.08794368, -0.36647698, 1600.1476, 1600.1476, 955.92645, 717.4736, , 
65894.289049458, 005967, 1.7722498, 0.2335638, 3.554473, 0.7664796, -0.51599514, 0.092532665, -0.37107378, 1600.1476, 1600.1476, 955.9259, 717.47986, , 
65894.305718416, 005968, 1.7760537, 0.2343847, 3.5502455, 0.7648204, -0.5144402, 0.096634544, -0.37558323, 1600.5995, 1600.5995, 955.9268, 717.484, , 
65894.339056208, 005969, 1.7836126, 0.2366264, 3.5427594, 0.76151055, -0.511722, 0.10437249, -0.38386032, 1600.5995, 1600.5995, 955.9286, 717.4935, , 
65894.355724958, 005970, 1.7874868, 0.23793538, 3.539267, 0.759858, -0.5105475, 0.10825388, -0.38760555, 1600.5995, 1600.5995, 955.92834, 717.49744, , 
65894.372393916, 005971, 1.791364, 0.23927297, 3.5359044, 0.7582414, -0.50928074, 0.11213164, -0.39131773, 1600.5995, 1600.5995, 955.92773, 717.50116, , 
65894.405731875, 005972, 1.7997048, 0.24156488, 3.5288212, 0.7555188, -0.5055769, 0.11944198, -0.39914533, 1600.5995, 1600.5995, 955.93054, 717.5082, , 
65894.422400625, 005973, 1.803852, 0.24262606, 3.5254798, 0.754473, -0.503256, 0.12257782, -0.40308627, 1600.5995, 1600.5995, 955.934, 717.5102, , 
65894.439069583, 005974, 1.8078815, 0.24372484, 3.5224578, 0.75347304, -0.50096, 0.12556572, -0.40687925, 1600.5995, 1600.5995, 955.93915, 717.5126, , 
65894.4557385, 005975, 1.8120182, 0.24480651, 3.519583, 0.7523466, -0.49886152, 0.12877136, -0.41052386, 1600.5995, 1600.5995, 955.94196, 717.5146, , 
65894.489076416, 005976, 1.8206362, 0.24684174, 3.5138893, 0.75007224, -0.4949928, 0.13577633, -0.41705936, 1600.5995, 1600.5995, 955.9444, 717.5183, , 
65896.5060135, 006067, 2.4856565, 0.15084535, 2.9688604, 0.49118122, -0.45340037, 0.50415957, -0.54680187, 1599.2438, 1599.2438, 955.3795, 717.7174, , 
65896.539351375, 006068, 2.5012674, 0.14594944, 2.9619699, 0.48739946, -0.45482266, 0.50862145, -0.54486907, 1599.2438, 1599.2438, 955.371, 717.7153, , 
65896.57268925, 006069, 2.5150921, 0.14232093, 2.9569325, 0.48346165, -0.45573547, 0.51324916, -0.54327273, 1598.7919, 1598.7919, 955.36426, 717.7128, , 
65896.606026958, 006070, 2.5287676, 0.13837114, 2.9513862, 0.4784215, -0.45626813, 0.51895344, -0.5418667, 1599.2438, 1599.2438, 955.356, 717.7098, , 
65896.622695916, 006071, 2.536453, 0.13526489, 2.9471686, 0.47559297, -0.45667526, 0.52206516, -0.541024, 1598.7919, 1598.7919, 955.35205, 717.7084, , 
65896.656033625, 006072, 2.5509992, 0.1298281, 2.9399242, 0.46999058, -0.45760012, 0.5278066, -0.5395657, 1599.2438, 1599.2438, 955.3433, 717.7062, , 
65896.672702625, 006073, 2.5577962, 0.12761955, 2.9368947, 0.46738288, -0.45781934, 0.5304984, -0.53900474, 1599.2438, 1599.2438, 955.3401, 717.7051, , 
65896.7060405, 006074, 2.5710647, 0.12355213, 2.9311388, 0.46228707, -0.45766017, 0.5357689, -0.538321, 1598.7919, 1598.7919, 955.3339, 717.70245, , 
65896.722709416, 006075, 2.5777097, 0.120646924, 2.9267812, -0.4597084, 0.4573447, -0.53839797, 0.5381744, 1598.7919, 1598.7919, 955.3315, 717.7013, , 
65896.756047083, 006076, 2.5909522, 0.116613306, 2.9206245, -0.45352378, 0.45704475, -0.54407746, 0.5379647, 1598.7919, 1598.7919, 955.32544, 717.6995, , 
65896.772716083, 006077, 2.5976753, 0.11479831, 2.9178555, -0.44997665, 0.4571892, -0.5470092, 0.5378474, 1598.7919, 1598.7919, 955.3225, 717.6993, , 
65896.789385, 006078, 2.6044483, 0.112982295, 2.9151726, -0.44630632, 0.45757928, -0.5497619, 0.53776747, 1598.7919, 1598.7919, 955.31964, 717.69965, , 
65896.806053708, 006079, 2.611192, 0.11114732, 2.9124856, -0.44282594, 0.45799598, -0.55223155, 0.5377595, 1599.2438, 1599.2438, 955.3161, 717.7007, , 
65896.839391625, 006080, 2.6258368, 0.10653673, 2.9043872, -0.43739316, 0.4574974, -0.5561095, 0.5386331, 1598.7919, 1598.7919, 955.3126, 717.702, , 
65896.856060583, 006081, 2.6322756, 0.10446775, 2.9008963, -0.4351151, 0.456636, -0.5579069, 0.5393499, 1598.7919, 1598.7919, 955.31134, 717.70184, , 
65896.88939825, 006082, 2.6451771, 0.1003281, 2.8938587, -0.42988318, 0.45555252, -0.56192976, 0.5402846, 1598.7919, 1598.7919, 955.3089, 717.7016, , 
65896.906067208, 006083, 2.6515796, 0.09820251, 2.8902738, -0.42645556, 0.4549471, -0.5643235, 0.5410154, 1598.7919, 1598.7919, 955.30695, 717.7021, , 
65896.939405083, 006084, 2.6650121, 0.09356098, 2.8813853, -0.41834667, 0.45312962, -0.56916267, 0.5437956, 1598.7919, 1598.7919, 955.304, 717.70483, , 
65896.956073875, 006085, 2.671436, 0.09103446, 2.8775985, -0.41393948, 0.45255628, -0.57124376, 0.5454609, 1598.7919, 1598.7919, 955.30206, 717.70856, , 
65896.98941175, 006086, 2.6843076, 0.085678995, 2.870688, -0.4044362, 0.45223173, -0.5751003, 0.5487965, 1598.7919, 1598.7919, 955.29913, 717.71625, , 
65897.022749625, 006087, 2.6978173, 0.08031723, 2.8628385, -0.39373532, 0.4524807, -0.5793978, 0.55184424, 1598.7919, 1598.7919, 955.2951, 717.726, , 
65897.039418375, 006088, 2.7044883, 0.07750795, 2.859344, -0.38808635, 0.4524657, -0.5816059, 0.5535325, 1598.7919, 1598.7919, 955.2936, 717.7304, , 
65897.072756291, 006089, 2.7176998, 0.0721171, 2.8524008, -0.37716144, 0.4511651, -0.5859186, 0.5575828, 1598.34, 1598.34, 955.291, 717.7397, , 
65897.08942525, 006090, 2.724425, 0.069556, 2.848921, -0.37148347, 0.45029292, -0.5883188, 0.5595689, 1598.7919, 1598.7919, 955.29, 717.743, , 
65897.122762958, 006091, 2.7403562, 0.06375377, 2.8415344, -0.35891643, 0.4496618, -0.59338695, 0.56291664, 1598.34, 1598.34, 955.2874, 717.7516, , 
65897.15610075, 006092, 2.754745, 0.058865033, 2.8355029, -0.3452897, 0.4500755, -0.598457, 0.5657351, 1598.7919, 1598.7919, 955.2855, 717.76013, , 
65897.172769791, 006093, 2.7617936, 0.05661822, 2.8326664, -0.33860275, 0.4502239, -0.6010474, 0.56691146, 1598.34, 1598.34, 955.28485, 717.7639, , 
65897.189438541, 006094, 2.768748, 0.05454138, 2.8298514, -0.33236575, 0.45011213, -0.60357064, 0.56800926, 1598.7919, 1598.7919, 955.2842, 717.76794, , 
65897.222776416, 006095, 2.7841437, 0.049693264, 2.8228297, -0.32049736, 0.44911993, -0.6087785, 0.570054, 1598.34, 1598.34, 955.2837, 717.77167, , 
65897.256114125, 006096, 2.7983248, 0.045962803, 2.817017, -0.30775476, 0.44851065, -0.6144776, 0.57143897, 1598.34, 1598.34, 955.2837, 717.7747, , 
65897.272783041, 006097, 2.8049655, 0.04444249, 2.8145761, -0.30123165, 0.4483907, -0.6174251, 0.5718318, 1598.34, 1598.34, 955.28394, 717.77576, , 
65897.306120916, 006098, 2.8192139, 0.041365594, 2.8089805, -0.28892022, 0.44726187, -0.62317294, 0.5728328, 1598.34, 1598.34, 955.2852, 717.77655, , 
65897.322789833, 006099, 2.8256638, 0.03999321, 2.8063934, -0.2836345, 0.44587204, -0.62573844, 0.5737604, 1598.34, 1598.34, 955.28564, 717.7762, , 
65897.356127583, 006100, 2.8365982, 0.03782864, 2.8024604, -0.275326, 0.44230157, -0.62996536, 0.5759414, 1598.34, 1598.34, 955.2865, 717.7743, , 
65897.372796541, 006101, 2.8419263, 0.03692171, 2.8009493, -0.27178985, 0.44078943, -0.63185066, 0.5767147, 1598.34, 1598.34, 955.28674, 717.7732, , 
65897.389465416, 006102, 2.8473735, 0.036095977, 2.7997494, -0.26824313, 0.4396475, -0.63380814, 0.5770987, 1598.34, 1598.34, 955.2873, 717.77136, , 
65897.40613425, 006103, 2.8529487, 0.03532044, 2.79881, -0.26479757, 0.43874046, -0.6358537, 0.57713, 1598.34, 1598.34, 955.2878, 717.76965, , 
65897.439472125, 006104, 2.8652506, 0.0333684, 2.7962275, -0.25837722, 0.43675527, -0.6402107, 0.576729, 1598.34, 1598.34, 955.2887, 717.7645, , 
65897.456141, 006105, 2.8709993, 0.0324917, 2.7959235, -0.25509778, 0.43565142, -0.64234185, 0.576654, 1598.34, 1598.34, 955.28937, 717.7609, , 
65897.489478791, 006106, 2.88246, 0.030519642, 2.7965171, -0.24803528, 0.4336927, -0.6461497, 0.57695717, 1598.34, 1598.34, 955.2908, 717.7572, , 
65897.506147666, 006107, 2.88875, 0.029559005, 2.7971854, -0.24452212, 0.43247327, -0.64772683, 0.57760346, 1598.34, 1598.34, 955.2917, 717.75604, , 
65897.539485541, 006108, 2.8999362, 0.027937062, 2.7996392, -0.2385254, 0.42856893, -0.65044016, 0.5799671, 1598.34, 1598.34, 955.2924, 717.7544, , 
65897.57282325, 006109, 2.9101384, 0.026999451, 2.8030465, -0.23371947, 0.4227125, -0.65309274, 0.5832317, 1598.34, 1598.34, 955.29193, 717.7508, , 
65897.589492166, 006110, 2.9151807, 0.026807338, 2.8050866, -0.23111448, 0.41957393, -0.65463907, 0.58480036, 1598.34, 1598.34, 955.2917, 717.7487, , 
65897.62283, 006111, 2.9248898, 0.027222298, 2.8104327, -0.2250423, 0.41230968, -0.65830356, 0.58821183, 1598.34, 1598.34, 955.29114, 717.7426, , 
65897.639498875, 006112, 2.929153, 0.02786342, 2.8128593, -0.22245148, 0.40729925, -0.6603718, 0.5903657, 1598.34, 1598.34, 955.2905, 717.7388, , 
65897.67283675, 006113, 2.9360712, 0.030392826, 2.8167713, -0.22014444, 0.39193818, -0.66503596, 0.59636235, 1598.34, 1598.34, 955.2868, 717.724, , 
65897.689505666, 006114, 2.9388824, 0.032169983, 2.8183298, -0.21999212, 0.38217285, -0.6675837, 0.5998996, 1598.7919, 1598.7919, 955.28485, 717.7154, , 
65897.722843375, 006115, 2.9455755, 0.03571336, 2.8211923, -0.22025013, 0.3618507, -0.6727415, 0.6066077, 1598.7919, 1598.7919, 955.28186, 717.694, , 
65897.739512333, 006116, 2.9485857, 0.037847616, 2.82261, -0.22082224, 0.35148185, -0.6750828, 0.60988617, 1598.34, 1598.34, 955.2814, 717.68506, , 
65897.772850166, 006117, 2.95405, 0.043198384, 2.825096, -0.22255617, 0.3288681, -0.6797574, 0.61663955, 1598.7919, 1598.7919, 955.2828, 717.6636, , 
65897.789519, 006118, 2.9570026, 0.046195105, 2.8262277, -0.22325875, 0.3171045, -0.68215805, 0.61988765, 1598.34, 1598.34, 955.2846, 717.6542, , 
65897.822856875, 006119, 2.9645457, 0.05245558, 2.8286028, -0.22293603, 0.29423392, -0.6870783, 0.625819, 1598.7919, 1598.7919, 955.29126, 717.634, , 
65897.839525791, 006120, 2.9677572, 0.055227257, 2.8298345, -0.22239082, 0.2833588, -0.689299, 0.6285833, 1598.7919, 1598.7919, 955.29474, 717.62646, , 
65897.8728635, 006121, 2.973755, 0.059957318, 2.8324564, -0.22282365, 0.26326972, -0.6922426, 0.63390756, 1599.2438, 1599.2438, 955.303, 717.6146, , 
65897.889532416, 006122, 2.9766564, 0.06191697, 2.8337789, -0.22381988, 0.2539924, -0.69291717, 0.6365989, 1598.7919, 1598.7919, 955.3095, 717.6091, , 
65897.922870166, 006123, 2.9826133, 0.06539188, 2.8362978, -0.22608288, 0.23643194, -0.6929424, 0.6425086, 1598.7919, 1598.7919, 955.3202, 717.60486, , 
65897.956208083, 006124, 2.9889479, 0.068092465, 2.8392982, -0.22814757, 0.221911, -0.6913519, 0.6486423, 1599.2438, 1599.2438, 955.33276, 717.6068, , 
65897.972877041, 006125, 2.9924242, 0.06939994, 2.8410792, -0.22845845, 0.21588251, -0.690375, 0.6516011, 1599.2438, 1599.2438, 955.3375, 717.6092, , 
65898.006214666, 006126, 2.9993694, 0.072641656, 2.8448822, -0.22681288, 0.20470922, -0.68921906, 0.6569834, 1599.2438, 1599.2438, 955.34625, 717.61566, , 
65898.022883583, 006127, 3.0029247, 0.07437935, 2.8464775, -0.22537994, 0.19833013, -0.6893266, 0.6593163, 1599.2438, 1599.2438, 955.3501, 717.6172, , 
65898.056221583, 006128, 3.0104444, 0.07785847, 2.8489177, -0.22328399, 0.18357153, -0.6906508, 0.662908, 1599.2438, 1599.2438, 955.3622, 717.61536, , 
65898.072890458, 006129, 3.014449, 0.079739176, 2.8500884, -0.22183026, 0.17617399, -0.69192016, 0.6640787, 1599.2438, 1599.2438, 955.36774, 717.61273, , 
65898.089559166, 006130, 3.018592, 0.081671946, 2.8513691, -0.21942447, 0.16913728, -0.69355464, 0.66500187, 1599.2438, 1599.2438, 955.3739, 717.6087, , 
65898.106228125, 006131, 3.0228312, 0.08360784, 2.8528423, -0.21636553, 0.16269642, -0.69538164, 0.6657028, 1599.2438, 1599.2438, 955.3775, 717.6058, , 
65898.139566, 006132, 3.0311956, 0.08772731, 2.8564413, -0.2104368, 0.15151194, -0.69900566, 0.66644704, 1599.2438, 1599.2438, 955.38403, 717.5983, , 
65898.15623475, 006133, 3.0354955, 0.089500405, 2.8581462, -0.2079947, 0.1459698, -0.70059216, 0.6667846, 1599.2438, 1599.2438, 955.38727, 717.5953, , 
65898.172903791, 006134, 3.0397499, 0.091109574, 2.8597174, -0.20591402, 0.13999273, -0.7019252, 0.6673098, 1599.2438, 1599.2438, 955.3911, 717.59265, , 
65898.189572666, 006135, 3.0439649, 0.092515476, 2.8612962, -0.20390768, 0.13390864, -0.70298994, 0.6680533, 1599.2438, 1599.2438, 955.3955, 717.59064, , 
65898.206241583, 006136, 3.0480106, 0.09387043, 2.8627617, -0.20169723, 0.12820418, -0.7038486, 0.6689387, 1599.2438, 1599.2438, 955.4009, 717.5892, , 
65898.239579333, 006137, 3.0563922, 0.09596413, 2.8665257, -0.19648683, 0.11807311, -0.70524853, 0.67087716, 1599.2438, 1599.2438, 955.4067, 717.589, , 
65898.25624825, 006138, 3.0606458, 0.096755266, 2.8684685, -0.1936233, 0.112817556, -0.70583785, 0.67199343, 1599.2438, 1599.2438, 955.4103, 717.5897, , 
65898.272917166, 006139, 3.0650136, 0.09741683, 2.8703303, -0.19067392, 0.10710811, -0.70644176, 0.67313546, 1599.2438, 1599.2438, 955.41345, 717.5904, , 
65898.306254916, 006140, 3.0744803, 0.09851351, 2.8737977, -0.18465997, 0.09556973, -0.70804983, 0.6748574, 1599.2438, 1599.2438, 955.4212, 717.59045, , 
65898.322923833, 006141, 3.0796175, 0.09888679, 2.8756888, -0.18105742, 0.090217076, -0.7090396, 0.6755309, 1599.2438, 1599.2438, 955.42365, 717.5902, , 
65898.356261708, 006142, 3.0904965, 0.09913447, 2.8802125, -0.17278619, 0.08098903, -0.7112107, 0.67658335, 1599.2438, 1599.2438, 955.4262, 717.5897, , 
65898.372930541, 006143, 3.0962105, 0.0989997, 2.8826745, -0.1684559, 0.07688457, -0.7123223, 0.67698467, 1599.2438, 1599.2438, 955.42645, 717.58936, , 
65898.406268375, 006144, 3.1073537, 0.09751107, 2.887128, -0.16016869, 0.06819597, -0.71404356, 0.6781129, 1599.2438, 1599.2438, 955.4276, 717.5898, , 
65898.42293725, 006145, 3.1131253, 0.09663083, 2.8893592, -0.15633152, 0.06367037, -0.7147125, 0.6787434, 1599.2438, 1599.2438, 955.4288, 717.59033, , 
65898.456274958, 006146, 3.1255338, 0.09526622, 2.894479, -0.14819857, 0.055624884, -0.7158321, 0.6800937, 1599.2438, 1599.2438, 955.4298, 717.5921, , 
65898.472944, 006147, 3.132017, 0.09468156, 2.8973455, -0.14348468, 0.05245527, -0.7163785, 0.6807807, 1599.2438, 1599.2438, 955.4284, 717.5939, , 
65898.489612958, 006148, 3.1386397, 0.094178475, 2.9003036, -0.1384981, 0.049597166, -0.7169448, 0.6814312, 1599.2438, 1599.2438, 955.42645, 717.59515, , 
65900.523218833, 006232, 3.4034424, 0.04705617, 3.517291, 0.11463238, -0.062732026, -0.7081767, 0.6938371, 1598.7919, 1598.7919, 955.3108, 717.6437, , 
65900.556556583, 006233, 3.4080064, 0.050360553, 3.5301294, 0.11218341, -0.070640616, -0.7079355, 0.69372344, 1598.7919, 1598.7919, 955.3157, 717.6457, , 
65900.573225458, 006234, 3.4101377, 0.05219446, 3.5365443, 0.110755034, -0.074393086, -0.7078514, 0.69364643, 1599.2438, 1599.2438, 955.3194, 717.647, , 
65900.606563291, 006235, 3.4138052, 0.055970535, 3.5497892, 0.11019451, -0.07956364, -0.7072911, 0.69373345, 1598.7919, 1598.7919, 955.3231, 717.64905, , 
65900.623232125, 006236, 3.4154117, 0.057878092, 3.5547898, 0.11106251, -0.08099468, -0.70687556, 0.693853, 1598.7919, 1598.7919, 955.32367, 717.6503, , 
65900.65657, 006237, 3.418215, 0.060856402, 3.5669544, 0.11352809, -0.08396696, -0.7061322, 0.6938575, 1598.7919, 1598.7919, 955.3238, 717.65173, , 
65900.673238958, 006238, 3.4195385, 0.061854914, 3.5728683, 0.11434611, -0.08617447, -0.70585126, 0.6937384, 1598.7919, 1598.7919, 955.3247, 717.6522, , 
65900.706576666, 006239, 3.4219415, 0.062761314, 3.5834277, 0.11582557, -0.09155809, -0.7045942, 0.69408107, 1598.7919, 1598.7919, 955.32684, 717.65497, , 
65900.723245625, 006240, 3.4228208, 0.06275531, 3.5886657, 0.11702978, -0.09419785, -0.70347595, 0.6946598, 1599.2438, 1599.2438, 955.32764, 717.6589, , 
65900.756583291, 006241, 3.423828, 0.062243316, 3.5998278, 0.12062137, -0.098444276, -0.700857, 0.69610256, 1599.2438, 1599.2438, 955.3275, 717.66583, , 
65900.77325225, 006242, 3.424047, 0.061883442, 3.6056838, 0.12283927, -0.09963752, -0.6996999, 0.6967087, 1598.7919, 1598.7919, 955.3266, 717.66956, , 
65900.806590083, 006243, 3.4242506, 0.061154008, 3.6178696, 0.1279475, -0.100253105, -0.6982954, 0.69711, 1598.7919, 1598.7919, 955.3238, 717.6719, , 
65900.823259041, 006244, 3.424075, 0.060622655, 3.6236377, 0.13084793, -0.099987574, -0.6980104, 0.6968951, 1598.7919, 1598.7919, 955.32214, 717.6713, , 
65900.83992775, 006245, 3.4239805, 0.060130976, 3.6298096, 0.13418178, -0.099379085, -0.6978021, 0.69655657, 1598.7919, 1598.7919, 955.3195, 717.6697, , 
65900.873265666, 006246, 3.423582, 0.059114456, 3.6424909, 0.14122784, -0.09751333, -0.6974256, 0.6958042, 1598.7919, 1598.7919, 955.31494, 717.6665, , 
65900.889934625, 006247, 3.4232745, 0.05857145, 3.6487162, 0.14412796, -0.09676492, -0.6973985, 0.695341, 1598.7919, 1598.7919, 955.3125, 717.664, , 
65900.923272333, 006248, 3.4226127, 0.05723325, 3.660024, 0.1488353, -0.095482185, -0.697367, 0.69455767, 1598.7919, 1598.7919, 955.3099, 717.6606, , 
65900.93994125, 006249, 3.4220293, 0.056485012, 3.6660485, 0.1512962, -0.09461417, -0.6970629, 0.6944501, 1599.2438, 1599.2438, 955.308, 717.6593, , 
65900.973279083, 006250, 3.420449, 0.0548596, 3.6779492, 0.15686217, -0.093668565, -0.695688, 0.694722, 1598.7919, 1598.7919, 955.3049, 717.6596, , 
65901.006616833, 006251, 3.418594, 0.052810237, 3.6890829, -0.16179341, 0.09466417, 0.69417185, -0.6949727, 1598.7919, 1598.7919, 955.3026, 717.6612, , 
65901.023285791, 006252, 3.4173026, 0.051243916, 3.694626, -0.16418721, 0.09535993, 0.6934726, -0.6950142, 1598.7919, 1598.7919, 955.30194, 717.6617, , 
65901.056623416, 006253, 3.4143791, 0.048201032, 3.705967, -0.16904998, 0.09583487, 0.69210905, -0.6951424, 1598.7919, 1598.7919, 955.29987, 717.66254, , 
65901.073292416, 006254, 3.4125283, 0.04654681, 3.7119365, -0.17133969, 0.09535298, 0.69150126, -0.69525284, 1598.7919, 1598.7919, 955.2988, 717.6628, , 
65901.106630291, 006255, 3.4083805, 0.042769335, 3.7248833, -0.17557654, 0.09260646, 0.6904977, -0.69556445, 1598.7919, 1598.7919, 955.296, 717.6629, , 
65901.12329925, 006256, 3.405821, 0.040807344, 3.7318325, -0.17772743, 0.09024935, 0.6898905, -0.6959304, 1598.7919, 1598.7919, 955.2945, 717.6631, , 
65901.156636958, 006257, 3.3994288, 0.036927305, 3.7462435, -0.1825873, 0.0849506, 0.6878532, -0.69735444, 1598.7919, 1598.7919, 955.29065, 717.6658, , 
65901.189974791, 006258, 3.391906, 0.032994315, 3.7611089, -0.18679176, 0.07947197, 0.6849184, -0.6997713, 1598.34, 1598.34, 955.28766, 717.6715, , 
65901.206643541, 006259, 3.3879797, 0.030980073, 3.7689886, -0.18849605, 0.076908655, 0.6832071, -0.701272, 1598.34, 1598.34, 955.286, 717.67676, , 
65901.2233125, 006260, 3.3839128, 0.028972171, 3.7767153, -0.19018482, 0.074576244, 0.681323, -0.7028991, 1598.7919, 1598.7919, 955.285, 717.68134, , 
65901.256650333, 006261, 3.3756883, 0.02510307, 3.7917724, -0.19300786, 0.071645096, 0.6775412, -0.70608276, 1598.34, 1598.34, 955.2833, 717.6912, , 
65901.273319375, 006262, 3.3716724, 0.023271978, 3.7989578, -0.19375558, 0.07175352, 0.67593575, -0.70740443, 1598.34, 1598.34, 955.2829, 717.6975, , 
65901.306657, 006263, 3.3638744, 0.019851845, 3.812896, -0.19417661, 0.0745303, 0.67357856, -0.70924795, 1598.34, 1598.34, 955.283, 717.705, , 
65901.323325916, 006264, 3.3602955, 0.01832372, 3.8201044, -0.19433065, 0.07612381, 0.67262363, -0.7099423, 1598.7919, 1598.7919, 955.2831, 717.7091, , 
65901.356663666, 006265, 3.351945, 0.015395433, 3.8352323, -0.19489925, 0.07815663, 0.6705099, -0.7115632, 1598.7919, 1598.7919, 955.2833, 717.71533, , 
65901.373332583, 006266, 3.347368, 0.014126513, 3.8433008, -0.19506203, 0.07836905, 0.6695087, -0.71243757, 1598.7919, 1598.7919, 955.2833, 717.71954, , 
65901.406670458, 006267, 3.3379526, 0.012260385, 3.8600771, -0.19498815, 0.07804531, 0.66826576, -0.7136592, 1598.7919, 1598.7919, 955.2833, 717.72394, , 
65901.423339375, 006268, 3.3340373, 0.0112883, 3.868656, -0.19493349, 0.07835512, 0.6680999, -0.7137955, 1598.7919, 1598.7919, 955.2833, 717.72516, , 
65901.456677083, 006269, 3.324966, 0.010441758, 3.8850827, -0.19461626, 0.07941885, 0.6676986, -0.7141398, 1598.7919, 1598.7919, 955.28357, 717.7266, , 
65901.473346041, 006270, 3.3202786, 0.01026012, 3.8930156, -0.19420584, 0.08006317, 0.6674431, -0.7144185, 1598.7919, 1598.7919, 955.2838, 717.728, , 
65901.490015, 006271, 3.3156126, 0.0102187395, 3.9007485, -0.19375423, 0.08094768, 0.66721267, -0.71465653, 1598.7919, 1598.7919, 955.28394, 717.7291, , 
65901.523352666, 006272, 3.3062248, 0.009860367, 3.9169254, -0.19287466, 0.08344341, 0.6670488, -0.71476036, 1598.7919, 1598.7919, 955.2846, 717.7308, , 
65901.540021583, 006273, 3.301539, 0.010409512, 3.924647, -0.19225165, 0.08425348, 0.6672094, -0.7146833, 1598.7919, 1598.7919, 955.285, 717.7308, , 
65901.5733595, 006274, 3.2921162, 0.012189746, 3.9403186, -0.1914166, 0.08386962, 0.6675869, -0.71460015, 1598.7919, 1598.7919, 955.2851, 717.73035, , 
65901.590028291, 006275, 3.2875586, 0.013283044, 3.9481983, -0.1911746, 0.08306856, 0.6678579, -0.71450526, 1598.7919, 1598.7919, 955.285, 717.72943, , 
65901.623366083, 006276, 3.2788558, 0.015582427, 3.9640706, -0.19031708, 0.08152514, 0.6686616, -0.71416026, 1598.7919, 1598.7919, 955.28485, 717.7277, , 
65901.640035041, 006277, 3.2749047, 0.016657017, 3.9715607, -0.18948376, 0.08115963, 0.6691541, -0.7139621, 1598.7919, 1598.7919, 955.28485, 717.72656, , 
65901.67337275, 006278, 3.2677186, 0.018603303, 3.9860086, -0.18593378, 0.081261, 0.6706669, -0.7134642, 1598.34, 1598.34, 955.2855, 717.72455, , 
65901.69004175, 006279, 3.264444, 0.019513752, 3.9930573, -0.18359955, 0.08176432, 0.6716322, -0.7131031, 1598.34, 1598.34, 955.2864, 717.723, , 
65901.723379583, 006280, 3.2584229, 0.021328371, 4.0072074, -0.17936891, 0.08336919, 0.6736344, -0.7121046, 1598.7919, 1598.7919, 955.2878, 717.7199, , 
65901.740048375, 006281, 3.2554567, 0.022374265, 4.0144334, -0.17777404, 0.08380861, 0.6746821, -0.7114609, 1598.7919, 1598.7919, 955.2886, 717.71716, , 
65901.75671725, 006282, 3.252512, 0.023480631, 4.0218816, -0.17657688, 0.08347652, 0.67575073, -0.71078354, 1598.7919, 1598.7919, 955.28894, 717.7146, , 
65901.790055166, 006283, 3.246755, 0.025771461, 4.0371404, -0.17466715, 0.08133958, 0.6781743, -0.7091931, 1598.7919, 1598.7919, 955.28906, 717.70715, , 
65901.806723916, 006284, 3.2441897, 0.026725098, 4.044499, -0.17340016, 0.08052592, 0.67959905, -0.7082324, 1598.7919, 1598.7919, 955.28925, 717.7034, , 
65901.84006175, 006285, 3.2388046, 0.028785512, 4.0594015, -0.16929086, 0.07971783, 0.6823926, -0.7066301, 1598.7919, 1598.7919, 955.29034, 717.69696, , 
65901.856730708, 006286, 3.2359653, 0.029854074, 4.0668917, -0.16648774, 0.07979933, 0.6836255, -0.706095, 1598.7919, 1598.7919, 955.2915, 717.69403, , 
65901.873399625, 006287, 3.2330666, 0.030996501, 4.074338, -0.16369154, 0.08056793, 0.6846779, -0.7056415, 1598.7919, 1598.7919, 955.29266, 717.69257, , 
65901.906737333, 006288, 3.2269294, 0.033142418, 4.0891395, -0.15946653, 0.083922915, 0.6862567, -0.7046837, 1598.7919, 1598.7919, 955.2959, 717.68994, , 
65901.923406333, 006289, 3.2239575, 0.03431274, 4.0965886, -0.1582623, 0.08620714, 0.68676484, -0.7041841, 1598.7919, 1598.7919, 955.2973, 717.689, , 
65901.956744, 006290, 3.2182999, 0.036749005, 4.1117616, -0.15623344, 0.09077911, 0.68728733, -0.70355266, 1598.7919, 1598.7919, 955.3004, 717.6883, , 
65901.973412916, 006291, 3.2154112, 0.037786156, 4.11951, -0.15482917, 0.09254418, 0.6873784, -0.70354414, 1598.7919, 1598.7919, 955.3017, 717.68884, , 
65902.00675075, 006292, 3.2093105, 0.03921353, 4.135189, -0.15149304, 0.09476708, 0.6880327, -0.70333505, 1598.7919, 1598.7919, 955.30414, 717.6895, , 
65902.023419666, 006293, 3.2065191, 0.039873034, 4.143098, -0.14967957, 0.09583124, 0.6889335, -0.702697, 1599.2438, 1599.2438, 955.306, 717.6876, , 
65902.056757416, 006294, 3.2013967, 0.041013084, 4.159191, -0.14587249, 0.09839143, 0.6912322, -0.700884, 1598.7919, 1598.7919, 955.3095, 717.6825, , 
65902.073426416, 006295, 3.1988409, 0.041347712, 4.16747, -0.14383842, 0.09961689, 0.69234943, -0.70002806, 1598.7919, 1598.7919, 955.31195, 717.6792, , 
65902.106764083, 006296, 3.1937196, 0.04147674, 4.184486, -0.13909127, 0.102101386, 0.69432396, -0.6986724, 1599.2438, 1599.2438, 955.3161, 717.6752, , 
65902.123433083, 006297, 3.191166, 0.040688246, 4.193544, -0.13671583, 0.10356625, 0.6950122, -0.69824123, 1599.2438, 1599.2438, 955.31915, 717.6739, , 
65902.156770916, 006298, 3.1858332, 0.039629765, 4.211572, -0.1321065, 0.106361195, 0.69603586, -0.6976885, 1598.7919, 1598.7919, 955.32355, 717.67316, , 
65902.173439666, 006299, 3.1831505, 0.039104506, 4.2206774, -0.12983286, 0.10802141, 0.6965494, -0.6973477, 1599.2438, 1599.2438, 955.3267, 717.67267, , 
65902.206777583, 006300, 3.1779437, 0.038177952, 4.23896, 0.12599783, -0.11257657, -0.6974528, 0.6964271, 1598.7919, 1598.7919, 955.33215, 717.6719, , 
65902.223446416, 006301, 3.1753826, 0.03773292, 4.24818, 0.12444158, -0.115210496, -0.6978191, 0.69590896, 1598.7919, 1598.7919, 955.336, 717.6714, , 
65902.240115458, 006302, 3.1728113, 0.037301645, 4.2573643, 0.1230511, -0.118459225, -0.69804335, 0.69538575, 1599.2438, 1599.2438, 955.3392, 717.6713, , 
65902.273453083, 006303, 3.1674097, 0.036757343, 4.27607, 0.12081433, -0.12575206, -0.697954, 0.6945866, 1599.2438, 1599.2438, 955.3464, 717.6725, , 
65902.290122041, 006304, 3.1644194, 0.036771942, 4.2859178, 0.12067898, -0.12853937, -0.6974605, 0.69459563, 1598.7919, 1598.7919, 955.34973, 717.6745, , 
65902.306791, 006305, 3.1612363, 0.037016645, 4.2960844, 0.12131313, -0.1304584, -0.69671243, 0.69487816, 1598.7919, 1598.7919, 955.35077, 717.6766, , 
65902.323459791, 006306, 3.157387, 0.036223896, 4.3059826, 0.12229947, -0.13174298, -0.6958506, 0.6953262, 1598.7919, 1598.7919, 955.3509, 717.6788, , 
65902.340128666, 006307, 3.153885, 0.036402732, 4.316173, -0.12310734, 0.13261436, 0.6952376, -0.69563115, 1598.7919, 1598.7919, 955.35077, 717.681, , 
65902.373466583, 006308, 3.14719, 0.03770721, 4.33659, -0.12406811, 0.13428168, 0.6944749, -0.6959024, 1598.7919, 1598.7919, 955.35114, 717.68286, , 
65902.3901355, 006309, 3.1437588, 0.0385914, 4.3468485, -0.12474995, 0.13506564, 0.69391865, -0.6961837, 1598.7919, 1598.7919, 955.35114, 717.6846, , 
65902.40680425, 006310, 3.140313, 0.039560504, 4.3570976, -0.12578632, 0.13555595, 0.693274, -0.696544, 1598.7919, 1598.7919, 955.35065, 717.68616, , 
65902.423473208, 006311, 3.1367252, 0.040756524, 4.3676066, -0.12714863, 0.13527788, 0.6926246, -0.69699657, 1598.7919, 1598.7919, 955.3495, 717.6875, , 
65902.440142166, 006312, 3.1330717, 0.042111367, 4.378222, -0.12878872, 0.13447972, 0.6920021, -0.6974681, 1598.7919, 1598.7919, 955.3469, 717.689, , 
65902.473479833, 006313, 3.1258595, 0.045025133, 4.3988914, -0.13205254, 0.13346025, 0.6911466, -0.6979017, 1599.2438, 1599.2438, 955.34344, 717.69, , 
65902.49014875, 006314, 3.1224113, 0.046465777, 4.408672, -0.13319525, 0.13398898, 0.6910381, -0.69769067, 1599.2438, 1599.2438, 955.34265, 717.68964, , 
65902.50681775, 006315, 3.1189606, 0.04783885, 4.417613, -0.1336882, 0.13557807, 0.69108313, -0.6972446, 1599.2438, 1599.2438, 955.3432, 717.6891, , 
65904.523754125, 006404, 2.5149114, 0.10700563, 5.472994, -0.19147553, 0.030949652, -0.6958161, 0.69153386, 1599.6957, 1599.6957, 955.514, 717.6138, , 
65904.540423, 006405, 2.511075, 0.10816922, 5.481752, -0.1985758, 0.03564013, -0.69453365, 0.6905942, 1599.6957, 1599.6957, 955.5182, 717.6107, , 
65904.57376075, 006406, 2.5038142, 0.11148147, 5.499873, -0.21299058, 0.047370717, -0.6908536, 0.6892839, 1599.6957, 1599.6957, 955.5212, 717.60834, , 
65904.590429708, 006407, 2.500406, 0.11346538, 5.5091324, 0.21970153, -0.05408416, 0.688303, -0.68923515, 1599.6957, 1599.6957, 955.521, 717.6098, , 
65904.607098583, 006408, 2.497204, 0.11554053, 5.5183344, 0.22588031, -0.06102521, 0.6854051, -0.68954617, 1599.6957, 1599.6957, 955.5195, 717.61273, , 
65904.640436333, 006409, 2.4911542, 0.11912191, 5.5364566, 0.23745717, -0.072920404, 0.679029, -0.69080853, 1599.6957, 1599.6957, 955.5177, 717.62067, , 
65904.657105208, 006410, 2.4886227, 0.12081892, 5.5444837, 0.24313204, -0.077439465, 0.67587733, -0.69143313, 1599.6957, 1599.6957, 955.51935, 717.626, , 
65904.690443083, 006411, 2.484487, 0.12387393, 5.5595446, 0.25439423, -0.08539917, 0.66996974, -0.69219303, 1599.6957, 1599.6957, 955.5248, 717.6332, , 
65904.707112041, 006412, 2.482909, 0.12530088, 5.5669327, 0.25970772, -0.08979987, 0.66730326, -0.69223857, 1599.6957, 1599.6957, 955.5264, 717.6355, , 
65904.723780791, 006413, 2.4814472, 0.12675573, 5.5751767, 0.26492372, -0.09504304, 0.6649071, -0.6918677, 1599.6957, 1599.6957, 955.5267, 717.63696, , 
65904.757118666, 006414, 2.479668, 0.1294631, 5.5906157, 0.2750397, -0.10615754, 0.6608209, -0.69021696, 1599.6957, 1599.6957, 955.5248, 717.6376, , 
65904.773787583, 006415, 2.4792204, 0.13067915, 5.597651, 0.2801218, -0.111323744, 0.65895385, -0.6891435, 1599.6957, 1599.6957, 955.52435, 717.6369, , 
65904.790456375, 006416, 2.4789007, 0.13180716, 5.6045065, 0.28494662, -0.11625344, 0.65711606, -0.68810546, 1599.6957, 1599.6957, 955.5241, 717.6363, , 
65904.80712525, 006417, 2.4787002, 0.13286154, 5.6113243, 0.2895563, -0.121296816, 0.6552495, -0.6870898, 1599.6957, 1599.6957, 955.5232, 717.6358, , 
65904.840463125, 006418, 2.4773338, 0.13473995, 5.6252394, 0.29859117, -0.13144015, 0.6513736, -0.6850394, 1599.6957, 1599.6957, 955.5211, 717.6354, , 
65904.857132, 006419, 2.477186, 0.1355791, 5.631961, 0.30315453, -0.13611653, 0.64931554, -0.6840752, 1599.6957, 1599.6957, 955.5205, 717.6353, , 
65904.873800791, 006420, 2.4771671, 0.13631833, 5.638571, 0.30772138, -0.14032756, 0.64710796, -0.6832767, 1599.6957, 1599.6957, 955.5209, 717.63556, , 
65904.907138666, 006421, 2.4774032, 0.13751964, 5.651624, 0.31739628, -0.14778276, 0.6422826, -0.6818306, 1599.6957, 1599.6957, 955.52374, 717.63654, , 
65904.923807625, 006422, 2.4773052, 0.13778102, 5.658647, 0.3223488, -0.15116733, 0.639687, -0.68120503, 1599.6957, 1599.6957, 955.5269, 717.6372, , 
65904.940476458, 006423, 2.4774928, 0.13786504, 5.665563, 0.32716414, -0.15440553, 0.63712394, -0.6805848, 1600.1476, 1600.1476, 955.5295, 717.63776, , 
65904.973814208, 006424, 2.4794154, 0.1376701, 5.67911, 0.33593538, -0.16225709, 0.63188535, -0.67936814, 1600.1476, 1600.1476, 955.5326, 717.6402, , 
65904.990483208, 006425, 2.480954, 0.13731392, 5.686118, 0.3401532, -0.16703452, 0.6290042, -0.67878497, 1600.1476, 1600.1476, 955.5322, 717.6423, , 
65905.007151916, 006426, 2.482784, 0.13675123, 5.693181, 0.34460914, -0.17188846, 0.62599176, -0.67811006, 1600.1476, 1600.1476, 955.5321, 717.64435, , 
65905.040489791, 006427, 2.4863548, 0.1349661, 5.7077703, 0.35434422, -0.18045855, 0.61978817, -0.676563, 1600.1476, 1600.1476, 955.5345, 717.6479, , 
65905.05715875, 006428, 2.4885256, 0.13385741, 5.7148075, 0.3591132, -0.18378235, 0.61682737, -0.67585933, 1600.1476, 1600.1476, 955.5369, 717.64886, , 
65905.073827708, 006429, 2.4909227, 0.13265544, 5.721837, 0.36346558, -0.18673433, 0.6140827, -0.6752226, 1599.6957, 1599.6957, 955.5405, 717.65, , 
65905.107165416, 006430, 2.496457, 0.13026261, 5.7361684, 0.37070483, -0.1927837, 0.6093714, -0.6738538, 1599.6957, 1599.6957, 955.54364, 717.65173, , 
65905.123834333, 006431, 2.4983094, 0.12997268, 5.744202, 0.3742194, -0.19628131, 0.6072582, -0.67280835, 1599.6957, 1599.6957, 955.544, 717.65186, , 
65905.140503291, 006432, 2.5005372, 0.12967268, 5.7520194, 0.37781963, -0.19967894, 0.6053293, -0.6715334, 1599.6957, 1599.6957, 955.54425, 717.6512, , 
65905.173840875, 006433, 2.5068603, 0.12827095, 5.765892, 0.38512042, -0.2045341, 0.6019026, -0.66900027, 1599.6957, 1599.6957, 955.5477, 717.6477, , 
65905.190509875, 006434, 2.5102253, 0.1276416, 5.772315, 0.38881245, -0.20595542, 0.60030216, -0.6678655, 1599.6957, 1599.6957, 955.55084, 717.64575, , 
65905.207178708, 006435, 2.5137427, 0.12723498, 5.778681, 0.39260802, -0.20742482, 0.5986195, -0.66669977, 1599.6957, 1599.6957, 955.5543, 717.6437, , 
65905.22384775, 006436, 2.5168946, 0.12697853, 5.7856092, 0.39624915, -0.20957404, 0.596909, -0.66540587, 1599.6957, 1599.6957, 955.557, 717.6417, , 
65905.257185458, 006437, 2.524536, 0.12726119, 5.799524, 0.4016788, -0.21658266, 0.59422934, -0.6622973, 1599.6957, 1599.6957, 955.5552, 717.6386, , 
65905.273854375, 006438, 2.5288734, 0.12773001, 5.8063293, 0.4040897, -0.22076331, 0.5931144, -0.6604471, 1599.6957, 1599.6957, 955.5519, 717.63745, , 
65905.29052325, 006439, 2.5332353, 0.1283155, 5.8130436, 0.40699285, -0.22470944, 0.5918967, -0.6584229, 1599.6957, 1599.6957, 955.5485, 717.6351, , 
65905.323861041, 006440, 2.5413945, 0.1293569, 5.8258586, 0.4146622, -0.23162557, 0.5890714, -0.6537581, 1599.6957, 1599.6957, 955.5475, 717.62897, , 
65905.340529875, 006441, 2.5453544, 0.12984046, 5.83209, 0.4184781, -0.23489946, 0.5879153, -0.6511943, 1599.6957, 1599.6957, 955.54736, 717.62354, , 
65905.357198791, 006442, 2.5496986, 0.13055557, 5.838686, 0.42156845, -0.2384782, 0.587145, -0.6485899, 1599.6957, 1599.6957, 955.5457, 717.6196, , 
65905.373867791, 006443, 2.5542836, 0.13138561, 5.8455234, 0.42407992, -0.24261324, 0.5866287, -0.6458807, 1599.6957, 1599.6957, 955.5425, 717.616, , 
65905.4072055, 006444, 2.5638282, 0.13299862, 5.8594284, 0.42848185, -0.25179672, 0.58570427, -0.6402752, 1599.6957, 1599.6957, 955.53156, 717.6088, , 
65905.423874416, 006445, 2.5682604, 0.13373452, 5.8656025, 0.43070644, -0.25609314, 0.5849966, -0.63772047, 1599.6957, 1599.6957, 955.5272, 717.60626, , 
65905.440543333, 006446, 2.572738, 0.13417251, 5.8720365, 0.43274137, -0.25993982, 0.5840406, -0.6356593, 1599.6957, 1599.6957, 955.52374, 717.6046, , 
65905.473881041, 006447, 2.5812166, 0.13452339, 5.8848963, 0.4371523, -0.26647684, 0.58063143, -0.6330522, 1599.6957, 1599.6957, 955.5192, 717.6046, , 
65905.49055, 006448, 2.5853205, 0.13458098, 5.8913317, 0.439795, -0.2697638, 0.57813245, -0.6321161, 1599.6957, 1599.6957, 955.51874, 717.606, , 
65905.507218875, 006449, 2.589313, 0.13483395, 5.897719, 0.4426902, -0.2735801, 0.57525164, -0.63108236, 1599.6957, 1599.6957, 955.51794, 717.6087, , 
65905.5405565, 006450, 2.5979125, 0.13521913, 5.9108424, 0.448156, -0.2829267, 0.5688562, -0.6288969, 1599.6957, 1599.6957, 955.51483, 717.6149, , 
65905.5572255, 006451, 2.6025288, 0.13548812, 5.9174323, 0.45078444, -0.2884227, 0.56567234, -0.6273918, 1599.6957, 1599.6957, 955.51086, 717.61957, , 
65905.573894458, 006452, 2.6073909, 0.13585196, 5.923973, 0.45359048, -0.29443154, 0.5626134, -0.6253254, 1599.6957, 1599.6957, 955.50714, 717.6224, , 
65905.590563333, 006453, 2.6124506, 0.13628285, 5.930428, 0.45664394, -0.30073747, 0.5597427, -0.62267274, 1599.6957, 1599.6957, 955.5028, 717.6242, , 
65905.623901041, 006454, 2.6220899, 0.13751073, 5.943542, 0.46348885, -0.31294948, 0.5542848, -0.61644876, 1599.6957, 1599.6957, 955.4933, 717.6251, , 
65905.640570041, 006455, 2.6271508, 0.13803907, 5.9498124, 0.46718705, -0.31889674, 0.55150706, -0.6130914, 1599.6957, 1599.6957, 955.4898, 717.6248, , 
65905.657238958, 006456, 2.6322055, 0.13852043, 5.95602, 0.47107714, -0.32472277, 0.5486427, -0.6096167, 1599.6957, 1599.6957, 955.4866, 717.6243, , 
65905.690576666, 006457, 2.6420076, 0.13908689, 5.968119, 0.48023388, -0.33513016, 0.5420749, -0.60267586, 1599.6957, 1599.6957, 955.48236, 717.62164, , 
65905.7072455, 006458, 2.646712, 0.13914296, 5.973999, 0.48512688, -0.33945596, 0.53851414, -0.59951997, 1599.6957, 1599.6957, 955.4826, 717.62, , 
65905.740583375, 006459, 2.6563656, 0.13848425, 5.986458, 0.49513802, -0.3481771, 0.53099597, -0.5930046, 1599.6957, 1599.6957, 955.48413, 717.61633, , 
65905.757252208, 006460, 2.6614232, 0.1383116, 5.9923987, 0.5000227, -0.35302708, 0.527058, -0.5895415, 1599.6957, 1599.6957, 955.48425, 717.61505, , 
65905.79059, 006461, 2.6720634, 0.13807425, 6.0042906, 0.5088077, -0.36406943, 0.51930696, -0.5821411, 1599.6957, 1599.6957, 955.4811, 717.614, , 
65905.807258958, 006462, 2.6776156, 0.13800508, 6.0102906, 0.51302457, -0.37036836, 0.5153227, -0.5779928, 1599.6957, 1599.6957, 955.47833, 717.61426, , 
65905.840596708, 006463, 2.6884716, 0.1372008, 6.0234795, 0.52221483, -0.38362506, 0.50647336, -0.56886584, 1599.2438, 1599.2438, 955.4712, 717.61444, , 
65905.857265583, 006464, 2.6939075, 0.1370094, 6.0294933, 0.5272941, -0.38990948, 0.5016394, -0.5641714, 1599.2438, 1599.2438, 955.46924, 717.61414, , 
65905.8739345, 006465, 2.6992, 0.13678578, 6.035358, 0.53253883, -0.3956955, 0.49654284, -0.5597076, 1599.2438, 1599.2438, 955.46796, 717.6137, , 
65905.90727225, 006466, 2.7094288, 0.1361579, 6.046801, 0.5435432, -0.40578002, 0.48560792, -0.5514421, 1599.2438, 1599.2438, 955.46924, 717.61273, , 
65905.923941125, 006467, 2.7142618, 0.13595177, 6.052333, 0.5492531, -0.40998372, 0.4798282, -0.5477219, 1599.6957, 1599.6957, 955.47217, 717.61163, , 
65905.957279041, 006468, 2.7241378, 0.13503611, 6.063391, 0.5601223, -0.41814345, 0.46779066, -0.5409168, 1599.6957, 1599.6957, 955.47784, 717.6113, , 
65905.973947916, 006469, 2.7292595, 0.13448846, 6.068962, 0.56519735, -0.42245063, 0.46154112, -0.53764987, 1599.6957, 1599.6957, 955.4804, 717.6122, , 
65905.990616666, 006470, 2.734479, 0.13393678, 6.0745378, 0.5700539, -0.42686734, 0.45518538, -0.53444266, 1599.6957, 1599.6957, 955.4835, 717.614, , 
65906.0239545, 006471, 2.7449489, 0.13337445, 6.085031, 0.57950425, -0.43549883, 0.44268677, -0.52777267, 1599.6957, 1599.6957, 955.488, 717.6168, , 
65906.0406235, 006472, 2.7502346, 0.13323312, 6.0902395, 0.5845191, -0.43965366, 0.43627694, -0.52412254, 1599.6957, 1599.6957, 955.49133, 717.6174, , 
65906.073961166, 006473, 2.7611291, 0.13330527, 6.1011763, 0.59433305, -0.4485221, 0.422955, -0.5164351, 1599.6957, 1599.6957, 955.49646, 717.61865, , 
65906.090630083, 006474, 2.7668464, 0.13360836, 6.1067505, 0.5990063, -0.45360902, 0.4163615, -0.5119312, 1599.6957, 1599.6957, 955.49786, 717.61957, , 
65906.123967958, 006475, 2.7776554, 0.13449544, 6.116253, 0.608104, -0.46412584, 0.40337, -0.5020851, 1599.6957, 1599.6957, 955.49817, 717.6209, , 
65906.140636708, 006476, 2.7832677, 0.1352292, 6.121544, 0.61251575, -0.46913302, 0.39681587, -0.49726835, 1599.6957, 1599.6957, 955.49866, 717.6215, , 
65906.157305708, 006477, 2.7888465, 0.13610362, 6.126907, 0.6166605, -0.4739545, 0.39049762, -0.49255314, 1599.6957, 1599.6957, 955.4992, 717.6222, , 
65906.190643583, 006478, 2.7999356, 0.13818954, 6.137595, 0.62425035, -0.48329264, 0.37869397, -0.48304313, 1599.6957, 1599.6957, 955.4992, 717.62305, , 
65906.20731225, 006479, 2.8046916, 0.13956538, 6.141916, 0.6274719, -0.48805538, 0.37329397, -0.47826, 1599.6957, 1599.6957, 955.49786, 717.62396, , 
65906.240650166, 006480, 2.815879, 0.14218578, 6.1518426, 0.6327013, -0.4987146, 0.36348507, -0.46781567, 1599.6957, 1599.6957, 955.4919, 717.62683, , 
65906.257319083, 006481, 2.8216128, 0.14332138, 6.156904, 0.6349193, -0.50398767, 0.35876682, -0.46277466, 1599.6957, 1599.6957, 955.4871, 717.62946, , 
65906.273988, 006482, 2.8271265, 0.14425455, 6.161908, 0.6369531, -0.5087486, 0.35404125, -0.45838878, 1599.6957, 1599.6957, 955.48456, 717.6319, , 
65906.307325708, 006483, 2.837615, 0.14571571, 6.17132, 0.64035493, -0.51759446, 0.34493107, -0.45062652, 1599.6957, 1599.6957, 955.48004, 717.6389, , 
65906.323994625, 006484, 2.8428493, 0.14617263, 6.1757517, 0.64198476, -0.52198595, 0.34064156, -0.44648588, 1599.6957, 1599.6957, 955.4777, 717.6417, , 
65906.357332291, 006485, 2.8531637, 0.1465564, 6.184097, 0.6458083, -0.5299541, 0.33215803, -0.43789428, 1599.6957, 1599.6957, 955.47296, 717.6455, , 
65906.37400125, 006486, 2.8581944, 0.14659077, 6.1880426, 0.64786834, -0.53355867, 0.32776728, -0.43376312, 1599.6957, 1599.6957, 955.4718, 717.6467, , 
65906.390670208, 006487, 2.8632193, 0.14659499, 6.1918435, 0.64988303, -0.53710645, 0.32337385, -0.4296487, 1599.6957, 1599.6957, 955.47076, 717.6478, , 
65906.424007875, 006488, 2.8724716, 0.14701231, 6.198175, 0.65371406, -0.54394794, 0.31485727, -0.42147782, 1599.6957, 1599.6957, 955.4681, 717.6505, , 
65906.440676833, 006489, 2.8773882, 0.1472037, 6.2013755, 0.6553401, -0.5472545, 0.31085122, -0.41762838, 1599.6957, 1599.6957, 955.4668, 717.6519, , 
65906.45734575, 006490, 2.882371, 0.14745232, 6.20445, 0.6567352, -0.5505138, 0.30705783, -0.41394323, 1599.2438, 1599.2438, 955.4655, 717.6535, , 
65906.490683625, 006491, 2.8925416, 0.14803104, 6.210213, 0.6591713, -0.5570683, 0.2994981, -0.4067789, 1599.2438, 1599.2438, 955.46216, 717.6584, , 
65906.507352375, 006492, 2.8971052, 0.1480698, 6.2126, 0.6605343, -0.55999374, 0.29546794, -0.40348497, 1599.2438, 1599.2438, 955.4613, 717.66034, , 
65908.557626041, 006583, 3.7608848, 0.13724354, 5.8432317, 0.7186147, -0.66041565, 0.04750684, -0.21257299, 1599.6957, 1599.6957, 955.5132, 717.6914, , 
65908.574295, 006584, 3.7670107, 0.13813736, 5.834997, 0.7183593, -0.66074723, 0.047842816, -0.21233013, 1599.6957, 1599.6957, 955.51227, 717.692, , 
65908.59096375, 006585, 3.7730675, 0.13900772, 5.8269196, 0.7178923, -0.6610908, 0.048413914, -0.21271054, 1599.6957, 1599.6957, 955.51154, 717.69324, , 
65908.624301583, 006586, 3.7855184, 0.13981459, 5.8121333, 0.71619546, -0.66208476, 0.050061118, -0.21494558, 1599.6957, 1599.6957, 955.5114, 717.69867, , 
65908.640970541, 006587, 3.791862, 0.14057781, 5.8043547, 0.7150666, -0.6629465, 0.051181644, -0.21578248, 1599.6957, 1599.6957, 955.51074, 717.70184, , 
65908.67430825, 006588, 3.8051846, 0.1423444, 5.788318, 0.71267277, -0.6655382, 0.053429905, -0.21517791, 1599.6957, 1599.6957, 955.5052, 717.7105, , 
65908.690977125, 006589, 3.8119895, 0.14326437, 5.7802386, 0.7117037, -0.6668575, 0.054196652, -0.21410628, 1600.1476, 1600.1476, 955.502, 717.7137, , 
65908.707646125, 006590, 3.8181999, 0.14369066, 5.772991, 0.7108983, -0.667974, 0.05458405, -0.21320155, 1599.6957, 1599.6957, 955.49945, 717.7164, , 
65908.740983791, 006591, 3.8314755, 0.14486079, 5.758132, 0.7098, -0.6694853, 0.05456204, -0.21212362, 1599.6957, 1599.6957, 955.4966, 717.72095, , 
65908.757652708, 006592, 3.8382764, 0.14544268, 5.7507343, 0.70952123, -0.6699385, 0.054295592, -0.21169297, 1599.6957, 1599.6957, 955.4962, 717.72205, , 
65908.774321625, 006593, 3.8452091, 0.14595759, 5.743389, 0.709266, -0.67035407, 0.054130953, -0.21127431, 1599.6957, 1599.6957, 955.4956, 717.7232, , 
65908.790990541, 006594, 3.8523076, 0.14639255, 5.7361, 0.70898724, -0.67078567, 0.05402305, -0.21086784, 1599.6957, 1599.6957, 955.49506, 717.7242, , 
65908.82432825, 006595, 3.8662329, 0.14653748, 5.722935, 0.7087528, -0.6713352, 0.053323206, -0.21008326, 1599.6957, 1599.6957, 955.49457, 717.7253, , 
65908.840997125, 006596, 3.8737006, 0.14661586, 5.7159424, 0.7086786, -0.67151034, 0.05294977, -0.2098686, 1599.6957, 1599.6957, 955.4947, 717.7256, , 
65908.857666083, 006597, 3.881391, 0.14658338, 5.7089133, 0.7085622, -0.67172724, 0.05247518, -0.20968667, 1599.6957, 1599.6957, 955.49506, 717.7261, , 
65908.891003791, 006598, 3.8972728, 0.14625984, 5.6946115, 0.70864505, -0.6721797, 0.050488934, -0.20844084, 1599.6957, 1599.6957, 955.4961, 717.72644, , 
65908.907672666, 006599, 3.9050918, 0.14633521, 5.6878033, 0.70881546, -0.67240787, 0.049101647, -0.20745432, 1599.6957, 1599.6957, 955.4967, 717.72644, , 
65908.924341625, 006600, 3.913213, 0.14613712, 5.6807218, 0.70906156, -0.6726099, 0.047457986, -0.20633803, 1599.6957, 1599.6957, 955.4974, 717.7262, , 
65908.957679375, 006601, 3.929705, 0.145466, 5.6664605, 0.71008384, -0.67244107, 0.04386608, -0.2041562, 1600.1476, 1600.1476, 955.4996, 717.7238, , 
65908.97434825, 006602, 3.9379122, 0.14504546, 5.6595087, 0.7109436, -0.67186147, 0.041638926, -0.20353802, 1600.1476, 1600.1476, 955.5018, 717.7216, , 
65908.991017166, 006603, 3.946131, 0.14460187, 5.652705, 0.7119399, -0.67102295, 0.038978554, -0.20334819, 1599.6957, 1599.6957, 955.5065, 717.71796, , 
65909.024355041, 006604, 3.9630835, 0.14399746, 5.6410575, 0.71388364, -0.6691699, 0.03309436, -0.20368248, 1599.6957, 1599.6957, 955.51575, 717.71246, , 
65909.04102375, 006605, 3.9715784, 0.14371231, 5.634944, 0.7146946, -0.6684109, 0.030147588, -0.20378795, 1599.6957, 1599.6957, 955.52026, 717.7101, , 
65909.057692708, 006606, 3.9800289, 0.14346823, 5.6284356, 0.71552354, -0.6676435, 0.026653009, -0.20388174, 1600.1476, 1600.1476, 955.52716, 717.7073, , 
65909.074361583, 006607, 3.9884722, 0.14337687, 5.6216264, 0.71650916, -0.666843, 0.022786157, -0.20350882, 1600.1476, 1600.1476, 955.53284, 717.7047, , 
65909.107699416, 006608, 4.004973, 0.14386235, 5.607651, 0.7184585, -0.6659469, 0.016130071, -0.2001798, 1599.6957, 1599.6957, 955.54065, 717.698, , 
65909.124368208, 006609, 4.0130672, 0.14433, 5.6003313, 0.71919364, -0.66591036, 0.013657458, -0.19783176, 1599.6957, 1599.6957, 955.5412, 717.6957, , 
65909.141037125, 006610, 4.0210223, 0.1447968, 5.5930796, 0.71968365, -0.6658696, 0.011457814, -0.19632106, 1599.6957, 1599.6957, 955.5418, 717.6939, , 
65909.174375041, 006611, 4.0366263, 0.14560933, 5.57959, 0.7200424, -0.6654369, 0.005798901, -0.19672076, 1599.6957, 1599.6957, 955.55084, 717.6927, , 
65909.191043791, 006612, 4.0444684, 0.14608815, 5.57298, 0.7202218, -0.6651291, 0.0021402752, -0.1971781, 1600.1476, 1600.1476, 955.55725, 717.6925, , 
65909.207712666, 006613, 4.0515738, 0.1467952, 5.5665503, 0.7206568, -0.6648299, -0.0016884067, -0.19660133, 1600.1476, 1600.1476, 955.5647, 717.6912, , 
65909.241050583, 006614, 4.0672855, 0.14890777, 5.55196, 0.7212869, -0.66541266, -0.0069474387, -0.1921535, 1600.1476, 1600.1476, 955.56757, 717.689, , 
65909.257719333, 006615, 4.0753307, 0.1502331, 5.5442715, 0.72129613, -0.6662822, -0.00833857, -0.1890248, 1600.1476, 1600.1476, 955.5642, 717.6888, , 
65909.27438825, 006616, 4.0832124, 0.15156381, 5.53673, 0.72119296, -0.6671003, -0.009552146, -0.18645804, 1600.1476, 1600.1476, 955.56165, 717.6891, , 
65909.307726083, 006617, 4.0982623, 0.15398417, 5.522381, 0.72124255, -0.6678232, -0.0129273115, -0.18345082, 1600.1476, 1600.1476, 955.5612, 717.6892, , 
65909.324395, 006618, 4.104672, 0.15468152, 5.515401, 0.7216227, -0.66769236, -0.0150483735, -0.1822669, 1600.1476, 1600.1476, 955.5632, 717.68787, , 
65909.34106375, 006619, 4.111479, 0.15569565, 5.5082436, 0.72235554, -0.6673362, -0.017142462, -0.1804745, 1600.1476, 1600.1476, 955.56433, 717.6854, , 
65909.374401625, 006620, 4.1252627, 0.15803151, 5.493277, 0.72428644, -0.6666215, -0.020238858, -0.17497231, 1600.1476, 1600.1476, 955.56177, 717.67755, , 
65909.391070583, 006621, 4.13209, 0.1591768, 5.485565, 0.72521776, -0.66642547, -0.021155385, -0.1717226, 1600.1476, 1600.1476, 955.5588, 717.67413, , 
65909.407739458, 006622, 4.1385946, 0.15986867, 5.4782166, 0.72601265, -0.6663184, -0.02194635, -0.16865253, 1599.6957, 1599.6957, 955.55536, 717.6711, , 
65909.441077166, 006623, 4.151583, 0.16090728, 5.46353, 0.72676957, -0.6664506, -0.023452936, -0.16461973, 1599.6957, 1599.6957, 955.5505, 717.6671, , 
65909.457746041, 006624, 4.158167, 0.16122568, 5.456156, 0.7266269, -0.6667911, -0.024069797, -0.16377923, 1599.6957, 1599.6957, 955.5498, 717.6672, , 
65909.474415041, 006625, 4.164803, 0.16137493, 5.448749, 0.72617286, -0.66735405, -0.024542093, -0.16342948, 1599.6957, 1599.6957, 955.5497, 717.6689, , 
65909.507752666, 006626, 4.17808, 0.16135238, 5.4334235, 0.7250569, -0.6687355, -0.025094084, -0.16265206, 1599.6957, 1599.6957, 955.549, 717.6727, , 
65909.524421583, 006627, 4.185091, 0.1612028, 5.4251103, 0.7246653, -0.66930866, -0.025337763, -0.16200039, 1599.6957, 1599.6957, 955.548, 717.6745, , 
65909.5410905, 006628, 4.191964, 0.16095635, 5.416745, 0.72440535, -0.66970766, -0.025684725, -0.1614583, 1599.6957, 1599.6957, 955.54736, 717.67535, , 
65909.574428208, 006629, 4.2048383, 0.16014951, 5.4002, 0.7243678, -0.6698845, -0.026916044, -0.16069092, 1599.6957, 1599.6957, 955.548, 717.6755, , 
65909.591097208, 006630, 4.2110696, 0.15956491, 5.391833, 0.72449607, -0.66977423, -0.027680507, -0.16044264, 1599.6957, 1599.6957, 955.54877, 717.6749, , 
65909.607766083, 006631, 4.211725, 0.15777808, 5.380415, 0.7246919, -0.6693654, -0.027549803, -0.16128442, 1599.6957, 1599.6957, 955.5499, 717.67426, , 
65909.641103791, 006632, 4.221162, 0.15556827, 5.3619676, 0.7249891, -0.66880494, -0.02931605, -0.1619607, 1599.6957, 1599.6957, 955.5541, 717.6727, , 
65909.657772625, 006633, 4.2269773, 0.1545136, 5.353364, 0.7250552, -0.6685146, -0.030640228, -0.16261685, 1600.1476, 1600.1476, 955.5569, 717.67236, , 
65909.674441666, 006634, 4.2328753, 0.15338986, 5.3448443, 0.7251092, -0.66813475, -0.03211594, -0.1636495, 1600.1476, 1600.1476, 955.5606, 717.672, , 
65909.707779333, 006635, 4.244249, 0.15152828, 5.3287873, 0.725233, -0.66724235, -0.03515566, -0.1660987, 1599.6957, 1599.6957, 955.5705, 717.6709, , 
65909.724448208, 006636, 4.2499247, 0.15048632, 5.3205857, 0.7251992, -0.6668623, -0.036521133, -0.16747199, 1599.6957, 1599.6957, 955.5749, 717.6707, , 
65909.741117125, 006637, 4.2556167, 0.14931561, 5.3121605, 0.7251054, -0.66646695, -0.037767388, -0.16916761, 1599.6957, 1599.6957, 955.5809, 717.6708, , 
65909.774455041, 006638, 4.2669253, 0.14708261, 5.295245, 0.7247362, -0.6655338, -0.04077846, -0.1736645, 1600.1476, 1600.1476, 955.5927, 717.6715, , 
65909.791123708, 006639, 4.27264, 0.14624038, 5.286543, 0.7244613, -0.6652905, -0.041903198, -0.17546654, 1600.1476, 1600.1476, 955.59814, 717.6721, , 
65909.807792666, 006640, 4.278445, 0.14569543, 5.2775793, 0.72409296, -0.6653744, -0.042414628, -0.17654276, 1600.1476, 1600.1476, 955.60236, 717.6736, , 
65909.841130541, 006641, 4.2910295, 0.14587674, 5.260305, 0.7233982, -0.66602707, -0.042243954, -0.17697024, 1600.1476, 1600.1476, 955.60315, 717.6759, , 
65909.857799333, 006642, 4.297001, 0.14612241, 5.2510214, 0.72308296, -0.66645694, -0.041748535, -0.1767576, 1600.1476, 1600.1476, 955.60175, 717.6773, , 
65909.891137166, 006643, 4.3088946, 0.14699623, 5.232129, 0.72258115, -0.6675187, -0.04094514, -0.1749825, 1600.1476, 1600.1476, 955.5975, 717.67926, , 
65909.907806125, 006644, 4.31552, 0.14742835, 5.2225776, 0.72243553, -0.66803557, -0.041039333, -0.1735833, 1600.1476, 1600.1476, 955.59436, 717.6796, , 
65909.924475, 006645, 4.321614, 0.1480449, 5.213163, 0.72229755, -0.6685106, -0.041381843, -0.17224203, 1600.1476, 1600.1476, 955.5926, 717.6799, , 
65909.957812666, 006646, 4.333392, 0.1495244, 5.1948886, 0.72160304, -0.6696623, -0.042359427, -0.1704324, 1600.1476, 1600.1476, 955.5903, 717.6821, , 
65909.974481666, 006647, 4.33926, 0.15034163, 5.18605, 0.72107816, -0.6702654, -0.04271283, -0.17019482, 1600.1476, 1600.1476, 955.59015, 717.6838, , 
65909.991150541, 006648, 4.3451843, 0.15121306, 5.1773314, 0.72038746, -0.6709891, -0.042635098, -0.17028731, 1600.1476, 1600.1476, 955.59015, 717.686, , 
65910.02448825, 006649, 4.3574686, 0.15254322, 5.160688, 0.7187974, -0.673003, -0.0411967, -0.16941129, 1600.1476, 1600.1476, 955.5858, 717.6922, , 
65910.041157125, 006650, 4.363679, 0.15360957, 5.1519547, 0.7181306, -0.6740212, -0.040168732, -0.16843538, 1599.6957, 1599.6957, 955.58234, 717.69464, , 
65910.074494958, 006651, 4.3761234, 0.15568957, 5.134931, 0.7169208, -0.67564744, -0.038612265, -0.16743433, 1599.6957, 1599.6957, 955.57654, 717.69965, , 
65910.091163791, 006652, 4.3823957, 0.15661754, 5.126633, 0.71635276, -0.6763257, -0.038204547, -0.16722053, 1599.6957, 1599.6957, 955.57526, 717.7016, , 
65910.107832625, 006653, 4.3887696, 0.15683213, 5.118868, 0.7157545, -0.677051, -0.037916284, -0.16691259, 1599.6957, 1599.6957, 955.5741, 717.70355, , 
65910.141170541, 006654, 4.4016294, 0.15808694, 5.1027775, 0.7147722, -0.67840683, -0.036844667, -0.16585314, 1599.6957, 1599.6957, 955.5698, 717.70764, , 
65910.157839291, 006655, 4.4080586, 0.15873435, 5.0948367, 0.7145212, -0.67877257, -0.03654901, -0.16550347, 1599.6957, 1599.6957, 955.5684, 717.7087, , 
65910.191177125, 006656, 4.4209704, 0.15977912, 5.07932, 0.7143807, -0.67895883, -0.036620248, -0.16533044, 1599.6957, 1599.6957, 955.5691, 717.70526, , 
65910.207846041, 006657, 4.427558, 0.16016023, 5.0716343, 0.71436846, -0.6790099, -0.036874644, -0.16511673, 1599.6957, 1599.6957, 955.57, 717.70197, , 
65910.224515, 006658, 4.433959, 0.16022547, 5.0643306, 0.71435, -0.67910993, -0.037446503, -0.16465603, 1599.6957, 1599.6957, 955.5697, 717.6966, , 
65910.257852625, 006659, 4.4476767, 0.16029994, 5.049324, 0.71425885, -0.6793513, -0.039556555, -0.1635587, 1599.6957, 1599.6957, 955.5711, 717.6968, , 
65910.274521541, 006660, 4.4546742, 0.1602296, 5.041879, 0.7144847, -0.6791611, -0.041360196, -0.16291463, 1599.6957, 1599.6957, 955.5726, 717.69604, , 
65910.291190541, 006661, 4.4617243, 0.16007678, 5.0345216, 0.7149048, -0.6787348, -0.043706026, -0.16223416, 1599.6957, 1599.6957, 955.57587, 717.6939, , 
65910.324528208, 006662, 4.475821, 0.15927145, 5.0207415, 0.71601075, -0.67745286, -0.049298257, -0.16110834, 1600.1476, 1600.1476, 955.58307, 717.68915, , 
65910.341197083, 006663, 4.483035, 0.15891556, 5.0136585, 0.716582, -0.67677367, -0.05204462, -0.16055875, 1600.1476, 1600.1476, 955.5882, 717.6858, , 
65910.374535, 006664, 4.497724, 0.1580956, 4.9994597, 0.7177809, -0.67544544, -0.05726783, -0.15901102, 1600.1476, 1600.1476, 955.59454, 717.6806, , 
65910.391203708, 006665, 4.505078, 0.1575917, 4.992471, 0.71850866, -0.6746302, -0.06006164, -0.15815154, 1600.1476, 1600.1476, 955.599, 717.6765, , 
65910.407872666, 006666, 4.512674, 0.15740842, 4.9854417, 0.71923, -0.673687, -0.06314782, -0.15769102, 1600.1476, 1600.1476, 955.6033, 717.6734, , 
65910.4412105, 006667, 4.5277796, 0.15670654, 4.9716897, 0.72038984, -0.6720385, -0.07004636, -0.15651281, 1600.1476, 1600.1476, 955.61523, 717.6668, , 
65910.457879208, 006668, 4.5353775, 0.1566042, 4.9644933, 0.7210814, -0.67140174, -0.07335611, -0.15453216, 1600.1476, 1600.1476, 955.61816, 717.6635, , 
65910.474548166, 006669, 4.542902, 0.15674905, 4.9571195, 0.72194993, -0.67076635, -0.07631643, -0.15177803, 1600.1476, 1600.1476, 955.6192, 717.6597, , 
65910.507886, 006670, 4.5574303, 0.1572417, 4.9431367, 0.7237892, -0.6692315, -0.08138731, -0.14708668, 1600.1476, 1600.1476, 955.62024, 717.6503, , 
65910.524555, 006671, 4.5645013, 0.15759903, 4.9364147, 0.7246978, -0.66826344, -0.08385009, -0.14562389, 1600.1476, 1600.1476, 955.62225, 717.64636, , 
65912.558158875, 006755, 5.0870748, 0.21586652, 4.1010847, 0.70360196, -0.64532435, -0.2964386, -0.02499808, 1600.1476, 1600.1476, 955.8058, 717.5135, , 
65912.591496708, 006756, 5.095213, 0.21646546, 4.0936155, 0.70366746, -0.64515626, -0.2961986, -0.029863555, 1600.1476, 1600.1476, 955.81757, 717.5138, , 
65912.608165625, 006757, 5.099372, 0.2166345, 4.0897403, 0.703891, -0.64504236, -0.29565224, -0.032366164, 1600.1476, 1600.1476, 955.8221, 717.5136, , 
65912.64150325, 006758, 5.1072907, 0.21734373, 4.0819526, 0.7046453, -0.64457786, -0.29430565, -0.03713099, 1600.5995, 1600.5995, 955.8312, 717.5128, , 
65912.658172291, 006759, 5.1111755, 0.21776177, 4.07805, 0.7050438, -0.6442563, -0.2937329, -0.039600495, 1600.5995, 1600.5995, 955.8353, 717.51227, , 
65912.691509875, 006760, 5.1189904, 0.21858121, 4.070262, 0.7058667, -0.6435776, -0.29244128, -0.04514732, 1600.5995, 1600.5995, 955.845, 717.5113, , 
65912.708178791, 006761, 5.1229587, 0.21897568, 4.0663123, 0.7064725, -0.6432794, -0.2911576, -0.048120126, 1600.1476, 1600.1476, 955.85077, 717.5109, , 
65912.724847791, 006762, 5.1265225, 0.21903165, 4.0623493, 0.7074316, -0.6428895, -0.28918687, -0.05103526, 1600.1476, 1600.1476, 955.8537, 717.51044, , 
65912.758185541, 006763, 5.1342177, 0.2196485, 4.054274, 0.71047443, -0.6415121, -0.28358445, -0.05716789, 1600.1476, 1600.1476, 955.85693, 717.5072, , 
65912.774854416, 006764, 5.1381297, 0.21994133, 4.0503826, 0.71230865, -0.6406582, -0.2800975, -0.060981207, 1600.1476, 1600.1476, 955.85846, 717.50543, , 
65912.808192166, 006765, 5.1462054, 0.22038622, 4.0430555, 0.7162473, -0.6388916, -0.2717612, -0.07037975, 1600.1476, 1600.1476, 955.86346, 717.50214, , 
65912.824861125, 006766, 5.149885, 0.22010727, 4.0397344, 0.71827286, -0.63795006, -0.26719657, -0.07556363, 1600.1476, 1600.1476, 955.86615, 717.5008, , 
65912.85819875, 006767, 5.158404, 0.22049542, 4.0329103, 0.7227434, -0.63575053, -0.25695652, -0.08623508, 1600.1476, 1600.1476, 955.8709, 717.49725, , 
65912.874867708, 006768, 5.1628246, 0.22089465, 4.029728, 0.7252387, -0.63441986, -0.2510952, -0.09214932, 1600.1476, 1600.1476, 955.87274, 717.49554, , 
65912.908205583, 006769, 5.1714582, 0.22156651, 4.0254955, 0.73078394, -0.6304669, -0.23897927, -0.10656113, 1600.5995, 1600.5995, 955.88324, 717.48926, , 
65912.924874333, 006770, 5.1756425, 0.22198589, 4.0236726, 0.73390615, -0.62781507, -0.23259133, -0.11459178, 1600.5995, 1600.5995, 955.88983, 717.48535, , 
65912.958212125, 006771, 5.183891, 0.22306319, 4.019948, 0.7400689, -0.62250555, -0.21759246, -0.13205451, 1600.5995, 1600.5995, 955.9046, 717.4779, , 
65912.974881083, 006772, 5.187999, 0.2236499, 4.018189, 0.7429007, -0.62003654, -0.20898363, -0.14134741, 1600.5995, 1600.5995, 955.91, 717.47626, , 
65913.00821875, 006773, 5.195931, 0.22468518, 4.0159907, 0.74798924, -0.6152312, -0.19070177, -0.16011077, 1600.1476, 1600.1476, 955.9191, 717.47455, , 
65913.024887666, 006774, 5.1998467, 0.22529976, 4.014788, 0.7503426, -0.61279035, -0.18106769, -0.16937684, 1600.1476, 1600.1476, 955.9238, 717.4741, , 
65913.0582255, 006775, 5.207622, 0.22688152, 4.011565, 0.75481564, -0.6077059, -0.16103174, -0.18712495, 1600.1476, 1600.1476, 955.928, 717.4736, , 
65913.074894208, 006776, 5.211442, 0.22775652, 4.0098696, 0.75690794, -0.60505205, -0.15071116, -0.19567445, 1600.1476, 1600.1476, 955.9289, 717.473, , 
65913.091563208, 006777, 5.2152176, 0.22858404, 4.008304, 0.7587648, -0.60228634, -0.14052123, -0.20440386, 1600.1476, 1600.1476, 955.93005, 717.4729, , 
65913.124901, 006778, 5.2225986, 0.229851, 4.008135, 0.76165426, -0.59627724, -0.12055823, -0.22316368, 1600.5995, 1600.5995, 955.9359, 717.4736, , 
65913.14156975, 006779, 5.226088, 0.23049642, 4.0074987, 0.76278204, -0.5929515, -0.11063568, -0.23309213, 1600.5995, 1600.5995, 955.9421, 717.47473, , 
65913.158238666, 006780, 5.2294297, 0.2311364, 4.0069265, 0.76376694, -0.58936685, -0.10071292, -0.2432358, 1600.5995, 1600.5995, 955.94763, 717.4759, , 
65913.191576541, 006781, 5.235602, 0.23243956, 4.0060315, 0.7657599, -0.5811898, -0.08082615, -0.2632439, 1600.5995, 1600.5995, 955.96173, 717.4769, , 
65913.208245458, 006782, 5.2381454, 0.23276414, 4.00675, 0.76652026, -0.5767647, -0.070882745, -0.27343157, 1600.1476, 1600.1476, 955.9683, 717.47723, , 
65913.241583083, 006783, 5.2436624, 0.2337768, 4.007033, 0.7674171, -0.56771064, -0.050230127, -0.29368815, 1600.5995, 1600.5995, 955.98254, 717.4792, , 
65913.258252083, 006784, 5.246464, 0.23432966, 4.00708, 0.7674065, -0.5632325, -0.039536033, -0.30379823, 1600.5995, 1600.5995, 955.9876, 717.481, , 
65913.274920958, 006785, 5.249277, 0.2349216, 4.0071526, 0.76711226, -0.5588243, -0.028725721, -0.3137339, 1600.5995, 1600.5995, 955.99207, 717.4833, , 
65913.308258666, 006786, 5.2544084, 0.23615669, 4.007712, 0.76582307, -0.55013126, -0.0071485187, -0.3328957, 1600.5995, 1600.5995, 955.9995, 717.4899, , 
65913.324927583, 006787, 5.2570906, 0.23683278, 4.0081415, 0.7649033, -0.5457782, 0.0033394997, -0.34210816, 1600.5995, 1600.5995, 956.00214, 717.493, , 
65913.341596583, 006788, 5.259948, 0.23755209, 4.0086827, 0.7637804, -0.54139304, 0.013690272, -0.35120603, 1600.5995, 1600.5995, 956.00574, 717.49725, , 
65913.374934166, 006789, 5.2659025, 0.23910476, 4.0102572, 0.7608058, -0.53265333, 0.03462534, -0.36912885, 1600.1476, 1600.1476, 956.00946, 717.5047, , 
65913.391603083, 006790, 5.2689414, 0.23991881, 4.011292, 0.7589854, -0.5282622, 0.045260917, -0.3779307, 1600.1476, 1600.1476, 956.01074, 717.51013, , 
65913.424940916, 006791, 5.2743077, 0.24149643, 4.0145645, 0.75451326, -0.51929706, 0.06767074, -0.3955514, 1600.5995, 1600.5995, 956.00995, 717.51904, , 
65913.441609625, 006792, 5.2770734, 0.24229594, 4.016276, 0.7519354, -0.51479405, 0.0792649, -0.4041005, 1600.5995, 1600.5995, 956.0081, 717.5236, , 
65913.458278625, 006793, 5.279957, 0.24308245, 4.018002, 0.74911207, -0.51026595, 0.09099273, -0.4125289, 1600.1476, 1600.1476, 956.0043, 717.52997, , 
65913.491616458, 006794, 5.2856, 0.24455793, 4.021793, 0.74334985, -0.50054866, 0.113989316, -0.4288221, 1600.1476, 1600.1476, 955.99854, 717.5387, , 
65913.508285208, 006795, 5.2876277, 0.24503775, 4.0247936, 0.74068177, -0.49541357, 0.12475468, -0.43633962, 1600.1476, 1600.1476, 955.996, 717.5427, , 
65913.524954083, 006796, 5.2899947, 0.24550234, 4.027299, 0.7381228, -0.49000624, 0.13518155, -0.44361532, 1600.1476, 1600.1476, 955.9948, 717.54504, , 
65913.558292, 006797, 5.295221, 0.2464119, 4.0319247, 0.7335886, -0.4791027, 0.15482482, -0.45644015, 1600.1476, 1600.1476, 955.993, 717.54736, , 
65913.574960958, 006798, 5.298073, 0.24691106, 4.034221, 0.73154026, -0.47407585, 0.1641096, -0.4617022, 1600.5995, 1600.5995, 955.9909, 717.54706, , 
65913.591629583, 006799, 5.301014, 0.24737139, 4.0366187, 0.72944, -0.46928322, 0.17299655, -0.46665046, 1600.5995, 1600.5995, 955.98846, 717.5467, , 
65913.6249675, 006800, 5.306618, 0.24780299, 4.0429244, 0.72540206, -0.46006238, 0.18899937, -0.4758295, 1600.5995, 1600.5995, 955.9844, 717.54626, , 
65913.641636375, 006801, 5.309494, 0.24789716, 4.045725, 0.7234189, -0.45528868, 0.19654898, -0.48036, 1600.5995, 1600.5995, 955.9839, 717.54584, , 
65913.658305375, 006802, 5.31235, 0.24786352, 4.0485682, 0.72132194, -0.45049286, 0.2037897, -0.48499548, 1600.5995, 1600.5995, 955.98425, 717.5458, , 
65913.674974125, 006803, 5.3152137, 0.24772103, 4.0514865, 0.7190687, -0.44574, 0.21082078, -0.48970476, 1600.5995, 1600.5995, 955.985, 717.5463, , 
65913.708311958, 006804, 5.3210974, 0.24689905, 4.0579467, 0.71445805, -0.43711123, 0.22466649, -0.49800447, 1600.5995, 1600.5995, 955.98413, 717.54736, , 
65913.724980916, 006805, 5.3242717, 0.24656354, 4.061018, 0.71233046, -0.43319368, 0.23154168, -0.50131524, 1600.5995, 1600.5995, 955.981, 717.5469, , 
65913.741649666, 006806, 5.327562, 0.24630903, 4.063877, 0.7104256, -0.42930618, 0.23821267, -0.50422853, 1600.5995, 1600.5995, 955.97845, 717.5458, , 
65913.7749875, 006807, 5.334273, 0.24566902, 4.0693326, 0.7072842, -0.42149636, 0.25061396, -0.50919795, 1600.5995, 1600.5995, 955.9741, 717.54095, , 
65913.791656333, 006808, 5.3376946, 0.24522369, 4.0720677, 0.70606613, -0.4176398, 0.25609595, -0.511334, 1600.5995, 1600.5995, 955.97345, 717.53827, , 
65913.808325166, 006809, 5.341566, 0.24449341, 4.0751133, 0.7050741, -0.4140497, 0.2608925, -0.51319426, 1600.5995, 1600.5995, 955.97345, 717.5355, , 
65913.824994041, 006810, 5.3453603, 0.24386896, 4.078096, 0.7040458, -0.41077504, 0.26539034, -0.5149286, 1600.5995, 1600.5995, 955.97345, 717.5323, , 
65913.858331916, 006811, 5.353136, 0.24286695, 4.0841527, 0.70166254, -0.40538657, 0.2739879, -0.51794, 1600.5995, 1600.5995, 955.971, 717.5288, , 
65913.87500075, 006812, 5.3570457, 0.24249257, 4.0871987, 0.7006746, -0.40279374, 0.2779314, -0.5191979, 1600.5995, 1600.5995, 955.9695, 717.5269, , 
65913.891669583, 006813, 5.360819, 0.24215682, 4.090242, 0.69996125, -0.39978904, 0.2814708, -0.5205738, 1600.5995, 1600.5995, 955.97, 717.5238, , 
65913.925007458, 006814, 5.3679605, 0.24112435, 4.0966415, 0.6985529, -0.39234582, 0.28778157, -0.5246621, 1600.5995, 1600.5995, 955.9773, 717.5196, , 
65913.941676375, 006815, 5.371367, 0.24075831, 4.0999026, 0.6974936, -0.38823324, 0.2910257, -0.5273344, 1600.5995, 1600.5995, 955.984, 717.5182, , 
65913.958345041, 006816, 5.3747826, 0.24058212, 4.103124, 0.69622463, -0.3841211, 0.29447222, -0.5301023, 1600.5995, 1600.5995, 955.9889, 717.5176, , 
65913.975013958, 006817, 5.37831, 0.24050714, 4.106324, 0.6946238, -0.3802545, 0.29820728, -0.53289473, 1600.5995, 1600.5995, 955.99286, 717.5173, , 
65914.008351916, 006818, 5.3858685, 0.24063303, 4.1129317, 0.6903794, -0.37398288, 0.30636364, -0.5381956, 1600.5995, 1600.5995, 955.99506, 717.51935, , 
65914.025020791, 006819, 5.38983, 0.24036045, 4.1168313, 0.6881023, -0.37104395, 0.31044883, -0.54079854, 1600.5995, 1600.5995, 955.9944, 717.5206, , 
65914.0416895, 006820, 5.3935485, 0.24018528, 4.120455, 0.68592596, -0.3676798, 0.31409103, -0.54374987, 1600.5995, 1600.5995, 955.9959, 717.5229, , 
65914.075027333, 006821, 5.4007387, 0.23963542, 4.127634, 0.6816562, -0.3605132, 0.32039177, -0.5502037, 1600.1476, 1600.1476, 956.0031, 717.5271, , 
65914.091696333, 006822, 5.404469, 0.23939936, 4.131232, 0.6795227, -0.35745543, 0.32356593, -0.5529734, 1600.5995, 1600.5995, 956.00586, 717.5301, , 
65914.108365041, 006823, 5.408707, 0.23950769, 4.1345406, 0.67748743, -0.354569, 0.3270569, -0.5552705, 1600.5995, 1600.5995, 956.0065, 717.53143, , 
65914.141702875, 006824, 5.4169126, 0.23938192, 4.141095, 0.67409545, -0.3494226, 0.3341108, -0.5584524, 1600.5995, 1600.5995, 956.00543, 717.5316, , 
65914.158371875, 006825, 5.4211793, 0.23927154, 4.1442513, 0.67275244, -0.34732118, 0.33752283, -0.55933046, 1600.1476, 1600.1476, 956.0034, 717.5301, , 
65914.17504075, 006826, 5.4256506, 0.23917066, 4.1473455, 0.67153203, -0.34571972, 0.34097782, -0.55969346, 1600.1476, 1600.1476, 956.00055, 717.5284, , 
65914.208378416, 006827, 5.434832, 0.23868011, 4.1531367, 0.66964996, -0.34367317, 0.34791842, -0.55893683, 1600.5995, 1600.5995, 955.989, 717.5219, , 
65914.225047333, 006828, 5.4395514, 0.23846237, 4.155871, 0.66881746, -0.34299657, 0.3512593, -0.55825937, 1600.5995, 1600.5995, 955.98334, 717.51874, , 
65914.24171625, 006829, 5.44431, 0.23829691, 4.158521, 0.6679014, -0.3424006, 0.3544862, -0.5576819, 1600.5995, 1600.5995, 955.97766, 717.5158, , 
65914.275053958, 006830, 5.4535728, 0.23798938, 4.1635427, 0.6649799, -0.34115213, 0.3612087, -0.55762476, 1600.1476, 1600.1476, 955.96423, 717.5118, , 
65914.291722791, 006831, 5.4581313, 0.23789401, 4.1659465, 0.66266507, -0.34078518, 0.3650526, -0.55810124, 1600.1476, 1600.1476, 955.95703, 717.5119, , 
65914.308391833, 006832, 5.462755, 0.23789863, 4.168243, 0.6599722, -0.3408242, 0.36926046, -0.55850005, 1600.5995, 1600.5995, 955.9447, 717.51276, , 
65914.3417295, 006833, 5.4707537, 0.23880793, 4.1710615, 0.6541032, -0.34118652, 0.37852237, -0.55898255, 1600.5995, 1600.5995, 955.9222, 717.51416, , 
65914.358398333, 006834, 5.4750023, 0.23897092, 4.1728888, 0.6510283, -0.34101313, 0.383114, -0.5595498, 1600.1476, 1600.1476, 955.9082, 717.5153, , 
65914.375067333, 006835, 5.4790406, 0.23909493, 4.174762, 0.6482382, -0.3401727, 0.3874115, -0.5603411, 1600.1476, 1600.1476, 955.9002, 717.5158, , 
65914.408404958, 006836, 5.485177, 0.23942454, 4.177158, 0.6439364, -0.3362716, 0.3950517, -0.5623179, 1600.5995, 1600.5995, 955.89124, 717.51495, , 
65914.425073916, 006837, 5.4882627, 0.23964827, 4.1784697, 0.64224917, -0.3338763, 0.39853933, -0.56321317, 1600.5995, 1600.5995, 955.88995, 717.51355, , 
65914.441742833, 006838, 5.49169, 0.2399183, 4.1801214, 0.6405244, -0.3316306, 0.40201586, -0.5640326, 1600.5995, 1600.5995, 955.88837, 717.5121, , 
65914.475080708, 006839, 5.498955, 0.24058555, 4.183819, 0.6368774, -0.32769984, 0.4089816, -0.5654504, 1600.5995, 1600.5995, 955.8826, 717.509, , 
65914.491749375, 006840, 5.5025992, 0.24091564, 4.185669, 0.635304, -0.32558107, 0.41220865, -0.5661004, 1600.5995, 1600.5995, 955.8809, 717.5073, , 
65914.508418375, 006841, 5.5043044, 0.240523, 4.1859846, 0.6339686, -0.32282108, 0.41514808, -0.5670296, 1600.5995, 1600.5995, 955.8808, 717.50574, , 
65914.52508725, 006842, 5.5070376, 0.24039643, 4.1871386, 0.6324616, -0.31970096, 0.41785827, -0.5684876, 1600.5995, 1600.5995, 955.88324, 717.50433, , 
65916.558691083, 006928, 5.6211863, 0.23319112, 4.567384, -0.24769863, -0.017575394, -0.717993, 0.65024805, 1600.1476, 1600.1476, 955.72546, 717.51355, , 
65916.575359833, 006929, 5.6220293, 0.23240031, 4.569973, -0.24732794, -0.017732901, -0.7178844, 0.6505047, 1600.1476, 1600.1476, 955.7252, 717.5147, , 
65916.59202875, 006930, 5.6229906, 0.2317398, 4.5727916, -0.24679299, -0.017529482, -0.7179167, 0.65067774, 1600.1476, 1600.1476, 955.7242, 717.5152, , 
65916.625366541, 006931, 5.6254473, 0.23028319, 4.5803885, -0.24559914, -0.01666474, -0.71817607, 0.65086585, 1600.1476, 1600.1476, 955.7198, 717.5157, , 
65916.642035375, 006932, 5.626791, 0.22971831, 4.584135, -0.24496903, -0.01635238, -0.7182718, 0.6510057, 1600.1476, 1600.1476, 955.718, 717.51587, , 
65916.65870425, 006933, 5.6281505, 0.22924362, 4.5876675, -0.2442465, -0.016281724, -0.71825516, 0.6512972, 1600.1476, 1600.1476, 955.71643, 717.51654, , 
65916.692042125, 006934, 5.6310115, 0.22831585, 4.5948014, -0.24293266, -0.016768834, -0.7181025, 0.6519443, 1600.1476, 1600.1476, 955.7143, 717.51886, , 
65916.708711041, 006935, 5.6329446, 0.22777618, 4.5998564, -0.24218607, -0.016802283, -0.7181557, 0.6521625, 1600.1476, 1600.1476, 955.7135, 717.51953, , 
65916.742048708, 006936, 5.6367283, 0.22703107, 4.608947, -0.24082324, -0.015596355, -0.7186283, 0.6521766, 1600.1476, 1600.1476, 955.7086, 717.51953, , 
65916.758717625, 006937, 5.6387205, 0.22672345, 4.613591, -0.24052918, -0.014453713, -0.7189994, 0.6519023, 1600.1476, 1600.1476, 955.70593, 717.51874, , 
65916.775386541, 006938, 5.640807, 0.22640301, 4.618305, -0.24062704, -0.013311007, -0.7193509, 0.65150267, 1600.1476, 1600.1476, 955.70374, 717.5173, , 
65916.808724208, 006939, 5.64488, 0.22553779, 4.627914, -0.24164823, -0.012034408, -0.7196748, 0.6507914, 1600.1476, 1600.1476, 955.70245, 717.51404, , 
65916.825393166, 006940, 5.6470566, 0.2251213, 4.6327796, -0.24215801, -0.0118581625, -0.7196454, 0.65063775, 1600.1476, 1600.1476, 955.7031, 717.5133, , 
65916.858730958, 006941, 5.651995, 0.22448047, 4.642904, -0.2430349, -0.0115961125, -0.7193704, 0.6506193, 1600.1476, 1600.1476, 955.7044, 717.51294, , 
65916.875399791, 006942, 5.654764, 0.22425903, 4.648194, -0.24335219, -0.011474662, -0.71928173, 0.65060115, 1600.1476, 1600.1476, 955.70465, 717.5129, , 
65916.892068666, 006943, 5.6577296, 0.22407486, 4.6535726, -0.24382968, -0.011588657, -0.71923023, 0.6504773, 1600.1476, 1600.1476, 955.707, 717.5138, , 
65916.925406416, 006944, 5.6641383, 0.22415091, 4.663707, -0.2454443, -0.0122645805, -0.7194408, 0.6496241, 1600.1476, 1600.1476, 955.7114, 717.5114, , 
65916.942075166, 006945, 5.667855, 0.22416265, 4.669384, -0.24633324, -0.012691534, -0.71964556, 0.64905244, 1600.1476, 1600.1476, 955.7149, 717.5091, , 
65916.958744208, 006946, 5.6717925, 0.22421081, 4.675311, -0.24713324, -0.013145669, -0.7197824, 0.64858747, 1600.1476, 1600.1476, 955.71747, 717.5076, , 
65916.992081958, 006947, 5.6802406, 0.22443576, 4.6879497, -0.24838166, -0.013630797, -0.7197731, 0.6481107, 1600.1476, 1600.1476, 955.72174, 717.50574, , 
65917.008750958, 006948, 5.6850743, 0.22488932, 4.6942925, -0.2489539, -0.013625524, -0.7195158, 0.6481769, 1600.1476, 1600.1476, 955.7228, 717.50574, , 
65917.042088625, 006949, 5.694517, 0.22521569, 4.7076097, -0.25151578, -0.01458682, -0.7184043, 0.64839983, 1600.1476, 1600.1476, 955.7297, 717.5066, , 
65917.0587575, 006950, 5.6993365, 0.22524734, 4.7142987, -0.25347033, -0.015759941, -0.7176373, 0.6484606, 1600.1476, 1600.1476, 955.7352, 717.50696, , 
65917.075426416, 006951, 5.70426, 0.22524853, 4.721024, -0.25564048, -0.017210502, -0.71683055, 0.64846414, 1600.1476, 1600.1476, 955.7419, 717.50726, , 
65917.108764125, 006952, 5.71395, 0.22566865, 4.7329626, -0.25992092, -0.02050295, -0.71546936, 0.64817, 1600.1476, 1600.1476, 955.7587, 717.5072, , 
65917.125433083, 006953, 5.718981, 0.22592263, 4.739277, -0.26193315, -0.02215389, -0.714887, 0.6479481, 1600.1476, 1600.1476, 955.7659, 717.5069, , 
65917.158770833, 006954, 5.729175, 0.22655158, 4.7530394, -0.2655315, -0.025783459, -0.71365887, 0.64770293, 1600.1476, 1600.1476, 955.78265, 717.5067, , 
65917.175439625, 006955, 5.734207, 0.22709869, 4.7601614, -0.26706144, -0.027627604, -0.7130106, 0.64771193, 1600.5995, 1600.5995, 955.7894, 717.50714, , 
65917.2087775, 006956, 5.7439756, 0.22867034, 4.773458, -0.2694315, -0.03145859, -0.71175563, 0.6479359, 1600.1476, 1600.1476, 955.8044, 717.5086, , 
65917.225446416, 006957, 5.748817, 0.22975607, 4.780128, -0.26996854, -0.03359054, -0.71128076, 0.6481268, 1600.1476, 1600.1476, 955.81, 717.50964, , 
65917.258784041, 006958, 5.758427, 0.23221828, 4.7935205, -0.2694912, -0.03866312, -0.71069175, 0.6486885, 1600.1476, 1600.1476, 955.82, 717.5122, , 
65917.275452958, 006959, 5.7630525, 0.23343389, 4.800029, -0.2684362, -0.04171483, -0.71037513, 0.64928347, 1600.1476, 1600.1476, 955.8259, 717.5154, , 
65917.292121916, 006960, 5.767541, 0.23464803, 4.8064833, -0.2669779, -0.04474425, -0.71012676, 0.6499545, 1600.5995, 1600.5995, 955.8295, 717.51825, , 
65917.325459583, 006961, 5.7764416, 0.23654868, 4.8200746, -0.26423016, -0.049900264, -0.7100215, 0.6508163, 1600.5995, 1600.5995, 955.8361, 717.5234, , 
65917.3421285, 006962, 5.7802925, 0.23768716, 4.826854, -0.26336697, -0.05183224, -0.7099643, 0.6510776, 1600.5995, 1600.5995, 955.83856, 717.5248, , 
65917.375466333, 006963, 5.786987, 0.23983635, 4.8408084, -0.26208708, -0.05467007, -0.70928085, 0.65210605, 1600.1476, 1600.1476, 955.8428, 717.5292, , 
65917.392135, 006964, 5.789865, 0.24068646, 4.8479414, -0.2609181, -0.055984896, -0.7085174, 0.65329206, 1600.1476, 1600.1476, 955.84326, 717.53284, , 
65917.425472875, 006965, 5.794796, 0.24156673, 4.8634887, -0.25717854, -0.058076676, -0.70663065, 0.65662724, 1600.1476, 1600.1476, 955.8394, 717.5454, , 
65917.442141875, 006966, 5.7970595, 0.24191763, 4.871003, -0.2550658, -0.058641437, -0.70588773, 0.6581985, 1600.1476, 1600.1476, 955.8361, 717.5506, , 
65917.4754795, 006967, 5.8012834, 0.24244003, 4.8857226, -0.25097755, -0.06018506, -0.7048522, 0.6607355, 1600.5995, 1600.5995, 955.8294, 717.5606, , 
65917.492148416, 006968, 5.8032494, 0.2426909, 4.89291, -0.24926168, -0.06137112, -0.704552, 0.66159546, 1600.5995, 1600.5995, 955.8281, 717.5639, , 
65917.525486291, 006969, 5.806733, 0.24251972, 4.9078693, -0.24642526, -0.0634004, -0.7045482, 0.6624702, 1600.5995, 1600.5995, 955.8267, 717.5677, , 
65917.542155041, 006970, 5.808385, 0.24289598, 4.9152026, -0.2448385, -0.06381856, -0.7048709, 0.6626752, 1600.5995, 1600.5995, 955.8243, 717.5688, , 
65917.575492875, 006971, 5.8114686, 0.24400036, 4.930047, -0.24112834, -0.06296922, -0.7063082, 0.6625864, 1600.5995, 1600.5995, 955.81555, 717.56836, , 
65917.59216175, 006972, 5.812819, 0.24447344, 4.9373446, -0.23949441, -0.06253203, -0.70711595, 0.6623588, 1600.1476, 1600.1476, 955.8095, 717.567, , 
65917.625499416, 006973, 5.814411, 0.24438913, 4.951484, -0.23739192, -0.063445225, -0.70818216, 0.66188955, 1600.1476, 1600.1476, 955.8063, 717.5654, , 
65917.642168333, 006974, 5.815163, 0.24429692, 4.958273, -0.2368027, -0.06444916, -0.70842826, 0.66174024, 1600.1476, 1600.1476, 955.8073, 717.565, , 
65917.658837291, 006975, 5.8157954, 0.24413474, 4.965066, -0.23623954, -0.06549303, -0.7084406, 0.6618259, 1600.1476, 1600.1476, 955.8085, 717.5654, , 
65917.692174958, 006976, 5.8166413, 0.24376942, 4.978905, -0.2349953, -0.06699427, -0.70810103, 0.66248155, 1600.1476, 1600.1476, 955.80927, 717.56836, , 
65917.708843916, 006977, 5.8162513, 0.24296181, 4.9849815, -0.23461534, -0.06766696, -0.7079607, 0.6626978, 1600.1476, 1600.1476, 955.80975, 717.5693, , 
65917.742181708, 006978, 5.8162313, 0.24229513, 4.9982347, -0.23456182, -0.06953035, -0.7082668, 0.6621967, 1600.5995, 1600.5995, 955.81396, 717.5684, , 
65917.758850541, 006979, 5.8162546, 0.24207376, 5.004981, -0.2347948, -0.07064132, -0.7086315, 0.661606, 1600.5995, 1600.5995, 955.81683, 717.567, , 
65917.792188333, 006980, 5.816093, 0.2416753, 5.018634, -0.23488303, -0.072971776, -0.7094368, 0.6604578, 1600.5995, 1600.5995, 955.82336, 717.5639, , 
65917.808857208, 006981, 5.8156853, 0.2412829, 5.0253677, -0.23476888, -0.07398535, -0.7098814, 0.6599076, 1600.5995, 1600.5995, 955.82544, 717.5624, , 
65917.842194916, 006982, 5.814667, 0.24063288, 5.039303, -0.23506044, -0.07544588, -0.7108902, 0.6585513, 1600.5995, 1600.5995, 955.8294, 717.55865, , 
65917.858863833, 006983, 5.814023, 0.24031605, 5.0464168, -0.23560442, -0.076126345, -0.71133506, 0.6577977, 1600.5995, 1600.5995, 955.8329, 717.55597, , 
65917.892201666, 006984, 5.812267, 0.23949014, 5.0604935, -0.2378227, -0.07792374, -0.7117662, 0.6563209, 1600.1476, 1600.1476, 955.8411, 717.5518, , 
65917.908870541, 006985, 5.8108053, 0.238723, 5.067553, -0.23934351, -0.079266, -0.71151334, 0.65588135, 1600.1476, 1600.1476, 955.8488, 717.5504, , 
65917.94220825, 006986, 5.8080525, 0.23742478, 5.0810413, -0.24342379, -0.08263763, -0.7104889, 0.65507346, 1600.5995, 1600.5995, 955.86426, 717.5495, , 
65917.958877208, 006987, 5.8066964, 0.23690753, 5.087685, -0.24571553, -0.08428242, -0.70994794, 0.6545947, 1600.5995, 1600.5995, 955.8731, 717.54895, , 
65917.992214875, 006988, 5.8039365, 0.23651345, 5.101008, -0.24970262, -0.08676221, -0.7093405, 0.6534194, 1600.1476, 1600.1476, 955.89056, 717.5466, , 
65918.008883791, 006989, 5.8023276, 0.23624979, 5.107513, -0.2513886, -0.08788418, -0.70944643, 0.6525074, 1600.1476, 1600.1476, 955.897, 717.5447, , 
65918.042221541, 006990, 5.7992945, 0.23683305, 5.1203256, -0.25477812, -0.09057391, -0.7105415, 0.64962703, 1600.5995, 1600.5995, 955.91296, 717.5366, , 
65918.075559333, 006991, 5.7958593, 0.23815991, 5.132973, -0.25698677, -0.09417226, -0.711904, 0.6467473, 1600.5995, 1600.5995, 955.93005, 717.52814, , 
65918.092228166, 006992, 5.79388, 0.23908989, 5.139421, -0.25692838, -0.095808044, -0.7126568, 0.64570034, 1600.5995, 1600.5995, 955.93463, 717.52563, , 
65918.125566041, 006993, 5.789214, 0.24053405, 5.152609, -0.2551697, -0.09896429, -0.71397316, 0.6444662, 1600.5995, 1600.5995, 955.9398, 717.5226, , 
65918.14223475, 006994, 5.786545, 0.24149649, 5.159277, -0.25401485, -0.10038766, -0.7145544, 0.64405805, 1600.5995, 1600.5995, 955.94104, 717.522, , 
65918.175572625, 006995, 5.7808714, 0.2434556, 5.1727853, -0.25156745, -0.1026489, -0.7159762, 0.6430825, 1600.5995, 1600.5995, 955.94183, 717.52, , 
65918.192241583, 006996, 5.7779255, 0.24437557, 5.179651, -0.2501948, -0.103203684, -0.7169091, 0.64248955, 1600.5995, 1600.5995, 955.9407, 717.5185, , 
65918.225579208, 006997, 5.7714176, 0.24581166, 5.194443, -0.24670371, -0.10471491, -0.7189996, 0.6412579, 1600.5995, 1600.5995, 955.9368, 717.5145, , 
65918.242248166, 006998, 5.768219, 0.24611498, 5.2008815, -0.24458314, -0.10641169, -0.7201764, 0.64046985, 1600.5995, 1600.5995, 955.93646, 717.513, , 
65918.275586, 006999, 5.7615895, 0.24603687, 5.2129183, -0.23914179, -0.111294605, -0.7226658, 0.6388888, 1600.5995, 1600.5995, 955.9372, 717.5106, , 
65918.308923666, 007000, 5.7543435, 0.24528445, 5.2248917, -0.232247, -0.11731198, -0.7251023, 0.6375937, 1600.5995, 1600.5995, 955.9371, 717.50964, , 
65918.325592583, 007001, 5.750527, 0.24482204, 5.2305036, -0.22839886, -0.12095633, -0.7262478, 0.636999, 1600.5995, 1600.5995, 955.9375, 717.5098, , 
65918.358930166, 007002, 5.7424693, 0.24377523, 5.240892, -0.22024208, -0.12959093, -0.72826487, 0.63586944, 1600.5995, 1600.5995, 955.9408, 717.5121, , 
65918.375599208, 007003, 5.7382245, 0.24323167, 5.2459297, -0.21594462, -0.13415548, -0.72921926, 0.6353026, 1600.5995, 1600.5995, 955.9426, 717.5134, , 
65918.408937041, 007004, 5.7292986, 0.24231909, 5.256507, -0.20690846, -0.14262156, -0.7311897, 0.6342, 1600.5995, 1600.5995, 955.94415, 717.5166, , 
65918.425605958, 007005, 5.724755, 0.24197818, 5.2619567, -0.20248179, -0.14647245, -0.7322223, 0.63355935, 1600.5995, 1600.5995, 955.94403, 717.5175, , 
65918.442274666, 007006, 5.720376, 0.24174766, 5.2671103, -0.19818136, -0.15020707, -0.7332677, 0.6328352, 1600.5995, 1600.5995, 955.9438, 717.5183, , 
65918.475612541, 007007, 5.7118244, 0.24144338, 5.2769947, -0.18961789, -0.15820684, -0.7351736, 0.63129663, 1600.5995, 1600.5995, 955.9448, 717.5199, , 
65918.492281458, 007008, 5.7077174, 0.24139227, 5.2818503, -0.18516898, -0.1623396, -0.73616046, 0.63041735, 1600.5995, 1600.5995, 955.9458, 717.5209, , 
65918.508950125, 007009, 5.7032995, 0.24199302, 5.2881217, -0.18047324, -0.16652739, -0.73714876, 0.6295314, 1600.1476, 1600.1476, 955.9461, 717.52155, , 
65918.542288041, 007010, 5.695505, 0.2423955, 5.298339, -0.17073308, -0.17531095, -0.73929, 0.6273489, 1600.1476, 1600.1476, 955.94696, 717.5225, , 
65920.559222833, 007097, 5.3261786, 0.22736348, 5.6205406, -0.41214308, 0.6031775, 0.59226537, -0.33990705, 1600.1476, 1600.1476, 955.8179, 717.6813, , 
65920.575891708, 007098, 5.318837, 0.22622915, 5.6225033, -0.41451305, 0.60413665, 0.5901309, -0.3390328, 1600.1476, 1600.1476, 955.81384, 717.6827, , 
65920.609229416, 007099, 5.303927, 0.22405903, 5.626238, -0.41822276, 0.6054862, 0.58706546, -0.33738744, 1600.5995, 1600.5995, 955.80695, 717.6841, , 
65920.625898291, 007100, 5.2967777, 0.22218288, 5.6284056, -0.41990373, 0.60589904, 0.5859249, -0.3365401, 1600.5995, 1600.5995, 955.8046, 717.6842, , 
65920.642567166, 007101, 5.289348, 0.22103955, 5.630425, -0.42174008, 0.6059486, 0.5849973, -0.33576754, 1600.5995, 1600.5995, 955.80115, 717.683, , 
65920.675904916, 007102, 5.2744174, 0.21946935, 5.6344533, -0.4258622, 0.60542834, 0.5837069, -0.33374286, 1600.1476, 1600.1476, 955.79626, 717.6781, , 
65920.692573833, 007103, 5.2670884, 0.21885456, 5.636415, -0.4282349, 0.6054299, 0.58271974, -0.33242634, 1600.1476, 1600.1476, 955.793, 717.6749, , 
65920.725911625, 007104, 5.253164, 0.21706866, 5.6407366, -0.4334473, 0.6070831, 0.57890946, -0.3292984, 1600.1476, 1600.1476, 955.7874, 717.6741, , 
65920.742580583, 007105, 5.246271, 0.21640973, 5.6423016, -0.4360033, 0.60874534, 0.57611114, -0.32775927, 1600.1476, 1600.1476, 955.7843, 717.67584, , 
65920.759249375, 007106, 5.239499, 0.21566515, 5.6435943, -0.4383033, 0.6109411, 0.57294, -0.32616094, 1600.1476, 1600.1476, 955.78033, 717.68036, , 
65920.792587083, 007107, 5.226208, 0.21388908, 5.645445, -0.44187075, 0.6162098, 0.5666309, -0.32243598, 1600.1476, 1600.1476, 955.778, 717.69, , 
65920.809256041, 007108, 5.2192316, 0.21269743, 5.646516, -0.4435968, 0.6179722, 0.564106, -0.32111788, 1600.1476, 1600.1476, 955.77606, 717.69495, , 
65920.825924791, 007109, 5.2120667, 0.21199514, 5.6472692, -0.44563696, 0.6187439, 0.56202894, -0.32044822, 1600.1476, 1600.1476, 955.77246, 717.6964, , 
65920.859262666, 007110, 5.197871, 0.21137892, 5.648244, -0.44917804, 0.6191876, 0.5592821, -0.31945184, 1600.5995, 1600.5995, 955.76404, 717.696, , 
65920.875931625, 007111, 5.1911516, 0.2112493, 5.6484213, -0.45004436, 0.61984664, 0.5584856, -0.3183455, 1600.5995, 1600.5995, 955.76385, 717.69617, , 
65920.892600375, 007112, 5.1845007, 0.21128388, 5.6483755, -0.45044917, 0.6205284, 0.5580365, -0.31723082, 1600.1476, 1600.1476, 955.76514, 717.6964, , 
65920.925938208, 007113, 5.170774, 0.21167447, 5.648185, -0.45120648, 0.6218472, 0.556453, -0.31635237, 1600.1476, 1600.1476, 955.76556, 717.6989, , 
65920.942607125, 007114, 5.1634774, 0.21222524, 5.6472936, -0.45211938, 0.62225944, 0.55474496, -0.31723705, 1600.5995, 1600.5995, 955.7616, 717.70123, , 
65920.959276, 007115, 5.155966, 0.21290843, 5.6460514, -0.45333278, 0.6224254, 0.5527534, -0.31865278, 1600.1476, 1600.1476, 955.7554, 717.70374, , 
65920.992613666, 007116, 5.141068, 0.21418189, 5.6428638, -0.45545763, 0.62329704, 0.5491324, -0.32017636, 1600.1476, 1600.1476, 955.7428, 717.7091, , 
65921.009282625, 007117, 5.134756, 0.2144375, 5.64071, -0.45621136, 0.62428796, 0.5477087, -0.3196107, 1600.1476, 1600.1476, 955.74084, 717.71124, , 
65921.0259515, 007118, 5.1283736, 0.21455778, 5.638435, -0.4567926, 0.6253259, 0.5466337, -0.31859028, 1600.1476, 1600.1476, 955.7407, 717.71356, , 
65921.059289208, 007119, 5.1139503, 0.21479993, 5.6335645, -0.4575111, 0.62601715, 0.54598993, -0.3173029, 1600.1476, 1600.1476, 955.74164, 717.71436, , 
65921.075958041, 007120, 5.1062922, 0.21487077, 5.630756, -0.45739162, 0.62553036, 0.54664797, -0.3173022, 1600.1476, 1600.1476, 955.7422, 717.7125, , 
65921.092627083, 007121, 5.0985336, 0.2148061, 5.6276546, -0.4568056, 0.62501365, 0.54764915, -0.3174382, 1600.1476, 1600.1476, 955.74347, 717.71106, , 
65921.12596475, 007122, 5.08248, 0.21319766, 5.6206946, -0.45451432, 0.6239275, 0.5506041, -0.3177521, 1600.1476, 1600.1476, 955.74963, 717.7081, , 
65921.142633625, 007123, 5.0743384, 0.21256821, 5.6169252, -0.45296067, 0.6233329, 0.5522137, -0.31834382, 1600.1476, 1600.1476, 955.75256, 717.7073, , 
65921.175971458, 007124, 5.057481, 0.21105511, 5.6087484, -0.44956544, 0.6221499, 0.5546093, -0.32129285, 1600.5995, 1600.5995, 955.7554, 717.70776, , 
65921.19264025, 007125, 5.0487876, 0.21021353, 5.6045094, -0.44779328, 0.62123877, 0.55571556, -0.32361048, 1600.5995, 1600.5995, 955.75464, 717.7089, , 
65921.209309125, 007126, 5.0400724, 0.20929138, 5.6003146, -0.44568107, 0.6201079, 0.5573192, -0.32592908, 1600.5995, 1600.5995, 955.7543, 717.7095, , 
65921.242647, 007127, 5.0241756, 0.20620702, 5.592002, -0.43961838, 0.6171899, 0.5635501, -0.32897368, 1600.5995, 1600.5995, 955.76337, 717.7059, , 
65921.259315916, 007128, 5.0156436, 0.2053035, 5.5882583, -0.43652424, 0.6151721, 0.567233, -0.3305397, 1600.1476, 1600.1476, 955.76874, 717.7025, , 
65921.275984666, 007129, 5.0069804, 0.20473306, 5.584741, -0.4342827, 0.61293596, 0.57020235, -0.33253187, 1600.1476, 1600.1476, 955.7713, 717.6991, , 
65921.309322458, 007130, 4.99072, 0.20434864, 5.578038, -0.43150598, 0.6093007, 0.5740173, -0.33624303, 1600.1476, 1600.1476, 955.7703, 717.69305, , 
65921.325991416, 007131, 4.982895, 0.2045063, 5.5748277, -0.42972922, 0.60782814, 0.57616866, -0.33750176, 1600.1476, 1600.1476, 955.7715, 717.6909, , 
65921.342660166, 007132, 4.975099, 0.20484675, 5.5716724, -0.4275509, 0.60635316, 0.57867527, -0.33863094, 1600.1476, 1600.1476, 955.7743, 717.68854, , 
65921.375998, 007133, 4.9597726, 0.20572777, 5.5653486, -0.42337734, 0.6043033, 0.5824136, -0.34112114, 1600.1476, 1600.1476, 955.78046, 717.6852, , 
65921.392666875, 007134, 4.952309, 0.2062038, 5.5622177, -0.42175972, 0.6041946, 0.58299786, -0.3423174, 1600.1476, 1600.1476, 955.78174, 717.6863, , 
65921.426004625, 007135, 4.938057, 0.2073826, 5.5556254, -0.418998, 0.60559285, 0.5823702, -0.34430048, 1600.1476, 1600.1476, 955.78357, 717.69366, , 
65921.4426735, 007136, 4.9307837, 0.20811196, 5.5523577, -0.41770217, 0.6065049, 0.5816482, -0.34548825, 1600.1476, 1600.1476, 955.78394, 717.6982, , 
65921.459342416, 007137, 4.9233613, 0.2089424, 5.54904, -0.41651, 0.6070664, 0.5809426, -0.34712476, 1600.1476, 1600.1476, 955.7828, 717.70404, , 
65921.492680083, 007138, 4.908155, 0.21075608, 5.542158, -0.41410825, 0.6067855, 0.58018243, -0.3517301, 1600.1476, 1600.1476, 955.7779, 717.7112, , 
65921.509349, 007139, 4.900457, 0.21166094, 5.538677, -0.41265556, 0.60587305, 0.58056366, -0.3543713, 1600.1476, 1600.1476, 955.7743, 717.714, , 
65921.526017958, 007140, 4.8925357, 0.21197681, 5.535462, -0.41110095, 0.60459983, 0.5815354, -0.35675144, 1600.1476, 1600.1476, 955.77246, 717.71466, , 
65921.542686833, 007141, 4.884743, 0.21222831, 5.5323696, -0.4096029, 0.6031443, 0.5828669, -0.35876003, 1600.1476, 1600.1476, 955.77136, 717.7141, , 
65921.576024541, 007142, 4.869698, 0.21310987, 5.5262284, -0.40718266, 0.5999826, 0.58559555, -0.36235487, 1600.1476, 1600.1476, 955.76917, 717.71094, , 
65921.592693458, 007143, 4.862168, 0.21353666, 5.5233283, -0.40627986, 0.59801114, 0.5870111, -0.36433128, 1600.1476, 1600.1476, 955.7671, 717.7087, , 
65921.609362333, 007144, 4.8546515, 0.21384837, 5.520594, -0.4054628, 0.59601724, 0.5884024, -0.36625943, 1600.1476, 1600.1476, 955.764, 717.7054, , 
65921.626031333, 007145, 4.8461885, 0.21349879, 5.5175014, -0.40470827, 0.59437925, 0.58944887, -0.36806878, 1600.5995, 1600.5995, 955.76184, 717.70355, , 
65921.659369, 007146, 4.8310013, 0.2129526, 5.5121026, -0.4028179, 0.5925065, 0.5906854, -0.37116653, 1600.5995, 1600.5995, 955.759, 717.7029, , 
65921.676037916, 007147, 4.8235955, 0.21254246, 5.5095077, -0.40160322, 0.59190655, 0.59124863, -0.37254065, 1600.5995, 1600.5995, 955.75836, 717.70374, , 
65921.70937575, 007148, 4.807866, 0.21135406, 5.5043583, 0.399022, -0.5905754, -0.59252626, 0.3753861, 1600.5995, 1600.5995, 955.75793, 717.70496, , 
65921.7260445, 007149, 4.7995815, 0.21064587, 5.501841, 0.39775246, -0.5897753, -0.5932173, 0.37689653, 1600.5995, 1600.5995, 955.7573, 717.70544, , 
65921.742713416, 007150, 4.7915516, 0.21000712, 5.4994664, 0.3963847, -0.5887139, -0.59416026, 0.37850857, 1600.5995, 1600.5995, 955.7567, 717.70544, , 
65921.776051208, 007151, 4.7753997, 0.20870267, 5.495043, 0.39306894, -0.58574873, -0.59716505, 0.38182354, 1600.5995, 1600.5995, 955.7567, 717.70294, , 
65921.79272, 007152, 4.767195, 0.20797952, 5.49299, 0.39132664, -0.5840416, -0.5988872, 0.38352695, 1600.5995, 1600.5995, 955.75684, 717.70123, , 
65921.809388916, 007153, 4.7574143, 0.20724796, 5.4906287, 0.3895857, -0.58235997, -0.6004722, 0.38537383, 1600.5995, 1600.5995, 955.75684, 717.69965, , 
65921.84272675, 007154, 4.739817, 0.20544131, 5.4865713, 0.38570037, -0.5793224, -0.603312, 0.38940373, 1600.5995, 1600.5995, 955.7564, 717.6978, , 
65921.859395666, 007155, 4.7311945, 0.20437394, 5.484672, 0.38340673, -0.5780599, -0.6045871, 0.39156154, 1600.5995, 1600.5995, 955.75653, 717.6982, , 
65921.892733291, 007156, 4.713894, 0.20206009, 5.481104, 0.378439, -0.57606786, -0.6066934, 0.3960465, 1600.5995, 1600.5995, 955.7577, 717.70123, , 
65921.909402208, 007157, 4.7051234, 0.20090075, 5.4794264, 0.37580198, -0.5749328, -0.6077516, 0.39857653, 1600.5995, 1600.5995, 955.7578, 717.70294, , 
65921.926071166, 007158, 4.694931, 0.20012127, 5.4767313, 0.37303466, -0.5735293, -0.60911995, 0.4011013, 1600.5995, 1600.5995, 955.758, 717.70404, , 
65921.959408875, 007159, 4.676569, 0.19835238, 5.473728, 0.36738983, -0.569331, -0.61315805, 0.4061085, 1600.5995, 1600.5995, 955.7586, 717.7025, , 
65921.97607775, 007160, 4.6677437, 0.19750874, 5.4726186, 0.36423945, -0.5671144, -0.61566126, 0.408255, 1600.5995, 1600.5995, 955.76, 717.70074, , 
65921.992746666, 007161, 4.659112, 0.19671114, 5.471595, 0.36075038, -0.5651375, -0.6183551, 0.41001898, 1600.5995, 1600.5995, 955.76404, 717.69824, , 
65922.026084333, 007162, 4.640647, 0.195426, 5.4687123, 0.35340664, -0.5622565, -0.6232171, 0.41300356, 1600.1476, 1600.1476, 955.7734, 717.69604, , 
65922.04275325, 007163, 4.6314, 0.19518672, 5.4673653, 0.34986183, -0.56061566, -0.62525576, 0.415165, 1600.1476, 1600.1476, 955.7778, 717.6958, , 
65922.059422208, 007164, 4.622126, 0.19527666, 5.466125, 0.34642053, -0.55842894, -0.62712973, 0.41816065, 1600.1476, 1600.1476, 955.7785, 717.6958, , 
65922.092759916, 007165, 4.6031437, 0.19617884, 5.4634438, 0.3394129, -0.5531646, -0.63060665, 0.425609, 1600.1476, 1600.1476, 955.77625, 717.6965, , 
65922.109428833, 007166, 4.5936065, 0.19682033, 5.462074, 0.3357338, -0.5503318, -0.632432, 0.42947355, 1600.1476, 1600.1476, 955.7743, 717.6971, , 
65922.126097666, 007167, 4.5831137, 0.19734044, 5.4603205, 0.33190927, -0.5475768, -0.63426626, 0.43324608, 1600.1476, 1600.1476, 955.77325, 717.6973, , 
65922.142766583, 007168, 4.573403, 0.19788046, 5.458877, 0.32809117, -0.54476756, -0.6360943, 0.43699962, 1600.1476, 1600.1476, 955.77234, 717.69763, , 
65922.17610425, 007169, 4.554926, 0.19878842, 5.4563537, 0.32012215, -0.5392553, -0.6401183, 0.4438176, 1600.1476, 1600.1476, 955.772, 717.6977, , 
65922.192773125, 007170, 4.5459905, 0.19908722, 5.455156, 0.3162363, -0.53690356, -0.64189184, 0.44688278, 1600.1476, 1600.1476, 955.77277, 717.6978, , 
65922.209442166, 007171, 4.537192, 0.19928418, 5.4539, 0.31271395, -0.5350469, -0.64302087, 0.44995433, 1600.1476, 1600.1476, 955.77325, 717.6997, , 
65922.226111, 007172, 4.5278373, 0.19922163, 5.451889, 0.30954957, -0.5337022, -0.64347476, 0.4530797, 1600.1476, 1600.1476, 955.7729, 717.7025, , 
65922.259448708, 007173, 4.51063, 0.19927807, 5.448636, 0.30383882, -0.5316568, -0.6437195, 0.4589642, 1600.1476, 1600.1476, 955.77136, 717.71106, , 
65922.276117625, 007174, 4.502246, 0.19942717, 5.4469786, 0.30110362, -0.5306345, -0.6437741, 0.46186405, 1600.1476, 1600.1476, 955.77094, 717.71484, , 
65922.292786541, 007175, 4.4938383, 0.19969861, 5.4452705, 0.29838195, -0.529206, -0.64403945, 0.46488968, 1600.1476, 1600.1476, 955.7699, 717.71814, , 
65922.309455333, 007176, 4.4852552, 0.1999274, 5.443715, 0.29566932, -0.52742684, -0.6444512, 0.46806332, 1600.1476, 1600.1476, 955.7677, 717.72156, , 
65922.342793125, 007177, 4.4679136, 0.2008694, 5.440265, 0.29053766, -0.52337426, -0.6450237, 0.47498596, 1600.5995, 1600.5995, 955.76245, 717.7267, , 
65922.359462083, 007178, 4.459061, 0.20160113, 5.438436, 0.2880681, -0.520805, -0.6453811, 0.47881332, 1600.5995, 1600.5995, 955.7587, 717.7291, , 
65922.376131, 007179, 4.4500723, 0.202412, 5.4366856, 0.28555754, -0.51763314, -0.6461238, 0.4827388, 1600.1476, 1600.1476, 955.7529, 717.7309, , 
65922.392799791, 007180, 4.4410105, 0.20321374, 5.435053, 0.28292108, -0.51394576, -0.6473311, 0.48659825, 1600.1476, 1600.1476, 955.74835, 717.73083, , 
65922.426137583, 007181, 4.4234395, 0.20396553, 5.4316835, 0.2769116, -0.5063944, -0.6503063, 0.4939498, 1600.1476, 1600.1476, 955.7396, 717.729, , 
65922.442806458, 007182, 4.4145885, 0.2042483, 5.430041, 0.27347276, -0.50302637, -0.6517902, 0.49733973, 1600.1476, 1600.1476, 955.73755, 717.72876, , 
65922.459475208, 007183, 4.40575, 0.2044114, 5.428457, 0.26978964, -0.49981868, -0.65332884, 0.50055605, 1600.1476, 1600.1476, 955.7364, 717.7285, , 
65922.476144166, 007184, 4.3969088, 0.2044216, 5.426934, 0.26601878, -0.49669537, -0.65475035, 0.5038152, 1600.1476, 1600.1476, 955.7355, 717.7287, , 
65922.509481958, 007185, 4.3789344, 0.20425577, 5.423619, 0.2583662, -0.4904381, -0.6567959, 0.5112108, 1600.1476, 1600.1476, 955.7329, 717.73126, , 
65922.526150875, 007186, 4.3697925, 0.20411144, 5.421893, 0.25415668, -0.48688358, -0.65776986, 0.515449, 1600.1476, 1600.1476, 955.73, 717.7338, , 
65922.542819666, 007187, 4.360726, 0.20374618, 5.4204345, 0.2493537, -0.4830937, -0.6590477, 0.5197109, 1600.1476, 1600.1476, 955.72864, 717.7355, , 
65924.559754291, 007280, 3.570946, 0.16718283, 5.989277, -0.06962167, -0.14098203, -0.7036805, 0.6929002, 1599.6957, 1599.6957, 955.6097, 717.70605, , 
65924.576423208, 007281, 3.5654101, 0.16852447, 5.99841, -0.07339017, -0.13714327, -0.703915, 0.69304353, 1599.6957, 1599.6957, 955.6097, 717.70276, , 
65924.609761, 007282, 3.5555482, 0.17138919, 6.015006, -0.081960775, -0.12988353, -0.7037504, 0.69364834, 1599.6957, 1599.6957, 955.6107, 717.69965, , 
65924.626429708, 007283, 3.5505846, 0.17271644, 6.0232396, -0.08647764, -0.12710288, -0.7034166, 0.69395363, 1600.1476, 1600.1476, 955.61395, 717.6985, , 
65924.643098666, 007284, 3.5455039, 0.17394075, 6.031726, -0.09073269, -0.124683365, -0.702945, 0.69432694, 1600.1476, 1600.1476, 955.617, 717.6982, , 
65924.6764365, 007285, 3.5355206, 0.17622878, 6.0495105, -0.098334454, -0.11852808, -0.7019946, 0.6953308, 1600.1476, 1600.1476, 955.62024, 717.69775, , 
65924.693105416, 007286, 3.5307271, 0.177293, 6.0588007, -0.10205242, -0.114395596, -0.7017227, 0.6957616, 1600.1476, 1600.1476, 955.61957, 717.6969, , 
65924.709774166, 007287, 3.5266726, 0.17832907, 6.0667577, -0.105965555, -0.110220216, -0.70153755, 0.69603723, 1600.1476, 1600.1476, 955.61865, 717.6955, , 
65924.743111958, 007288, 3.5181289, 0.17995945, 6.084589, -0.11384008, -0.1029081, -0.70130926, 0.6961434, 1600.1476, 1600.1476, 955.6191, 717.6913, , 
65924.759780958, 007289, 3.5139334, 0.18062596, 6.0938573, -0.11731438, -0.099245384, -0.701091, 0.6963183, 1600.1476, 1600.1476, 955.6192, 717.6898, , 
65924.776449708, 007290, 3.5098538, 0.18120758, 6.103396, -0.120325826, -0.09501342, -0.70077074, 0.696717, 1600.1476, 1600.1476, 955.6169, 717.6886, , 
65924.8097875, 007291, 3.502219, 0.1823042, 6.122296, -0.12527503, -0.08658649, -0.69962955, 0.6980884, 1599.6957, 1599.6957, 955.6106, 717.68854, , 
65924.826456416, 007292, 3.4984906, 0.18254814, 6.1316686, 0.12729909, 0.08333425, 0.69868565, -0.69906276, 1599.6957, 1599.6957, 955.6075, 717.6905, , 
65924.843125125, 007293, 3.4947975, 0.1825544, 6.1410384, 0.12928472, 0.08068628, 0.69760174, -0.70009065, 1599.6957, 1599.6957, 955.6062, 717.69275, , 
65924.859794083, 007294, 3.4912286, 0.18242164, 6.150467, 0.13150956, 0.07820469, 0.6966028, -0.70095205, 1599.6957, 1599.6957, 955.6056, 717.6948, , 
65924.893131958, 007295, 3.4845257, 0.18187314, 6.1698017, 0.13626271, 0.07269744, 0.6950575, -0.70216995, 1599.6957, 1599.6957, 955.60443, 717.6974, , 
65924.909800833, 007296, 3.481398, 0.18156074, 6.1798015, 0.13875239, 0.069296755, 0.69452405, -0.702554, 1599.6957, 1599.6957, 955.603, 717.6976, , 
65924.926469583, 007297, 3.4789293, 0.18077186, 6.189131, 0.14139609, 0.0657964, 0.6940854, -0.7027969, 1600.1476, 1600.1476, 955.60144, 717.69727, , 
65924.959807458, 007298, 3.4737203, 0.17949346, 6.2088213, 0.14703143, 0.059868567, 0.69324744, -0.70299745, 1600.1476, 1600.1476, 955.60004, 717.6959, , 
65924.976476333, 007299, 3.4712558, 0.17881697, 6.2187715, 0.14997429, 0.05747973, 0.6928465, -0.7029705, 1600.1476, 1600.1476, 955.6007, 717.6951, , 
65924.99314525, 007300, 3.4688876, 0.17809424, 6.2286854, 0.15273134, 0.05552969, 0.6923501, -0.7030228, 1600.1476, 1600.1476, 955.60175, 717.69446, , 
65925.009814, 007301, 3.4666102, 0.1773361, 6.2385373, 0.1551617, 0.054123703, 0.6917837, -0.7031577, 1599.6957, 1599.6957, 955.6039, 717.6944, , 
65925.043151833, 007302, 3.4621086, 0.17528744, 6.25899, 0.15893042, 0.052534305, 0.6909781, -0.70322865, 1599.6957, 1599.6957, 955.60736, 717.69446, , 
65925.059820791, 007303, 3.460361, 0.17437172, 6.2687664, 0.1608045, 0.052011896, 0.69086474, -0.70295274, 1599.6957, 1599.6957, 955.61017, 717.69336, , 
65925.076489541, 007304, 3.4587958, 0.17343034, 6.2784595, 0.16291445, 0.051495906, 0.6908091, -0.70255953, 1599.6957, 1599.6957, 955.6126, 717.6919, , 
65925.093158458, 007305, 3.457291, 0.17245257, 6.2880745, 0.16522802, 0.051028278, 0.69062644, -0.7022329, 1600.1476, 1600.1476, 955.61536, 717.69055, , 
65925.126496208, 007306, 3.4525955, 0.16963968, 6.3075686, 0.17104873, 0.050141774, 0.68984497, -0.7016708, 1600.1476, 1600.1476, 955.6242, 717.6879, , 
65925.143165083, 007307, 3.45112, 0.16876008, 6.3170333, 0.17463176, 0.049614813, 0.68929267, -0.70136845, 1600.1476, 1600.1476, 955.62946, 717.6869, , 
65925.159833958, 007308, 3.449824, 0.16814815, 6.326717, 0.17810981, 0.048189282, 0.6886411, -0.7012334, 1600.1476, 1600.1476, 955.6349, 717.68567, , 
65925.176502875, 007309, 3.448658, 0.16784205, 6.3366346, 0.18132131, 0.045735184, 0.6879345, -0.70126814, 1600.1476, 1600.1476, 955.63654, 717.6852, , 
65925.209840666, 007310, 3.4466844, 0.1680178, 6.356403, 0.18848972, 0.040200733, 0.6864982, -0.70112455, 1600.1476, 1600.1476, 955.63947, 717.68335, , 
65925.226509458, 007311, 3.4451241, 0.16835393, 6.365851, 0.19284385, 0.037392996, 0.68573904, -0.70083874, 1599.6957, 1599.6957, 955.64197, 717.68176, , 
65925.243178375, 007312, 3.4440143, 0.16884963, 6.375508, 0.1972048, 0.03424648, 0.68499124, -0.7005173, 1599.6957, 1599.6957, 955.6442, 717.68, , 
65925.259847208, 007313, 3.4430122, 0.16944054, 6.3852906, 0.20126213, 0.030510047, 0.6841375, -0.7003703, 1599.6957, 1599.6957, 955.6454, 717.67816, , 
65925.293184875, 007314, 3.4407413, 0.17052594, 6.4045362, 0.20754121, 0.023459043, 0.6816438, -0.70124036, 1599.6957, 1599.6957, 955.6441, 717.67944, , 
65925.309853875, 007315, 3.439479, 0.17090754, 6.413773, 0.21029876, 0.021101622, 0.67997855, -0.70210993, 1599.6957, 1599.6957, 955.64465, 717.6818, , 
65925.326522666, 007316, 3.438326, 0.17123246, 6.4224286, 0.21299472, 0.01926034, 0.6781854, -0.7030837, 1600.1476, 1600.1476, 955.64685, 717.6857, , 
65925.343191708, 007317, 3.4371474, 0.17152314, 6.4313207, 0.21551025, 0.017412825, 0.6764949, -0.70399344, 1600.1476, 1600.1476, 955.6486, 717.6887, , 
65925.376529333, 007318, 3.4352112, 0.1722036, 6.449665, 0.21949685, 0.011917471, 0.674175, -0.7051008, 1599.6957, 1599.6957, 955.64734, 717.6929, , 
65925.393198291, 007319, 3.4344928, 0.17258829, 6.4591384, 0.2212869, 0.007882393, 0.67340374, -0.70533496, 1599.6957, 1599.6957, 955.64386, 717.69336, , 
65925.409867208, 007320, 3.433806, 0.17292301, 6.4687243, 0.22325635, 0.0032203484, 0.6725454, -0.70557004, 1600.1476, 1600.1476, 955.6395, 717.6938, , 
65925.426536166, 007321, 3.4327626, 0.17313913, 6.4779778, 0.22553839, -0.0016284707, 0.671314, -0.70602214, 1600.1476, 1600.1476, 955.634, 717.6952, , 
65925.443204833, 007322, 3.4317672, 0.17322658, 6.4874487, 0.22821784, -0.0063699074, 0.6696247, -0.70673823, 1600.1476, 1600.1476, 955.63074, 717.69727, , 
65925.476542708, 007323, 3.4296594, 0.17313546, 6.5064335, 0.23424534, -0.015295368, 0.6651839, -0.70881987, 1600.1476, 1600.1476, 955.6268, 717.7055, , 
65925.493211625, 007324, 3.4287086, 0.17310898, 6.5159707, 0.2372933, -0.019916577, 0.6628887, -0.7098407, 1600.1476, 1600.1476, 955.6251, 717.70935, , 
65925.5098805, 007325, 3.4276776, 0.17297423, 6.525298, 0.23998979, -0.02475134, 0.66076416, -0.7107623, 1600.1476, 1600.1476, 955.6228, 717.7129, , 
65925.526549291, 007326, 3.4269087, 0.1730268, 6.534837, 0.24239771, -0.029842073, 0.658991, -0.7113957, 1600.1476, 1600.1476, 955.61816, 717.71674, , 
65925.559887083, 007327, 3.4260015, 0.17324257, 6.5540047, 0.24736775, -0.04068532, 0.65660775, -0.711351, 1599.6957, 1599.6957, 955.60944, 717.7186, , 
65925.576556041, 007328, 3.4256916, 0.17327693, 6.563512, 0.2502995, -0.04614806, 0.6555951, -0.7109259, 1599.6957, 1599.6957, 955.6053, 717.71826, , 
65925.59322475, 007329, 3.4252906, 0.1731861, 6.5729265, 0.2534423, -0.051346987, 0.65434504, -0.7106075, 1600.1476, 1600.1476, 955.60095, 717.71796, , 
65925.609893708, 007330, 3.4247048, 0.17285654, 6.582218, 0.25682896, -0.056245327, 0.6528988, -0.710351, 1600.1476, 1600.1476, 955.59875, 717.71826, , 
65925.643231541, 007331, 3.4226239, 0.17114337, 6.6004477, 0.26532626, -0.06516659, 0.6497207, -0.7093788, 1600.1476, 1600.1476, 955.598, 717.7173, , 
65925.659900416, 007332, 3.4218998, 0.17057765, 6.609373, 0.27034602, -0.06931129, 0.64809185, -0.7085802, 1600.1476, 1600.1476, 955.59955, 717.71594, , 
65925.67656925, 007333, 3.4212046, 0.17013584, 6.618277, 0.27550933, -0.0734766, 0.6465571, -0.7075732, 1600.1476, 1600.1476, 955.6013, 717.7142, , 
65925.693238166, 007334, 3.4205751, 0.16984226, 6.6272135, 0.28058353, -0.077949435, 0.6452517, -0.7062911, 1599.6957, 1599.6957, 955.6029, 717.71075, , 
65925.709907041, 007335, 3.4199767, 0.16974066, 6.636203, 0.2854738, -0.08271383, 0.64419204, -0.7047551, 1599.6957, 1599.6957, 955.6029, 717.7074, , 
65925.743244666, 007336, 3.4182355, 0.16998835, 6.6542234, 0.29445183, -0.09161497, 0.64193606, -0.70201355, 1600.1476, 1600.1476, 955.6025, 717.7013, , 
65925.759913625, 007337, 3.4173033, 0.16992961, 6.6627936, 0.29894197, -0.095361605, 0.6405163, -0.70091283, 1599.6957, 1599.6957, 955.6035, 717.69836, , 
65925.776582541, 007338, 3.4162714, 0.1698108, 6.6711235, 0.30372253, -0.098567516, 0.638863, -0.6999222, 1599.6957, 1599.6957, 955.6057, 717.69653, , 
65925.793251458, 007339, 3.415225, 0.16968377, 6.6793013, 0.3088675, -0.10143343, 0.6370341, -0.6989275, 1599.6957, 1599.6957, 955.60944, 717.6947, , 
65925.809920333, 007340, 3.4142456, 0.16974115, 6.68776, 0.31396037, -0.10481045, 0.6351916, -0.6978362, 1600.1476, 1600.1476, 955.6141, 717.6921, , 
65925.843258, 007341, 3.4127655, 0.17086156, 6.706216, 0.32260987, -0.11506204, 0.63212377, -0.6950562, 1599.6957, 1599.6957, 955.6129, 717.6882, , 
65925.859926958, 007342, 3.4123383, 0.17136724, 6.7149467, 0.32661992, -0.121013194, 0.6308837, -0.6932972, 1599.6957, 1599.6957, 955.6084, 717.6849, , 
65925.876595833, 007343, 3.4118695, 0.17179956, 6.7233114, 0.33101368, -0.12642284, 0.6295297, -0.69147635, 1599.6957, 1599.6957, 955.60583, 717.68195, , 
65925.893264625, 007344, 3.4112222, 0.17208748, 6.7313027, 0.33602327, -0.1308055, 0.62781036, -0.68980604, 1599.6957, 1599.6957, 955.60583, 717.6791, , 
65925.909933541, 007345, 3.4104145, 0.17237604, 6.739267, 0.34154576, -0.1346312, 0.6256924, -0.6882804, 1599.6957, 1599.6957, 955.6091, 717.67566, , 
65925.943271375, 007346, 3.4093595, 0.17355172, 6.755896, 0.35261074, -0.14375141, 0.6215711, -0.68458056, 1599.6957, 1599.6957, 955.61304, 717.66956, , 
65925.959940333, 007347, 3.409611, 0.1741992, 6.76419, 0.3569167, -0.14981532, 0.6199563, -0.68251, 1599.6957, 1599.6957, 955.6098, 717.6659, , 
65925.976609, 007348, 3.410275, 0.17499843, 6.772615, 0.3601965, -0.15675549, 0.6185182, -0.6805303, 1599.6957, 1599.6957, 955.604, 717.6642, , 
65925.993277916, 007349, 3.4111562, 0.17584744, 6.780983, 0.36281297, -0.1636374, 0.61702573, -0.6788731, 1600.1476, 1600.1476, 955.597, 717.6636, , 
65926.026615791, 007350, 3.414177, 0.17740768, 6.795878, 0.36751956, -0.1752714, 0.61367124, -0.6764738, 1599.6957, 1599.6957, 955.5842, 717.66486, , 
65926.0432845, 007351, 3.4155726, 0.17799662, 6.8033066, 0.36988214, -0.1804186, 0.6119817, -0.67536277, 1599.6957, 1599.6957, 955.58014, 717.6656, , 
65926.059953416, 007352, 3.4170077, 0.17852637, 6.8108087, 0.37203938, -0.18566447, 0.610549, -0.6740514, 1599.6957, 1599.6957, 955.57587, 717.666, , 
65926.093291291, 007353, 3.42066, 0.17964306, 6.825649, 0.3761638, -0.1973159, 0.6087882, -0.6700329, 1600.1476, 1600.1476, 955.562, 717.66394, , 
65926.109960208, 007354, 3.4229894, 0.18013391, 6.832532, 0.37849593, -0.20324415, 0.60820293, -0.6674742, 1599.6957, 1599.6957, 955.5555, 717.66144, , 
65926.126628916, 007355, 3.425627, 0.18045905, 6.8387256, 0.38096797, -0.20877056, 0.6075191, -0.66498035, 1599.6957, 1599.6957, 955.548, 717.6578, , 
65926.159966833, 007356, 3.4296625, 0.18087667, 6.851289, 0.38629305, -0.21779183, 0.60537255, -0.6609602, 1599.6957, 1599.6957, 955.5407, 717.6536, , 
65926.176635666, 007357, 3.4313715, 0.18086196, 6.8573604, 0.38898763, -0.22148746, 0.6038163, -0.659574, 1599.6957, 1599.6957, 955.5385, 717.6526, , 
65926.193304458, 007358, 3.4330034, 0.18070522, 6.863306, 0.3916354, -0.22489108, 0.6019887, -0.65852517, 1599.6957, 1599.6957, 955.5376, 717.6528, , 
65926.209973333, 007359, 3.4349084, 0.18034266, 6.869313, 0.39431295, -0.22808759, 0.59987164, -0.65775925, 1600.1476, 1600.1476, 955.53723, 717.65356, , 
65926.243311166, 007360, 3.4391413, 0.17934193, 6.8813004, 0.3999031, -0.23406006, 0.5949487, -0.6567567, 1599.6957, 1599.6957, 955.5385, 717.6571, , 
65926.259979958, 007361, 3.4410734, 0.17886642, 6.887056, 0.40265164, -0.23690124, 0.592277, -0.6564735, 1599.6957, 1599.6957, 955.53955, 717.6592, , 
65926.276648833, 007362, 3.4431212, 0.178358, 6.8928275, 0.40522653, -0.239801, 0.58952814, -0.6563106, 1599.6957, 1599.6957, 955.54083, 717.66296, , 
65926.309986708, 007363, 3.4479315, 0.1774763, 6.9041624, 0.41032287, -0.24567258, 0.5844746, -0.6554918, 1599.6957, 1599.6957, 955.542, 717.66754, , 
65926.326655625, 007364, 3.4507184, 0.17718633, 6.9094424, 0.4130025, -0.24825762, 0.58229154, -0.65477747, 1599.6957, 1599.6957, 955.54285, 717.6685, , 
65926.343324375, 007365, 3.4537854, 0.17673738, 6.9147, 0.4155701, -0.25045505, 0.5804625, -0.6539396, 1599.6957, 1599.6957, 955.5441, 717.66876, , 
65926.376662208, 007366, 3.4611132, 0.17570908, 6.925073, 0.4200187, -0.25525954, 0.57790965, -0.6514962, 1599.6957, 1599.6957, 955.5441, 717.6671, , 
65926.393331083, 007367, 3.4652894, 0.17509991, 6.93028, 0.42173368, -0.25798658, 0.5769168, -0.6501927, 1599.6957, 1599.6957, 955.5421, 717.6659, , 
65926.410000041, 007368, 3.4698713, 0.17432, 6.9353, 0.42301795, -0.2605537, 0.57597566, -0.64916855, 1599.6957, 1599.6957, 955.5403, 717.6657, , 
65926.443337666, 007369, 3.4796844, 0.17252627, 6.945071, 0.42601287, -0.26494697, 0.5738291, -0.6473302, 1599.6957, 1599.6957, 955.53784, 717.66547, , 
65926.460006625, 007370, 3.4846945, 0.17166054, 6.949971, 0.4279221, -0.26667833, 0.5725991, -0.6464484, 1599.6957, 1599.6957, 955.5381, 717.66473, , 
65926.476675541, 007371, 3.4898942, 0.17078331, 6.9548306, 0.429497, -0.2681346, 0.5713748, -0.6458847, 1599.6957, 1599.6957, 955.53864, 717.6647, , 
65926.510013166, 007372, 3.501299, 0.16919954, 6.9645624, 0.43129355, -0.27161673, 0.5697678, -0.64465106, 1599.6957, 1599.6957, 955.537, 717.66547, , 
65926.526682083, 007373, 3.5084586, 0.16792315, 6.97083, 0.43173712, -0.2737211, 0.5692973, -0.6438793, 1600.1476, 1600.1476, 955.53455, 717.6656, , 
65926.543351, 007374, 3.5150783, 0.16715375, 6.976165, 0.43256363, -0.27585045, 0.5687921, -0.6428614, 1600.1476, 1600.1476, 955.5321, 717.6653, , 
65928.560285291, 007464, 4.2755203, 0.16104387, 7.4491715, 0.56612223, -0.37506488, 0.45610654, -0.5751511, 1600.1476, 1600.1476, 955.6099, 717.614, , 
65928.576953958, 007465, 4.282358, 0.16172303, 7.4523416, 0.5653742, -0.37470955, 0.45629182, -0.57597095, 1599.6957, 1599.6957, 955.61005, 717.6156, , 
65928.593622916, 007466, 4.289037, 0.16240734, 7.4555244, 0.56451714, -0.3740914, 0.45655474, -0.577004, 1599.6957, 1599.6957, 955.6105, 717.6177, , 
65928.626960791, 007467, 4.302797, 0.16296588, 7.4622073, 0.56233937, -0.3726836, 0.4573823, -0.5793815, 1599.6957, 1599.6957, 955.6115, 717.6214, , 
65928.643629666, 007468, 4.309405, 0.16354491, 7.465436, 0.560999, -0.37236577, 0.45818505, -0.5802502, 1599.6957, 1599.6957, 955.6107, 717.62317, , 
65928.676967333, 007469, 4.3225217, 0.16483459, 7.4718337, 0.5581593, -0.37289256, 0.46014673, -0.58109754, 1600.1476, 1600.1476, 955.6049, 717.6267, , 
65928.69363625, 007470, 4.328849, 0.16547066, 7.475056, 0.5571773, -0.37329245, 0.46075323, -0.58130234, 1600.1476, 1600.1476, 955.60236, 717.628, , 
65928.710305125, 007471, 4.334039, 0.16599813, 7.478437, 0.55678004, -0.37355793, 0.46078604, -0.5814867, 1600.1476, 1600.1476, 955.6007, 717.6291, , 
65928.743642791, 007472, 4.345042, 0.16732037, 7.4849753, 0.55698156, -0.3732514, 0.45990437, -0.58218807, 1600.1476, 1600.1476, 955.60223, 717.6305, , 
65928.76031175, 007473, 4.350372, 0.1680792, 7.4881935, 0.5573772, -0.37261388, 0.4592973, -0.5826968, 1600.1476, 1600.1476, 955.60516, 717.631, , 
65928.793649583, 007474, 4.36032, 0.16972612, 7.494478, 0.5590425, -0.36961773, 0.45794743, -0.5840704, 1599.6957, 1599.6957, 955.6133, 717.62994, , 
65928.810318291, 007475, 4.365376, 0.17048359, 7.497441, 0.56028897, -0.36736986, 0.45731455, -0.58478975, 1600.1476, 1600.1476, 955.6212, 717.62775, , 
65928.826987208, 007476, 4.370146, 0.17134249, 7.5005403, 0.56148744, -0.36512402, 0.45696628, -0.58531886, 1600.1476, 1600.1476, 955.62714, 717.6254, , 
65928.860324958, 007477, 4.3798933, 0.17325735, 7.506978, 0.56309, -0.36210555, 0.45743692, -0.5852868, 1600.1476, 1600.1476, 955.635, 717.61914, , 
65928.876993791, 007478, 4.3849406, 0.17423043, 7.510401, 0.5635019, -0.36147818, 0.45794958, -0.58487725, 1600.1476, 1600.1476, 955.63586, 717.6168, , 
65928.893662708, 007479, 4.390071, 0.17517586, 7.5139747, 0.56385314, -0.36134472, 0.45847708, -0.5842075, 1600.1476, 1600.1476, 955.6356, 717.6146, , 
65928.927000541, 007480, 4.4004006, 0.17683564, 7.5216494, 0.56501406, -0.36141992, 0.4589063, -0.58270055, 1600.1476, 1600.1476, 955.63477, 717.6096, , 
65928.943669458, 007481, 4.4053125, 0.17743273, 7.525635, 0.5658122, -0.36122346, 0.45875368, -0.5821678, 1600.1476, 1600.1476, 955.6356, 717.6076, , 
65928.960338208, 007482, 4.410123, 0.17790435, 7.529719, 0.5667296, -0.36085433, 0.45847464, -0.58172387, 1600.1476, 1600.1476, 955.6371, 717.60583, , 
65928.993676, 007483, 4.4197183, 0.17855413, 7.538261, 0.56909996, -0.3601373, 0.4576064, -0.5805367, 1600.1476, 1600.1476, 955.6419, 717.6007, , 
65929.010344916, 007484, 4.4262147, 0.17900783, 7.543261, 0.5702805, -0.36031997, 0.45735154, -0.5794647, 1600.1476, 1600.1476, 955.64307, 717.59827, , 
65929.027013666, 007485, 4.4319, 0.17930709, 7.5481777, 0.5712874, -0.36108598, 0.45737752, -0.57797366, 1600.1476, 1600.1476, 955.64197, 717.59454, , 
65929.060351541, 007486, 4.4424067, 0.17945437, 7.5584464, 0.57301563, -0.36325857, 0.45744205, -0.57484174, 1600.1476, 1600.1476, 955.6382, 717.5893, , 
65929.077020458, 007487, 4.4473467, 0.17924403, 7.5638866, 0.5739025, -0.36418894, 0.4572155, -0.5735471, 1600.1476, 1600.1476, 955.6364, 717.58655, , 
65929.093689166, 007488, 4.452098, 0.17882195, 7.5695114, 0.57495415, -0.36487785, 0.45670894, -0.57245857, 1600.1476, 1600.1476, 955.63605, 717.5848, , 
65929.127026958, 007489, 4.4636106, 0.17832847, 7.5829353, 0.5772386, -0.36569294, 0.4549839, -0.5710112, 1600.1476, 1600.1476, 955.6378, 717.5823, , 
65929.143695916, 007490, 4.46818, 0.17751129, 7.589174, 0.57826924, -0.3660379, 0.4538047, -0.5706857, 1600.1476, 1600.1476, 955.64014, 717.58167, , 
65929.177033583, 007491, 4.4769235, 0.17567484, 7.6016665, 0.5802014, -0.36708212, 0.45121115, -0.57011, 1600.1476, 1600.1476, 955.64307, 717.5819, , 
65929.1937025, 007492, 4.4811997, 0.17473309, 7.6078877, 0.5814281, -0.36757675, 0.44965175, -0.5697736, 1600.1476, 1600.1476, 955.6455, 717.5821, , 
65929.210371458, 007493, 4.4876256, 0.17396683, 7.6152043, 0.583064, -0.3681602, 0.4477439, -0.5692275, 1600.1476, 1600.1476, 955.64813, 717.5818, , 
65929.243709083, 007494, 4.4972568, 0.17262071, 7.628216, 0.5869959, -0.36998954, 0.4434018, -0.5673961, 1600.1476, 1600.1476, 955.6541, 717.58026, , 
65929.260378, 007495, 4.501625, 0.17214262, 7.6345234, 0.5893291, -0.37085968, 0.44102114, -0.56626385, 1599.6957, 1599.6957, 955.657, 717.579, , 
65929.293715833, 007496, 4.509737, 0.17141563, 7.646901, 0.59452283, -0.37135613, 0.43594995, -0.56443316, 1600.1476, 1600.1476, 955.66766, 717.5747, , 
65929.310384708, 007497, 4.515269, 0.17046663, 7.653461, 0.59711486, -0.37096596, 0.43344304, -0.56388396, 1600.1476, 1600.1476, 955.6738, 717.5727, , 
65929.327053458, 007498, 4.519557, 0.17001398, 7.659562, 0.5995334, -0.3703448, 0.43118343, -0.5634584, 1600.1476, 1600.1476, 955.68024, 717.57056, , 
65929.360391333, 007499, 4.527416, 0.1696467, 7.6714025, 0.60341555, -0.36906782, 0.42774987, -0.56276876, 1600.1476, 1600.1476, 955.69293, 717.566, , 
65929.37706025, 007500, 4.5315166, 0.16970262, 7.6773114, 0.60514385, -0.3688078, 0.42652684, -0.5620113, 1600.1476, 1600.1476, 955.6968, 717.5638, , 
65929.410397875, 007501, 4.541397, 0.17018974, 7.6897264, 0.6082875, -0.36977795, 0.42476946, -0.5593044, 1599.6957, 1599.6957, 955.7004, 717.5573, , 
65929.427066833, 007502, 4.5464787, 0.17068824, 7.6958094, 0.6095071, -0.3708363, 0.4240065, -0.557853, 1599.6957, 1599.6957, 955.6999, 717.5551, , 
65929.443735708, 007503, 4.5514736, 0.17129977, 7.7017503, 0.61039656, -0.37210712, 0.4232066, -0.55664045, 1600.1476, 1600.1476, 955.69885, 717.5538, , 
65929.477073375, 007504, 4.5615134, 0.17258497, 7.7133474, 0.61198795, -0.37507364, 0.42100748, -0.55456567, 1600.1476, 1600.1476, 955.69604, 717.55316, , 
65929.493742333, 007505, 4.5665584, 0.1731679, 7.7189336, 0.6128607, -0.37656403, 0.4196498, -0.5536203, 1600.1476, 1600.1476, 955.69525, 717.55334, , 
65929.527080083, 007506, 4.576718, 0.17378761, 7.7285075, 0.61454344, -0.37907264, 0.41736665, -0.55176586, 1600.1476, 1600.1476, 955.69385, 717.55334, , 
65929.543748875, 007507, 4.581908, 0.1742329, 7.7333965, 0.61549693, -0.38021922, 0.41656694, -0.55051696, 1600.1476, 1600.1476, 955.69324, 717.55237, , 
65929.560417791, 007508, 4.587261, 0.17470515, 7.7381754, 0.6163753, -0.38153762, 0.41611636, -0.54896057, 1600.1476, 1600.1476, 955.6909, 717.55, , 
65929.593755583, 007509, 4.598247, 0.17559074, 7.747475, 0.6176017, -0.38428012, 0.41588745, -0.5458338, 1600.1476, 1600.1476, 955.6855, 717.54663, , 
65929.610424541, 007510, 4.603857, 0.17516539, 7.7514534, 0.6178726, -0.38538864, 0.41580242, -0.5448095, 1600.1476, 1600.1476, 955.6823, 717.5454, , 
65929.643762166, 007511, 4.6148725, 0.17502373, 7.760304, 0.6181238, -0.38693702, 0.41521275, -0.543876, 1600.1476, 1600.1476, 955.6797, 717.5456, , 
65929.660431125, 007512, 4.620577, 0.17495061, 7.764854, 0.6182992, -0.38786036, 0.41471666, -0.54339725, 1600.1476, 1600.1476, 955.6783, 717.54614, , 
65929.69376875, 007513, 4.6327777, 0.17478254, 7.773954, 0.618865, -0.39068684, 0.41381276, -0.5414137, 1600.1476, 1600.1476, 955.6738, 717.54626, , 
65929.710437666, 007514, 4.6384873, 0.1747844, 7.777659, 0.61927426, -0.39243537, 0.41345283, -0.53995436, 1600.1476, 1600.1476, 955.6707, 717.5458, , 
65929.727106583, 007515, 4.6447635, 0.17463505, 7.781753, 0.6197769, -0.39405796, 0.4129956, -0.538544, 1599.6957, 1599.6957, 955.66675, 717.545, , 
65929.760444375, 007516, 4.657611, 0.17394002, 7.790061, 0.6208371, -0.39650586, 0.4115999, -0.536591, 1599.6957, 1599.6957, 955.6634, 717.54425, , 
65929.777113125, 007517, 4.664057, 0.17343386, 7.79416, 0.62123734, -0.39738923, 0.41069835, -0.536165, 1599.6957, 1599.6957, 955.6628, 717.54486, , 
65929.810451041, 007518, 4.6772256, 0.17228863, 7.801812, 0.6218066, -0.39876145, 0.4091986, -0.53563267, 1599.6957, 1599.6957, 955.6625, 717.5462, , 
65929.827119875, 007519, 4.684153, 0.17149207, 7.8050566, 0.6220015, -0.39938965, 0.4088139, -0.5352319, 1599.6957, 1599.6957, 955.662, 717.5463, , 
65929.843788625, 007520, 4.6911416, 0.17083098, 7.8083944, 0.6221437, -0.4000594, 0.40867606, -0.5346714, 1600.1476, 1600.1476, 955.66046, 717.5462, , 
65929.877126416, 007521, 4.7051773, 0.16950417, 7.814905, 0.62264067, -0.40098432, 0.4083139, -0.5336759, 1600.1476, 1600.1476, 955.6585, 717.5453, , 
65929.893795416, 007522, 4.7120185, 0.16873758, 7.818058, 0.6230059, -0.4007051, 0.40778872, -0.5338609, 1600.1476, 1600.1476, 955.6599, 717.54504, , 
65929.927133083, 007523, 4.725946, 0.1670308, 7.824194, 0.6239328, -0.39904198, 0.40624505, -0.5351993, 1599.6957, 1599.6957, 955.6663, 717.5452, , 
65929.943801958, 007524, 4.732788, 0.16630198, 7.827075, 0.62455446, -0.3979403, 0.40550613, -0.53585446, 1600.1476, 1600.1476, 955.6715, 717.5449, , 
65929.960470916, 007525, 4.739678, 0.16565187, 7.82981, 0.62527245, -0.3966854, 0.40494198, -0.5363739, 1600.1476, 1600.1476, 955.6756, 717.544, , 
65929.993808541, 007526, 4.7534704, 0.16454354, 7.8349047, 0.6271223, -0.39340267, 0.4044021, -0.5370391, 1600.1476, 1600.1476, 955.68585, 717.5393, , 
65930.010477416, 007527, 4.7612233, 0.16405043, 7.837843, 0.62835485, -0.39116406, 0.40409833, -0.53746194, 1600.1476, 1600.1476, 955.6918, 717.5363, , 
65930.043815291, 007528, 4.77549, 0.16327694, 7.842888, 0.6310997, -0.38668168, 0.40310398, -0.53823566, 1600.5995, 1600.5995, 955.70734, 717.52893, , 
65930.060484166, 007529, 4.7827363, 0.16305225, 7.8453436, 0.6323192, -0.38514322, 0.4025972, -0.5382868, 1600.1476, 1600.1476, 955.71246, 717.5262, , 
65930.077152875, 007530, 4.7900014, 0.16292325, 7.8477697, 0.63346267, -0.38379782, 0.40201297, -0.5383399, 1600.1476, 1600.1476, 955.717, 717.52386, , 
65930.110490791, 007531, 4.8061748, 0.16296233, 7.8541884, 0.6357513, -0.3809575, 0.40060192, -0.5387112, 1600.1476, 1600.1476, 955.72894, 717.5188, , 
65930.127159708, 007532, 4.814168, 0.16323633, 7.85707, 0.6365924, -0.38027558, 0.40018854, -0.5385069, 1600.1476, 1600.1476, 955.7323, 717.5169, , 
65930.160497375, 007533, 4.82935, 0.16431858, 7.8620753, 0.63761574, -0.37981263, 0.3995745, -0.5380787, 1600.1476, 1600.1476, 955.73535, 717.5144, , 
65930.177166291, 007534, 4.8366385, 0.16511926, 7.864555, 0.6383798, -0.37935802, 0.3989309, -0.53797096, 1600.1476, 1600.1476, 955.73755, 717.51337, , 
65930.210504041, 007535, 4.8520894, 0.16720727, 7.8709054, 0.64000577, -0.37752444, 0.3978701, -0.5381146, 1600.1476, 1600.1476, 955.7456, 717.5101, , 
65930.227172875, 007536, 4.85919, 0.16837789, 7.8740616, 0.64017385, -0.3761028, 0.39824978, -0.53862894, 1600.1476, 1600.1476, 955.7487, 717.5087, , 
65930.243841708, 007537, 4.8656845, 0.16959447, 7.8771143, 0.6396856, -0.37419453, 0.3994604, -0.53964067, 1600.5995, 1600.5995, 955.75116, 717.50775, , 
65930.277179541, 007538, 4.8775053, 0.17211562, 7.883497, 0.63691664, -0.36881876, 0.40415016, -0.54311377, 1600.5995, 1600.5995, 955.75616, 717.50635, , 
65930.293848333, 007539, 4.88293, 0.17330371, 7.8869996, 0.63460225, -0.36564946, 0.40738943, -0.54554045, 1600.1476, 1600.1476, 955.7577, 717.50665, , 
65930.327186166, 007540, 4.8960366, 0.1757984, 7.8982196, 0.6285762, -0.358889, 0.41504064, -0.5512095, 1600.1476, 1600.1476, 955.7591, 717.50934, , 
65930.343855125, 007541, 4.9010043, 0.17681368, 7.90277, 0.62528807, -0.35524458, 0.419257, -0.55411166, 1600.1476, 1600.1476, 955.7593, 717.5105, , 
65930.360523958, 007542, 4.9055905, 0.17778304, 7.907384, 0.6219684, -0.35143223, 0.42363387, -0.5569426, 1600.1476, 1600.1476, 955.7594, 717.51166, , 
65930.393861666, 007543, 4.9138293, 0.17969258, 7.917083, 0.61556304, -0.3427157, 0.4325863, -0.5625809, 1600.1476, 1600.1476, 955.76154, 717.51184, , 
65930.410530625, 007544, 4.9181113, 0.18082635, 7.9221945, 0.6123977, -0.33788309, 0.43702608, -0.56551963, 1600.1476, 1600.1476, 955.7636, 717.51166, , 
65930.427199458, 007545, 4.9235177, 0.18233106, 7.927396, 0.60931885, -0.33292657, 0.44139716, -0.56838274, 1600.1476, 1600.1476, 955.76746, 717.51135, , 
65930.460537125, 007546, 4.93103, 0.18508273, 7.938398, 0.60320556, -0.323406, 0.45009348, -0.5735569, 1600.1476, 1600.1476, 955.77234, 717.51025, , 
65930.477206, 007547, 4.9342847, 0.1865764, 7.9441233, 0.60020113, -0.31906307, 0.45442328, -0.575723, 1600.1476, 1600.1476, 955.7742, 717.50916, , 
65930.493875, 007548, 4.9373493, 0.18818314, 7.9499445, 0.5972482, -0.31496075, 0.4588024, -0.5775766, 1600.1476, 1600.1476, 955.7749, 717.5079, , 
65930.527212583, 007549, 4.9436684, 0.19258879, 7.9617677, 0.5915197, -0.30626592, 0.46780092, -0.5809199, 1600.1476, 1600.1476, 955.777, 717.5035, , 
65930.5438815, 007550, 4.9460034, 0.1944585, 7.9674687, 0.58874923, -0.30121753, 0.4722246, -0.58279186, 1600.1476, 1600.1476, 955.77954, 717.5012, , 
65932.577484375, 007639, 4.6868873, 0.18107672, 8.0056095, 0.16201906, -0.35090834, -0.69926757, 0.6013635, 1599.6957, 1599.6957, 955.6409, 717.67957, , 
65932.594153291, 007640, 4.68229, 0.18075177, 8.001013, 0.16572928, -0.35424352, -0.6991105, 0.59857327, 1599.6957, 1599.6957, 955.6421, 717.6776, , 
65932.610822041, 007641, 4.6770654, 0.18056346, 7.9960594, 0.1691245, -0.357516, -0.6991223, 0.59565705, 1599.6957, 1599.6957, 955.644, 717.6753, , 
65932.644159833, 007642, 4.666639, 0.18067446, 7.98679, 0.17604701, -0.36313415, -0.6989837, 0.59039205, 1599.6957, 1599.6957, 955.647, 717.6698, , 
65932.660828791, 007643, 4.661378, 0.18100627, 7.9824753, 0.17974098, -0.36516163, -0.6989347, 0.58808196, 1599.6957, 1599.6957, 955.64655, 717.6672, , 
65932.677497458, 007644, 4.6560245, 0.18149239, 7.97826, 0.18341804, -0.36667106, -0.69913614, 0.58576345, 1599.6957, 1599.6957, 955.6448, 717.6626, , 
65932.710835375, 007645, 4.6451774, 0.18263675, 7.9700017, 0.19059533, -0.3695134, -0.7001408, 0.58046204, 1599.6957, 1599.6957, 955.6432, 717.6533, , 
65932.72750425, 007646, 4.63972, 0.18313839, 7.965851, 0.1942095, -0.3712088, -0.7005354, 0.5776997, 1600.1476, 1600.1476, 955.6428, 717.6473, , 
65932.744173208, 007647, 4.6343617, 0.18356894, 7.961602, 0.19785124, -0.3729411, -0.70076805, 0.57505995, 1600.1476, 1600.1476, 955.6426, 717.64325, , 
65932.777510833, 007648, 4.6236935, 0.18410404, 7.952926, 0.20458815, -0.37649673, -0.7009102, 0.57019186, 1600.1476, 1600.1476, 955.6422, 717.6362, , 
65932.794179791, 007649, 4.618363, 0.1841035, 7.9485006, 0.20761286, -0.3784303, -0.7006709, 0.5681089, 1600.1476, 1600.1476, 955.6422, 717.6332, , 
65932.810848666, 007650, 4.6131163, 0.1841723, 7.944434, 0.21033119, -0.38054729, -0.7003357, 0.5661047, 1600.1476, 1600.1476, 955.6428, 717.6317, , 
65932.844186333, 007651, 4.602938, 0.18378036, 7.936261, 0.21538007, -0.38566187, -0.6992955, 0.5620161, 1599.6957, 1599.6957, 955.64606, 717.6303, , 
65932.86085525, 007652, 4.5978374, 0.1834486, 7.9323673, 0.21806128, -0.38801104, -0.6986636, 0.5601481, 1599.6957, 1599.6957, 955.6472, 717.6299, , 
65932.877524166, 007653, 4.5925474, 0.18320602, 7.9288354, 0.22101036, -0.3895366, -0.69801974, 0.5587344, 1599.6957, 1599.6957, 955.64667, 717.6292, , 
65932.910861833, 007654, 4.581395, 0.18325187, 7.922923, 0.22688822, -0.3905306, -0.6970401, 0.5569045, 1600.1476, 1600.1476, 955.6399, 717.6262, , 
65932.927530708, 007655, 4.575998, 0.18334016, 7.9201097, 0.22928922, -0.39108115, -0.6968373, 0.55578744, 1600.1476, 1600.1476, 955.6376, 717.6244, , 
65932.944199625, 007656, 4.570869, 0.18342367, 7.917242, 0.23130599, -0.39231664, -0.69672143, 0.5542243, 1600.1476, 1600.1476, 955.6373, 717.6221, , 
65932.977537291, 007657, 4.5610566, 0.18372653, 7.9117556, 0.23520656, -0.3959793, -0.696284, 0.5505152, 1600.1476, 1600.1476, 955.6404, 717.6195, , 
65932.994206166, 007658, 4.556237, 0.18405752, 7.909336, 0.23730992, -0.39772022, -0.69599265, 0.5487229, 1600.1476, 1600.1476, 955.6419, 717.6178, , 
65933.027544041, 007659, 4.546411, 0.18504196, 7.9046764, 0.241428, -0.40169156, -0.6952208, 0.5449996, 1600.1476, 1600.1476, 955.64435, 717.61597, , 
65933.044213, 007660, 4.541827, 0.18558462, 7.9025793, 0.24349162, -0.40407404, -0.6947699, 0.5428911, 1600.1476, 1600.1476, 955.6463, 717.6154, , 
65933.060881666, 007661, 4.537375, 0.18615969, 7.90061, 0.24539864, -0.40663433, -0.6944421, 0.5405352, 1599.6957, 1599.6957, 955.65, 717.6143, , 
65933.0942195, 007662, 4.528484, 0.18743645, 7.8970003, 0.24842472, -0.41204908, -0.6939331, 0.53568417, 1600.1476, 1600.1476, 955.6577, 717.61285, , 
65933.110888416, 007663, 4.524181, 0.1880954, 7.895432, 0.2494962, -0.41496488, -0.6937539, 0.5331617, 1600.1476, 1600.1476, 955.66394, 717.61224, , 
65933.144226041, 007664, 4.515506, 0.18968545, 7.892771, 0.25109085, -0.42114648, -0.69358957, 0.5277524, 1600.1476, 1600.1476, 955.67596, 717.6115, , 
65933.160894958, 007665, 4.51097, 0.19057901, 7.8917623, 0.25232607, -0.42413107, -0.6933393, 0.52509516, 1600.1476, 1600.1476, 955.6834, 717.6111, , 
65933.194232791, 007666, 4.5012655, 0.1924435, 7.89083, 0.2561211, -0.4280737, -0.6929438, 0.52056086, 1599.6957, 1599.6957, 955.6891, 717.6085, , 
65933.210901583, 007667, 4.496475, 0.19309686, 7.8906584, 0.25832203, -0.4297238, -0.69280183, 0.518298, 1600.1476, 1600.1476, 955.6905, 717.60657, , 
65933.244239416, 007668, 4.4868693, 0.1939831, 7.8906016, 0.26255348, -0.4345282, -0.69201505, 0.51319206, 1600.1476, 1600.1476, 955.6963, 717.60364, , 
65933.260908208, 007669, 4.4819827, 0.19421183, 7.8906937, 0.26452246, -0.43758798, -0.6914098, 0.51038927, 1600.1476, 1600.1476, 955.70026, 717.6033, , 
65933.294246, 007670, 4.471759, 0.19430406, 7.891145, 0.26820934, -0.44364944, -0.69014055, 0.50492066, 1600.1476, 1600.1476, 955.7103, 717.60345, , 
65933.310914875, 007671, 4.466627, 0.19406523, 7.8916416, 0.2701049, -0.44625425, -0.6896422, 0.5022889, 1600.1476, 1600.1476, 955.71405, 717.6032, , 
65933.327583708, 007672, 4.46134, 0.19380312, 7.8922744, 0.27206653, -0.44855282, -0.6892856, 0.49966544, 1600.1476, 1600.1476, 955.7184, 717.6022, , 
65933.360921416, 007673, 4.4503713, 0.19334157, 7.894039, 0.27596623, -0.45215362, -0.68963766, 0.49376065, 1600.1476, 1600.1476, 955.72546, 717.5972, , 
65933.377590375, 007674, 4.444912, 0.19297443, 7.895249, 0.27804443, -0.4535513, -0.6904206, 0.49020588, 1600.5995, 1600.5995, 955.73126, 717.59094, , 
65933.410928125, 007675, 4.4341364, 0.19197227, 7.8981805, 0.2827487, -0.45572624, -0.69241416, 0.4826276, 1600.1476, 1600.1476, 955.7401, 717.5786, , 
65933.427596916, 007676, 4.4288244, 0.19141455, 7.8996897, 0.2851341, -0.45712462, -0.69313276, 0.47885558, 1600.1476, 1600.1476, 955.74603, 717.5712, , 
65933.460934708, 007677, 4.4180045, 0.19041489, 7.90246, 0.28990322, -0.46123123, -0.69345284, 0.4715349, 1600.1476, 1600.1476, 955.7558, 717.5639, , 
65933.477603666, 007678, 4.4124455, 0.19011705, 7.9039392, 0.29246092, -0.46315402, -0.6933105, 0.46826878, 1600.1476, 1600.1476, 955.75977, 717.561, , 
65933.510941333, 007679, 4.40212, 0.18981184, 7.906709, 0.29780963, -0.46824357, -0.6917664, 0.4620786, 1600.1476, 1600.1476, 955.7671, 717.5575, , 
65933.527610166, 007680, 4.397446, 0.1898614, 7.907927, 0.30053926, -0.47212675, -0.690176, 0.458726, 1600.1476, 1600.1476, 955.77106, 717.5587, , 
65933.544279083, 007681, 4.3924403, 0.19027911, 7.9091673, 0.30321577, -0.47635132, -0.6883194, 0.45537442, 1600.5995, 1600.5995, 955.7772, 717.56213, , 
65933.57761675, 007682, 4.381714, 0.19199936, 7.9121633, 0.30864668, -0.48276672, -0.6853239, 0.4494494, 1600.1476, 1600.1476, 955.7838, 717.56555, , 
65933.594285625, 007683, 4.3760858, 0.19306348, 7.9139314, 0.31167108, -0.48489866, -0.68408436, 0.4469485, 1600.1476, 1600.1476, 955.78546, 717.56525, , 
65933.6276235, 007684, 4.365526, 0.19495101, 7.917307, 0.3186741, -0.48938784, -0.680636, 0.44235831, 1600.1476, 1600.1476, 955.78394, 717.5663, , 
65933.644292166, 007685, 4.3600483, 0.19596227, 7.9190063, 0.3223602, -0.49151087, -0.6788508, 0.440071, 1600.5995, 1600.5995, 955.7822, 717.5669, , 
65933.660961208, 007686, 4.354556, 0.19687553, 7.920572, 0.32582074, -0.49366844, -0.67713434, 0.43774563, 1600.5995, 1600.5995, 955.78125, 717.56714, , 
65933.694298916, 007687, 4.34374, 0.19825403, 7.922881, 0.3320243, -0.49903306, -0.6732561, 0.43295732, 1600.5995, 1600.5995, 955.7816, 717.57056, , 
65933.710967958, 007688, 4.339065, 0.19892801, 7.9237843, 0.335078, -0.5017638, -0.67117894, 0.4306677, 1600.1476, 1600.1476, 955.7816, 717.5727, , 
65933.744305583, 007689, 4.3291907, 0.19987582, 7.9250336, 0.341054, -0.50637156, -0.66720855, 0.4267349, 1600.5995, 1600.5995, 955.7794, 717.57666, , 
65933.760974458, 007690, 4.3241205, 0.20010181, 7.925399, 0.34381235, -0.5086068, -0.6653482, 0.42476353, 1600.5995, 1600.5995, 955.77893, 717.5782, , 
65933.777643375, 007691, 4.319151, 0.20021464, 7.925673, 0.34642154, -0.5108032, -0.6636596, 0.42264423, 1600.5995, 1600.5995, 955.77893, 717.5795, , 
65933.810981083, 007692, 4.3093143, 0.20034678, 7.9257073, 0.35140833, -0.51473874, -0.66054946, 0.41860557, 1600.5995, 1600.5995, 955.7793, 717.5817, , 
65933.827649958, 007693, 4.304397, 0.2004814, 7.9254613, 0.35403526, -0.51652855, -0.65896577, 0.41667897, 1600.5995, 1600.5995, 955.7788, 717.58246, , 
65933.86098775, 007694, 4.2945695, 0.20085607, 7.924614, 0.36009866, -0.5200173, -0.6552817, 0.4129368, 1600.5995, 1600.5995, 955.77545, 717.5841, , 
65933.877656541, 007695, 4.289712, 0.20107438, 7.9239798, 0.36339986, -0.5217013, -0.65335184, 0.4109741, 1600.5995, 1600.5995, 955.7736, 717.5846, , 
65933.894325416, 007696, 4.284887, 0.20131867, 7.92318, 0.36684117, -0.523287, -0.65138155, 0.40902367, 1600.5995, 1600.5995, 955.77136, 717.5849, , 
65933.927663208, 007697, 4.2751966, 0.20159046, 7.920643, 0.37411678, -0.5269654, -0.64682925, 0.40491495, 1600.1476, 1600.1476, 955.76544, 717.58624, , 
65933.944331958, 007698, 4.2706895, 0.2016678, 7.9190197, 0.377888, -0.5293099, -0.6442324, 0.40248746, 1600.1476, 1600.1476, 955.76337, 717.5876, , 
65933.977669833, 007699, 4.2619514, 0.20180361, 7.9150724, 0.38580665, -0.5340982, -0.6386754, 0.39747462, 1600.1476, 1600.1476, 955.75836, 717.5909, , 
65933.99433875, 007700, 4.2575846, 0.2018887, 7.9126773, 0.38974354, -0.5364049, -0.63563925, 0.3953891, 1600.1476, 1600.1476, 955.75525, 717.59265, , 
65934.027676333, 007701, 4.249487, 0.20276941, 7.907197, 0.39719734, -0.5417899, -0.6288358, 0.391489, 1600.1476, 1600.1476, 955.74695, 717.60016, , 
65934.044345291, 007702, 4.2456493, 0.20288251, 7.903901, 0.40057182, -0.5447906, -0.62547, 0.38927224, 1600.1476, 1600.1476, 955.7446, 717.60394, , 
65934.077683125, 007703, 4.238556, 0.20270659, 7.896498, 0.40668547, -0.5511569, -0.6189671, 0.38433415, 1600.1476, 1600.1476, 955.74207, 717.6131, , 
65934.094351916, 007704, 4.2352386, 0.2025368, 7.8924837, 0.40976772, -0.5543221, -0.61569095, 0.3817618, 1600.1476, 1600.1476, 955.7413, 717.61707, , 
65934.127689708, 007705, 4.2297893, 0.20178477, 7.884596, 0.41624704, -0.560101, -0.60926783, 0.37658724, 1600.1476, 1600.1476, 955.7383, 717.62463, , 
65934.144358666, 007706, 4.226907, 0.20143645, 7.8800855, 0.41947672, -0.5629708, -0.60599697, 0.3739931, 1600.1476, 1600.1476, 955.7369, 717.6279, , 
65934.17769625, 007707, 4.221127, 0.20072778, 7.8704214, 0.42594144, -0.5680586, -0.5998555, 0.36885875, 1600.1476, 1600.1476, 955.73315, 717.63385, , 
65934.194365125, 007708, 4.218321, 0.20037113, 7.8654017, 0.4291265, -0.5702899, -0.5971202, 0.366152, 1600.1476, 1600.1476, 955.7319, 717.6354, , 
65934.211034041, 007709, 4.215512, 0.19958712, 7.8604054, 0.43233687, -0.5725621, -0.59438056, 0.36327556, 1600.1476, 1600.1476, 955.7311, 717.63666, , 
65934.24437175, 007710, 4.2100787, 0.19847251, 7.8499312, 0.4391609, -0.5770388, -0.5886146, 0.35734648, 1600.1476, 1600.1476, 955.72864, 717.6393, , 
65934.261040625, 007711, 4.207423, 0.1982129, 7.8444514, 0.44289815, -0.5790836, -0.58549935, 0.35453334, 1600.1476, 1600.1476, 955.7264, 717.64026, , 
65934.2943785, 007712, 4.202533, 0.1978573, 7.833095, -0.45078447, 0.5833611, 0.57877135, -0.3485786, 1600.1476, 1600.1476, 955.72003, 717.6426, , 
65934.311047333, 007713, 4.2005205, 0.19756909, 7.827223, -0.45462114, 0.58573776, 0.5755099, -0.3449918, 1600.1476, 1600.1476, 955.7186, 717.6435, , 
65934.327716166, 007714, 4.1987286, 0.197232, 7.821293, -0.45832813, 0.58830225, 0.57230145, -0.34103787, 1600.1476, 1600.1476, 955.71814, 717.6443, , 
65934.361053916, 007715, 4.195554, 0.19641273, 7.809173, -0.46528426, 0.59367096, 0.5660223, -0.33269235, 1600.1476, 1600.1476, 955.7193, 717.6467, , 
65934.377722833, 007716, 4.1941786, 0.19589497, 7.8029222, -0.4685062, 0.59650785, 0.56298393, -0.3282216, 1600.5995, 1600.5995, 955.7208, 717.6478, , 
65934.394391625, 007717, 4.192828, 0.19537942, 7.7965927, -0.47174755, 0.5992633, 0.55996627, -0.32369044, 1600.5995, 1600.5995, 955.72327, 717.64923, , 
65934.427729416, 007718, 4.190676, 0.19416185, 7.784106, -0.47850612, 0.6044824, 0.55368143, -0.31475368, 1600.1476, 1600.1476, 955.7258, 717.65106, , 
65934.444398333, 007719, 4.189421, 0.19361155, 7.7776546, -0.48178872, 0.60701615, 0.5505841, -0.31027114, 1600.1476, 1600.1476, 955.7274, 717.6521, , 
65934.461067208, 007720, 4.188125, 0.19307952, 7.771019, -0.4848067, 0.6094732, 0.5476775, -0.30586642, 1600.1476, 1600.1476, 955.7292, 717.6529, , 
65934.494404875, 007721, 4.1854863, 0.1920697, 7.7571936, -0.49030444, 0.61417496, 0.5421565, -0.2974172, 1600.1476, 1600.1476, 955.73303, 717.65485, , 
65934.511073833, 007722, 4.185073, 0.19122045, 7.749568, -0.49315146, 0.6162127, 0.53943926, -0.29340887, 1600.1476, 1600.1476, 955.73486, 717.6556, , 
65934.544411458, 007723, 4.1832128, 0.1898865, 7.734752, -0.49902472, 0.61929286, 0.53449273, -0.28595147, 1600.1476, 1600.1476, 955.73615, 717.65454, , 
65934.561080333, 007724, 4.181868, 0.18932875, 7.727503, 0.50194365, -0.6207406, -0.53198254, 0.28236198, 1600.1476, 1600.1476, 955.7365, 717.65375, , 
65936.578014166, 007820, 3.5266247, 0.15015064, 6.835716, 0.54282093, -0.62030286, -0.46764085, 0.31918952, 1599.6957, 1599.6957, 955.5367, 717.6995, , 
65936.594683, 007821, 3.518498, 0.14988406, 6.8300424, 0.5429613, -0.6191993, -0.4682386, 0.32021505, 1600.1476, 1600.1476, 955.53436, 717.6973, , 
65936.611351958, 007822, 3.5107236, 0.14934778, 6.82482, 0.5430218, -0.61809886, -0.46920696, 0.32082057, 1600.1476, 1600.1476, 955.53375, 717.695, , 
65936.644689583, 007823, 3.4947114, 0.14833437, 6.8142796, 0.54333556, -0.61621463, -0.47125265, 0.3209159, 1600.1476, 1600.1476, 955.53436, 717.6886, , 
65936.6613585, 007824, 3.486384, 0.14790443, 6.8089886, 0.5438277, -0.6154715, -0.47186038, 0.3206151, 1600.1476, 1600.1476, 955.53455, 717.68585, , 
65936.678027416, 007825, 3.4778657, 0.14750801, 6.803722, 0.5443529, -0.61477244, -0.47211498, 0.32069016, 1600.1476, 1600.1476, 955.5341, 717.6836, , 
65936.711365083, 007826, 3.461081, 0.14621495, 6.7938523, 0.5444954, -0.61412555, -0.47235274, 0.32133704, 1600.1476, 1600.1476, 955.5326, 717.6818, , 
65936.728034041, 007827, 3.4528646, 0.14535518, 6.789233, 0.5439235, -0.614314, -0.47259045, 0.32159585, 1600.1476, 1600.1476, 955.53284, 717.6825, , 
65936.744702958, 007828, 3.4445405, 0.14471099, 6.7843914, 0.54279816, -0.6151228, -0.47295868, 0.32140946, 1600.1476, 1600.1476, 955.53436, 717.6842, , 
65936.761371875, 007829, 3.4363291, 0.14412051, 6.7795887, 0.5413052, -0.6164939, -0.4735215, 0.32047054, 1599.6957, 1599.6957, 955.5391, 717.6877, , 
65936.7947095, 007830, 3.419992, 0.14309435, 6.7705245, 0.5384222, -0.61961114, -0.47532478, 0.31662276, 1599.6957, 1599.6957, 955.5506, 717.6916, , 
65936.811378375, 007831, 3.4126413, 0.14188516, 6.76655, 0.5374022, -0.6209766, -0.476311, 0.3141893, 1600.1476, 1600.1476, 955.55896, 717.6925, , 
65936.82804725, 007832, 3.404844, 0.14091711, 6.7625403, 0.5369191, -0.62196505, -0.47705925, 0.31191635, 1600.1476, 1600.1476, 955.56433, 717.6922, , 
65936.861384916, 007833, 3.3868673, 0.14022645, 6.753861, 0.53706676, -0.62245977, -0.47802395, 0.3091861, 1599.6957, 1599.6957, 955.5701, 717.68976, , 
65936.878053875, 007834, 3.3773718, 0.13997674, 6.7493963, 0.5368888, -0.62247235, -0.47874686, 0.30835035, 1599.6957, 1599.6957, 955.57294, 717.688, , 
65936.89472275, 007835, 3.3677208, 0.13971344, 6.744948, 0.5362496, -0.622709, -0.47971803, 0.30747443, 1599.6957, 1599.6957, 955.57587, 717.6872, , 
65936.928060375, 007836, 3.3489397, 0.1390248, 6.7364097, 0.5342445, -0.62377155, -0.48110232, 0.3066472, 1599.6957, 1599.6957, 955.5827, 717.68896, , 
65936.944729333, 007837, 3.3386006, 0.13928784, 6.7318897, 0.53360826, -0.623825, -0.48129797, 0.3073383, 1599.6957, 1599.6957, 955.5832, 717.69025, , 
65936.96139825, 007838, 3.3278406, 0.13997905, 6.727421, 0.5334773, -0.62315995, -0.48156857, 0.30848867, 1599.6957, 1599.6957, 955.5819, 717.6904, , 
65936.994736125, 007839, 3.3064578, 0.14206982, 6.719134, 0.5344518, -0.6212196, -0.48243046, 0.30936742, 1599.6957, 1599.6957, 955.5785, 717.68567, , 
65937.011404833, 007840, 3.296838, 0.14305027, 6.7156944, 0.53555894, -0.62057006, -0.4824376, 0.30874485, 1599.6957, 1599.6957, 955.57806, 717.68274, , 
65937.028073708, 007841, 3.2871566, 0.14418328, 6.7122703, 0.537087, -0.62005746, -0.48171926, 0.30824134, 1599.6957, 1599.6957, 955.57587, 717.6793, , 
65937.044742666, 007842, 3.2770627, 0.14550172, 6.7086954, 0.5388079, -0.6196104, -0.48052233, 0.30800548, 1599.6957, 1599.6957, 955.5728, 717.67737, , 
65937.078080333, 007843, 3.2572732, 0.14795046, 6.701824, 0.5417463, -0.6203122, -0.47764125, 0.30591238, 1599.6957, 1599.6957, 955.56885, 717.67554, , 
65937.094749208, 007844, 3.247822, 0.14896947, 6.698505, 0.5428199, -0.6217217, -0.47580913, 0.30399737, 1599.6957, 1599.6957, 955.5691, 717.6767, , 
65937.111418125, 007845, 3.2389421, 0.14959209, 6.695211, 0.5436927, -0.6236764, -0.47362798, 0.30183208, 1599.6957, 1599.6957, 955.5698, 717.6791, , 
65937.144755958, 007846, 3.2214663, 0.15091635, 6.688502, 0.5451235, -0.6276291, -0.46904546, 0.29819232, 1599.6957, 1599.6957, 955.57086, 717.68646, , 
65937.161424666, 007847, 3.2126834, 0.1516755, 6.6849556, 0.5454823, -0.6291455, -0.46704787, 0.29747486, 1599.6957, 1599.6957, 955.5701, 717.68994, , 
65937.178093625, 007848, 3.2039492, 0.15244333, 6.681248, 0.545382, -0.6302949, -0.46556655, 0.2975474, 1599.6957, 1599.6957, 955.5691, 717.6934, , 
65937.211431375, 007849, 3.1870904, 0.15348928, 6.673132, 0.5433973, -0.6319829, -0.46475947, 0.2988573, 1599.6957, 1599.6957, 955.56854, 717.7014, , 
65937.228100208, 007850, 3.1791663, 0.15373239, 6.668992, 0.5415534, -0.63293296, -0.4654579, 0.2991068, 1599.6957, 1599.6957, 955.5706, 717.70465, , 
65937.244769083, 007851, 3.1715407, 0.1540857, 6.6652393, 0.5394694, -0.6341293, -0.46658367, 0.29858416, 1599.6957, 1599.6957, 955.57654, 717.7086, , 
65937.278106875, 007852, 3.156487, 0.15502113, 6.6582384, 0.535682, -0.63612425, -0.46939495, 0.29674733, 1600.1476, 1600.1476, 955.58795, 717.7127, , 
65937.294775791, 007853, 3.1487496, 0.15558645, 6.6548758, 0.53449994, -0.63658196, -0.47058144, 0.29601717, 1600.1476, 1600.1476, 955.5926, 717.71344, , 
65937.311444583, 007854, 3.1404693, 0.15599973, 6.6509933, 0.5338534, -0.63686526, -0.4712625, 0.29549074, 1600.1476, 1600.1476, 955.59656, 717.71356, , 
65937.328113375, 007855, 3.1321466, 0.15639, 6.6471744, 0.5336362, -0.6372087, -0.47135335, 0.29499766, 1600.1476, 1600.1476, 955.598, 717.71387, , 
65937.344782375, 007856, 3.1239836, 0.15681611, 6.643685, 0.53354234, -0.6376053, -0.4712694, 0.2944442, 1600.1476, 1600.1476, 955.5994, 717.71436, , 
65937.378120041, 007857, 3.1078534, 0.15741509, 6.63703, 0.53287566, -0.6389234, -0.47137773, 0.29261464, 1599.6957, 1599.6957, 955.6033, 717.71564, , 
65937.394788958, 007858, 3.0998585, 0.15749554, 6.6337585, 0.53218484, -0.63989794, -0.47170213, 0.29121652, 1599.6957, 1599.6957, 955.60675, 717.7167, , 
65937.411457791, 007859, 3.0912445, 0.1576411, 6.6302505, 0.5313547, -0.640975, -0.47212785, 0.2896697, 1600.1476, 1600.1476, 955.6126, 717.7183, , 
65937.428126791, 007860, 3.0826309, 0.15764542, 6.626692, 0.53039616, -0.642092, -0.47264317, 0.2881079, 1600.1476, 1600.1476, 955.6174, 717.7196, , 
65937.444795666, 007861, 3.074175, 0.15746962, 6.6231346, 0.5293345, -0.6430173, -0.47339982, 0.28675127, 1600.1476, 1600.1476, 955.62213, 717.7209, , 
65937.478133291, 007862, 3.0567634, 0.15703286, 6.615781, 0.5275827, -0.6433753, -0.47586265, 0.28509533, 1600.1476, 1600.1476, 955.6318, 717.7205, , 
65937.494802208, 007863, 3.0477698, 0.1567253, 6.611979, 0.52708656, -0.6429104, -0.4773669, 0.28454664, 1600.1476, 1600.1476, 955.6349, 717.7185, , 
65937.511471125, 007864, 3.0382867, 0.15686652, 6.6073604, 0.5267944, -0.6423797, -0.47868928, 0.2840642, 1600.1476, 1600.1476, 955.63837, 717.71533, , 
65937.528139875, 007865, 3.0288036, 0.15675072, 6.6026034, 0.5265965, -0.6419714, -0.4797276, 0.28360218, 1599.6957, 1599.6957, 955.6405, 717.71326, , 
65937.544808791, 007866, 3.019496, 0.1560993, 6.5980268, 0.52634627, -0.6416546, -0.48067996, 0.28317082, 1599.6957, 1599.6957, 955.64246, 717.7115, , 
65937.578146583, 007867, 3.0008583, 0.15396868, 6.5886326, 0.52529526, -0.6414954, -0.48247373, 0.28243145, 1600.1476, 1600.1476, 955.6476, 717.7093, , 
65937.594815333, 007868, 2.9914355, 0.15263493, 6.58372, 0.5244569, -0.64168924, -0.48326254, 0.28220055, 1600.1476, 1600.1476, 955.65015, 717.7095, , 
65937.611484166, 007869, 2.9811068, 0.15156798, 6.578152, 0.5235195, -0.6419291, -0.4839844, 0.28215843, 1600.1476, 1600.1476, 955.65247, 717.70996, , 
65937.628153166, 007870, 2.9707515, 0.15045269, 6.572572, 0.52257806, -0.6420614, -0.48474005, 0.28230593, 1600.1476, 1600.1476, 955.6554, 717.71075, , 
65937.661490916, 007871, 2.9508653, 0.14805442, 6.561878, 0.520811, -0.6426863, -0.48566872, 0.2825525, 1600.1476, 1600.1476, 955.65875, 717.7125, , 
65937.67815975, 007872, 2.9410098, 0.147086, 6.55664, 0.5199262, -0.6432284, -0.48597506, 0.2824222, 1600.1476, 1600.1476, 955.66144, 717.7146, , 
65937.694828583, 007873, 2.931044, 0.14641061, 6.551453, 0.5191, -0.6435476, -0.48638412, 0.28251022, 1600.1476, 1600.1476, 955.66315, 717.7158, , 
65937.7114975, 007874, 2.9211154, 0.1463895, 6.5464478, 0.5185813, -0.64346194, -0.4868788, 0.28280604, 1600.1476, 1600.1476, 955.6642, 717.71625, , 
65937.728166458, 007875, 2.911161, 0.14675474, 6.541588, 0.51839775, -0.64323235, -0.4872512, 0.28302315, 1600.1476, 1600.1476, 955.6648, 717.7159, , 
65937.761504041, 007876, 2.8911567, 0.14840174, 6.532121, 0.5190686, -0.64256084, -0.48750103, 0.28288874, 1600.1476, 1600.1476, 955.6643, 717.71375, , 
65937.778173, 007877, 2.8811595, 0.1497814, 6.527396, 0.5197029, -0.64203763, -0.48752165, 0.28287673, 1600.1476, 1600.1476, 955.663, 717.7115, , 
65937.794841875, 007878, 2.8712208, 0.151443, 6.52262, 0.52022254, -0.6415303, -0.48760208, 0.28293425, 1600.1476, 1600.1476, 955.662, 717.70984, , 
65937.811510875, 007879, 2.8614082, 0.15273672, 6.517586, 0.52057964, -0.6412663, -0.48765525, 0.282784, 1600.1476, 1600.1476, 955.66144, 717.7086, , 
65937.828179541, 007880, 2.8517506, 0.15409899, 6.512652, 0.5206908, -0.6413098, -0.4877771, 0.28226966, 1600.1476, 1600.1476, 955.66223, 717.7077, , 
65937.861517375, 007881, 2.8327627, 0.15724918, 6.5032845, 0.52047133, -0.6422827, -0.4878927, 0.28025535, 1600.1476, 1600.1476, 955.6665, 717.70776, , 
65937.878186375, 007882, 2.823197, 0.15880258, 6.4985337, 0.52024776, -0.6426822, -0.4879318, 0.27968624, 1600.1476, 1600.1476, 955.6684, 717.7083, , 
65937.894855041, 007883, 2.813565, 0.16026014, 6.4937234, 0.5199862, -0.6428046, -0.48812032, 0.27956247, 1600.1476, 1600.1476, 955.6697, 717.7086, , 
65937.911523916, 007884, 2.804043, 0.16133559, 6.488427, 0.51948804, -0.642812, -0.4887112, 0.27943885, 1600.1476, 1600.1476, 955.67096, 717.7086, , 
65937.928192916, 007885, 2.7946272, 0.16230406, 6.4832516, 0.5186748, -0.6428423, -0.48980257, 0.2789692, 1600.1476, 1600.1476, 955.6735, 717.70825, , 
65937.961530708, 007886, 2.775776, 0.16422512, 6.473414, 0.51633495, -0.642845, -0.4927604, 0.27809337, 1600.1476, 1600.1476, 955.68317, 717.7068, , 
65937.978199458, 007887, 2.766127, 0.16516712, 6.4683213, 0.5151012, -0.6426586, -0.49398482, 0.27863902, 1600.1476, 1600.1476, 955.68585, 717.7068, , 
65937.994868333, 007888, 2.7563229, 0.16608088, 6.463132, 0.5139066, -0.64236176, -0.4950589, 0.2796216, 1600.1476, 1600.1476, 955.68744, 717.7072, , 
65938.01153725, 007889, 2.7463303, 0.16665103, 6.4577465, 0.51274663, -0.6422415, -0.4959547, 0.28043815, 1600.1476, 1600.1476, 955.6886, 717.70776, , 
65938.028206083, 007890, 2.7363126, 0.16718647, 6.452429, 0.5117054, -0.6422573, -0.49668956, 0.28100294, 1600.1476, 1600.1476, 955.69, 717.70856, , 
65938.061543791, 007891, 2.7160628, 0.16834983, 6.4421186, 0.5103884, -0.64222926, -0.4975316, 0.28197104, 1600.1476, 1600.1476, 955.6918, 717.7099, , 
65938.078212708, 007892, 2.7057428, 0.16878814, 6.4370556, 0.51023245, -0.6422425, -0.49743703, 0.2823895, 1600.1476, 1600.1476, 955.6914, 717.7104, , 
65938.094881625, 007893, 2.6952717, 0.16910172, 6.4320064, 0.5103352, -0.64228743, -0.49704552, 0.28279027, 1600.1476, 1600.1476, 955.69037, 717.71106, , 
65938.111550541, 007894, 2.6845214, 0.16931297, 6.426555, 0.5106413, -0.6422414, -0.49645182, 0.28338498, 1600.1476, 1600.1476, 955.6879, 717.71173, , 
65938.12821925, 007895, 2.67366, 0.16936639, 6.4210963, 0.5110523, -0.6420961, -0.49580717, 0.28410095, 1600.1476, 1600.1476, 955.68524, 717.7121, , 
65938.161557125, 007896, 2.6519496, 0.16874433, 6.4105186, 0.5114174, -0.6421292, -0.4948845, 0.28497642, 1600.1476, 1600.1476, 955.68115, 717.71326, , 
65938.178226041, 007897, 2.6409361, 0.16811806, 6.4052463, 0.5113247, -0.64209306, -0.4948103, 0.28535292, 1599.6957, 1599.6957, 955.6805, 717.7136, , 
65938.19489475, 007898, 2.6297166, 0.16732882, 6.399991, 0.5111793, -0.6418861, -0.49492761, 0.2858747, 1599.6957, 1599.6957, 955.6799, 717.71375, , 
65938.211563666, 007899, 2.6182823, 0.16582537, 6.39417, 0.5110507, -0.6415685, -0.4950983, 0.28652167, 1599.6957, 1599.6957, 955.6787, 717.7136, , 
65938.228232541, 007900, 2.606817, 0.164571, 6.388748, 0.51091987, -0.64139676, -0.49510092, 0.2871344, 1600.1476, 1600.1476, 955.6777, 717.71387, , 
65938.261570416, 007901, 2.5839028, 0.16202725, 6.3783, 0.5105289, -0.641446, -0.4953741, 0.28724882, 1600.1476, 1600.1476, 955.67804, 717.7142, , 
65938.278239166, 007902, 2.5724626, 0.16066277, 6.3732214, 0.5101216, -0.6417128, -0.495808, 0.28662726, 1600.1476, 1600.1476, 955.68225, 717.7146, , 
65938.294907958, 007903, 2.561015, 0.1592413, 6.368216, 0.5095838, -0.6422, -0.49627775, 0.28567803, 1600.1476, 1600.1476, 955.68524, 717.7147, , 
65938.311576958, 007904, 2.5494406, 0.15779577, 6.363413, 0.50906485, -0.6427732, -0.49668023, 0.2846124, 1600.1476, 1600.1476, 955.6886, 717.7151, , 
65938.344914583, 007905, 2.526095, 0.1549322, 6.3536873, 0.5083188, -0.64390665, -0.4969702, 0.28287238, 1600.1476, 1600.1476, 955.695, 717.7167, , 
65938.361583541, 007906, 2.5143962, 0.15356052, 6.348824, 0.5080761, -0.64438736, -0.49700642, 0.28214943, 1600.1476, 1600.1476, 955.6969, 717.71716, , 
65938.378252416, 007907, 2.502859, 0.15223466, 6.344094, 0.5077386, -0.64500284, -0.49715468, 0.2810872, 1600.1476, 1600.1476, 955.70013, 717.71783, , 
65938.394921333, 007908, 2.4916263, 0.1509448, 6.339544, 0.5070246, -0.64605784, -0.49752963, 0.2792839, 1600.1476, 1600.1476, 955.70465, 717.7186, , 
65938.411590208, 007909, 2.480761, 0.14990443, 6.334902, 0.50600237, -0.6477287, -0.49782285, 0.27673364, 1600.1476, 1600.1476, 955.7114, 717.7202, , 
65938.444927916, 007910, 2.459005, 0.14862853, 6.3256884, 0.5044836, -0.65101117, -0.49730837, 0.2726995, 1600.1476, 1600.1476, 955.7252, 717.72595, , 
65938.46159675, 007911, 2.447865, 0.14859816, 6.3210845, 0.5042031, -0.6520307, -0.49664915, 0.27198294, 1600.1476, 1600.1476, 955.72736, 717.7284, , 
65938.478265666, 007912, 2.4366279, 0.14903651, 6.316505, 0.50413674, -0.6525619, -0.49615598, 0.27173197, 1600.1476, 1600.1476, 955.7279, 717.7305, , 
65938.494934416, 007913, 2.425464, 0.1498433, 6.3120284, 0.50413007, -0.6528376, -0.49600583, 0.271356, 1600.1476, 1600.1476, 955.7284, 717.731, , 
65938.52827225, 007914, 2.4040499, 0.15248655, 6.3031654, 0.5040576, -0.65378153, -0.49604037, 0.26914597, 1600.1476, 1600.1476, 955.7334, 717.73114, , 
65938.544941125, 007915, 2.393486, 0.15381601, 6.298694, 0.5042526, -0.65473676, -0.49546525, 0.2675127, 1600.1476, 1600.1476, 955.736, 717.73193, , 
65938.561610125, 007916, 2.3828666, 0.15518303, 6.29407, 0.504836, -0.6558494, -0.49410963, 0.26619142, 1600.1476, 1600.1476, 955.7372, 717.7335, , 
65940.5785435, 008016, 1.1715928, 0.15553546, 5.5794888, 0.3792858, -0.57905126, -0.6035487, 0.39569038, 1600.1476, 1600.1476, 955.7743, 717.6952, , 
65940.611881125, 008017, 1.1518551, 0.15824999, 5.5691905, 0.37394193, -0.5736191, -0.6080338, 0.40177542, 1600.1476, 1600.1476, 955.7713, 717.6913, , 
65940.628550125, 008018, 1.1418568, 0.15937893, 5.5643497, 0.37106144, -0.57134134, -0.6102962, 0.40425375, 1600.1476, 1600.1476, 955.7715, 717.68896, , 
65940.645219, 008019, 1.1322659, 0.16036573, 5.5597844, 0.36823705, -0.5691971, -0.6124772, 0.4065562, 1600.1476, 1600.1476, 955.77234, 717.6874, , 
65940.66188775, 008020, 1.1226379, 0.16131172, 5.5554795, 0.36575916, -0.5667206, -0.6145264, 0.40915203, 1600.1476, 1600.1476, 955.7722, 717.6856, , 
65940.678556625, 008021, 1.1127634, 0.16227765, 5.5513897, 0.36373204, -0.5635688, -0.61641204, 0.4124626, 1600.1476, 1600.1476, 955.7684, 717.6826, , 
65940.695225541, 008022, 1.1027466, 0.1632095, 5.5475044, 0.3620946, -0.5599907, -0.618153, 0.4161548, 1600.5995, 1600.5995, 955.763, 717.68, , 
65940.728563208, 008023, 1.0826584, 0.16417874, 5.5394955, 0.35933518, -0.5539694, -0.62102866, 0.422279, 1600.1476, 1600.1476, 955.75165, 717.6746, , 
65940.745232125, 008024, 1.0731348, 0.1644541, 5.5359144, 0.3578254, -0.5519354, -0.62216437, 0.4245466, 1600.1476, 1600.1476, 955.7491, 717.67346, , 
65940.761901, 008025, 1.0637504, 0.16460972, 5.5324607, 0.3560972, -0.55032545, -0.6231804, 0.42659453, 1600.1476, 1600.1476, 955.74756, 717.6731, , 
65940.778569958, 008026, 1.0542886, 0.1646951, 5.5290413, 0.35415396, -0.5488008, -0.6241163, 0.42880234, 1600.1476, 1600.1476, 955.74603, 717.6733, , 
65940.795238833, 008027, 1.0446012, 0.16475335, 5.525635, 0.35207886, -0.5471065, -0.6249312, 0.43148097, 1600.1476, 1600.1476, 955.7442, 717.67413, , 
65940.811907541, 008028, 1.0343574, 0.16518281, 5.521664, 0.3499096, -0.5451152, -0.6257687, 0.43454143, 1600.1476, 1600.1476, 955.7415, 717.67505, , 
65940.845245375, 008029, 1.0136493, 0.16572551, 5.514325, 0.34549308, -0.540514, -0.6276792, 0.44101933, 1600.1476, 1600.1476, 955.73395, 717.67645, , 
65940.861914291, 008030, 1.0035483, 0.16562346, 5.511206, 0.34327164, -0.5384756, -0.6286461, 0.4438613, 1600.1476, 1600.1476, 955.7314, 717.6769, , 
65940.878583041, 008031, 0.9936296, 0.1653514, 5.5082693, 0.34100974, -0.5368577, -0.6296229, 0.446174, 1600.1476, 1600.1476, 955.7301, 717.6775, , 
65940.895251875, 008032, 0.98385847, 0.16492055, 5.505489, 0.33873633, -0.5356232, -0.6305892, 0.448021, 1600.1476, 1600.1476, 955.7302, 717.6783, , 
65940.911920833, 008033, 0.97399235, 0.16414791, 5.50274, 0.33653313, -0.53460777, -0.6314732, 0.44964615, 1600.1476, 1600.1476, 955.73083, 717.6791, , 
65940.92858975, 008034, 0.9640814, 0.16329029, 5.500144, 0.33442307, -0.5335069, -0.6323198, 0.45133495, 1600.1476, 1600.1476, 955.73126, 717.67975, , 
65940.945258625, 008035, 0.9542178, 0.16252641, 5.4978004, 0.33241883, -0.5322263, -0.6331546, 0.45315358, 1600.1476, 1600.1476, 955.7311, 717.6804, , 
65940.961927416, 008036, 0.9444158, 0.16169553, 5.4956193, 0.33027288, -0.53093636, -0.6341389, 0.4548564, 1600.1476, 1600.1476, 955.7311, 717.68085, , 
65940.995265166, 008037, 0.9252099, 0.15971309, 5.4916444, 0.32469773, -0.5289745, -0.6370205, 0.45712394, 1600.1476, 1600.1476, 955.7357, 717.6807, , 
65941.011934041, 008038, 0.914708, 0.1584786, 5.489617, 0.3211839, -0.5285546, -0.63869774, 0.4577512, 1600.1476, 1600.1476, 955.7428, 717.6809, , 
65941.028602875, 008039, 0.9041701, 0.15721993, 5.487669, 0.3174203, -0.5283345, -0.6402938, 0.45840037, 1600.1476, 1600.1476, 955.7491, 717.68176, , 
65941.045271791, 008040, 0.8942048, 0.15609914, 5.48596, 0.31373256, -0.52806604, -0.6417467, 0.45921594, 1600.5995, 1600.5995, 955.7551, 717.68286, , 
65941.06194075, 008041, 0.88434243, 0.15510207, 5.4844394, 0.31033072, -0.5277115, -0.6430707, 0.4600819, 1600.5995, 1600.5995, 955.7623, 717.68427, , 
65941.078609666, 008042, 0.8744785, 0.15422912, 5.4830904, 0.30723897, -0.52732086, -0.6443257, 0.46084857, 1600.1476, 1600.1476, 955.7671, 717.6851, , 
65941.095278458, 008043, 0.8646014, 0.15349235, 5.481904, 0.30447492, -0.5268811, -0.64555734, 0.46146196, 1600.1476, 1600.1476, 955.7715, 717.6855, , 
65941.11194725, 008044, 0.85466135, 0.15261601, 5.480631, 0.30195692, -0.5265258, -0.6468281, 0.46174234, 1600.1476, 1600.1476, 955.77734, 717.68536, , 
65941.128616125, 008045, 0.8448574, 0.15183297, 5.4795036, 0.2995391, -0.5263924, -0.6481405, 0.46162897, 1600.1476, 1600.1476, 955.78235, 717.6848, , 
65941.145285041, 008046, 0.8352755, 0.15124598, 5.4786334, 0.29718056, -0.5266796, -0.6493522, 0.46112266, 1600.1476, 1600.1476, 955.7884, 717.68427, , 
65941.178622708, 008047, 0.8160138, 0.15052749, 5.477226, 0.29304138, -0.5275961, -0.6509064, 0.46053225, 1600.5995, 1600.5995, 955.80206, 717.6854, , 
65941.195291541, 008048, 0.80593854, 0.15061526, 5.4767156, 0.29164633, -0.5270997, -0.65127826, 0.46145967, 1600.5995, 1600.5995, 955.80383, 717.68616, , 
65941.211960541, 008049, 0.79582155, 0.15104015, 5.476481, 0.2904781, -0.52574134, -0.6517032, 0.46314308, 1600.5995, 1600.5995, 955.80176, 717.68665, , 
65941.228629416, 008050, 0.78563863, 0.15171212, 5.4763484, 0.28892392, -0.52387094, -0.65251327, 0.46508998, 1600.5995, 1600.5995, 955.7995, 717.68616, , 
65941.245298333, 008051, 0.7754672, 0.15251777, 5.476192, 0.28678343, -0.5220406, -0.65370345, 0.46679822, 1600.5995, 1600.5995, 955.7987, 717.68536, , 
65941.261967125, 008052, 0.7654851, 0.15336776, 5.4760313, 0.284155, -0.5205378, -0.6551177, 0.46809962, 1600.5995, 1600.5995, 955.79987, 717.6842, , 
65941.278636041, 008053, 0.75571835, 0.15419014, 5.475842, 0.28136623, -0.5194996, -0.65641147, 0.46912384, 1600.5995, 1600.5995, 955.8037, 717.68353, , 
65941.295304916, 008054, 0.7461149, 0.15496995, 5.4756413, 0.27869835, -0.51882845, -0.6574701, 0.46997592, 1600.5995, 1600.5995, 955.8072, 717.68365, , 
65941.311973833, 008055, 0.736961, 0.1556923, 5.4752955, 0.27631727, -0.51839346, -0.65823174, 0.47079486, 1600.5995, 1600.5995, 955.8104, 717.6842, , 
65941.3286425, 008056, 0.7277364, 0.15638089, 5.475024, 0.27428728, -0.5179262, -0.6587772, 0.47173253, 1600.1476, 1600.1476, 955.8136, 717.6853, , 
65941.345311416, 008057, 0.7181984, 0.1570732, 5.47489, 0.2726425, -0.5172369, -0.65916467, 0.4728995, 1600.1476, 1600.1476, 955.8145, 717.6861, , 
65941.361980291, 008058, 0.70846045, 0.15779322, 5.474822, 0.27134153, -0.5162346, -0.6594574, 0.4743329, 1600.1476, 1600.1476, 955.81396, 717.68677, , 
65941.395318125, 008059, 0.68864036, 0.15929121, 5.474782, 0.2694611, -0.51361966, -0.6598152, 0.47773376, 1600.5995, 1600.5995, 955.8087, 717.68787, , 
65941.411986916, 008060, 0.6788818, 0.16034459, 5.47461, 0.26861373, -0.5121896, -0.65976775, 0.47980732, 1600.5995, 1600.5995, 955.80536, 717.6887, , 
65941.428655791, 008061, 0.66894555, 0.16130765, 5.474374, 0.2676805, -0.51069695, -0.6595447, 0.4822205, 1600.5995, 1600.5995, 955.8, 717.69086, , 
65941.445324708, 008062, 0.6586897, 0.16202389, 5.4741535, 0.26649338, -0.5089999, -0.6593216, 0.48496956, 1600.1476, 1600.1476, 955.7956, 717.6928, , 
65941.461993625, 008063, 0.6482546, 0.16264567, 5.4739623, 0.2649766, -0.50694126, -0.6593274, 0.48793992, 1600.1476, 1600.1476, 955.791, 717.6946, , 
65941.478662333, 008064, 0.63768876, 0.16321276, 5.473847, 0.26314586, -0.5043926, -0.6596764, 0.49108997, 1600.1476, 1600.1476, 955.7851, 717.69604, , 
65941.495331333, 008065, 0.627013, 0.16373914, 5.473818, 0.26117018, -0.50141335, -0.66024053, 0.4944263, 1600.1476, 1600.1476, 955.7802, 717.6964, , 
65941.512000208, 008066, 0.6162375, 0.16459128, 5.4734583, 0.25913504, -0.49820906, -0.66084164, 0.49792075, 1600.1476, 1600.1476, 955.775, 717.69666, , 
65941.528669083, 008067, 0.6054403, 0.16535227, 5.4731774, 0.25712746, -0.49499932, -0.661305, 0.50153446, 1600.1476, 1600.1476, 955.7693, 717.6971, , 
65941.545338, 008068, 0.5946519, 0.16584088, 5.473139, 0.25510383, -0.49184638, -0.661648, 0.5052042, 1600.5995, 1600.5995, 955.7617, 717.6984, , 
65941.562006708, 008069, 0.5838664, 0.16620907, 5.473228, 0.2530126, -0.48860073, -0.6620382, 0.50888056, 1600.1476, 1600.1476, 955.75616, 717.69934, , 
65941.578675625, 008070, 0.5730817, 0.1664988, 5.4733973, 0.2507965, -0.48516122, -0.662561, 0.5125746, 1600.1476, 1600.1476, 955.7507, 717.70013, , 
65941.595344541, 008071, 0.56231254, 0.16668259, 5.4735923, 0.24847604, -0.4816581, -0.663116, 0.51627743, 1600.1476, 1600.1476, 955.74347, 717.70105, , 
65941.6120135, 008072, 0.55105096, 0.16653782, 5.473285, 0.24607463, -0.47819176, -0.6635923, 0.52002436, 1600.1476, 1600.1476, 955.7383, 717.70184, , 
65941.645351125, 008073, 0.52932405, 0.16592218, 5.47311, 0.24059281, -0.47126245, -0.665037, 0.5270224, 1600.1476, 1600.1476, 955.7283, 717.7032, , 
65941.66202, 008074, 0.5189426, 0.16547911, 5.4732347, 0.23696692, -0.467931, -0.6662674, 0.5300709, 1600.1476, 1600.1476, 955.7265, 717.70325, , 
65941.678688958, 008075, 0.5087546, 0.16492948, 5.473364, 0.23260406, -0.46465284, -0.6679361, 0.5327799, 1600.1476, 1600.1476, 955.7266, 717.7028, , 
65941.695357833, 008076, 0.49874082, 0.16428722, 5.473505, 0.22779605, -0.46148533, -0.6699172, 0.535118, 1600.1476, 1600.1476, 955.7284, 717.70184, , 
65941.712026583, 008077, 0.4886913, 0.16318683, 5.4736743, 0.22288962, -0.45824742, -0.6720029, 0.53734684, 1600.1476, 1600.1476, 955.73175, 717.69977, , 
65941.7286955, 008078, 0.4785214, 0.16219173, 5.473945, 0.21828252, -0.45455447, -0.674079, 0.53976893, 1600.1476, 1600.1476, 955.7333, 717.6978, , 
65941.745364375, 008079, 0.46822578, 0.16148627, 5.4743795, 0.21415919, -0.4501931, -0.676159, 0.5424676, 1600.1476, 1600.1476, 955.7328, 717.6953, , 
65941.762033291, 008080, 0.45787227, 0.16084488, 5.474891, 0.21041666, -0.4454414, -0.6782366, 0.5452541, 1600.1476, 1600.1476, 955.7298, 717.6912, , 
65941.778702041, 008081, 0.44758093, 0.16013455, 5.475381, 0.20672081, -0.44074687, -0.68033296, 0.54786474, 1600.1476, 1600.1476, 955.72736, 717.6878, , 
65941.812039833, 008082, 0.4280039, 0.1575387, 5.4762135, 0.19818646, -0.43277115, -0.684505, 0.55216324, 1600.1476, 1600.1476, 955.72687, 717.6807, , 
65941.82870875, 008083, 0.41840398, 0.15588155, 5.4766192, 0.19357644, -0.42896736, -0.6863386, 0.55448586, 1600.1476, 1600.1476, 955.7278, 717.67865, , 
65941.845377458, 008084, 0.40830207, 0.15482086, 5.4770074, 0.18915328, -0.42490837, -0.68783295, 0.5572789, 1600.1476, 1600.1476, 955.72736, 717.6773, , 
65941.862046333, 008085, 0.39804474, 0.15403341, 5.4774423, 0.18493712, -0.4207964, -0.68905526, 0.5602958, 1600.1476, 1600.1476, 955.72534, 717.6765, , 
65941.87871525, 008086, 0.3878376, 0.15338713, 5.477962, 0.18089184, -0.41676268, -0.69022894, 0.5631794, 1600.1476, 1600.1476, 955.72363, 717.676, , 
65941.895384208, 008087, 0.37774348, 0.1528313, 5.478553, 0.17696443, -0.41279024, -0.6914871, 0.5658034, 1600.1476, 1600.1476, 955.7221, 717.6752, , 
65941.912053083, 008088, 0.3682654, 0.15218948, 5.479887, 0.17315498, -0.408788, -0.6928632, 0.5681992, 1600.5995, 1600.5995, 955.7201, 717.6732, , 
65941.94539075, 008089, 0.34902966, 0.15148759, 5.4824076, 0.16599326, -0.3998507, -0.6960323, 0.5728042, 1600.1476, 1600.1476, 955.71606, 717.6682, , 
65941.962059625, 008090, 0.33914322, 0.15154405, 5.48365, 0.16279043, -0.39460942, -0.6976399, 0.5753966, 1600.1476, 1600.1476, 955.7121, 717.66504, , 
65941.978728583, 008091, 0.32922, 0.15181977, 5.48498, 0.15974352, -0.389055, -0.6991017, 0.5782517, 1600.1476, 1600.1476, 955.705, 717.661, , 
65941.9953975, 008092, 0.31941366, 0.1522417, 5.4863186, 0.15666412, -0.38369778, -0.7003805, 0.58111924, 1600.1476, 1600.1476, 955.6995, 717.65857, , 
65942.012066208, 008093, 0.31023383, 0.15274173, 5.4879208, 0.15348732, -0.37895793, -0.7015158, 0.5837021, 1600.1476, 1600.1476, 955.695, 717.6567, , 
65942.028735166, 008094, 0.30124563, 0.15331294, 5.4894586, 0.15029518, -0.37477186, -0.7026036, 0.5859229, 1600.1476, 1600.1476, 955.6908, 717.6545, , 
65942.062072958, 008095, 0.28313798, 0.15467314, 5.4924884, 0.14410411, -0.36641067, -0.7048177, 0.59009266, 1599.6957, 1599.6957, 955.6856, 717.651, , 
65942.078741708, 008096, 0.27414745, 0.15541114, 5.494296, 0.14145893, -0.36179537, -0.70580727, 0.5923931, 1600.1476, 1600.1476, 955.68, 717.64856, , 
65942.095410583, 008097, 0.26531774, 0.15609679, 5.4963403, 0.1389632, -0.3569595, -0.7067657, 0.59477013, 1600.1476, 1600.1476, 955.6749, 717.6467, , 
65942.112079541, 008098, 0.25667474, 0.15651283, 5.4983087, 0.13631225, -0.35218835, -0.7077889, 0.59700686, 1600.1476, 1600.1476, 955.67004, 717.64484, , 
65942.128748416, 008099, 0.2483776, 0.15684086, 5.500458, 0.1334012, -0.34765986, -0.70884556, 0.5990616, 1600.1476, 1600.1476, 955.6648, 717.6423, , 
65942.162086, 008100, 0.23291375, 0.15729977, 5.5054197, 0.12732399, -0.33979446, -0.7108557, 0.6025051, 1600.1476, 1600.1476, 955.66003, 717.63885, , 
65942.178754916, 008101, 0.22564845, 0.15738158, 5.508055, 0.12451713, -0.3366952, -0.71164274, 0.603901, 1600.1476, 1600.1476, 955.65826, 717.6371, , 
65942.195423833, 008102, 0.21850592, 0.15737928, 5.5108104, 0.12184135, -0.33386108, -0.7121365, 0.60543615, 1600.1476, 1600.1476, 955.6572, 717.6367, , 
65942.212092791, 008103, 0.21097766, 0.15736632, 5.5135465, 0.1193109, -0.33086562, -0.7123942, 0.6072787, 1600.1476, 1600.1476, 955.6554, 717.63696, , 
65942.245430375, 008104, 0.1962579, 0.15704982, 5.5199437, 0.11405002, -0.32383075, -0.71277994, 0.61161345, 1599.6957, 1599.6957, 955.6484, 717.63837, , 
65942.262099333, 008105, 0.18916206, 0.15670353, 5.52354, 0.11098924, -0.32014352, -0.7130552, 0.61379296, 1599.6957, 1599.6957, 955.6457, 717.6389, , 
65942.278768291, 008106, 0.18221493, 0.15622902, 5.527317, 0.10778453, -0.3166258, -0.7133434, 0.6158504, 1600.1476, 1600.1476, 955.6435, 717.63934, , 
65942.295437, 008107, 0.17539415, 0.15562247, 5.531255, 0.1047247, -0.31343776, -0.71349597, 0.6178292, 1600.1476, 1600.1476, 955.6413, 717.64044, , 
65942.328774833, 008108, 0.16051383, 0.15408202, 5.540425, 0.09934552, -0.3074813, -0.7135372, 0.62165123, 1600.1476, 1600.1476, 955.6377, 717.64264, , 
65942.345443666, 008109, 0.15376903, 0.15335682, 5.545181, 0.09710146, -0.30456233, -0.7135229, 0.6234566, 1600.1476, 1600.1476, 955.63464, 717.6439, , 
65942.362112583, 008110, 0.14729604, 0.15266849, 5.550177, 0.095346086, -0.3015992, -0.71350217, 0.6251893, 1600.1476, 1600.1476, 955.63165, 717.6447, , 
65942.395450291, 008111, 0.13487469, 0.1513904, 5.5610366, 0.09257377, -0.29518497, -0.7137724, 0.6283509, 1600.1476, 1600.1476, 955.62384, 717.64496, , 
65942.412119208, 008112, 0.12902911, 0.1505905, 5.5667624, 0.09111165, -0.2922994, -0.71407866, 0.62956446, 1600.1476, 1600.1476, 955.61957, 717.64435, , 
65942.428788, 008113, 0.12344901, 0.14970013, 5.5724998, 0.089342564, -0.29003057, -0.714492, 0.6303978, 1599.6957, 1599.6957, 955.6178, 717.6438, , 
65942.462125708, 008114, 0.11290459, 0.14773235, 5.583792, 0.08473686, -0.28768152, -0.7153316, 0.63115746, 1600.1476, 1600.1476, 955.6207, 717.64246, , 
65942.478794625, 008115, 0.10777549, 0.14666584, 5.5895486, 0.08230372, -0.2869162, -0.7156188, 0.63150203, 1600.1476, 1600.1476, 955.6234, 717.6424, , 
65942.495463583, 008116, 0.102650926, 0.14561285, 5.5955315, 0.07997826, -0.2858419, -0.7158748, 0.63199776, 1600.1476, 1600.1476, 955.62537, 717.64246, , 
65942.512132458, 008117, 0.09901957, 0.14405146, 5.6020274, 0.07780064, -0.2845494, -0.71611524, 0.6325802, 1600.1476, 1600.1476, 955.627, 717.6423, , 
65942.545470083, 008118, 0.090717554, 0.14152783, 5.6152296, 0.07363695, -0.28198165, -0.71674424, 0.63351536, 1600.1476, 1600.1476, 955.62897, 717.6416, , 
65942.562139041, 008119, 0.086045936, 0.14063174, 5.6217957, 0.0713795, -0.28091195, -0.71734256, 0.6335717, 1600.1476, 1600.1476, 955.6314, 717.6402, , 
65944.579072041, 008212, -0.54556125, 0.12602729, 6.6075845, 0.004982753, -0.21602727, -0.69753623, 0.6831915, 1600.1476, 1600.1476, 955.5971, 717.7147, , 
65944.612409708, 008213, -0.5552599, 0.1256275, 6.6246567, 0.003488208, -0.21358319, -0.6981235, 0.6833694, 1600.1476, 1600.1476, 955.59515, 717.71265, , 
65944.629078625, 008214, -0.5601247, 0.1253217, 6.6332135, 0.002153156, -0.21266595, -0.698636, 0.68313724, 1600.1476, 1600.1476, 955.5955, 717.7111, , 
65944.645747458, 008215, -0.56496674, 0.12483692, 6.6414485, 0.000625777, -0.21211547, -0.6992112, 0.6827228, 1600.1476, 1600.1476, 955.597, 717.7093, , 
65944.679085166, 008216, -0.57503796, 0.123640254, 6.6577415, -0.002578663, -0.21111341, -0.7000098, 0.68221015, 1600.1476, 1600.1476, 955.60156, 717.70575, , 
65944.695754041, 008217, -0.5803051, 0.1230297, 6.6658983, -0.004269939, -0.21046115, -0.7002948, 0.6821108, 1599.6957, 1599.6957, 955.6033, 717.7048, , 
65944.712423, 008218, -0.58630276, 0.1227714, 6.67539, -0.006039394, -0.2099038, -0.7006555, 0.6818987, 1599.6957, 1599.6957, 955.60596, 717.70325, , 
65944.745760791, 008219, -0.5976578, 0.121808514, 6.693022, -0.009775918, -0.20975283, -0.70154256, 0.6809892, 1599.6957, 1599.6957, 955.6121, 717.70026, , 
65944.7624295, 008220, -0.60306185, 0.12103465, 6.7010536, -0.0117404, -0.20998435, -0.7019204, 0.6804972, 1600.1476, 1600.1476, 955.617, 717.69836, , 
65944.779098416, 008221, -0.60851556, 0.12014976, 6.708866, -0.014036128, -0.2105015, -0.70212793, 0.6800797, 1600.1476, 1600.1476, 955.6215, 717.69745, , 
65944.812436208, 008222, -0.6199244, 0.11821656, 6.724674, -0.020106055, -0.21222618, -0.7022711, 0.679243, 1600.1476, 1600.1476, 955.63654, 717.69666, , 
65944.829104958, 008223, -0.6258386, 0.117363304, 6.7329245, -0.023393963, -0.21253169, -0.7024252, 0.67888284, 1599.6957, 1599.6957, 955.6428, 717.696, , 
65944.845773833, 008224, -0.63167775, 0.11676358, 6.7411284, -0.026333576, -0.21226758, -0.70263124, 0.6786444, 1600.1476, 1600.1476, 955.64795, 717.6952, , 
65944.879111625, 008225, -0.6432372, 0.11621472, 6.7577453, -0.031008163, -0.2107079, -0.70344275, 0.6780922, 1600.1476, 1600.1476, 955.6549, 717.6915, , 
65944.895780541, 008226, -0.64889646, 0.116115704, 6.7659383, -0.03276797, -0.21034493, -0.70398736, 0.6775567, 1600.1476, 1600.1476, 955.6576, 717.68945, , 
65944.912449291, 008227, -0.6551794, 0.11625612, 6.775647, -0.034081146, -0.21022803, -0.7045838, 0.6769079, 1600.1476, 1600.1476, 955.6603, 717.6873, , 
65944.92911825, 008228, -0.6613829, 0.116460696, 6.7851605, -0.035214875, -0.20997918, -0.7052147, 0.6762698, 1600.1476, 1600.1476, 955.663, 717.68427, , 
65944.962455958, 008229, -0.672847, 0.11698359, 6.802262, -0.037347317, -0.20817287, -0.70686, 0.67499495, 1600.1476, 1600.1476, 955.6649, 717.67865, , 
65944.979124791, 008230, -0.6784428, 0.11740202, 6.8107123, -0.038065348, -0.20655897, -0.7078542, 0.67440856, 1600.1476, 1600.1476, 955.6639, 717.67395, , 
65944.995793583, 008231, -0.68405885, 0.117901474, 6.8191032, -0.03850361, -0.20480748, -0.7087669, 0.6739591, 1600.1476, 1600.1476, 955.662, 717.6706, , 
65945.012462583, 008232, -0.6899192, 0.11843234, 6.828367, -0.03899583, -0.20322022, -0.7095803, 0.6735554, 1600.1476, 1600.1476, 955.66016, 717.66754, , 
65945.045800375, 008233, -0.7012748, 0.11939408, 6.8452854, -0.04072212, -0.20138925, -0.71068156, 0.6728416, 1600.1476, 1600.1476, 955.65967, 717.66235, , 
65945.062469166, 008234, -0.7067873, 0.119818054, 6.852971, -0.041729398, -0.2010878, -0.71090907, 0.67262965, 1600.1476, 1600.1476, 955.6608, 717.6612, , 
65945.079138041, 008235, -0.7122255, 0.12025309, 6.860496, -0.042728864, -0.20095429, -0.71107346, 0.67243296, 1600.1476, 1600.1476, 955.6625, 717.6604, , 
65945.112475666, 008236, -0.7228633, 0.121062115, 6.876093, -0.04498993, -0.20035829, -0.71176964, 0.6717265, 1600.1476, 1600.1476, 955.6663, 717.65765, , 
65945.129144583, 008237, -0.7280293, 0.121493205, 6.884266, -0.046213645, -0.19943897, -0.71245414, 0.67119116, 1600.1476, 1600.1476, 955.6675, 717.6552, , 
65945.145813458, 008238, -0.7331322, 0.122036204, 6.8922153, -0.047159377, -0.19827193, -0.71319735, 0.6706816, 1600.1476, 1600.1476, 955.6678, 717.6514, , 
65945.179151291, 008239, -0.7431631, 0.12313646, 6.9079857, -0.047939982, -0.19636138, -0.7143932, 0.6699152, 1600.1476, 1600.1476, 955.6665, 717.6467, , 
65945.195820125, 008240, -0.7480882, 0.12365209, 6.915904, -0.04796951, -0.19584115, -0.71481717, 0.6696131, 1600.1476, 1600.1476, 955.6657, 717.64453, , 
65945.212488958, 008241, -0.75329393, 0.12404516, 6.924557, -0.04770144, -0.19535975, -0.7150538, 0.6695201, 1600.1476, 1600.1476, 955.6647, 717.6435, , 
65945.229157791, 008242, -0.758483, 0.12444394, 6.933283, -0.047022365, -0.19481207, -0.7151417, 0.6696339, 1600.1476, 1600.1476, 955.6629, 717.64307, , 
65945.262495625, 008243, -0.76841456, 0.12530473, 6.9504557, -0.04472333, -0.19315867, -0.71561193, 0.669768, 1600.1476, 1600.1476, 955.6556, 717.6416, , 
65945.279164375, 008244, -0.7732734, 0.12562296, 6.959087, -0.043392364, -0.19235627, -0.71601003, 0.669661, 1599.6957, 1599.6957, 955.652, 717.64044, , 
65945.295833333, 008245, -0.7781046, 0.12581868, 6.967725, -0.042029634, -0.19180137, -0.716384, 0.6695071, 1599.6957, 1599.6957, 955.64795, 717.63885, , 
65945.329171083, 008246, -0.7879309, 0.12520486, 6.9859495, -0.03975154, -0.19070607, -0.71693164, 0.66937286, 1600.1476, 1600.1476, 955.64233, 717.637, , 
65945.345839916, 008247, -0.79275906, 0.12487844, 6.995026, -0.039027486, -0.18991809, -0.7170826, 0.6694778, 1600.1476, 1600.1476, 955.6398, 717.63654, , 
65945.362508708, 008248, -0.7974609, 0.1244576, 7.0041265, -0.038578536, -0.18920818, -0.71724325, 0.6695327, 1600.1476, 1600.1476, 955.6369, 717.63574, , 
65945.395846541, 008249, -0.80649316, 0.12332696, 7.022488, -0.03804089, -0.18826894, -0.71771455, 0.66932315, 1600.1476, 1600.1476, 955.63446, 717.63416, , 
65945.412515416, 008250, -0.81135744, 0.122919835, 7.0316396, -0.0378992, -0.18798722, -0.7179951, 0.6691094, 1600.1476, 1600.1476, 955.6336, 717.6328, , 
65945.445853083, 008251, -0.8206193, 0.1215978, 7.0501943, -0.03792838, -0.18819544, -0.71824974, 0.668776, 1600.1476, 1600.1476, 955.6354, 717.6342, , 
65945.462522, 008252, -0.82502544, 0.12068776, 7.05965, -0.03803348, -0.18862419, -0.7180925, 0.668818, 1600.1476, 1600.1476, 955.63885, 717.6397, , 
65945.479190875, 008253, -0.8293599, 0.11972292, 7.069269, -0.038200434, -0.18909039, -0.7178341, 0.66895425, 1600.1476, 1600.1476, 955.6409, 717.6427, , 
65945.512528541, 008254, -0.83778036, 0.11745989, 7.0890946, -0.038457144, -0.18968444, -0.7173216, 0.669321, 1600.1476, 1600.1476, 955.64246, 717.6446, , 
65945.529197416, 008255, -0.8419051, 0.1162574, 7.0992165, -0.038455278, -0.18979485, -0.7171932, 0.66942734, 1599.6957, 1599.6957, 955.6442, 717.64606, , 
65945.545866375, 008256, -0.8460098, 0.11521318, 7.1093397, -0.03851585, -0.1900675, -0.7171483, 0.6693947, 1599.6957, 1599.6957, 955.64655, 717.64746, , 
65945.579204, 008257, -0.8539451, 0.11313568, 7.1292987, -0.038820736, -0.19208628, -0.7169538, 0.669009, 1600.1476, 1600.1476, 955.655, 717.6518, , 
65945.595872958, 008258, -0.857808, 0.11204934, 7.1390853, -0.039001703, -0.19402103, -0.71657413, 0.668847, 1600.1476, 1600.1476, 955.6585, 717.6529, , 
65945.629210625, 008259, -0.8646867, 0.10955487, 7.1574445, -0.038705744, -0.19766584, -0.71576476, 0.6686635, 1600.1476, 1600.1476, 955.66534, 717.65656, , 
65945.645879583, 008260, -0.86834043, 0.10894814, 7.1673913, -0.038297996, -0.19859801, -0.71562976, 0.6685554, 1600.1476, 1600.1476, 955.6666, 717.65735, , 
65945.662548333, 008261, -0.87200516, 0.10874692, 7.1776667, -0.037696406, -0.19902118, -0.7157289, 0.66835755, 1600.1476, 1600.1476, 955.66675, 717.6573, , 
65945.695886166, 008262, -0.87911856, 0.10929637, 7.198583, -0.035658225, -0.19937572, -0.71646917, 0.66757, 1600.1476, 1600.1476, 955.6644, 717.65485, , 
65945.712555083, 008263, -0.8828673, 0.109310955, 7.209126, -0.03441467, -0.19968398, -0.7168708, 0.6671118, 1600.1476, 1600.1476, 955.6629, 717.6535, , 
65945.72922375, 008264, -0.88667107, 0.10953466, 7.219621, -0.03313176, -0.19994827, -0.7170578, 0.66689664, 1600.1476, 1600.1476, 955.6607, 717.6526, , 
65945.762561583, 008265, -0.8941678, 0.11091861, 7.2404094, -0.03005855, -0.20050046, -0.71658635, 0.66738296, 1600.1476, 1600.1476, 955.6562, 717.65405, , 
65945.779230458, 008266, -0.8978338, 0.11168802, 7.250622, -0.028333861, -0.20117906, -0.7160706, 0.6678077, 1600.1476, 1600.1476, 955.654, 717.6558, , 
65945.812568166, 008267, -0.9055508, 0.112976775, 7.2710767, -0.0250714, -0.20369409, -0.71477413, 0.6685643, 1600.1476, 1600.1476, 955.6512, 717.661, , 
65945.829237041, 008268, -0.9096337, 0.1134706, 7.281246, -0.023685398, -0.20519996, -0.7140077, 0.66897315, 1600.1476, 1600.1476, 955.6508, 717.6637, , 
65945.845905958, 008269, -0.913496, 0.113956325, 7.2909746, -0.022452677, -0.2065457, -0.7132244, 0.6694368, 1600.1476, 1600.1476, 955.6507, 717.6673, , 
65945.879243625, 008270, -0.921305, 0.11480157, 7.3098855, -0.02032185, -0.20870855, -0.7112204, 0.6709645, 1600.1476, 1600.1476, 955.6498, 717.6739, , 
65945.895912458, 008271, -0.92537683, 0.11516069, 7.3190813, -0.019791918, -0.20969205, -0.71000874, 0.6719562, 1600.1476, 1600.1476, 955.64954, 717.6793, , 
65945.92925025, 008272, -0.9343146, 0.116535135, 7.3380404, -0.020221815, -0.21141416, -0.7080308, 0.673489, 1600.1476, 1600.1476, 955.652, 717.6865, , 
65945.945919208, 008273, -0.9385598, 0.11710473, 7.3471165, -0.02085959, -0.21187805, -0.70739365, 0.6739932, 1600.1476, 1600.1476, 955.6541, 717.68964, , 
65945.962587958, 008274, -0.942728, 0.117752306, 7.3561287, -0.021530999, -0.21193697, -0.7069993, 0.6743673, 1600.1476, 1600.1476, 955.6553, 717.69104, , 
65945.995925791, 008275, -0.9510059, 0.11938163, 7.3740864, -0.022668818, -0.21138431, -0.70688725, 0.6746208, 1600.1476, 1600.1476, 955.65643, 717.6916, , 
65946.012594666, 008276, -0.95511395, 0.12053244, 7.3834558, -0.023291668, -0.21083505, -0.70719016, 0.674454, 1600.1476, 1600.1476, 955.6566, 717.6905, , 
65946.029263416, 008277, -0.9591839, 0.12161356, 7.392761, -0.023792198, -0.21032216, -0.70759946, 0.67416734, 1600.1476, 1600.1476, 955.65686, 717.68896, , 
65946.062601208, 008278, -0.96737015, 0.12325588, 7.410931, -0.02435122, -0.20939104, -0.7083612, 0.673637, 1600.1476, 1600.1476, 955.65674, 717.6855, , 
65946.079270083, 008279, -0.9715703, 0.123904824, 7.419997, -0.024552986, -0.20879285, -0.7086296, 0.67353314, 1600.1476, 1600.1476, 955.6562, 717.68427, , 
65946.095938916, 008280, -0.97584194, 0.12439929, 7.4289675, -0.024881994, -0.20842373, -0.7087988, 0.67345726, 1600.1476, 1600.1476, 955.6558, 717.6836, , 
65946.129276666, 008281, -0.9843599, 0.124862626, 7.446979, -0.02623995, -0.20891353, -0.7088014, 0.6732512, 1600.1476, 1600.1476, 955.6589, 717.6828, , 
65946.145945583, 008282, -0.9889077, 0.12486941, 7.45577, -0.027106784, -0.20934246, -0.7086127, 0.6732822, 1600.1476, 1600.1476, 955.6611, 717.6831, , 
65946.17928325, 008283, -0.9984424, 0.12447895, 7.4733725, -0.028978117, -0.20963906, -0.70819926, 0.67354697, 1600.1476, 1600.1476, 955.66534, 717.6845, , 
65946.195952125, 008284, -1.0033047, 0.124078006, 7.4821625, -0.03028881, -0.20963801, -0.70820946, 0.67347896, 1600.1476, 1600.1476, 955.66736, 717.68445, , 
65946.212621041, 008285, -1.0082458, 0.1239634, 7.490574, -0.032033518, -0.2098199, -0.7083034, 0.67324287, 1600.1476, 1600.1476, 955.6715, 717.6838, , 
65946.245958666, 008286, -1.0184679, 0.123105064, 7.507731, -0.036164634, -0.21011564, -0.7088201, 0.6723969, 1600.1476, 1600.1476, 955.6798, 717.68176, , 
65946.262627583, 008287, -1.0237342, 0.122509375, 7.5167418, -0.03829664, -0.20954007, -0.7093913, 0.67185587, 1600.1476, 1600.1476, 955.6841, 717.67883, , 
65946.2792965, 008288, -1.0291063, 0.121921286, 7.525964, -0.04029793, -0.20855203, -0.7100457, 0.6713548, 1600.1476, 1600.1476, 955.6864, 717.6762, , 
65946.31263425, 008289, -1.0400096, 0.12007899, 7.5440674, -0.04363513, -0.20659904, -0.7110587, 0.67067754, 1600.1476, 1600.1476, 955.68976, 717.671, , 
65946.329303041, 008290, -1.0454566, 0.118850484, 7.5527515, -0.045206383, -0.20639229, -0.7113581, 0.6703195, 1600.1476, 1600.1476, 955.6922, 717.66956, , 
65946.345972, 008291, -1.0509412, 0.11793721, 7.5615497, -0.04711717, -0.20682472, -0.7116776, 0.6697153, 1600.1476, 1600.1476, 955.6964, 717.6682, , 
65946.379309666, 008292, -1.0619646, 0.116832554, 7.5796022, -0.05119526, -0.20711058, -0.71253085, 0.6684192, 1600.1476, 1600.1476, 955.70685, 717.6639, , 
65946.395978416, 008293, -1.0675346, 0.11667471, 7.588879, -0.052873358, -0.20663749, -0.71298766, 0.66794753, 1600.1476, 1600.1476, 955.70953, 717.6618, , 
65946.412647416, 008294, -1.0730115, 0.11639881, 7.5976334, -0.054214966, -0.20597062, -0.713342, 0.6676676, 1600.1476, 1600.1476, 955.7113, 717.6601, , 
65946.445985208, 008295, -1.0841956, 0.11652187, 7.6157064, -0.057043128, -0.20457986, -0.71400225, 0.6671536, 1600.1476, 1600.1476, 955.71454, 717.6564, , 
65946.462654083, 008296, -1.0899261, 0.11689854, 7.6250496, -0.058890995, -0.2036671, -0.71435523, 0.66689444, 1600.1476, 1600.1476, 955.71643, 717.65466, , 
65946.479322833, 008297, -1.0957136, 0.11746845, 7.6345334, -0.060897116, -0.20236248, -0.71469796, 0.6667442, 1600.1476, 1600.1476, 955.7184, 717.6523, , 
65946.512660625, 008298, -1.1069494, 0.119161695, 7.65341, -0.064527504, -0.19903852, -0.7153189, 0.6667374, 1600.1476, 1600.1476, 955.7193, 717.64886, , 
65946.529329583, 008299, -1.112347, 0.12019873, 7.6628003, -0.06576417, -0.19730611, -0.7155637, 0.66686875, 1600.1476, 1600.1476, 955.71875, 717.6475, , 
65946.545998291, 008300, -1.1178406, 0.121319495, 7.672467, -0.066500425, -0.1956226, -0.7156528, 0.66719604, 1600.1476, 1600.1476, 955.71643, 717.6463, , 
65948.579600041, 008385, -1.5629481, 0.12410098, 8.657785, -0.078982055, -0.1794371, -0.7378072, 0.6459137, 1600.1476, 1600.1476, 955.7285, 717.5548, , 
65948.612937875, 008386, -1.5683234, 0.12386228, 8.672572, -0.077154614, -0.18076627, -0.73855096, 0.6449134, 1600.1476, 1600.1476, 955.7284, 717.5526, , 
65948.629606708, 008387, -1.5708418, 0.12369603, 8.679924, -0.076530986, -0.18167397, -0.7389203, 0.6443092, 1600.1476, 1600.1476, 955.7297, 717.55115, , 
65948.646275458, 008388, -1.5731845, 0.123543546, 8.6873, -0.076133095, -0.18278691, -0.73930687, 0.6435978, 1600.1476, 1600.1476, 955.7315, 717.5499, , 
65948.679613291, 008389, -1.5773896, 0.12320469, 8.701985, -0.07634146, -0.18585962, -0.74026823, 0.6415849, 1600.5995, 1600.5995, 955.74023, 717.5461, , 
65948.696282208, 008390, -1.5792624, 0.122984834, 8.709283, -0.07658974, -0.18795379, -0.7408108, 0.6403177, 1600.1476, 1600.1476, 955.7457, 717.5442, , 
65948.712950958, 008391, -1.581045, 0.12246716, 8.71643, -0.07669796, -0.19018379, -0.74139726, 0.6389661, 1600.1476, 1600.1476, 955.7514, 717.5422, , 
65948.74628875, 008392, -1.5845675, 0.121876016, 8.731094, -0.07663596, -0.19442655, -0.742886, 0.6359604, 1600.1476, 1600.1476, 955.7643, 717.5363, , 
65948.762957625, 008393, -1.5863918, 0.12185353, 8.7385645, -0.07620288, -0.19650647, -0.74360925, 0.6345263, 1600.1476, 1600.1476, 955.76917, 717.5338, , 
65948.779626541, 008394, -1.5883052, 0.12192014, 8.745968, -0.07539146, -0.19879593, -0.7441549, 0.6332692, 1600.1476, 1600.1476, 955.7734, 717.5319, , 
65948.812964208, 008395, -1.5924488, 0.1216687, 8.760272, -0.07362178, -0.20485608, -0.74470884, 0.63089025, 1600.5995, 1600.5995, 955.7852, 717.5302, , 
65948.829633125, 008396, -1.5946988, 0.12145011, 8.767269, -0.07280502, -0.20821105, -0.7448652, 0.6297011, 1600.5995, 1600.5995, 955.7915, 717.5299, , 
65948.846302041, 008397, -1.5970538, 0.1216757, 8.77419, -0.07169564, -0.21161564, -0.744921, 0.62862647, 1600.1476, 1600.1476, 955.7992, 717.52997, , 
65948.879639666, 008398, -1.6023608, 0.122670546, 8.787943, -0.067544386, -0.2184354, -0.7446325, 0.6270935, 1600.1476, 1600.1476, 955.80695, 717.5323, , 
65948.896308541, 008399, -1.6053686, 0.12332315, 8.794787, -0.06446369, -0.22171699, -0.74439985, 0.62654203, 1600.1476, 1600.1476, 955.80884, 717.5347, , 
65948.912977458, 008400, -1.6085249, 0.12368969, 8.801348, -0.060843404, -0.22509892, -0.744107, 0.6260457, 1600.1476, 1600.1476, 955.8092, 717.5367, , 
65948.946315125, 008401, -1.615356, 0.12469993, 8.814107, -0.052393906, -0.2333633, -0.74310064, 0.62497836, 1600.1476, 1600.1476, 955.81024, 717.54333, , 
65948.962983958, 008402, -1.6190281, 0.12536448, 8.820319, -0.04756871, -0.2379719, -0.7424491, 0.62440044, 1600.1476, 1600.1476, 955.81055, 717.5468, , 
65948.996321833, 008403, -1.6268547, 0.12673745, 8.832297, -0.036469817, -0.24740079, -0.74075055, 0.62349933, 1600.1476, 1600.1476, 955.80884, 717.5548, , 
65949.012990541, 008404, -1.6305429, 0.12704164, 8.83727, -0.03014169, -0.25229874, -0.7397121, 0.6231074, 1600.1476, 1600.1476, 955.8058, 717.561, , 
65949.029659416, 008405, -1.6343085, 0.12733608, 8.842019, -0.023510111, -0.25746924, -0.7386298, 0.6225616, 1600.1476, 1600.1476, 955.80334, 717.56573, , 
65949.062997208, 008406, -1.642377, 0.1281045, 8.851203, -0.010511879, -0.26876283, -0.73636854, 0.62082, 1600.1476, 1600.1476, 955.80023, 717.5765, , 
65949.079666125, 008407, -1.6465607, 0.12841478, 8.8553, -0.0045108143, -0.2746735, -0.7352164, 0.61967003, 1600.1476, 1600.1476, 955.8006, 717.5809, , 
65949.11300375, 008408, -1.6547663, 0.12858756, 8.861972, 0.0068854666, -0.28572652, -0.7329414, 0.6173409, 1600.1476, 1600.1476, 955.80164, 717.59064, , 
65949.129672708, 008409, -1.6588621, 0.1285613, 8.864703, 0.0124960225, -0.29073027, -0.73193467, 0.61610985, 1600.1476, 1600.1476, 955.8013, 717.5941, , 
65949.163010375, 008410, -1.6680561, 0.12910871, 8.870298, 0.023649694, -0.30010125, -0.73035437, 0.6131578, 1600.1476, 1600.1476, 955.8, 717.59937, , 
65949.179679166, 008411, -1.6727302, 0.12945591, 8.872765, 0.02927132, -0.30485612, -0.72972995, 0.6113102, 1600.1476, 1600.1476, 955.7995, 717.6017, , 
65949.196348125, 008412, -1.6773473, 0.12981147, 8.874967, 0.03502517, -0.30980167, -0.7291747, 0.6091801, 1600.1476, 1600.1476, 955.7996, 717.60297, , 
65949.213017041, 008413, -1.681579, 0.12971462, 8.875922, 0.041007414, -0.31492934, -0.72874326, 0.6066887, 1600.1476, 1600.1476, 955.8001, 717.6038, , 
65949.229685791, 008414, -1.6857271, 0.12964447, 8.876873, 0.04730685, -0.32014745, -0.7283726, 0.603938, 1600.1476, 1600.1476, 955.8009, 717.6041, , 
65949.263023625, 008415, -1.694356, 0.13004942, 8.879905, 0.06139068, -0.3303305, -0.72727334, 0.59848684, 1600.1476, 1600.1476, 955.79944, 717.6045, , 
65949.279692541, 008416, -1.6987895, 0.13028258, 8.881481, 0.06928934, -0.33522138, -0.7263695, 0.5959975, 1600.1476, 1600.1476, 955.7951, 717.6054, , 
65949.296361416, 008417, -1.7032552, 0.13045438, 8.883, 0.07757957, -0.34004208, -0.7253065, 0.5935345, 1600.1476, 1600.1476, 955.7907, 717.6063, , 
65949.329699083, 008418, -1.7110063, 0.12968545, 8.883684, 0.0944082, -0.34953985, -0.7230137, 0.5883538, 1600.1476, 1600.1476, 955.77966, 717.6079, , 
65949.346367958, 008419, -1.7153684, 0.12938303, 8.884606, 0.102752365, -0.35407782, -0.72175235, 0.5857853, 1600.1476, 1600.1476, 955.77466, 717.6085, , 
65949.379705541, 008420, -1.7246009, 0.12890735, 8.886817, 0.11924721, -0.36193195, -0.71929115, 0.5808662, 1600.1476, 1600.1476, 955.76117, 717.6086, , 
65949.396374458, 008421, -1.7293168, 0.1286781, 8.887881, 0.12719867, -0.3653687, -0.71826726, 0.57828915, 1600.1476, 1600.1476, 955.7551, 717.60767, , 
65949.429712333, 008422, -1.7371339, 0.12878996, 8.888147, 0.14212371, -0.3712527, -0.7171265, 0.57245255, 1600.1476, 1600.1476, 955.7449, 717.60297, , 
65949.446381166, 008423, -1.741673, 0.12869892, 8.888757, 0.14923862, -0.3736455, -0.7167943, 0.5694935, 1600.1476, 1600.1476, 955.7384, 717.59814, , 
65949.479718833, 008424, -1.7514398, 0.12839745, 8.889921, 0.16228014, -0.37756935, -0.71628076, 0.56395775, 1600.1476, 1600.1476, 955.72906, 717.59033, , 
65949.49638775, 008425, -1.7564543, 0.12817718, 8.89029, 0.16801336, -0.3794303, -0.7160498, 0.5613171, 1600.1476, 1600.1476, 955.7242, 717.5853, , 
65949.529725375, 008426, -1.7659525, 0.12640953, 8.889355, 0.17839116, -0.38385662, -0.7151046, 0.5562878, 1600.1476, 1600.1476, 955.71967, 717.5796, , 
65949.546394208, 008427, -1.7710125, 0.12579815, 8.888873, 0.18326758, -0.38647112, -0.71415025, 0.55411416, 1600.1476, 1600.1476, 955.7171, 717.57806, , 
65949.563063208, 008428, -1.7761478, 0.12524448, 8.888243, 0.1877907, -0.38939193, -0.7130322, 0.55199057, 1600.1476, 1600.1476, 955.7158, 717.57794, , 
65949.596400916, 008429, -1.786265, 0.12408227, 8.886444, 0.1958312, -0.39642087, -0.7104553, 0.547498, 1600.1476, 1600.1476, 955.717, 717.5797, , 
65949.61306975, 008430, -1.7909665, 0.12282806, 8.884625, 0.19953282, -0.40033698, -0.7089207, 0.5452967, 1600.1476, 1600.1476, 955.7184, 717.5816, , 
65949.646407458, 008431, -1.8006247, 0.121033214, 8.881022, 0.20626423, -0.40810135, -0.7058941, 0.54094535, 1600.1476, 1600.1476, 955.72253, 717.58655, , 
65949.663076458, 008432, -1.8055564, 0.12054828, 8.879339, 0.20911703, -0.41180673, -0.7046487, 0.5386609, 1600.1476, 1600.1476, 955.72534, 717.58826, , 
65949.696414, 008433, -1.8153633, 0.119881384, 8.875677, 0.21412928, -0.4194408, -0.7020875, 0.5341265, 1600.5995, 1600.5995, 955.7334, 717.5928, , 
65949.713083, 008434, -1.819384, 0.119274795, 8.872519, 0.21665041, -0.42356634, -0.7004589, 0.5319882, 1600.1476, 1600.1476, 955.73663, 717.5959, , 
65949.729751875, 008435, -1.823515, 0.11887449, 8.869371, 0.21923585, -0.42761365, -0.6988416, 0.52981377, 1600.1476, 1600.1476, 955.73987, 717.59894, , 
65949.763089458, 008436, -1.8327498, 0.119076446, 8.864261, 0.22408316, -0.4347477, -0.69656694, 0.5249531, 1600.1476, 1600.1476, 955.7478, 717.603, , 
65949.779758416, 008437, -1.8373363, 0.11936191, 8.861718, 0.22614229, -0.43820336, -0.6957695, 0.52224743, 1600.1476, 1600.1476, 955.7523, 717.6037, , 
65949.81309625, 008438, -1.8449953, 0.11937706, 8.85578, 0.23001105, -0.44532996, -0.69408923, 0.5167363, 1600.5995, 1600.5995, 955.76416, 717.6061, , 
65949.829764958, 008439, -1.8482826, 0.11923312, 8.852557, 0.23195463, -0.44869307, -0.69328696, 0.5140281, 1600.5995, 1600.5995, 955.7689, 717.607, , 
65949.846433833, 008440, -1.8522016, 0.11953765, 8.849659, 0.23402612, -0.45197508, -0.6925074, 0.51125705, 1600.5995, 1600.5995, 955.7735, 717.6076, , 
65949.879771666, 008441, -1.8603289, 0.12049668, 8.844226, 0.2393052, -0.45872808, -0.69039947, 0.50561863, 1600.1476, 1600.1476, 955.78265, 717.6094, , 
65949.896440583, 008442, -1.8644433, 0.121057674, 8.841709, 0.24273022, -0.46179157, -0.68901056, 0.5030856, 1600.1476, 1600.1476, 955.7844, 717.61035, , 
65949.929778208, 008443, -1.8717371, 0.12032433, 8.835588, 0.25034922, -0.46724993, -0.6859521, 0.4984702, 1600.1476, 1600.1476, 955.78357, 717.6121, , 
65949.946447125, 008444, -1.8753638, 0.12037264, 8.832985, 0.25384396, -0.47011596, -0.6845214, 0.4959685, 1600.1476, 1600.1476, 955.78394, 717.61285, , 
65949.963116041, 008445, -1.8787959, 0.120420545, 8.830414, 0.25691, -0.47323707, -0.6832908, 0.49311018, 1600.1476, 1600.1476, 955.7857, 717.6134, , 
65949.996453666, 008446, -1.8850765, 0.12027326, 8.825174, 0.2624627, -0.47971293, -0.68133414, 0.4865928, 1600.1476, 1600.1476, 955.79456, 717.61395, , 
65950.013122625, 008447, -1.8873736, 0.119712956, 8.822275, 0.2654681, -0.4826386, -0.68051547, 0.4832032, 1600.1476, 1600.1476, 955.79834, 717.6134, , 
65950.046460375, 008448, -1.8923385, 0.11905205, 8.817, 0.2725889, -0.48769313, -0.67890275, 0.47638413, 1600.5995, 1600.5995, 955.80396, 717.60986, , 
65950.063129083, 008449, -1.8950098, 0.11890675, 8.814566, 0.2766607, -0.4902853, -0.6778551, 0.47285476, 1600.5995, 1600.5995, 955.80536, 717.60803, , 
65950.079797958, 008450, -1.8976343, 0.1187344, 8.8121, 0.2809621, -0.4932877, -0.67643446, 0.46921638, 1600.5995, 1600.5995, 955.8072, 717.60657, , 
65950.113135875, 008451, -1.9027312, 0.11812912, 8.806863, 0.29004917, -0.5008253, -0.672225, 0.46169156, 1600.5995, 1600.5995, 955.81024, 717.6081, , 
65950.129804541, 008452, -1.9053549, 0.11781323, 8.80422, 0.29484203, -0.5049113, -0.66967565, 0.45789453, 1600.5995, 1600.5995, 955.81195, 717.61053, , 
65950.146473375, 008453, -1.9082282, 0.11769474, 8.801685, 0.29992342, -0.5086602, -0.66700816, 0.45432445, 1600.5995, 1600.5995, 955.81195, 717.61224, , 
65950.17981125, 008454, -1.9147531, 0.11785032, 8.796948, 0.31105945, -0.5144299, -0.66164184, 0.44814503, 1600.5995, 1600.5995, 955.80676, 717.614, , 
65950.196480166, 008455, -1.9182187, 0.11796555, 8.794683, 0.3169643, -0.5167837, -0.65900844, 0.44516978, 1600.1476, 1600.1476, 955.8009, 717.6138, , 
65950.21314875, 008456, -1.921699, 0.1184891, 8.792741, 0.32285866, -0.51905715, -0.65651286, 0.44196478, 1600.1476, 1600.1476, 955.7969, 717.61304, , 
65950.246486708, 008457, -1.9285586, 0.11861435, 8.788694, 0.33427748, -0.5239749, -0.65154195, 0.43497342, 1600.1476, 1600.1476, 955.79, 717.61096, , 
65950.263155583, 008458, -1.9320621, 0.11825022, 8.78651, 0.34001604, -0.5266102, -0.64870226, 0.43157423, 1595.6285, 1595.6285, 955.787, 717.61066, , 
65950.296493208, 008459, -1.9397029, 0.117331415, 8.781849, 0.35183027, -0.53153145, -0.6419276, 0.42616755, 1595.6285, 1595.6285, 955.7751, 717.61237, , 
65950.313162166, 008460, -1.9434881, 0.11751423, 8.779314, 0.3577449, -0.53373605, -0.6382277, 0.42404002, 1595.6285, 1595.6285, 955.768, 717.6138, , 
65950.329831083, 008461, -1.9473634, 0.117577426, 8.77668, 0.36343968, -0.5361032, -0.6345032, 0.42179444, 1598.34, 1598.34, 955.7614, 717.6154, , 
65950.363168708, 008462, -1.9552336, 0.116639234, 8.771173, 0.37400165, -0.5423969, -0.62714505, 0.4154724, 1597.8881, 1597.8881, 955.7523, 717.6202, , 
65950.379837583, 008463, -1.9590776, 0.11602042, 8.768423, 0.3792863, -0.54608095, -0.623514, 0.4113002, 1597.8881, 1597.8881, 955.7513, 717.6221, , 
65950.396506541, 008464, -1.9629813, 0.11544381, 8.765775, 0.38492757, -0.5496954, -0.6198135, 0.40681317, 1600.1476, 1600.1476, 955.7499, 717.6237, , 
65950.429844166, 008465, -1.9713463, 0.11526662, 8.7618065, 0.39736074, -0.55643004, -0.61153877, 0.3981336, 1600.1476, 1600.1476, 955.74445, 717.6257, , 
65950.446513041, 008466, -1.9755745, 0.11499016, 8.759536, 0.40381685, -0.5596576, -0.60713655, 0.39382818, 1600.1476, 1600.1476, 955.7406, 717.6266, , 
65950.463181958, 008467, -1.9797379, 0.11461444, 8.757275, 0.41018927, -0.56291425, -0.60276854, 0.3892845, 1602.4071, 1602.4071, 955.73596, 717.62756, , 
65950.496519625, 008468, -1.9877926, 0.11358186, 8.753075, 0.42245072, -0.5695739, -0.5943866, 0.3792436, 1602.4071, 1602.4071, 955.7319, 717.62823, , 
65950.513188541, 008469, -1.992023, 0.11407101, 8.752459, 0.42834404, -0.5727592, -0.59049374, 0.37387916, 1601.9552, 1601.9552, 955.73083, 717.6279, , 
65950.546526333, 008470, -2.0003242, 0.11387965, 8.750369, 0.43958154, -0.5786429, -0.58324623, 0.36299357, 1604.2147, 1604.2147, 955.7306, 717.626, , 
65950.56319525, 008471, -2.004498, 0.11321979, 8.748831, -0.4450477, 0.58137566, 0.5796148, -0.35774484, 1604.2147, 1604.2147, 955.73035, 717.62463, , 
65952.580127916, 008564, -1.9928492, 0.04045926, 8.167912, 0.7035523, -0.70044667, -0.09175102, -0.07726807, 1601.0514, 1601.0514, 955.53876, 717.72595, , 
65952.596796666, 008565, -1.9893457, 0.039613552, 8.162982, 0.70354086, -0.7009044, -0.08493653, -0.08092517, 1601.5033, 1601.5033, 955.5326, 717.7297, , 
65952.6301345, 008566, -1.982036, 0.03805294, 8.152188, 0.70327246, -0.7018176, -0.07235335, -0.08732112, 1601.0514, 1601.0514, 955.5232, 717.7353, , 
65952.646803333, 008567, -1.978132, 0.037397556, 8.14742, 0.7032304, -0.702017, -0.06682598, -0.09040767, 1601.0514, 1601.0514, 955.51935, 717.7374, , 
65952.663472083, 008568, -1.9741161, 0.036836177, 8.1429405, 0.7033477, -0.70196825, -0.06173259, -0.093443476, 1601.0514, 1601.0514, 955.51514, 717.7392, , 
65952.680141083, 008569, -1.969945, 0.036331095, 8.138675, 0.7035174, -0.70180434, -0.05684152, -0.096451655, 1601.0514, 1601.0514, 955.51227, 717.74, , 
65952.696809875, 008570, -1.9655762, 0.03583523, 8.1346, 0.7036368, -0.70162994, -0.05212357, -0.099466786, 1601.0514, 1601.0514, 955.5096, 717.74066, , 
65952.730147666, 008571, -1.9567683, 0.03478732, 8.125619, 0.70387405, -0.7011394, -0.0433619, -0.10528415, 1601.5033, 1601.5033, 955.50433, 717.74225, , 
65952.746816416, 008572, -1.9519706, 0.03415291, 8.121722, 0.7038225, -0.70099074, -0.039102655, -0.108244665, 1601.0514, 1601.0514, 955.5024, 717.74316, , 
65952.763485416, 008573, -1.9469283, 0.033471487, 8.11799, 0.7037048, -0.7008861, -0.034885872, -0.11109111, 1601.0514, 1601.0514, 955.4997, 717.7446, , 
65952.78015425, 008574, -1.9416643, 0.03275471, 8.114335, 0.7036055, -0.7007495, -0.030595496, -0.113812685, 1601.0514, 1601.0514, 955.4975, 717.7456, , 
65952.813491916, 008575, -1.9300038, 0.030796982, 8.106468, 0.70354426, -0.70024616, -0.021939795, -0.11916149, 1601.0514, 1601.0514, 955.49274, 717.74677, , 
65952.830160833, 008576, -1.9236656, 0.029647894, 8.102349, 0.7034545, -0.6999834, -0.017567689, -0.12192745, 1601.0514, 1601.0514, 955.48956, 717.7476, , 
65952.84682975, 008577, -1.9174504, 0.028746888, 8.098688, 0.70335054, -0.699713, -0.013206982, -0.124600686, 1601.0514, 1601.0514, 955.48724, 717.7482, , 
65952.863498583, 008578, -1.9111632, 0.027954757, 8.095179, 0.7033255, -0.6993495, -0.008994128, -0.1271318, 1601.0514, 1601.0514, 955.4848, 717.7486, , 
65952.880167583, 008579, -1.9047654, 0.027223341, 8.091731, 0.70343345, -0.69883543, -0.005004335, -0.12955818, 1601.0514, 1601.0514, 955.48193, 717.7483, , 
65952.913505208, 008580, -1.8904794, 0.025741458, 8.084254, 0.70376194, -0.697644, 0.002693624, -0.13418186, 1600.5995, 1600.5995, 955.4777, 717.74713, , 
65952.930173958, 008581, -1.882731, 0.024963386, 8.080367, 0.7038223, -0.6970914, 0.006747717, -0.13657308, 1601.0514, 1601.0514, 955.4748, 717.7466, , 
65952.946842958, 008582, -1.8754418, 0.0242192, 8.07694, 0.7037533, -0.69662035, 0.010966034, -0.13903643, 1601.0514, 1601.0514, 955.47235, 717.7465, , 
65952.963511708, 008583, -1.8682219, 0.023455627, 8.073739, 0.70366824, -0.69611394, 0.015059486, -0.14159635, 1601.0514, 1601.0514, 955.47015, 717.7465, , 
65952.980180541, 008584, -1.8609865, 0.022644363, 8.070697, 0.70370805, -0.6954231, 0.018809795, -0.14431868, 1601.0514, 1601.0514, 955.4681, 717.74603, , 
65953.013518333, 008585, -1.8458643, 0.02045143, 8.064625, 0.704347, -0.6933414, 0.02560438, -0.15005828, 1601.0514, 1601.0514, 955.46643, 717.7432, , 
65953.03018725, 008586, -1.8380507, 0.01911366, 8.061631, 0.7048181, -0.6920595, 0.028782066, -0.15315585, 1601.0514, 1601.0514, 955.4661, 717.7404, , 
65953.046855958, 008587, -1.8305293, 0.017951436, 8.058911, 0.7053276, -0.69066757, 0.031554006, -0.15651116, 1601.0514, 1601.0514, 955.4667, 717.7382, , 
65953.063524958, 008588, -1.8230295, 0.016925521, 8.056181, 0.7060092, -0.6891555, 0.03377375, -0.159609, 1601.0514, 1601.0514, 955.46783, 717.7357, , 
65953.080193833, 008589, -1.8154111, 0.016067311, 8.053251, 0.70681846, -0.68769705, 0.03564533, -0.16189449, 1601.0514, 1601.0514, 955.46875, 717.7327, , 
65953.1135315, 008590, -1.8000462, 0.014961831, 8.046365, 0.7082608, -0.68556243, 0.03923978, -0.1638019, 1601.0514, 1601.0514, 955.4676, 717.72577, , 
65953.130200375, 008591, -1.7922983, 0.0147603005, 8.042692, 0.70880747, -0.68488437, 0.040638037, -0.16393293, 1601.0514, 1601.0514, 955.466, 717.7235, , 
65953.146869333, 008592, -1.7843262, 0.014840417, 8.039424, 0.7093914, -0.68417984, 0.0411765, -0.16421382, 1601.0514, 1601.0514, 955.465, 717.7207, , 
65953.163538166, 008593, -1.7763637, 0.015141018, 8.036555, 0.7100398, -0.6832931, 0.040855005, -0.16518152, 1601.0514, 1601.0514, 955.46643, 717.71844, , 
65953.180206916, 008594, -1.7684234, 0.015645154, 8.03396, 0.71060586, -0.6823806, 0.040036745, -0.16671255, 1601.0514, 1601.0514, 955.46936, 717.7165, , 
65953.196875833, 008595, -1.7604395, 0.016383342, 8.031371, 0.71100044, -0.6816858, 0.039149392, -0.1680778, 1601.0514, 1601.0514, 955.4735, 717.7147, , 
65953.213544708, 008596, -1.75302, 0.016993843, 8.028516, 0.7112162, -0.68126446, 0.038578857, -0.16900277, 1601.0514, 1601.0514, 955.47577, 717.7139, , 
65953.246882541, 008597, -1.7379057, 0.018996723, 8.022565, 0.7110256, -0.68126446, 0.039405365, -0.16961323, 1600.5995, 1600.5995, 955.4759, 717.71423, , 
65953.263551291, 008598, -1.7303575, 0.02017393, 8.019647, 0.7108658, -0.6813176, 0.04021505, -0.16987874, 1601.0514, 1601.0514, 955.4749, 717.7146, , 
65953.280220125, 008599, -1.7230402, 0.021240212, 8.0168705, 0.7108278, -0.68116647, 0.040728536, -0.17052074, 1601.0514, 1601.0514, 955.4748, 717.71466, , 
65953.296889083, 008600, -1.7159606, 0.022129737, 8.014224, 0.71099645, -0.6807398, 0.040725254, -0.17151935, 1601.0514, 1601.0514, 955.4762, 717.714, , 
65953.313557958, 008601, -1.7089226, 0.022391029, 8.011062, 0.71137637, -0.6800734, 0.040315133, -0.17268047, 1601.0514, 1601.0514, 955.47833, 717.7129, , 
65953.346895625, 008602, -1.6952792, 0.022875294, 8.004977, 0.71260244, -0.6785086, 0.03914009, -0.17404595, 1601.0514, 1601.0514, 955.4827, 717.7085, , 
65953.363564416, 008603, -1.6886065, 0.02316486, 8.001926, 0.71341157, -0.6777239, 0.038468573, -0.17393838, 1601.0514, 1601.0514, 955.4839, 717.7059, , 
65953.380233458, 008604, -1.681988, 0.023393832, 7.9987435, 0.71427417, -0.67696893, 0.037764996, -0.17349151, 1601.0514, 1601.0514, 955.4847, 717.703, , 
65953.396902291, 008605, -1.6754173, 0.023591511, 7.9953923, 0.7151165, -0.67631143, 0.037066374, -0.17273466, 1601.0514, 1601.0514, 955.48505, 717.70013, , 
65953.413571041, 008606, -1.6690081, 0.023772635, 7.9921026, 0.71584535, -0.67582136, 0.03655846, -0.17173916, 1601.0514, 1601.0514, 955.4848, 717.6967, , 
65953.430239958, 008607, -1.6626729, 0.023927711, 7.9886446, 0.7164322, -0.6754851, 0.036374416, -0.1706508, 1601.0514, 1601.0514, 955.484, 717.6946, , 
65953.463577791, 008608, -1.6501496, 0.02397358, 7.981189, 0.7170344, -0.6752503, 0.036890615, -0.1689312, 1601.0514, 1601.0514, 955.48083, 717.6916, , 
65953.4802465, 008609, -1.6439245, 0.023891218, 7.9772716, 0.717044, -0.67537594, 0.037316553, -0.16829371, 1601.0514, 1601.0514, 955.4795, 717.6913, , 
65953.496915375, 008610, -1.6376475, 0.023769133, 7.9731803, 0.7167901, -0.6757684, 0.038003974, -0.16764481, 1600.5995, 1600.5995, 955.47784, 717.69165, , 
65953.513584333, 008611, -1.6316808, 0.023823157, 7.968851, 0.7163306, -0.6763469, 0.03905663, -0.16703272, 1601.0514, 1601.0514, 955.47565, 717.69275, , 
65953.530253166, 008612, -1.6256812, 0.023830578, 7.964409, 0.71579015, -0.67696494, 0.04027219, -0.16655654, 1601.0514, 1601.0514, 955.4725, 717.6947, , 
65953.546922125, 008613, -1.6195318, 0.023706466, 7.959934, 0.71524453, -0.67752564, 0.04160489, -0.16629313, 1601.0514, 1601.0514, 955.47015, 717.6963, , 
65953.580259708, 008614, -1.6072491, 0.023338877, 7.950756, 0.7144799, -0.6781839, 0.044465262, -0.16615573, 1601.0514, 1601.0514, 955.4654, 717.6988, , 
65953.596928666, 008615, -1.6011645, 0.023125634, 7.945959, 0.7144553, -0.67819315, 0.045646094, -0.16590361, 1601.0514, 1601.0514, 955.4637, 717.6987, , 
65953.613597541, 008616, -1.5954719, 0.023319978, 7.9412827, 0.7146546, -0.67801696, 0.04657303, -0.1655076, 1601.0514, 1601.0514, 955.46204, 717.69794, , 
65953.630266208, 008617, -1.5897561, 0.023398768, 7.9364767, 0.71495605, -0.6777458, 0.047253188, -0.16512291, 1601.0514, 1601.0514, 955.46027, 717.6963, , 
65953.646935208, 008618, -1.5838419, 0.023132615, 7.931486, 0.71523994, -0.677473, 0.047710303, -0.16488154, 1601.0514, 1601.0514, 955.4595, 717.69507, , 
65953.663604083, 008619, -1.5778589, 0.022666126, 7.9264655, 0.71544474, -0.67724204, 0.047811676, -0.16491258, 1601.0514, 1601.0514, 955.4592, 717.6941, , 
65953.696941916, 008620, -1.5657028, 0.021322347, 7.916524, 0.71524197, -0.6771799, 0.046884518, -0.16630763, 1601.0514, 1601.0514, 955.4618, 717.69446, , 
65953.713610583, 008621, -1.5594063, 0.020620823, 7.9123693, 0.7148545, -0.6773919, 0.045940343, -0.16737007, 1601.0514, 1601.0514, 955.464, 717.69586, , 
65953.730279541, 008622, -1.5530161, 0.019969285, 7.9079113, 0.7144007, -0.6777316, 0.044873033, -0.16822007, 1601.0514, 1601.0514, 955.4669, 717.6982, , 
65953.746948416, 008623, -1.5466388, 0.019352715, 7.9027853, 0.71397096, -0.678073, 0.043827843, -0.16894276, 1601.0514, 1601.0514, 955.4689, 717.6999, , 
65953.763617291, 008624, -1.540304, 0.018747218, 7.8974133, 0.71356034, -0.67832214, 0.042972554, -0.16989449, 1601.0514, 1601.0514, 955.471, 717.7015, , 
65953.796954916, 008625, -1.527903, 0.017526317, 7.8862824, 0.713051, -0.6782247, 0.042145327, -0.17260706, 1601.0514, 1601.0514, 955.47595, 717.70404, , 
65953.813623833, 008626, -1.5216539, 0.01705359, 7.881023, 0.71306694, -0.67781895, 0.042273097, -0.17409734, 1601.0514, 1601.0514, 955.47797, 717.70404, , 
65953.83029275, 008627, -1.5155267, 0.016540334, 7.8754787, 0.7131919, -0.6772738, 0.042794842, -0.17557332, 1601.0514, 1601.0514, 955.4795, 717.7036, , 
65953.846961625, 008628, -1.5095757, 0.01591149, 7.869459, 0.7133922, -0.67661047, 0.043540034, -0.17712729, 1601.0514, 1601.0514, 955.4811, 717.7025, , 
65953.863630375, 008629, -1.5036654, 0.015262231, 7.863163, 0.71367437, -0.6758799, 0.04427141, -0.17859246, 1601.0514, 1601.0514, 955.48224, 717.70135, , 
65953.880299333, 008630, -1.4977407, 0.014683381, 7.85661, 0.71407527, -0.67512566, 0.04475258, -0.17971942, 1601.0514, 1601.0514, 955.4834, 717.69995, , 
65953.913637083, 008631, -1.4855415, 0.0139840245, 7.843312, 0.7149546, -0.67364913, 0.044875983, -0.18172175, 1601.0514, 1601.0514, 955.48645, 717.69617, , 
65953.930305791, 008632, -1.4792837, 0.013881918, 7.836638, 0.71523935, -0.67302316, 0.04480986, -0.18293324, 1601.0514, 1601.0514, 955.4883, 717.695, , 
65953.946974708, 008633, -1.4731609, 0.013912894, 7.8297725, 0.71534, -0.6725149, 0.044957265, -0.18436684, 1601.0514, 1601.0514, 955.4907, 717.6942, , 
65953.963643625, 008634, -1.4670978, 0.014128648, 7.8228507, 0.71536404, -0.67198724, 0.04520543, -0.1861285, 1601.0514, 1601.0514, 955.49274, 717.69403, , 
65953.9803125, 008635, -1.461059, 0.014565244, 7.815837, 0.7154711, -0.67133856, 0.045498073, -0.18797782, 1601.0514, 1601.0514, 955.49493, 717.6937, , 
65953.996981416, 008636, -1.4549803, 0.015274875, 7.8086023, 0.7157479, -0.6706231, 0.045963753, -0.18935935, 1601.0514, 1601.0514, 955.4969, 717.6928, , 
65954.030319083, 008637, -1.4429104, 0.01750499, 7.7936416, 0.7165631, -0.66953343, 0.047836516, -0.18966807, 1601.0514, 1601.0514, 955.49646, 717.6891, , 
65954.046987958, 008638, -1.4365281, 0.018851459, 7.7857776, 0.71690845, -0.6692434, 0.048914675, -0.18911095, 1601.0514, 1601.0514, 955.49457, 717.6874, , 
65954.063656875, 008639, -1.4300067, 0.020214424, 7.7778788, 0.7170228, -0.6691889, 0.050025135, -0.188579, 1601.0514, 1601.0514, 955.4919, 717.6861, , 
65954.080325625, 008640, -1.4233994, 0.021524206, 7.7700405, 0.7168653, -0.6693946, 0.05108935, -0.18816154, 1601.0514, 1601.0514, 955.4898, 717.68604, , 
65954.0969945, 008641, -1.4167818, 0.022720598, 7.76237, 0.7164724, -0.6697603, 0.051958684, -0.18811946, 1601.0514, 1601.0514, 955.4881, 717.68677, , 
65954.113663375, 008642, -1.4108125, 0.02342759, 7.755339, 0.7159626, -0.67009735, 0.05239243, -0.18873844, 1601.0514, 1601.0514, 955.4875, 717.68884, , 
65954.147001166, 008643, -1.3988162, 0.024921492, 7.741693, 0.71497583, -0.670315, 0.05185562, -0.19182873, 1601.0514, 1601.0514, 955.49097, 717.69244, , 
65954.163669958, 008644, -1.3927244, 0.0258281, 7.734956, 0.7145427, -0.6702127, 0.051294524, -0.19393954, 1601.0514, 1601.0514, 955.4954, 717.6946, , 
65954.180338791, 008645, -1.3865896, 0.026756883, 7.7283063, 0.71401715, -0.6701711, 0.050873477, -0.19611774, 1601.0514, 1601.0514, 955.4988, 717.6964, , 
65954.19700775, 008646, -1.3803369, 0.02768787, 7.7217703, 0.7133407, -0.67028344, 0.050458997, -0.19829017, 1601.5033, 1601.5033, 955.5019, 717.69867, , 
65954.213676666, 008647, -1.3743476, 0.028525013, 7.716138, 0.7125472, -0.6705168, 0.049430877, -0.20059982, 1601.0514, 1601.0514, 955.507, 717.7025, , 
65954.230345375, 008648, -1.3681622, 0.0293727, 7.7107306, 0.7116707, -0.6707504, 0.047468428, -0.20338474, 1601.0514, 1601.0514, 955.5127, 717.70593, , 
65954.263683208, 008649, -1.3548447, 0.031104613, 7.699769, 0.7098516, -0.67110425, 0.041342333, -0.20981085, 1601.5033, 1601.5033, 955.52924, 717.7137, , 
65954.280352125, 008650, -1.3478786, 0.031967804, 7.6941595, 0.70905674, -0.67138344, 0.037984952, -0.2122263, 1601.0514, 1601.0514, 955.5405, 717.7185, , 
65954.297021, 008651, -1.3407637, 0.032864474, 7.6883674, 0.70839006, -0.6717852, 0.034929145, -0.21370092, 1601.0514, 1601.0514, 955.54736, 717.7216, , 
65954.31368975, 008652, -1.3339641, 0.033444338, 7.682512, 0.7078778, -0.67227876, 0.031882357, -0.21432152, 1601.0514, 1601.0514, 955.55286, 717.7242, , 
65954.330358541, 008653, -1.3271979, 0.03402123, 7.6767726, 0.70751405, -0.67253095, 0.028539123, -0.21520099, 1601.5033, 1601.5033, 955.5606, 717.72687, , 
65954.363696416, 008654, -1.3135146, 0.035232387, 7.665755, 0.7070304, -0.67211854, 0.021195546, -0.21889563, 1601.0514, 1601.0514, 955.57733, 717.7297, , 
65954.380365125, 008655, -1.3064595, 0.03573189, 7.6600733, 0.70662284, -0.6721888, 0.018330216, -0.22025058, 1601.5033, 1601.5033, 955.5871, 717.7319, , 
65954.397034083, 008656, -1.2990923, 0.03619829, 7.654087, 0.7059532, -0.6728317, 0.016434452, -0.22058402, 1601.5033, 1601.5033, 955.59106, 717.73425, , 
65954.413702916, 008657, -1.2915771, 0.03636255, 7.6480436, 0.7051331, -0.6739343, 0.015061882, -0.21993884, 1601.5033, 1601.5033, 955.59235, 717.73706, , 
65954.430371875, 008658, -1.2838529, 0.03646589, 7.641904, 0.7043292, -0.67515284, 0.01388134, -0.21885255, 1601.5033, 1601.5033, 955.5921, 717.74084, , 
65954.463709541, 008659, -1.2679173, 0.036400277, 7.629809, 0.7028106, -0.6772629, 0.011047196, -0.21737108, 1601.5033, 1601.5033, 955.59296, 717.7462, , 
65954.480378375, 008660, -1.2598118, 0.03607227, 7.6240325, 0.7021986, -0.6779973, 0.0085532665, -0.21717188, 1601.5033, 1601.5033, 955.597, 717.7493, , 
65954.497047333, 008661, -1.2516769, 0.03558971, 7.618361, 0.7017947, -0.6784791, 0.0053407415, -0.21707566, 1601.5033, 1601.5033, 955.60175, 717.75104, , 
65954.513716166, 008662, -1.2434689, 0.035080962, 7.612567, 0.7015305, -0.67885154, 0.001988268, -0.21682157, 1601.0514, 1601.0514, 955.607, 717.7522, , 
65954.530384916, 008663, -1.2351557, 0.034486376, 7.6067305, 0.7013434, -0.6792136, -0.00089315383, -0.21629971, 1601.0514, 1601.0514, 955.6113, 717.7529, , 
65954.563722625, 008664, -1.2181615, 0.033050157, 7.5949783, 0.70136726, -0.6798753, -0.0062249773, -0.21404377, 1601.5033, 1601.5033, 955.61755, 717.7532, , 
65956.597321833, 008759, -0.43602726, 0.014807384, 6.582514, 0.7023692, -0.7051723, -0.09676403, -0.0067929486, 1601.0514, 1601.0514, 955.4412, 717.70905, , 
65956.61399275, 008760, -0.43169612, 0.013494298, 6.5732174, 0.70230526, -0.70523155, -0.096873485, -0.0055832895, 1601.0514, 1601.0514, 955.43994, 717.7091, , 
65956.630661666, 008761, -0.42763844, 0.012158476, 6.564023, 0.7022757, -0.7052033, -0.09735393, -0.0044108527, 1601.0514, 1601.0514, 955.4388, 717.7086, , 
65956.663999458, 008762, -0.42104858, 0.009555079, 6.547085, 0.7020727, -0.70513815, -0.09933198, -0.0026946445, 1601.0514, 1601.0514, 955.4389, 717.7081, , 
65956.680668416, 008763, -0.41804016, 0.008210726, 6.5386906, 0.7018046, -0.7052478, -0.10045714, -0.0020446763, 1601.0514, 1601.0514, 955.4397, 717.70844, , 
65956.714006, 008764, -0.4115103, 0.005028695, 6.5207634, 0.70128554, -0.7055302, -0.10210226, -0.0008872302, 1601.0514, 1601.0514, 955.4404, 717.7092, , 
65956.730674916, 008765, -0.40815777, 0.0033224896, 6.5114083, 0.70122993, -0.7055261, -0.10251414, -0.0005652669, 1601.0514, 1601.0514, 955.44055, 717.7093, , 
65956.747343791, 008766, -0.40561038, 0.0019684061, 6.50252, 0.7013682, -0.70535, -0.10278054, -0.000443114, 1601.0514, 1601.0514, 955.4406, 717.7086, , 
65956.7806815, 008767, -0.40167207, -0.00027071318, 6.4849787, 0.7022601, -0.7044151, -0.10310077, -0.0006359506, 1601.0514, 1601.0514, 955.441, 717.7058, , 
65956.797350291, 008768, -0.40010768, -0.0012378134, 6.476218, 0.7029596, -0.7036991, -0.10321978, -0.0010042805, 1601.0514, 1601.0514, 955.4416, 717.7025, , 
65956.81401925, 008769, -0.39761513, -0.001962632, 6.4662247, 0.70359236, -0.70303357, -0.10343472, -0.0016488665, 1601.0514, 1601.0514, 955.4424, 717.7001, , 
65956.847356875, 008770, -0.3937804, -0.0030362047, 6.447012, 0.7046103, -0.7017802, -0.104964904, -0.003344882, 1601.0514, 1601.0514, 955.4466, 717.6949, , 
65956.864025833, 008771, -0.39245647, -0.0032283477, 6.4376054, 0.70509493, -0.7011518, -0.10589402, -0.0037172071, 1601.0514, 1601.0514, 955.4482, 717.69275, , 
65956.897363541, 008772, -0.39007184, -0.0026744269, 6.418057, 0.7060556, -0.70008934, -0.106538326, -0.0031676036, 1601.0514, 1601.0514, 955.44904, 717.6889, , 
65956.914032291, 008773, -0.3880176, -0.001962766, 6.406873, 0.7065626, -0.69965327, -0.10606523, -0.0021747758, 1601.0514, 1601.0514, 955.44714, 717.6866, , 
65956.930701291, 008774, -0.3861841, -0.0011186078, 6.3957415, 0.70715666, -0.69915473, -0.1054095, -0.0009280397, 1601.0514, 1601.0514, 955.44495, 717.6847, , 
65956.964039041, 008775, -0.38394475, 0.00067756325, 6.3750362, 0.70836675, -0.6980477, -0.10461795, 0.0009829673, 1601.0514, 1601.0514, 955.44086, 717.68, , 
65956.980707916, 008776, -0.38297597, 0.0015871823, 6.3649054, 0.7088004, -0.6976504, -0.10432121, 0.0017158821, 1601.0514, 1601.0514, 955.4398, 717.67847, , 
65956.997376625, 008777, -0.38207775, 0.0024604872, 6.3547807, 0.7091669, -0.6973521, -0.10380485, 0.002634747, 1601.0514, 1601.0514, 955.4383, 717.6773, , 
65957.030714458, 008778, -0.3801828, 0.004496593, 6.3342013, 0.70977896, -0.69700193, -0.101908065, 0.0041108993, 1600.5995, 1600.5995, 955.4338, 717.67554, , 
65957.047383333, 008779, -0.3794979, 0.005180113, 6.324495, 0.71007574, -0.6968592, -0.10081181, 0.004082173, 1600.5995, 1600.5995, 955.43225, 717.675, , 
65957.080720916, 008780, -0.37834048, 0.006137017, 6.3060813, 0.71095073, -0.6961861, -0.09933414, 0.0025783153, 1600.5995, 1600.5995, 955.43195, 717.67255, , 
65957.097389875, 008781, -0.37777424, 0.0064655244, 6.297029, 0.711469, -0.6957101, -0.09896771, 0.0021656845, 1600.5995, 1600.5995, 955.432, 717.67084, , 
65957.114058791, 008782, -0.3774392, 0.006691985, 6.2887197, 0.71185595, -0.69531685, -0.0989522, 0.0020068046, 1600.5995, 1600.5995, 955.4321, 717.6689, , 
65957.147396333, 008783, -0.3760687, 0.006955996, 6.2717066, 0.71177566, -0.6952796, -0.099781714, 0.0022663707, 1600.5995, 1600.5995, 955.43286, 717.6681, , 
65957.164065291, 008784, -0.37492257, 0.007016301, 6.262892, 0.71126413, -0.69574136, -0.100196, 0.0028450806, 1600.5995, 1600.5995, 955.43286, 717.6692, , 
65957.197403125, 008785, -0.37185055, 0.0070295557, 6.2451577, 0.70947284, -0.69742125, -0.101137444, 0.004812157, 1600.5995, 1600.5995, 955.4316, 717.6749, , 
65957.214071875, 008786, -0.37065032, 0.0072110593, 6.2372456, 0.70839936, -0.69841766, -0.101730265, 0.005836595, 1600.5995, 1600.5995, 955.43097, 717.6782, , 
65957.230740708, 008787, -0.36923915, 0.007332109, 6.22919, 0.7073234, -0.6994101, -0.102332026, 0.006876775, 1600.5995, 1600.5995, 955.4304, 717.6827, , 
65957.2640785, 008788, -0.3654282, 0.007073909, 6.211752, 0.70529544, -0.7012787, -0.103381366, 0.008872782, 1600.5995, 1600.5995, 955.4295, 717.6891, , 
65957.280747333, 008789, -0.3635223, 0.006751634, 6.20284, 0.7044689, -0.70202386, -0.10387828, 0.009768359, 1600.5995, 1600.5995, 955.4289, 717.69257, , 
65957.314085041, 008790, -0.3605423, 0.0055751055, 6.1860704, 0.70321244, -0.7031602, -0.10460181, 0.010793054, 1600.5995, 1600.5995, 955.42865, 717.6964, , 
65957.330753916, 008791, -0.359335, 0.004740685, 6.178044, 0.7026191, -0.7037429, -0.104661174, 0.010882138, 1600.5995, 1600.5995, 955.42865, 717.69885, , 
65957.347422833, 008792, -0.35787773, 0.0038535073, 6.1692405, 0.702009, -0.7043503, -0.10465128, 0.0110580325, 1600.5995, 1600.5995, 955.4285, 717.7009, , 
65957.380760458, 008793, -0.3546418, 0.0018855631, 6.150868, 0.70082057, -0.70546037, -0.105104245, 0.011376033, 1600.5995, 1600.5995, 955.4288, 717.7052, , 
65957.397429416, 008794, -0.3528618, 0.0008903817, 6.1415663, 0.7002674, -0.7059005, -0.105857566, 0.011151979, 1600.5995, 1600.5995, 955.4298, 717.7067, , 
65957.430767, 008795, -0.34909624, -0.0015963763, 6.1239915, 0.6995118, -0.70629585, -0.10822015, 0.01084987, 1601.0514, 1601.0514, 955.4334, 717.70856, , 
65957.447435916, 008796, -0.347153, -0.0024511516, 6.114332, 0.6993449, -0.70629615, -0.10924499, 0.011314323, 1601.0514, 1601.0514, 955.43414, 717.70856, , 
65957.464104791, 008797, -0.34519494, -0.0031657517, 6.1042995, 0.69936687, -0.70611787, -0.11015501, 0.012221501, 1601.0514, 1601.0514, 955.43427, 717.7081, , 
65957.497442625, 008798, -0.3412763, -0.0044915676, 6.083836, 0.69997334, -0.70515627, -0.11217789, 0.014425176, 1601.0514, 1601.0514, 955.4338, 717.70465, , 
65957.514111333, 008799, -0.33960617, -0.0052004494, 6.0745883, 0.7004087, -0.704502, -0.11348118, 0.0150521705, 1601.0514, 1601.0514, 955.43427, 717.70245, , 
65957.53078025, 008800, -0.3378374, -0.006027572, 6.06539, 0.70071846, -0.7039341, -0.11507261, 0.0151261045, 1601.0514, 1601.0514, 955.4354, 717.7003, , 
65957.564118083, 008801, -0.3335806, -0.008041412, 6.0462136, 0.7005246, -0.7035249, -0.11886382, 0.013766105, 1601.0514, 1601.0514, 955.4418, 717.6978, , 
65957.580786708, 008802, -0.33126324, -0.009089068, 6.0365186, 0.6999426, -0.7037667, -0.120943435, 0.012865377, 1601.0514, 1601.0514, 955.4452, 717.6983, , 
65957.614124541, 008803, -0.32680827, -0.010715276, 6.017303, 0.6983927, -0.7045634, -0.12529466, 0.011803415, 1600.5995, 1600.5995, 955.4533, 717.70123, , 
65957.630793416, 008804, -0.32480812, -0.011033528, 6.0075035, 0.69776314, -0.70482224, -0.12725972, 0.012537267, 1601.0514, 1601.0514, 955.45526, 717.7022, , 
65957.647462375, 008805, -0.32295433, -0.010795064, 5.997168, 0.6974359, -0.7047733, -0.12915787, 0.013998117, 1601.0514, 1601.0514, 955.45624, 717.70245, , 
65957.680799958, 008806, -0.31974584, -0.009225726, 5.976646, 0.69749415, -0.70385456, -0.13349076, 0.01645988, 1601.0514, 1601.0514, 955.45807, 717.6996, , 
65957.697468916, 008807, -0.31827262, -0.008054573, 5.9666486, 0.6976362, -0.7032312, -0.13592616, 0.017133854, 1601.0514, 1601.0514, 955.4601, 717.69745, , 
65957.71413775, 008808, -0.31693268, -0.006421622, 5.9570756, 0.6977086, -0.7026929, -0.138222, 0.017890222, 1601.0514, 1601.0514, 955.4626, 717.6949, , 
65957.747475458, 008809, -0.31401604, -0.002845835, 5.9374166, 0.69735837, -0.70213175, -0.14242221, 0.020449955, 1601.0514, 1601.0514, 955.46484, 717.6929, , 
65957.764144333, 008810, -0.31254163, -0.0010097772, 5.9274683, 0.6970888, -0.70191807, -0.14455877, 0.02193161, 1601.0514, 1601.0514, 955.46576, 717.6921, , 
65957.780813166, 008811, -0.31111604, 0.0008179992, 5.917702, 0.69677484, -0.7017235, -0.14682332, 0.02306014, 1601.0514, 1601.0514, 955.46704, 717.69147, , 
65957.814150833, 008812, -0.3084397, 0.004198339, 5.898467, 0.6961613, -0.7013494, -0.15127297, 0.024186408, 1601.0514, 1601.0514, 955.4718, 717.6901, , 
65957.83081975, 008813, -0.30729318, 0.0056980103, 5.888868, 0.69604, -0.7010471, -0.15312313, 0.024791036, 1601.0514, 1601.0514, 955.4735, 717.6893, , 
65957.8641575, 008814, -0.3054992, 0.00817319, 5.8704085, 0.6962588, -0.7000448, -0.1565275, 0.025693981, 1600.5995, 1600.5995, 955.4769, 717.6856, , 
65957.880826291, 008815, -0.30471548, 0.009107962, 5.8614006, 0.6964638, -0.69939715, -0.15850282, 0.025664978, 1601.0514, 1601.0514, 955.47925, 717.6834, , 
65957.897495208, 008816, -0.30401623, 0.009903051, 5.852258, 0.6966849, -0.69867086, -0.16066016, 0.026028741, 1601.0514, 1601.0514, 955.4817, 717.681, , 
65957.930832916, 008817, -0.30278525, 0.011625901, 5.8331017, 0.69701916, -0.6973484, -0.16431063, 0.029521735, 1601.0514, 1601.0514, 955.4826, 717.6759, , 
65957.947501875, 008818, -0.30228037, 0.012277469, 5.823153, 0.69708467, -0.6968258, -0.16575424, 0.03212914, 1601.0514, 1601.0514, 955.4811, 717.6744, , 
65957.964170583, 008819, -0.30184495, 0.012798265, 5.8131423, 0.6970646, -0.69644177, -0.16692305, 0.034736276, 1600.5995, 1600.5995, 955.47925, 717.6732, , 
65957.997508375, 008820, -0.30119216, 0.013398096, 5.793222, 0.69660604, -0.6963138, -0.16844322, 0.038910117, 1601.0514, 1601.0514, 955.47516, 717.67267, , 
65958.01417725, 008821, -0.30090746, 0.013459697, 5.7826977, 0.69618744, -0.69658387, -0.16865662, 0.040606398, 1601.0514, 1601.0514, 955.4735, 717.67365, , 
65958.030846041, 008822, -0.30072486, 0.013418302, 5.772113, 0.6956874, -0.696985, -0.16862154, 0.04239968, 1601.0514, 1601.0514, 955.47064, 717.67566, , 
65958.064183833, 008823, -0.30083907, 0.01313027, 5.7514043, 0.6947748, -0.6977802, -0.16813616, 0.046054017, 1601.0514, 1601.0514, 955.46564, 717.6791, , 
65958.080852708, 008824, -0.3011313, 0.012866244, 5.741164, 0.69445467, -0.6980199, -0.16805269, 0.047531724, 1601.0514, 1601.0514, 955.46295, 717.68054, , 
65958.114190375, 008825, -0.30146146, 0.011979163, 5.720089, 0.69383204, -0.698396, -0.1685762, 0.04921491, 1601.0514, 1601.0514, 955.4613, 717.682, , 
65958.13085925, 008826, -0.3015495, 0.011329867, 5.7093487, 0.6935368, -0.698552, -0.16908593, 0.049412936, 1601.0514, 1601.0514, 955.4618, 717.6827, , 
65958.164196958, 008827, -0.3028476, 0.009692363, 5.6889377, 0.69311714, -0.6987385, -0.17008042, 0.04925084, 1601.0514, 1601.0514, 955.4633, 717.6831, , 
65958.180865833, 008828, -0.30369872, 0.00871142, 5.678684, 0.69293594, -0.69885737, -0.17033577, 0.04923252, 1601.0514, 1601.0514, 955.46387, 717.68353, , 
65958.197534625, 008829, -0.3046142, 0.007631339, 5.6683826, 0.69276863, -0.698955, -0.17065163, 0.04910754, 1601.0514, 1601.0514, 955.4646, 717.6856, , 
65958.230872458, 008830, -0.3059633, 0.0054509155, 5.646841, 0.6923468, -0.6991423, -0.17200617, 0.047643237, 1601.0514, 1601.0514, 955.4677, 717.6866, , 
65958.247541333, 008831, -0.3069763, 0.0041876286, 5.636489, 0.6919697, -0.6993902, -0.17287791, 0.046309195, 1601.0514, 1601.0514, 955.47144, 717.687, , 
65958.280879041, 008832, -0.30967748, 0.0017670915, 5.6157274, 0.69126004, -0.69998884, -0.17389554, 0.043995045, 1601.0514, 1601.0514, 955.4762, 717.68854, , 
65958.297547875, 008833, -0.31134066, 0.00073377794, 5.6053534, 0.69111294, -0.70017123, -0.17402467, 0.042878173, 1601.0514, 1601.0514, 955.47833, 717.6891, , 
65958.330885541, 008834, -0.31380782, -0.0003264211, 5.583284, 0.690876, -0.700634, -0.17402415, 0.038959716, 1601.0514, 1601.0514, 955.4833, 717.68976, , 
65958.347554416, 008835, -0.3154761, -0.00050253794, 5.572947, 0.69083565, -0.70094764, -0.1734066, 0.03672477, 1601.0514, 1601.0514, 955.48584, 717.6903, , 
65958.38089225, 008836, -0.31921065, 3.398955e-05, 5.5526395, 0.6908431, -0.70185304, -0.17042911, 0.033045664, 1601.0514, 1601.0514, 955.48785, 717.69275, , 
65958.397561125, 008837, -0.32110423, 0.0005982965, 5.5427513, 0.6907936, -0.70241076, -0.16872214, 0.03092288, 1601.0514, 1601.0514, 955.48816, 717.69415, , 
65958.414229916, 008838, -0.3223194, 0.0016838238, 5.5312324, 0.6906781, -0.70298374, -0.16722131, 0.028541649, 1601.0514, 1601.0514, 955.4897, 717.6963, , 
65958.447567583, 008839, -0.32512063, 0.003913589, 5.5093827, 0.6905196, -0.70391554, -0.16444796, 0.025348827, 1601.0514, 1601.0514, 955.4912, 717.699, , 
65958.464236541, 008840, -0.32676208, 0.005072959, 5.4988394, 0.6906074, -0.7041702, -0.16298224, 0.025347663, 1601.0514, 1601.0514, 955.48926, 717.7002, , 
65958.497574208, 008841, -0.32989442, 0.0075767636, 5.4778166, 0.6909383, -0.70457375, -0.15961325, 0.026530012, 1601.0514, 1601.0514, 955.4833, 717.70135, , 
65958.514243083, 008842, -0.33055353, 0.009064652, 5.465712, 0.6908778, -0.7050385, -0.15788552, 0.026092673, 1601.0514, 1601.0514, 955.48065, 717.7028, , 
65958.530912041, 008843, -0.33111563, 0.010305032, 5.4543443, 0.6905703, -0.7057704, -0.1561883, 0.024617534, 1601.0514, 1601.0514, 955.4803, 717.7047, , 
65958.564249666, 008844, -0.3325935, 0.011725768, 5.4350743, 0.6891734, -0.7080731, -0.15252098, 0.020246709, 1601.0514, 1601.0514, 955.48206, 717.71265, , 
65958.5809185, 008845, -0.33320615, 0.012213651, 5.4258385, 0.68819934, -0.70950216, -0.15052263, 0.018201604, 1601.0514, 1601.0514, 955.4825, 717.7172, , 
65960.631188541, 008930, -0.23207542, 0.018978782, 4.2325244, 0.6415992, -0.71317095, -0.25996548, 0.110252865, 1601.0514, 1601.0514, 955.525, 717.7533, , 
65960.64785725, 008931, -0.23220357, 0.01857306, 4.2229147, 0.6398583, -0.712722, -0.2647578, 0.11185644, 1601.5033, 1601.5033, 955.5298, 717.75244, , 
65960.681195083, 008932, -0.23266147, 0.018219806, 4.203591, 0.63634896, -0.711787, -0.2741743, 0.11509814, 1601.0514, 1601.0514, 955.5417, 717.75116, , 
65960.697863958, 008933, -0.23325655, 0.018548883, 4.1935816, 0.63506204, -0.7106829, -0.27871585, 0.11808237, 1601.0514, 1601.0514, 955.5448, 717.7493, , 
65960.71453275, 008934, -0.23402433, 0.019189715, 4.1829424, 0.6341622, -0.7091257, -0.28292444, 0.122200236, 1601.0514, 1601.0514, 955.5453, 717.7454, , 
65960.7478705, 008935, -0.23581119, 0.021204434, 4.1625185, 0.63286674, -0.70548314, -0.29129073, 0.13008809, 1601.0514, 1601.0514, 955.54425, 717.73773, , 
65960.764539416, 008936, -0.23657244, 0.022319183, 4.1529202, 0.6320047, -0.70382524, -0.2958014, 0.13304791, 1601.0514, 1601.0514, 955.5462, 717.7325, , 
65960.781208333, 008937, -0.23722862, 0.02343598, 4.1434164, 0.63080037, -0.7023362, -0.30055958, 0.13593596, 1601.0514, 1601.0514, 955.54865, 717.7292, , 
65960.814545875, 008938, -0.23877347, 0.026027411, 4.1234646, 0.6272582, -0.69973266, -0.31022906, 0.14380305, 1601.0514, 1601.0514, 955.5525, 717.72455, , 
65960.83121475, 008939, -0.23981853, 0.02761314, 4.1128607, 0.62514204, -0.6984722, -0.31468925, 0.14934765, 1601.0514, 1601.0514, 955.55164, 717.7241, , 
65960.864552416, 008940, -0.24214475, 0.030923411, 4.0918784, 0.6212293, -0.6957104, -0.3224566, 0.16150203, 1601.0514, 1601.0514, 955.5466, 717.7237, , 
65960.881221375, 008941, -0.24345827, 0.032596618, 4.0817394, 0.61958635, -0.6942308, -0.3259471, 0.16707723, 1601.0514, 1601.0514, 955.5426, 717.723, , 
65960.89789025, 008942, -0.24480945, 0.034200676, 4.071939, 0.6180635, -0.6927706, -0.32941577, 0.17190589, 1601.0514, 1601.0514, 955.5404, 717.72205, , 
65960.931228083, 008943, -0.24772741, 0.037764527, 4.052774, 0.61522156, -0.68982434, -0.33659604, 0.17985576, 1601.0514, 1601.0514, 955.5389, 717.7184, , 
65960.947896708, 008944, -0.24940309, 0.039138936, 4.043606, 0.61394095, -0.68813396, -0.34021142, 0.18385927, 1601.0514, 1601.0514, 955.5382, 717.7162, , 
65960.981234625, 008945, -0.253002, 0.0414173, 4.0257235, 0.61106265, -0.6846106, -0.34797522, 0.1918958, 1601.0514, 1601.0514, 955.5368, 717.7117, , 
65960.9979035, 008946, -0.25483194, 0.04247825, 4.0169964, 0.60920906, -0.68295634, -0.35242742, 0.19552483, 1601.0514, 1601.0514, 955.53784, 717.70874, , 
65961.014572208, 008947, -0.25653505, 0.043694764, 4.0075216, 0.6071723, -0.68147093, -0.3568626, 0.19896793, 1601.0514, 1601.0514, 955.5394, 717.707, , 
65961.04791, 008948, -0.26025486, 0.04602173, 3.989352, 0.60290045, -0.6791195, -0.36458334, 0.20588039, 1601.0514, 1601.0514, 955.5421, 717.70514, , 
65961.064578916, 008949, -0.26224965, 0.047067493, 3.9807346, 0.6005676, -0.6783551, -0.36797035, 0.20916694, 1601.0514, 1601.0514, 955.54315, 717.7056, , 
65961.097916541, 008950, -0.26643282, 0.048893064, 3.9638703, 0.5955344, -0.67752844, -0.37413028, 0.21522179, 1601.0514, 1601.0514, 955.5461, 717.70935, , 
65961.114585416, 008951, -0.26869425, 0.049905628, 3.9548173, 0.5930573, -0.6772102, -0.37688562, 0.21823552, 1601.0514, 1601.0514, 955.54724, 717.7115, , 
65961.131254375, 008952, -0.2711166, 0.05069747, 3.9459558, 0.5905576, -0.67679536, -0.37975353, 0.22130756, 1601.0514, 1601.0514, 955.5483, 717.71356, , 
65961.164591958, 008953, -0.27654558, 0.051410437, 3.9293084, 0.5851861, -0.67562336, -0.3861176, 0.22804286, 1601.0514, 1601.0514, 955.55096, 717.71765, , 
65961.181260833, 008954, -0.2795241, 0.05149959, 3.9211717, 0.58240783, -0.67496425, -0.38938808, 0.23151955, 1601.0514, 1601.0514, 955.552, 717.71936, , 
65961.197929708, 008955, -0.2826478, 0.05143875, 3.913187, 0.5796561, -0.67428255, -0.392745, 0.23471922, 1601.0514, 1601.0514, 955.554, 717.7213, , 
65961.231267583, 008956, -0.28980857, 0.050796844, 3.8978045, 0.5745706, -0.67267346, -0.39946222, 0.24043491, 1601.5033, 1601.5033, 955.5578, 717.723, , 
65961.24793625, 008957, -0.29353464, 0.050367616, 3.8900573, 0.57199746, -0.67190456, -0.40271905, 0.24327044, 1601.5033, 1601.5033, 955.56036, 717.72406, , 
65961.264605166, 008958, -0.29737455, 0.049874425, 3.8823044, 0.5693217, -0.6711446, -0.4060413, 0.24610633, 1601.5033, 1601.5033, 955.5624, 717.725, , 
65961.297942958, 008959, -0.30542696, 0.048697703, 3.86711, 0.563834, -0.6695201, -0.41321924, 0.25116545, 1601.5033, 1601.5033, 955.5678, 717.7261, , 
65961.31461175, 008960, -0.3097193, 0.047874093, 3.8602192, 0.5611014, -0.668682, -0.4169023, 0.25342074, 1601.0514, 1601.0514, 955.57227, 717.7262, , 
65961.331280625, 008961, -0.31414738, 0.046994574, 3.8533409, 0.5583189, -0.66808426, -0.42031354, 0.25549954, 1601.0514, 1601.0514, 955.57574, 717.72675, , 
65961.364618458, 008962, -0.3235047, 0.045438163, 3.839065, 0.5529207, -0.6671072, -0.42646694, 0.25956225, 1601.0514, 1601.0514, 955.5833, 717.72906, , 
65961.381287333, 008963, -0.3284735, 0.04477159, 3.8319414, 0.5505946, -0.66646194, -0.4292325, 0.2615979, 1601.0514, 1601.0514, 955.5858, 717.7297, , 
65961.397956, 008964, -0.33364657, 0.044202834, 3.8248625, 0.5485282, -0.66552997, -0.4320102, 0.2637305, 1601.5033, 1601.5033, 955.5877, 717.7296, , 
65961.431293833, 008965, -0.3433643, 0.042723596, 3.8101203, 0.54449713, -0.66335255, -0.43802845, 0.26761425, 1601.5033, 1601.5033, 955.59235, 717.72754, , 
65961.447962708, 008966, -0.34845752, 0.042204253, 3.8032076, 0.54226214, -0.6623391, -0.44147232, 0.26899984, 1601.5033, 1601.5033, 955.5958, 717.72626, , 
65961.464631416, 008967, -0.35357198, 0.04178024, 3.7965317, 0.5399104, -0.66138476, -0.44523343, 0.269878, 1601.5033, 1601.5033, 955.60223, 717.724, , 
65961.481300333, 008968, -0.35867083, 0.04147564, 3.7900748, 0.53763586, -0.6604518, -0.44916373, 0.27019066, 1601.0514, 1601.0514, 955.6083, 717.7216, , 
65961.514638166, 008969, -0.36896116, 0.0416364, 3.778158, 0.5335982, -0.65848035, -0.456809, 0.27018905, 1601.5033, 1601.5033, 955.6233, 717.7147, , 
65961.531307041, 008970, -0.3746335, 0.042323023, 3.772253, 0.5322976, -0.65686333, -0.45988595, 0.27146778, 1601.5033, 1601.5033, 955.62616, 717.7112, , 
65961.547975791, 008971, -0.38092452, 0.04340037, 3.7657263, 0.5316754, -0.65463537, -0.4621492, 0.27421126, 1601.5033, 1601.5033, 955.6251, 717.70764, , 
65961.564644666, 008972, -0.38755834, 0.04468281, 3.7589438, 0.531337, -0.6520314, -0.46403039, 0.27786982, 1601.5033, 1601.5033, 955.621, 717.70416, , 
65961.581313541, 008973, -0.3942387, 0.045973495, 3.7521143, 0.5307737, -0.64948416, -0.4660069, 0.28157994, 1601.0514, 1601.0514, 955.6149, 717.6998, , 
65961.614651208, 008974, -0.40688878, 0.048099265, 3.73851, 0.52821225, -0.6447133, -0.47142857, 0.28825653, 1601.0514, 1601.0514, 955.61005, 717.69385, , 
65961.631320125, 008975, -0.41277432, 0.048891798, 3.7319016, 0.5264507, -0.6427084, -0.4744981, 0.29090744, 1601.0514, 1601.0514, 955.6097, 717.6903, , 
65961.647989, 008976, -0.4188161, 0.049661435, 3.725547, 0.5245342, -0.64097136, -0.477531, 0.29322982, 1601.0514, 1601.0514, 955.6106, 717.688, , 
65961.664657916, 008977, -0.42495006, 0.050423134, 3.7192636, 0.5224971, -0.63923967, -0.48058012, 0.2956553, 1601.0514, 1601.0514, 955.61163, 717.6861, , 
65961.681326666, 008978, -0.4312052, 0.0512143, 3.7130337, 0.5204834, -0.6373846, -0.48351964, 0.2984071, 1601.0514, 1601.0514, 955.61237, 717.6837, , 
65961.714664416, 008979, -0.4436643, 0.052789636, 3.7003665, 0.51663166, -0.63386095, -0.48866624, 0.30416685, 1601.0514, 1601.0514, 955.6115, 717.68085, , 
65961.731333291, 008980, -0.44972187, 0.053515367, 3.6940715, 0.51455206, -0.63263226, -0.4907724, 0.30684674, 1601.0514, 1601.0514, 955.6112, 717.68054, , 
65961.748002208, 008981, -0.45577824, 0.05421225, 3.688276, 0.5121818, -0.6318658, -0.4925459, 0.3095384, 1601.0514, 1601.0514, 955.6112, 717.682, , 
65961.764670958, 008982, -0.46177632, 0.054865576, 3.6826937, 0.5094283, -0.63140076, -0.49419054, 0.31239673, 1601.0514, 1601.0514, 955.6113, 717.68463, , 
65961.798008708, 008983, -0.4737082, 0.056035616, 3.6719234, 0.50256306, -0.63053423, -0.4983189, 0.318646, 1601.0514, 1601.0514, 955.6138, 717.6926, , 
65961.814677708, 008984, -0.4801389, 0.05660387, 3.6661673, -0.49861258, 0.62982625, 0.5008292, -0.3222957, 1601.0514, 1601.0514, 955.61536, 717.69604, , 
65961.831346375, 008985, -0.48679513, 0.057196885, 3.660491, -0.4945122, 0.62864786, 0.50352514, -0.3266831, 1601.0514, 1601.0514, 955.6162, 717.69946, , 
65961.864684166, 008986, -0.5004653, 0.058367893, 3.6500263, -0.4861709, 0.62476635, 0.50966245, -0.3369703, 1601.0514, 1601.0514, 955.6148, 717.7054, , 
65961.881353041, 008987, -0.50737506, 0.058785826, 3.6450486, -0.48187178, 0.6227942, 0.512771, -0.34204218, 1601.0514, 1601.0514, 955.6143, 717.7075, , 
65961.898022, 008988, -0.5142688, 0.059060335, 3.6400928, -0.47743225, 0.6210863, 0.5156375, -0.3470276, 1601.0514, 1601.0514, 955.6141, 717.71155, , 
65961.91469075, 008989, -0.5214759, 0.05920954, 3.6344981, -0.47284544, 0.61942714, 0.518447, -0.3520511, 1601.0514, 1601.0514, 955.6142, 717.7151, , 
65961.931359583, 008990, -0.52872586, 0.05932711, 3.6290126, -0.46817502, 0.6175374, 0.5214951, -0.35707515, 1601.0514, 1601.0514, 955.61456, 717.71826, , 
65961.964697458, 008991, -0.54314286, 0.05954966, 3.6188645, -0.45902395, 0.6130417, 0.52789074, -0.36716223, 1601.0514, 1601.0514, 955.61505, 717.7235, , 
65961.981366083, 008992, -0.55052847, 0.059634246, 3.6137998, -0.45467076, 0.61051166, 0.5308157, -0.37253803, 1601.0514, 1601.0514, 955.6142, 717.7257, , 
65961.998035, 008993, -0.5580256, 0.059638165, 3.608716, -0.45045257, 0.6078417, 0.5335268, -0.37811416, 1601.0514, 1601.0514, 955.6119, 717.72864, , 
65962.014703916, 008994, -0.5656665, 0.059799984, 3.602537, -0.4461766, 0.60521793, 0.536197, -0.383576, 1601.0514, 1601.0514, 955.61017, 717.7309, , 
65962.031372875, 008995, -0.5732015, 0.059819512, 3.5965593, -0.44166598, 0.6027838, 0.538982, -0.38869178, 1601.0514, 1601.0514, 955.6093, 717.7333, , 
65962.064710458, 008996, -0.58823, 0.059529923, 3.5860648, -0.43226457, 0.59744734, 0.54544353, -0.3983659, 1601.0514, 1601.0514, 955.6102, 717.7374, , 
65962.081379333, 008997, -0.59599465, 0.05947011, 3.581092, -0.42790675, 0.5940275, 0.549015, -0.40324876, 1601.0514, 1601.0514, 955.61005, 717.73737, , 
65962.098048333, 008998, -0.6039992, 0.059533097, 3.5761976, -0.4239926, 0.59001696, 0.5525533, -0.40840557, 1601.0514, 1601.0514, 955.60864, 717.7364, , 
65962.114717125, 008999, -0.61258477, 0.059729666, 3.5705154, -0.4203274, 0.58556527, 0.55603516, -0.41383952, 1601.0514, 1601.0514, 955.6047, 717.7341, , 
65962.14805475, 009000, -0.6292141, 0.060109556, 3.5598497, -0.41256878, 0.5765724, 0.56309724, -0.42458552, 1601.5033, 1601.5033, 955.5984, 717.7306, , 
65962.164723583, 009001, -0.6370943, 0.060185894, 3.554859, -0.40817204, 0.5723212, 0.5669125, -0.42948133, 1601.5033, 1601.5033, 955.59656, 717.72845, , 
65962.181392583, 009002, -0.64476407, 0.060183436, 3.5499284, 0.40322366, -0.5681542, -0.5710655, 0.4341608, 1601.5033, 1601.5033, 955.59656, 717.7269, , 
65962.198061458, 009003, -0.652254, 0.060119428, 3.5450008, 0.39771432, -0.56406236, -0.57548785, 0.4387149, 1601.5033, 1601.5033, 955.5977, 717.72546, , 
65962.214730208, 009004, -0.6597478, 0.060310587, 3.5395656, 0.39164695, -0.5600528, -0.58011144, 0.4431977, 1601.5033, 1601.5033, 955.6007, 717.7237, , 
65962.248068, 009005, -0.6739846, 0.06040112, 3.5295959, 0.37782484, -0.5517289, -0.5905304, 0.45179364, 1601.0514, 1601.0514, 955.609, 717.7207, , 
65962.264736875, 009006, -0.6810598, 0.060633875, 3.5248423, 0.37066445, -0.54689384, -0.59600997, 0.45638487, 1601.0514, 1601.0514, 955.6143, 717.7176, , 
65962.281405625, 009007, -0.68808925, 0.061089613, 3.5203068, 0.36376312, -0.54158986, -0.6014986, 0.4610383, 1601.5033, 1601.5033, 955.61725, 717.7144, , 
65962.298074541, 009008, -0.6949082, 0.061709978, 3.5159705, 0.35705227, -0.5362127, -0.6070442, 0.46528167, 1601.5033, 1601.5033, 955.62, 717.71045, , 
65962.314743416, 009009, -0.701496, 0.062268652, 3.512258, 0.3502638, -0.53103393, -0.61268765, 0.4689692, 1601.5033, 1601.5033, 955.6237, 717.7059, , 
65962.34808125, 009010, -0.7142431, 0.063886955, 3.5039282, 0.33575624, -0.52055496, -0.62431544, 0.47594178, 1601.5033, 1601.5033, 955.635, 717.6944, , 
65962.364749958, 009011, -0.72068566, 0.06493274, 3.499697, 0.32829452, -0.51486534, -0.6301869, 0.479584, 1601.5033, 1601.5033, 955.6399, 717.689, , 
65962.381418833, 009012, -0.72732645, 0.06615673, 3.4955056, 0.3209966, -0.50885874, -0.6357233, 0.4836112, 1601.0514, 1601.0514, 955.64465, 717.68195, , 
65962.39808775, 009013, -0.7342231, 0.0675149, 3.4913256, 0.3139587, -0.50267845, -0.6406305, 0.4881976, 1601.0514, 1601.0514, 955.6463, 717.6777, , 
65962.431425375, 009014, -0.74871856, 0.07011089, 3.483416, 0.30055183, -0.49041635, -0.64834684, 0.49880543, 1601.0514, 1601.0514, 955.645, 717.67285, , 
65962.44809425, 009015, -0.7560149, 0.07148342, 3.479372, 0.29416993, -0.48474893, -0.65114814, 0.5044686, 1601.0514, 1601.0514, 955.6422, 717.6729, , 
65962.464763208, 009016, -0.76336753, 0.072853886, 3.4753747, 0.28787002, -0.47922984, -0.6535036, 0.5102967, 1601.5033, 1601.5033, 955.63965, 717.67426, , 
65962.498100958, 009017, -0.77816874, 0.07563144, 3.4680045, 0.27553412, -0.46751815, -0.65780145, 0.52230746, 1601.5033, 1601.5033, 955.6314, 717.6785, , 
65962.514769708, 009018, -0.7846301, 0.07664332, 3.4656475, 0.26961276, -0.46129084, -0.66011024, 0.5279908, 1601.5033, 1601.5033, 955.62744, 717.6794, , 
65962.531438583, 009019, -0.79106826, 0.0777415, 3.4632962, 0.26398408, -0.45499784, -0.66251504, 0.5332572, 1601.5033, 1601.5033, 955.62354, 717.6795, , 
65962.564776333, 009020, -0.8036078, 0.08009887, 3.4584124, 0.25304022, -0.4429119, -0.66784227, 0.5420207, 1601.0514, 1601.0514, 955.6165, 717.6765, , 
65962.581445166, 009021, -0.80946076, 0.08117449, 3.4560494, 0.24762155, -0.43757015, -0.6704123, 0.545677, 1601.0514, 1601.0514, 955.61536, 717.6747, , 
65962.598114041, 009022, -0.81514686, 0.082203045, 3.4537935, 0.24247098, -0.43249837, -0.6726167, 0.54930836, 1601.0514, 1601.0514, 955.6139, 717.67334, , 
65962.614782958, 009023, -0.8210613, 0.08277799, 3.4517207, 0.23757142, -0.42739326, -0.6745333, 0.55308205, 1601.0514, 1601.0514, 955.6119, 717.6729, , 
65964.648383916, 009112, -1.4157271, 0.07199563, 3.8398533, 0.041698683, -0.27929956, -0.73288643, 0.61897534, 1601.5033, 1601.5033, 955.6813, 717.60645, , 
65964.681721458, 009113, -1.4218318, 0.073818386, 3.8548453, 0.051073376, -0.28815368, -0.73072964, 0.6167602, 1601.5033, 1601.5033, 955.68164, 717.6114, , 
65964.698390375, 009114, -1.4250257, 0.07477083, 3.8622093, 0.056038525, -0.29227123, -0.7296299, 0.6156928, 1601.5033, 1601.5033, 955.68024, 717.6145, , 
65964.715059291, 009115, -1.4292177, 0.07577388, 3.8691986, 0.06112275, -0.29651046, -0.72845477, 0.6145723, 1601.5033, 1601.5033, 955.6791, 717.6167, , 
65964.748396916, 009116, -1.4361464, 0.07759523, 3.8824449, 0.07195911, -0.30573842, -0.7261093, 0.61164623, 1601.5033, 1601.5033, 955.67725, 717.6215, , 
65964.765065833, 009117, -1.4394698, 0.07848823, 3.8886492, 0.07761352, -0.3104584, -0.72502065, 0.6098662, 1601.5033, 1601.5033, 955.6764, 717.62305, , 
65964.78173475, 009118, -1.4428594, 0.07938655, 3.8946006, 0.083325006, -0.3150353, -0.72392505, 0.60806423, 1601.5033, 1601.5033, 955.6755, 717.6243, , 
65964.815072333, 009119, -1.4497393, 0.081238054, 3.9053512, 0.094425514, -0.3235994, -0.7216386, 0.6046528, 1601.5033, 1601.5033, 955.6721, 717.6273, , 
65964.831741208, 009120, -1.4529674, 0.0822427, 3.9098141, 0.09934247, -0.3278036, -0.7206736, 0.6027482, 1601.5033, 1601.5033, 955.6715, 717.6282, , 
65964.865079041, 009121, -1.4599705, 0.08387226, 3.918702, 0.107190266, -0.33626243, -0.7194007, 0.5982478, 1601.5033, 1601.5033, 955.67535, 717.62854, , 
65964.881747916, 009122, -1.4635229, 0.08460999, 3.9228246, 0.1106282, -0.34059098, -0.7189907, 0.5956607, 1601.5033, 1601.5033, 955.6785, 717.62805, , 
65964.9150855, 009123, -1.4696229, 0.08636293, 3.9296038, 0.11813831, -0.34938872, -0.71861386, 0.58954644, 1601.0514, 1601.0514, 955.687, 717.6248, , 
65964.931754416, 009124, -1.4727962, 0.08721035, 3.9330611, 0.12229833, -0.3532876, -0.7188156, 0.5861188, 1601.0514, 1601.0514, 955.6901, 717.62177, , 
65964.948423333, 009125, -1.476242, 0.087990776, 3.936659, 0.12638651, -0.35658333, -0.71931535, 0.5826322, 1601.5033, 1601.5033, 955.69257, 717.61774, , 
65964.981760916, 009126, -1.4836981, 0.08907245, 3.9436452, 0.13332897, -0.36190876, -0.72068846, 0.5760673, 1601.5033, 1601.5033, 955.6981, 717.60657, , 
65964.998429875, 009127, -1.4877008, 0.089275196, 3.9468107, 0.13633974, -0.3645825, -0.72099155, 0.5732907, 1601.5033, 1601.5033, 955.7007, 717.60297, , 
65965.031767666, 009128, -1.494996, 0.08910174, 3.9509757, 0.14258279, -0.36916628, -0.7207904, 0.5690762, 1601.5033, 1601.5033, 955.7035, 717.5982, , 
65965.048436333, 009129, -1.4990152, 0.08894983, 3.9533367, 0.14604636, -0.37093976, -0.7207784, 0.5670561, 1601.5033, 1601.5033, 955.70294, 717.5959, , 
65965.081774166, 009130, -1.5065719, 0.08838392, 3.958118, 0.15386923, -0.3754892, -0.72099465, 0.5616928, 1601.5033, 1601.5033, 955.7031, 717.5881, , 
65965.098443041, 009131, -1.5100685, 0.08807641, 3.960319, 0.15775996, -0.37835127, -0.72116303, 0.55846757, 1601.5033, 1601.5033, 955.70514, 717.5846, , 
65965.131780708, 009132, -1.5166961, 0.08876884, 3.9635098, 0.16478278, -0.38226324, -0.7222831, 0.55229384, 1601.5033, 1601.5033, 955.7091, 717.5737, , 
65965.148449625, 009133, -1.5201099, 0.08896961, 3.9651124, 0.1677171, -0.38439533, -0.722756, 0.549304, 1601.5033, 1601.5033, 955.7113, 717.5692, , 
65965.181787375, 009134, -1.5268555, 0.08925612, 3.9676101, 0.17287071, -0.39115027, -0.7224724, 0.5432778, 1601.5033, 1601.5033, 955.7216, 717.5645, , 
65965.198456083, 009135, -1.5302027, 0.08956041, 3.9686322, 0.17556503, -0.3948832, -0.7218907, 0.54047936, 1601.5033, 1601.5033, 955.7265, 717.5641, , 
65965.231793958, 009136, -1.5377265, 0.091916025, 3.9706268, 0.18154532, -0.4007969, -0.72058874, 0.5358685, 1601.5033, 1601.5033, 955.7323, 717.5632, , 
65965.248462791, 009137, -1.5409962, 0.09251015, 3.971496, 0.1842643, -0.40377966, -0.7200435, 0.53342855, 1601.5033, 1601.5033, 955.73474, 717.56256, , 
65965.281800416, 009138, -1.5464308, 0.092567116, 3.9729953, 0.18870243, -0.41045335, -0.71963406, 0.52730095, 1601.5033, 1601.5033, 955.7469, 717.5597, , 
65965.298469333, 009139, -1.5487881, 0.09222557, 3.973679, 0.19125241, -0.41418782, -0.7192446, 0.523983, 1601.5033, 1601.5033, 955.7528, 717.55853, , 
65965.331807083, 009140, -1.5541915, 0.092199475, 3.976458, 0.19892061, -0.42179543, -0.7173208, 0.51765823, 1601.5033, 1601.5033, 955.76105, 717.5578, , 
65965.348475875, 009141, -1.5566803, 0.09204385, 3.9774206, 0.20372798, -0.42515096, -0.71615344, 0.51465124, 1601.5033, 1601.5033, 955.7617, 717.5572, , 
65965.36514475, 009142, -1.5590817, 0.09190495, 3.9781578, 0.208832, -0.42826918, -0.7149937, 0.51162356, 1601.5033, 1601.5033, 955.7616, 717.55597, , 
65965.3984825, 009143, -1.5637877, 0.09188361, 3.9788976, 0.21918218, -0.4349697, -0.7123682, 0.5052643, 1601.5033, 1601.5033, 955.7616, 717.55347, , 
65965.41515125, 009144, -1.5662816, 0.09229766, 3.9793077, 0.22414091, -0.43823326, -0.71108603, 0.50206476, 1601.5033, 1601.5033, 955.7621, 717.5524, , 
65965.448488958, 009145, -1.5712479, 0.09350987, 3.9796264, 0.23369205, -0.44451424, -0.7084529, 0.49587265, 1601.5033, 1601.5033, 955.7631, 717.5503, , 
65965.465157916, 009146, -1.5735693, 0.094114676, 3.979262, 0.23871292, -0.44803756, -0.7066477, 0.4928769, 1601.5033, 1601.5033, 955.7631, 717.5503, , 
65965.498495625, 009147, -1.5777057, 0.09551874, 3.978294, 0.2497404, -0.4553683, -0.7025691, 0.48648345, 1601.5033, 1601.5033, 955.76196, 717.5511, , 
65965.515164458, 009148, -1.5788, 0.0962223, 3.9776652, 0.25555834, -0.45908308, -0.70069087, 0.4826645, 1601.5033, 1601.5033, 955.76184, 717.55035, , 
65965.548502208, 009149, -1.5801877, 0.09728989, 3.9764912, 0.26786983, -0.46780598, -0.6967091, 0.47328615, 1601.5033, 1601.5033, 955.76556, 717.5476, , 
65965.565171, 009150, -1.5810999, 0.09767474, 3.9759905, 0.27448696, -0.47256348, -0.69429046, 0.46829644, 1601.5033, 1601.5033, 955.7676, 717.5469, , 
65965.598508791, 009151, -1.5834911, 0.09840148, 3.9749546, 0.28827742, -0.48093405, -0.6889055, 0.45935607, 1601.5033, 1601.5033, 955.7672, 717.54553, , 
65965.615177666, 009152, -1.5846006, 0.09866652, 3.9741771, 0.2949529, -0.48430672, -0.68629897, 0.45545977, 1601.5033, 1601.5033, 955.76526, 717.5446, , 
65965.631846583, 009153, -1.5856982, 0.09886256, 3.973181, 0.30126864, -0.48759457, -0.6836944, 0.45171973, 1601.5033, 1601.5033, 955.76324, 717.54376, , 
65965.665184166, 009154, -1.5884393, 0.09913762, 3.970727, 0.31300235, -0.49544364, -0.6777865, 0.44403878, 1601.5033, 1601.5033, 955.7614, 717.54504, , 
65965.681853125, 009155, -1.5897466, 0.09915431, 3.9692166, 0.31863743, -0.5000546, -0.674381, 0.4400294, 1601.5033, 1601.5033, 955.7616, 717.5471, , 
65965.715190708, 009156, -1.5918016, 0.09888323, 3.9656403, 0.33063945, -0.5104583, -0.6662263, 0.43156958, 1601.5033, 1601.5033, 955.76184, 717.5551, , 
65965.731859625, 009157, -1.5924872, 0.09863456, 3.963632, 0.33728844, -0.5158431, -0.661608, 0.4271032, 1601.5033, 1601.5033, 955.7609, 717.55896, , 
65965.7485285, 009158, -1.5931581, 0.098616935, 3.9617195, 0.34434116, -0.521201, -0.6567786, 0.42239857, 1601.5033, 1601.5033, 955.7595, 717.56256, , 
65965.781866291, 009159, -1.5936177, 0.09862831, 3.9578314, 0.35913846, -0.5327207, -0.64655524, 0.41133276, 1601.5033, 1601.5033, 955.7577, 717.5704, , 
65965.798534958, 009160, -1.5933176, 0.09851377, 3.9557948, 0.36650515, -0.53900117, -0.6413061, 0.40481883, 1601.5033, 1601.5033, 955.75885, 717.57367, , 
65965.831872791, 009161, -1.592767, 0.09800169, 3.9515462, 0.3811625, -0.5518576, -0.6300399, 0.3914309, 1601.5033, 1601.5033, 955.7628, 717.5822, , 
65965.848541625, 009162, -1.5922753, 0.097811624, 3.9489973, 0.38863465, -0.55837524, -0.62344384, 0.3853543, 1601.5033, 1601.5033, 955.7623, 717.58777, , 
65965.865210458, 009163, -1.5917413, 0.097670406, 3.946252, 0.3958894, -0.5646939, -0.6166573, 0.3796396, 1601.5033, 1601.5033, 955.76056, 717.5941, , 
65965.89854825, 009164, -1.5902654, 0.09744534, 3.9405935, 0.40865487, -0.57643783, -0.6044945, 0.36784098, 1601.5033, 1601.5033, 955.7591, 717.6073, , 
65965.915217125, 009165, -1.5891136, 0.09751381, 3.937941, 0.41435704, -0.58194745, -0.59896827, 0.3617768, 1601.5033, 1601.5033, 955.7604, 717.6122, , 
65965.94855475, 009166, -1.586731, 0.09791304, 3.9327228, -0.42605165, 0.5914798, 0.58825636, -0.35012305, 1601.5033, 1601.5033, 955.76117, 717.6211, , 
65965.965223666, 009167, -1.5854073, 0.098151, 3.930309, -0.43224943, 0.59575605, 0.58305764, -0.34391704, 1601.5033, 1601.5033, 955.7609, 717.62317, , 
65965.9818925, 009168, -1.5838877, 0.098372, 3.9281116, -0.4387334, 0.60002726, 0.57770133, -0.3372559, 1601.5033, 1601.5033, 955.7613, 717.6252, , 
65966.015230166, 009169, -1.5803965, 0.09875512, 3.9244254, -0.4523835, 0.60869306, 0.56597215, -0.32329184, 1601.5033, 1601.5033, 955.7609, 717.62805, , 
65966.031899041, 009170, -1.5785211, 0.09891398, 3.9228246, -0.45932075, 0.6129501, 0.55971843, -0.31627807, 1601.5033, 1601.5033, 955.75964, 717.6305, , 
65966.048567916, 009171, -1.5766269, 0.09901804, 3.9210384, -0.46608117, 0.6171025, 0.5532973, -0.30954003, 1601.5033, 1601.5033, 955.7581, 717.6325, , 
65966.081905583, 009172, -1.572587, 0.098983586, 3.9171076, -0.47848818, 0.6255817, 0.5400166, -0.29678062, 1601.5033, 1601.5033, 955.7542, 717.63873, , 
65966.098574458, 009173, -1.5703619, 0.09887481, 3.9150867, -0.48402387, 0.6298254, 0.53359395, -0.29037634, 1601.5033, 1601.5033, 955.75256, 717.6438, , 
65966.131912291, 009174, -1.5660139, 0.09841803, 3.9113283, -0.49421942, 0.6378819, 0.5216467, -0.27701733, 1601.5033, 1601.5033, 955.75336, 717.6506, , 
65966.148581125, 009175, -1.5636382, 0.09821421, 3.9095407, -0.49922928, 0.64158964, 0.51584834, -0.2702467, 1601.5033, 1601.5033, 955.7545, 717.6542, , 
65966.165249958, 009176, -1.5612528, 0.09806444, 3.9078069, 0.5043408, -0.64510167, -0.5099, 0.26360232, 1601.5033, 1601.5033, 955.7549, 717.6566, , 
65966.198587666, 009177, -1.5564892, 0.097851075, 3.9043097, 0.51488525, -0.6518591, -0.49701062, 0.2509053, 1601.5033, 1601.5033, 955.75183, 717.6629, , 
65966.215256625, 009178, -1.5544306, 0.09767716, 3.9026468, 0.5201563, -0.65511864, -0.49034497, 0.24457885, 1601.5033, 1601.5033, 955.74976, 717.6658, , 
65966.248594166, 009179, -1.5498712, 0.09744188, 3.899339, 0.53043413, -0.6611036, -0.47729525, 0.23188487, 1601.5033, 1601.5033, 955.74524, 717.6713, , 
65966.265263125, 009180, -1.5473701, 0.097392306, 3.8976123, 0.53543043, -0.663733, -0.47098592, 0.22570987, 1601.5033, 1601.5033, 955.7433, 717.6731, , 
65966.298600916, 009181, -1.5421184, 0.09734162, 3.8940105, 0.5451712, -0.66856, -0.45854944, 0.21342029, 1601.5033, 1601.5033, 955.7387, 717.6762, , 
65966.315269583, 009182, -1.5397679, 0.09737977, 3.8915071, 0.54994386, -0.67064404, -0.45252872, 0.20740351, 1601.5033, 1601.5033, 955.7369, 717.67694, , 
65966.3319385, 009183, -1.5373181, 0.09745914, 3.8890667, 0.55469406, -0.67255205, -0.4465693, 0.20140511, 1601.5033, 1601.5033, 955.73474, 717.6775, , 
65966.348607458, 009184, -1.5346185, 0.097546026, 3.8870184, 0.559492, -0.6742819, -0.44065845, 0.19527593, 1601.5033, 1601.5033, 955.7323, 717.6775, , 
65966.381945041, 009185, -1.5288689, 0.09757087, 3.8834553, 0.5691995, -0.6773467, -0.42902943, 0.18206309, 1601.5033, 1601.5033, 955.7302, 717.67584, , 
65966.398614, 009186, -1.5258436, 0.0974405, 3.8818412, 0.5740723, -0.67881334, -0.42314672, 0.17492957, 1601.5033, 1601.5033, 955.7301, 717.6746, , 
65966.415282833, 009187, -1.5229375, 0.097048745, 3.8802462, 0.57879514, -0.6802053, -0.41738114, 0.16766034, 1601.5033, 1601.5033, 955.7306, 717.67316, , 
65966.448620666, 009188, -1.5168779, 0.09615816, 3.8766737, 0.58739173, -0.68321174, -0.40576684, 0.1534467, 1601.5033, 1601.5033, 955.73224, 717.672, , 
65966.465289416, 009189, -1.5138265, 0.095791, 3.874522, 0.5914405, -0.68489903, -0.39931828, 0.14716157, 1601.5033, 1601.5033, 955.73096, 717.6732, , 
65966.481958291, 009190, -1.5108672, 0.09548946, 3.8720963, 0.59546596, -0.68657845, -0.3923347, 0.14178732, 1601.5033, 1601.5033, 955.72736, 717.675, , 
65966.515296, 009191, -1.5050526, 0.09478814, 3.867146, 0.60286856, -0.6900025, -0.377965, 0.13262172, 1601.5033, 1601.5033, 955.7142, 717.6811, , 
65966.531964791, 009192, -1.5019604, 0.09426073, 3.8647566, 0.60599387, -0.6917687, -0.3712749, 0.1279941, 1601.5033, 1601.5033, 955.70953, 717.6842, , 
65966.5653025, 009193, -1.4947498, 0.092932865, 3.8594148, 0.6113625, -0.69531, -0.35914707, 0.1174456, 1601.5033, 1601.5033, 955.705, 717.6901, , 
65966.5819715, 009194, -1.4908131, 0.09216112, 3.8566566, 0.61376953, -0.6970225, -0.3534882, 0.11177151, 1601.5033, 1601.5033, 955.7045, 717.6939, , 
65966.598640333, 009195, -1.4868128, 0.09144133, 3.8537962, 0.61623394, -0.6984839, -0.34796667, 0.10627938, 1601.5033, 1601.5033, 955.7043, 717.6962, , 
65966.631978, 009196, -1.477738, 0.09044135, 3.8478158, 0.62173784, -0.7004414, -0.33703944, 0.09606428, 1601.5033, 1601.5033, 955.7009, 717.699, , 
65968.66557875, 009289, -0.9885228, 0.088001445, 3.5624456, 0.67600006, -0.50871617, 0.25546667, -0.46794075, 1601.5033, 1601.5033, 955.73303, 717.6699, , 
65968.682247583, 009290, -0.9801937, 0.08581971, 3.5627828, 0.67397815, -0.508885, 0.2584681, -0.4690242, 1601.5033, 1601.5033, 955.72754, 717.6725, , 
65968.698916375, 009291, -0.9716654, 0.08363463, 3.5631719, 0.6719518, -0.50926393, 0.26108375, -0.47007057, 1601.0514, 1601.0514, 955.72235, 717.67554, , 
65968.732254166, 009292, -0.9562783, 0.0783348, 3.5660367, 0.6688328, -0.51056385, 0.26439664, -0.47125548, 1601.5033, 1601.5033, 955.71246, 717.68225, , 
65968.748923, 009293, -0.9477533, 0.076252066, 3.5666845, 0.66780525, -0.51114696, 0.26524454, -0.47160396, 1601.5033, 1601.5033, 955.70966, 717.68445, , 
65968.765591791, 009294, -0.9389845, 0.074447826, 3.5670893, 0.6669959, -0.5116295, 0.26573697, -0.4719487, 1601.5033, 1601.5033, 955.7078, 717.6864, , 
65968.798929583, 009295, -0.9210376, 0.07171531, 3.5676677, 0.66503024, -0.5131438, 0.26695058, -0.47239354, 1601.5033, 1601.5033, 955.70294, 717.6914, , 
65968.815598416, 009296, -0.91189784, 0.07140744, 3.5679913, 0.66397226, -0.5143963, 0.2675519, -0.47217938, 1601.5033, 1601.5033, 955.6995, 717.694, , 
65968.848936125, 009297, -0.89367366, 0.07101503, 3.5683553, 0.6625228, -0.51717865, 0.2679694, -0.47093764, 1601.5033, 1601.5033, 955.69116, 717.69885, , 
65968.865605, 009298, -0.88474244, 0.070802495, 3.5683372, 0.6625163, -0.51834726, 0.2674197, -0.46997347, 1601.5033, 1601.5033, 955.68896, 717.6998, , 
65968.882273833, 009299, -0.87593454, 0.07072666, 3.56815, 0.66311735, -0.5193641, 0.26635677, -0.46860474, 1601.5033, 1601.5033, 955.68756, 717.69934, , 
65968.915611541, 009300, -0.8579847, 0.07180153, 3.5673223, 0.6654043, -0.52135646, 0.2632586, -0.46488646, 1601.5033, 1601.5033, 955.6869, 717.6959, , 
65968.932280416, 009301, -0.84900403, 0.07280799, 3.5667737, 0.6664161, -0.52226907, 0.26167512, -0.46330413, 1601.5033, 1601.5033, 955.68713, 717.6941, , 
65968.948949208, 009302, -0.84054875, 0.073472545, 3.5662014, 0.6669431, -0.52308905, 0.2605543, -0.4622512, 1601.5033, 1601.5033, 955.687, 717.6936, , 
65968.982287083, 009303, -0.8240624, 0.07435706, 3.5649292, 0.66641504, -0.525377, 0.25978556, -0.46084875, 1601.0514, 1601.0514, 955.68317, 717.696, , 
65968.998955791, 009304, -0.8158372, 0.07455748, 3.5641983, 0.6657917, -0.5269182, 0.25953993, -0.46012798, 1601.0514, 1601.0514, 955.68024, 717.6982, , 
65969.015624708, 009305, -0.8071953, 0.07516823, 3.562782, 0.6653977, -0.52845323, 0.25901613, -0.4592317, 1601.5033, 1601.5033, 955.6778, 717.70013, , 
65969.0489625, 009306, -0.79049325, 0.075478554, 3.5599413, 0.66543406, -0.5308851, 0.25769326, -0.45711342, 1601.5033, 1601.5033, 955.6737, 717.7022, , 
65969.065631166, 009307, -0.7823719, 0.07522361, 3.5586107, 0.665701, -0.5318208, 0.25729993, -0.45585716, 1601.5033, 1601.5033, 955.672, 717.70184, , 
65969.082300041, 009308, -0.77416843, 0.07493257, 3.5571537, 0.66606617, -0.53279144, 0.25728413, -0.45419618, 1601.5033, 1601.5033, 955.6693, 717.7008, , 
65969.115637916, 009309, -0.75739557, 0.07433106, 3.553746, 0.6667358, -0.53514826, 0.2581634, -0.44992372, 1601.5033, 1601.5033, 955.6592, 717.6966, , 
65969.132306791, 009310, -0.7488265, 0.07397397, 3.551973, 0.6668192, -0.53655905, 0.2585705, -0.44788152, 1601.5033, 1601.5033, 955.6543, 717.6954, , 
65969.148975541, 009311, -0.7400969, 0.07358018, 3.550403, 0.66655463, -0.5381574, 0.2587287, -0.44626334, 1601.0514, 1601.0514, 955.6484, 717.6955, , 
65969.182313291, 009312, -0.72207564, 0.07276374, 3.5475929, 0.6653526, -0.5421038, 0.2580087, -0.4436902, 1601.0514, 1601.0514, 955.6408, 717.69946, , 
65969.198982166, 009313, -0.7128752, 0.07237531, 3.5461867, 0.66468143, -0.5442626, 0.25716105, -0.44254386, 1601.5033, 1601.5033, 955.6368, 717.7034, , 
65969.215650916, 009314, -0.70445853, 0.071196795, 3.5446365, 0.66405064, -0.5463452, 0.25621068, -0.44147465, 1601.5033, 1601.5033, 955.63434, 717.7066, , 
65969.248988666, 009315, -0.68647724, 0.06958473, 3.5411954, 0.66262, -0.5508816, 0.25508526, -0.43862942, 1601.5033, 1601.5033, 955.6261, 717.71356, , 
65969.265657625, 009316, -0.67690533, 0.06920281, 3.5391705, 0.6622174, -0.55333805, 0.2549122, -0.4362396, 1601.5033, 1601.5033, 955.6206, 717.715, , 
65969.2823265, 009317, -0.6673443, 0.06880367, 3.536986, 0.66215444, -0.5555797, 0.25462344, -0.4336469, 1601.0514, 1601.0514, 955.6151, 717.71545, , 
65969.315664125, 009318, -0.6498132, 0.06671286, 3.5326016, 0.662535, -0.5589807, 0.2528878, -0.42969266, 1601.0514, 1601.0514, 955.6077, 717.7161, , 
65969.332333, 009319, -0.6417273, 0.065030016, 3.5304625, 0.66275615, -0.5603459, 0.25136092, -0.42846766, 1601.0514, 1601.0514, 955.607, 717.7172, , 
65969.349001916, 009320, -0.6331619, 0.063600525, 3.528301, 0.6630441, -0.5617226, 0.24936041, -0.42738703, 1601.0514, 1601.0514, 955.60724, 717.7186, , 
65969.382339541, 009321, -0.6159424, 0.060769603, 3.523916, 0.66399574, -0.5643608, 0.24397835, -0.42553627, 1601.0514, 1601.0514, 955.6111, 717.72235, , 
65969.399008458, 009322, -0.6075175, 0.05931692, 3.5216677, 0.6645963, -0.56537235, 0.24116476, -0.4248591, 1601.0514, 1601.0514, 955.61395, 717.72375, , 
65969.415677333, 009323, -0.5998871, 0.05772564, 3.5191598, 0.6654307, -0.5662372, 0.23862736, -0.4238331, 1601.5033, 1601.5033, 955.61725, 717.7246, , 
65969.449015, 009324, -0.58403414, 0.055362813, 3.513743, 0.667825, -0.5679028, 0.23442255, -0.42016935, 1601.5033, 1601.5033, 955.61896, 717.72205, , 
65969.465683833, 009325, -0.576002, 0.054638036, 3.51103, 0.6693175, -0.5681803, 0.23230818, -0.41859072, 1601.5033, 1601.5033, 955.62, 717.7198, , 
65969.482352791, 009326, -0.5681328, 0.054180406, 3.5082347, 0.67118686, -0.56785315, 0.23010804, -0.4172546, 1601.5033, 1601.5033, 955.6237, 717.7155, , 
65969.515690375, 009327, -0.55305827, 0.054214917, 3.5021513, 0.6747274, -0.5671371, 0.22727369, -0.41405934, 1601.5033, 1601.5033, 955.6277, 717.70703, , 
65969.532359291, 009328, -0.54561937, 0.0546825, 3.4989617, 0.6762555, -0.56731856, 0.22618948, -0.41190594, 1601.5033, 1601.5033, 955.62714, 717.7018, , 
65969.549028208, 009329, -0.537871, 0.05525238, 3.495961, 0.67773706, -0.56753707, 0.22470376, -0.40997854, 1601.5033, 1601.5033, 955.62726, 717.6983, , 
65969.582366, 009330, -0.5223054, 0.05676215, 3.4900508, 0.6805059, -0.5680708, 0.22134174, -0.40646666, 1601.5033, 1601.5033, 955.6292, 717.6915, , 
65969.599034708, 009331, -0.5144547, 0.057585545, 3.4869828, 0.68132335, -0.56893414, 0.22026004, -0.40447226, 1601.5033, 1601.5033, 955.6284, 717.6896, , 
65969.615703583, 009332, -0.50752157, 0.058431745, 3.48404, 0.68157655, -0.5703354, 0.21974064, -0.40234932, 1601.5033, 1601.5033, 955.6256, 717.6888, , 
65969.6323725, 009333, -0.50044435, 0.059186444, 3.4809554, 0.68158144, -0.57206, 0.21944903, -0.40004545, 1601.5033, 1601.5033, 955.62, 717.68884, , 
65969.665710041, 009334, -0.48516, 0.060303554, 3.4741092, 0.6818452, -0.57587034, 0.21914434, -0.39425412, 1601.0514, 1601.0514, 955.6097, 717.6881, , 
65969.682379041, 009335, -0.47742504, 0.06065253, 3.4705446, 0.68228817, -0.5778822, 0.21904482, -0.39058223, 1601.5033, 1601.5033, 955.60144, 717.6861, , 
65969.699047916, 009336, -0.46971995, 0.060867116, 3.4670095, 0.68308717, -0.579854, 0.21864872, -0.38646343, 1601.5033, 1601.5033, 955.59503, 717.6838, , 
65969.732385666, 009337, -0.45514512, 0.06093113, 3.4604614, 0.6855885, -0.5834142, 0.21635412, -0.377872, 1601.0514, 1601.0514, 955.5848, 717.6773, , 
65969.749054333, 009338, -0.4479293, 0.06078405, 3.4573805, 0.6868721, -0.58513963, 0.21472982, -0.37377745, 1601.0514, 1601.0514, 955.5797, 717.67334, , 
65969.765723291, 009339, -0.4407019, 0.060553923, 3.4543822, 0.68797845, -0.5869799, 0.21288396, -0.36989275, 1601.0514, 1601.0514, 955.5762, 717.671, , 
65969.799061125, 009340, -0.42618215, 0.059733026, 3.4488397, 0.68863136, -0.59199697, 0.20877951, -0.36295682, 1601.5033, 1601.5033, 955.56805, 717.6717, , 
65969.815729791, 009341, -0.41839468, 0.059185028, 3.4461393, 0.6883816, -0.5952443, 0.2064151, -0.35945484, 1601.5033, 1601.5033, 955.5641, 717.6742, , 
65969.832398666, 009342, -0.4106989, 0.058583133, 3.4435868, 0.6875943, -0.59878314, 0.20405309, -0.35642007, 1601.5033, 1601.5033, 955.56024, 717.6781, , 
65969.865736458, 009343, -0.39633596, 0.057232566, 3.4391203, 0.6849748, -0.6058514, 0.19933881, -0.3521613, 1601.0514, 1601.0514, 955.55304, 717.69257, , 
65969.882405416, 009344, -0.3896318, 0.05652587, 3.4371126, 0.684064, -0.6085963, 0.19671269, -0.3506723, 1601.0514, 1601.0514, 955.55176, 717.6983, , 
65969.899074125, 009345, -0.3832531, 0.05582007, 3.4352374, 0.683831, -0.6104275, 0.19371292, -0.34961253, 1601.0514, 1601.0514, 955.55237, 717.7025, , 
65969.932411916, 009346, -0.37098753, 0.054515213, 3.4321578, 0.68463206, -0.61227244, 0.18823938, -0.34780347, 1601.5033, 1601.5033, 955.5578, 717.7063, , 
65969.949080833, 009347, -0.36463475, 0.054081745, 3.4301848, 0.6852342, -0.61307067, 0.18640082, -0.34619826, 1601.5033, 1601.5033, 955.55865, 717.706, , 
65969.965749583, 009348, -0.35800228, 0.05373822, 3.427962, 0.6858414, -0.61405915, 0.18516234, -0.343901, 1601.0514, 1601.0514, 955.55725, 717.70496, , 
65969.999087333, 009349, -0.34380114, 0.053041615, 3.422991, 0.68722165, -0.6169424, 0.1828494, -0.3371565, 1601.0514, 1601.0514, 955.55084, 717.7021, , 
65970.015756208, 009350, -0.33612964, 0.052935377, 3.4205863, 0.6881485, -0.6188668, 0.18105385, -0.33267862, 1601.0514, 1601.0514, 955.5454, 717.6997, , 
65970.032425166, 009351, -0.3283082, 0.052758344, 3.417984, 0.6893399, -0.6209707, 0.17871572, -0.32751587, 1601.0514, 1601.0514, 955.5411, 717.6975, , 
65970.065762708, 009352, -0.31296086, 0.051836982, 3.4121962, 0.69269323, -0.6247292, 0.17226513, -0.31656638, 1601.5033, 1601.5033, 955.5332, 717.6903, , 
65970.082431625, 009353, -0.30549833, 0.051254526, 3.4093082, 0.6947779, -0.6261839, 0.16796423, -0.3113926, 1601.5033, 1601.5033, 955.53204, 717.6865, , 
65970.099100541, 009354, -0.29811087, 0.050648075, 3.4064257, 0.69688, -0.6275641, 0.16330892, -0.3063524, 1601.5033, 1601.5033, 955.5318, 717.6828, , 
65970.132438125, 009355, -0.28359398, 0.049722455, 3.4013338, 0.7004067, -0.6305661, 0.15431339, -0.29665512, 1601.5033, 1601.5033, 955.53107, 717.67566, , 
65970.149106958, 009356, -0.27620268, 0.049311515, 3.3987782, 0.7017792, -0.632246, 0.15002878, -0.2919972, 1601.0514, 1601.0514, 955.5304, 717.67377, , 
65970.165775958, 009357, -0.26861614, 0.04894434, 3.3959541, 0.70348597, -0.6343628, 0.14505748, -0.2857439, 1601.0514, 1601.0514, 955.52924, 717.67163, , 
65970.199113541, 009358, -0.25303113, 0.04839602, 3.3886037, 0.71031696, -0.6412581, 0.12884615, -0.26006997, 1601.0514, 1601.0514, 955.5156, 717.65765, , 
65970.215782375, 009359, -0.24581455, 0.047851793, 3.385626, 0.71434325, -0.64420205, 0.11705291, -0.24701412, 1601.0514, 1601.0514, 955.51166, 717.64954, , 
65970.232451333, 009360, -0.23926884, 0.047463506, 3.3845975, 0.71794385, -0.64601654, 0.10342221, -0.23774585, 1601.0514, 1601.0514, 955.5168, 717.64105, , 
65970.265788958, 009361, -0.22685543, 0.045981884, 3.384124, 0.72247446, -0.6480205, 0.07754397, -0.22822577, 1606.0223, 1606.0223, 955.5391, 717.63464, , 
65970.282457791, 009362, -0.2206998, 0.04548665, 3.3840153, 0.7231962, -0.6491256, 0.06874808, -0.2256036, 1606.0223, 1606.0223, 955.55176, 717.63464, , 
65970.29912675, 009363, -0.21449047, 0.04542998, 3.3834085, 0.72338533, -0.65054953, 0.062757604, -0.22262183, 1606.0223, 1606.0223, 955.55634, 717.6357, , 
65970.315795708, 009364, -0.20824145, 0.046078764, 3.3821595, 0.7235401, -0.6520453, 0.05883452, -0.2187809, 1603.7628, 1603.7628, 955.5569, 717.63635, , 
65970.34913325, 009365, -0.19632082, 0.047773384, 3.3790915, 0.72460544, -0.65425026, 0.052062042, -0.21022157, 1603.7628, 1603.7628, 955.55273, 717.63416, , 
65970.365802166, 009366, -0.1905087, 0.048527762, 3.3780248, 0.7252512, -0.6548314, 0.04762142, -0.20721655, 1603.7628, 1603.7628, 955.5535, 717.63257, , 
65970.382471125, 009367, -0.1846636, 0.049237743, 3.3775084, 0.7257458, -0.6550761, 0.042533167, -0.20581374, 1601.5033, 1601.5033, 955.5596, 717.63135, , 
65970.415808666, 009368, -0.17114325, 0.05118162, 3.3773003, 0.72598976, -0.655489, 0.032410357, -0.20548142, 1601.5033, 1601.5033, 955.5737, 717.63184, , 
65970.4324775, 009369, -0.16343133, 0.052595533, 3.3770647, 0.7257661, -0.6560448, 0.028136576, -0.20512718, 1601.5033, 1601.5033, 955.58154, 717.63354, , 
65970.4491465, 009370, -0.15596828, 0.05421669, 3.3764575, 0.7255321, -0.6567741, 0.024656864, -0.20406589, 1599.2438, 1599.2438, 955.585, 717.6347, , 
65970.465815416, 009371, -0.14850533, 0.05603371, 3.375517, 0.72540534, -0.65752006, 0.021991318, -0.20241247, 1599.6957, 1599.6957, 955.58655, 717.6355, , 
65970.499153041, 009372, -0.13393474, 0.05973725, 3.3734314, 0.72585857, -0.6579201, 0.017603137, -0.19990148, 1599.6957, 1599.6957, 955.58923, 717.6343, , 
65970.515821916, 009373, -0.1261253, 0.061497584, 3.3730454, 0.72621703, -0.65749234, 0.015757438, -0.20016065, 1596.9843, 1596.9843, 955.59247, 717.6331, , 
65970.53249075, 009374, -0.11864349, 0.06305051, 3.3724716, 0.7265167, -0.65703887, 0.014511371, -0.20065586, 1596.9843, 1596.9843, 955.5958, 717.632, , 
65970.549159708, 009375, -0.11180509, 0.0643559, 3.3712943, 0.72664315, -0.65686953, 0.014159174, -0.20077772, 1596.9843, 1596.9843, 955.59796, 717.6311, , 
65970.565828375, 009376, -0.10517481, 0.065476865, 3.369554, 0.72655535, -0.6571845, 0.014589839, -0.20003267, 1596.9843, 1596.9843, 955.59656, 717.63116, , 
65970.58249725, 009377, -0.09864983, 0.066456035, 3.3672695, 0.72641504, -0.6578799, 0.015406526, -0.19818668, 1594.7247, 1594.7247, 955.5927, 717.6314, , 
65970.615835083, 009378, -0.08484307, 0.06801164, 3.3616686, 0.7259207, -0.6601103, 0.01656675, -0.19240372, 1594.7247, 1594.7247, 955.5791, 717.6323, , 
65970.632503791, 009379, -0.07772352, 0.0684522, 3.3587966, 0.7255512, -0.6612918, 0.016147068, -0.1897575, 1594.7247, 1594.7247, 955.57446, 717.6332, , 
65970.649172666, 009380, -0.07124698, 0.068557516, 3.356018, 0.72519505, -0.66230315, 0.014864806, -0.18768543, 1592.9171, 1592.9171, 955.5719, 717.6343, , 
65972.666104333, 009474, 0.30056617, 0.0610314, 2.3946817, 0.63440627, -0.66141737, -0.37360933, 0.14307934, 1601.0514, 1601.0514, 955.63794, 717.574, , 
65972.68277325, 009475, 0.29639858, 0.062228173, 2.3872252, 0.6326913, -0.66203153, -0.3752006, 0.1436676, 1601.0514, 1601.0514, 955.64026, 717.5759, , 
65972.699442083, 009476, 0.2920769, 0.0633716, 2.3797088, 0.63134056, -0.6627649, -0.37603384, 0.14404938, 1601.0514, 1601.0514, 955.6427, 717.57935, , 
65972.732779708, 009477, 0.28158116, 0.06624593, 2.3661656, 0.62980306, -0.66405284, -0.3755554, 0.14608279, 1601.0514, 1601.0514, 955.6406, 717.5847, , 
65972.749448583, 009478, 0.27630335, 0.067568585, 2.3584614, 0.6293134, -0.66460717, -0.37449527, 0.14837573, 1601.0514, 1601.0514, 955.63434, 717.58905, , 
65972.782786416, 009479, 0.2653229, 0.070011295, 2.3423967, 0.6283244, -0.66463166, -0.373277, 0.15536214, 1600.5995, 1600.5995, 955.6207, 717.5939, , 
65972.799455083, 009480, 0.2599309, 0.070951045, 2.334384, 0.62708354, -0.6646703, -0.37372613, 0.15908659, 1600.5995, 1600.5995, 955.61505, 717.5964, , 
65972.816123916, 009481, 0.2546252, 0.07170076, 2.3269076, 0.6252136, -0.66474557, -0.3751654, 0.16270292, 1601.0514, 1601.0514, 955.61005, 717.6004, , 
65972.849461791, 009482, 0.24433488, 0.073049985, 2.3116212, 0.62028474, -0.6642449, -0.38055858, 0.1708824, 1601.0514, 1601.0514, 955.6063, 717.60535, , 
65972.866130708, 009483, 0.23939435, 0.07373379, 2.303807, 0.6175932, -0.6637939, -0.3837476, 0.17519733, 1601.0514, 1601.0514, 955.60443, 717.6084, , 
65972.899468333, 009484, 0.2297948, 0.07512558, 2.2883737, 0.6124184, -0.66230893, -0.390629, 0.1835744, 1601.0514, 1601.0514, 955.60284, 717.6111, , 
65972.916137166, 009485, 0.22572611, 0.076025784, 2.2817504, 0.6099765, -0.661462, -0.39405707, 0.18739177, 1601.0514, 1601.0514, 955.60223, 717.6122, , 
65972.94947475, 009486, 0.21755086, 0.0774014, 2.2682636, 0.60491407, -0.65984964, -0.40149465, 0.19359599, 1601.0514, 1601.0514, 955.6043, 717.6129, , 
65972.966143625, 009487, 0.21342464, 0.077826634, 2.2613058, 0.60202545, -0.6592664, -0.4055707, 0.19607522, 1601.0514, 1601.0514, 955.6083, 717.6134, , 
65972.982812583, 009488, 0.20948642, 0.07814651, 2.2543197, 0.59868646, -0.6591928, -0.40960658, 0.19814608, 1600.5995, 1600.5995, 955.6125, 717.61487, , 
65973.016150208, 009489, 0.20195174, 0.078903966, 2.239968, 0.5911153, -0.65946966, -0.41812938, 0.20211478, 1601.0514, 1601.0514, 955.6249, 717.6207, , 
65973.032819041, 009490, 0.19808875, 0.07937014, 2.2326336, 0.58723164, -0.65888625, -0.4232237, 0.20471855, 1601.0514, 1601.0514, 955.63025, 717.6219, , 
65973.066156916, 009491, 0.19008696, 0.07989795, 2.2181995, 0.57966226, -0.65645623, -0.4345225, 0.21034999, 1601.0514, 1601.0514, 955.64325, 717.6201, , 
65973.08282575, 009492, 0.18621531, 0.07992705, 2.211034, 0.57584715, -0.655717, -0.43953893, 0.21269837, 1600.5995, 1600.5995, 955.64923, 717.6201, , 
65973.0994945, 009493, 0.18240018, 0.079778776, 2.2039068, 0.57212883, -0.6552701, -0.4440399, 0.21475193, 1601.0514, 1601.0514, 955.655, 717.621, , 
65973.132832291, 009494, 0.17459212, 0.07868134, 2.189438, 0.5645218, -0.6541909, -0.45299867, 0.21941173, 1601.0514, 1601.0514, 955.6676, 717.6228, , 
65973.149501208, 009495, 0.17075576, 0.07821741, 2.1821053, 0.5601758, -0.6541326, -0.45726335, 0.22186443, 1601.0514, 1601.0514, 955.6729, 717.62494, , 
65973.182838791, 009496, 0.1633297, 0.07752693, 2.166979, 0.5506512, -0.65509, -0.46495876, 0.22683428, 1600.5995, 1600.5995, 955.6864, 717.6347, , 
65973.199507666, 009497, 0.15954131, 0.077436514, 2.1592538, 0.5460828, -0.65542483, -0.46853706, 0.2295317, 1601.0514, 1601.0514, 955.6914, 717.63904, , 
65973.216176625, 009498, 0.15611692, 0.07753264, 2.1513839, 0.54172695, -0.6555217, -0.47206718, 0.23232684, 1601.0514, 1601.0514, 955.6959, 717.6427, , 
65973.249514208, 009499, 0.14878343, 0.07902311, 2.1354473, 0.5336041, -0.6551347, -0.47882378, 0.23831235, 1601.0514, 1601.0514, 955.7043, 717.6496, , 
65973.266183083, 009500, 0.14507836, 0.08024634, 2.127466, 0.5294837, -0.6548693, -0.48236513, 0.24107456, 1601.0514, 1601.0514, 955.708, 717.65216, , 
65973.282851916, 009501, 0.14159383, 0.08163172, 2.1195955, 0.5251467, -0.6547028, -0.48628366, 0.24313237, 1601.0514, 1601.0514, 955.71594, 717.6551, , 
65973.316189625, 009502, 0.13584012, 0.08474355, 2.104101, 0.5162888, -0.65486634, -0.49451718, 0.24504802, 1601.0514, 1601.0514, 955.7336, 717.65845, , 
65973.3328585, 009503, 0.1333305, 0.08643584, 2.096349, 0.51206076, -0.65500236, -0.49848494, 0.24551705, 1601.0514, 1601.0514, 955.74664, 717.6602, , 
65973.349527333, 009504, 0.13041097, 0.08826256, 2.0887516, 0.5082607, -0.65493935, -0.50232047, 0.2457629, 1601.0514, 1601.0514, 955.7563, 717.66077, , 
65973.366196291, 009505, 0.12718645, 0.090197295, 2.0812576, 0.50500715, -0.6546899, -0.50576055, 0.2460796, 1601.5033, 1601.5033, 955.7649, 717.6606, , 
65973.399533916, 009506, 0.11992712, 0.09427589, 2.066248, -0.4995507, 0.65455526, 0.5103582, -0.24807458, 1601.0514, 1601.0514, 955.77734, 717.6626, , 
65973.416202833, 009507, 0.11664039, 0.095930606, 2.0586138, -0.49702868, 0.65462697, 0.51186365, -0.24984303, 1601.0514, 1601.0514, 955.7794, 717.6648, , 
65973.432871625, 009508, 0.1132451, 0.09751251, 2.0510564, -0.49428388, 0.6548328, 0.5134287, -0.25153205, 1601.0514, 1601.0514, 955.7816, 717.66736, , 
65973.466209291, 009509, 0.105644986, 0.100731805, 2.0366051, -0.488391, 0.6555056, 0.51737624, -0.25319618, 1601.0514, 1601.0514, 955.793, 717.673, , 
65973.482878208, 009510, 0.10152851, 0.10228683, 2.0296395, -0.48577628, 0.6554338, 0.51965535, -0.2537446, 1601.5033, 1601.5033, 955.7987, 717.67413, , 
65973.499547041, 009511, 0.09719193, 0.103873104, 2.022891, -0.48354536, 0.6548409, 0.5222826, -0.2541422, 1601.5033, 1601.5033, 955.80615, 717.6731, , 
65973.532884833, 009512, 0.08890655, 0.10965315, 2.0099626, -0.47946122, 0.6529204, 0.52802163, -0.2549606, 1601.0514, 1601.0514, 955.81696, 717.6684, , 
65973.549553625, 009513, 0.084049895, 0.11151853, 2.0033042, -0.47765306, 0.65172315, 0.53063923, -0.25598142, 1601.0514, 1601.0514, 955.82117, 717.6661, , 
65973.582891291, 009514, 0.07307586, 0.11428143, 1.9894624, -0.4746491, 0.6488202, 0.53498524, -0.25986797, 1601.0514, 1601.0514, 955.8235, 717.6609, , 
65973.599560291, 009515, 0.06712434, 0.11534187, 1.9823171, -0.47338966, 0.6474281, 0.5365648, -0.2623685, 1601.0514, 1601.0514, 955.82184, 717.65936, , 
65973.632897833, 009516, 0.054489076, 0.11744411, 1.9673594, -0.47084683, 0.6458623, 0.5380918, -0.2676239, 1601.0514, 1601.0514, 955.8154, 717.6601, , 
65973.649566791, 009517, 0.04803396, 0.11777674, 1.959785, -0.4694831, 0.6456652, 0.53826416, -0.27013645, 1601.5033, 1601.5033, 955.81244, 717.6623, , 
65973.666235708, 009518, 0.041449353, 0.11781114, 1.9521704, -0.46805254, 0.64556384, 0.53843087, -0.27251863, 1601.5033, 1601.5033, 955.80896, 717.666, , 
65973.699573291, 009519, 0.027711451, 0.117401555, 1.936855, -0.46519896, 0.6446891, 0.5394214, -0.27747172, 1601.5033, 1601.5033, 955.8042, 717.6701, , 
65973.716242166, 009520, 0.020933516, 0.11751315, 1.9289585, -0.46381596, 0.6439852, 0.54016423, -0.2799649, 1601.5033, 1601.5033, 955.8008, 717.67163, , 
65973.74958, 009521, 0.0072777313, 0.11683425, 1.9134979, -0.46118355, 0.6437953, 0.5408218, -0.28345945, 1601.0514, 1601.0514, 955.79816, 717.6753, , 
65973.766248666, 009522, 0.00045426935, 0.11603011, 1.9059912, -0.4602503, 0.6443311, 0.54060817, -0.28416547, 1601.0514, 1601.0514, 955.79816, 717.6787, , 
65973.799586458, 009523, -0.012924429, 0.11395669, 1.8913974, -0.45937273, 0.64643276, 0.53926826, -0.28335693, 1601.5033, 1601.5033, 955.80035, 717.6841, , 
65973.816255333, 009524, -0.019834034, 0.11341074, 1.8847432, -0.45926595, 0.64783055, 0.53841, -0.28196642, 1601.5033, 1601.5033, 955.8028, 717.68665, , 
65973.849593, 009525, -0.033426326, 0.11153707, 1.8713999, -0.45956755, 0.65011847, 0.5372883, -0.27832535, 1601.5033, 1601.5033, 955.81036, 717.6902, , 
65973.866261875, 009526, -0.0400733, 0.11020984, 1.8646349, -0.45992795, 0.65102863, 0.53699714, -0.2761561, 1601.0514, 1601.0514, 955.8141, 717.6903, , 
65973.899599666, 009527, -0.05317295, 0.10743109, 1.8511546, -0.46126106, 0.65287447, 0.5362595, -0.27095965, 1601.0514, 1601.0514, 955.82404, 717.6894, , 
65973.916268375, 009528, -0.05956491, 0.10631603, 1.8445945, -0.46219963, 0.65352625, 0.5360637, -0.26816177, 1601.0514, 1601.0514, 955.8281, 717.6882, , 
65973.94960625, 009529, -0.072816424, 0.10456157, 1.8313787, -0.46433833, 0.6540871, 0.5361527, -0.26286918, 1601.0514, 1601.0514, 955.83813, 717.6824, , 
65973.966275041, 009530, -0.07977906, 0.1039987, 1.8244648, -0.46565244, 0.65417063, 0.53570664, -0.2612411, 1601.0514, 1601.0514, 955.83954, 717.68024, , 
65973.982943958, 009531, -0.08677463, 0.10365702, 1.8173299, -0.46688077, 0.65436, 0.535001, -0.26001817, 1601.0514, 1601.0514, 955.8394, 717.6786, , 
65974.016281583, 009532, -0.10003428, 0.10389123, 1.802392, -0.4688979, 0.65475154, 0.534055, -0.257333, 1601.5033, 1601.5033, 955.8401, 717.67633, , 
65974.032950458, 009533, -0.106128946, 0.10433924, 1.7947555, -0.46942827, 0.65513945, 0.534098, -0.25528157, 1601.5033, 1601.5033, 955.8444, 717.6744, , 
65974.066288125, 009534, -0.11845211, 0.105586134, 1.7798262, -0.47026783, 0.6558302, 0.53439015, -0.2513209, 1601.5033, 1601.5033, 955.8528, 717.67175, , 
65974.082956958, 009535, -0.12474997, 0.106601164, 1.7723172, -0.47133684, 0.6557778, 0.5341134, -0.2500401, 1601.5033, 1601.5033, 955.8544, 717.66956, , 
65974.11629475, 009536, -0.13639367, 0.10921328, 1.7569506, -0.47495708, 0.6551865, 0.5323732, -0.24844576, 1601.5033, 1601.5033, 955.8501, 717.66504, , 
65974.132963666, 009537, -0.14161497, 0.11056758, 1.7490082, -0.47729692, 0.65526277, 0.5305389, -0.24768269, 1601.5033, 1601.5033, 955.8461, 717.6635, , 
65974.166301208, 009538, -0.15267646, 0.11299376, 1.7329894, -0.48259783, 0.6568068, 0.5249352, -0.2452493, 1601.0514, 1601.0514, 955.83484, 717.6643, , 
65974.182970166, 009539, -0.15788087, 0.11396443, 1.7248431, -0.48518828, 0.65826434, 0.52162856, -0.24327786, 1601.0514, 1601.0514, 955.83105, 717.6659, , 
65974.216307708, 009540, -0.16654435, 0.115964755, 1.7081064, -0.49026892, 0.6621557, 0.5140209, -0.2386814, 1601.0514, 1601.0514, 955.82404, 717.6728, , 
65974.232976666, 009541, -0.17029837, 0.11704251, 1.6994122, -0.49295226, 0.6640881, 0.5098519, -0.23671955, 1601.0514, 1601.0514, 955.81976, 717.6762, , 
65974.266314375, 009542, -0.17875111, 0.1185247, 1.6814091, -0.49831462, 0.667166, 0.50205326, -0.23348358, 1601.5033, 1601.5033, 955.808, 717.683, , 
65974.282983291, 009543, -0.18287316, 0.11913649, 1.6721078, 0.50077444, -0.66836643, -0.49868265, 0.23200615, 1601.5033, 1601.5033, 955.80334, 717.685, , 
65974.316320916, 009544, -0.190045, 0.119632974, 1.6537181, 0.5055773, -0.6706969, -0.49222216, 0.22863618, 1601.0514, 1601.0514, 955.7942, 717.6888, , 
65974.332989791, 009545, -0.19316576, 0.119562574, 1.6445644, 0.5080329, -0.6718476, -0.48895785, 0.22681142, 1601.0514, 1601.0514, 955.7906, 717.6901, , 
65974.349658666, 009546, -0.19645882, 0.1195933, 1.6349452, 0.5106315, -0.6728521, -0.48561856, 0.22516656, 1601.0514, 1601.0514, 955.7865, 717.6914, , 
65974.382996333, 009547, -0.20314687, 0.11951408, 1.6151034, 0.5164595, -0.67390484, -0.4790073, 0.22287627, 1601.0514, 1601.0514, 955.77313, 717.6923, , 
65974.399665291, 009548, -0.20630896, 0.119317114, 1.6050103, 0.5193952, -0.67408323, -0.4760823, 0.22177969, 1601.0514, 1601.0514, 955.7672, 717.6915, , 
65974.416334125, 009549, -0.20872226, 0.118621066, 1.595697, 0.52215797, -0.67429996, -0.47341374, 0.22034034, 1601.5033, 1601.5033, 955.7608, 717.6901, , 
65974.44967175, 009550, -0.21336986, 0.117204875, 1.5762861, 0.5278701, -0.6742582, -0.46866778, 0.21697827, 1601.0514, 1601.0514, 955.75323, 717.68646, , 
65974.466340666, 009551, -0.21571858, 0.11654403, 1.5662211, 0.5308778, -0.6737855, -0.46673352, 0.21527112, 1601.0514, 1601.0514, 955.7485, 717.68195, , 
65974.483009541, 009552, -0.21786919, 0.11582167, 1.5561388, 0.53377664, -0.6733159, -0.46499354, 0.21332885, 1601.0514, 1601.0514, 955.7458, 717.67816, , 
65974.516347125, 009553, -0.22054835, 0.112874106, 1.5363706, 0.5389947, -0.6728771, -0.4616264, 0.20885949, 1601.0514, 1601.0514, 955.74255, 717.6708, , 
65974.549684916, 009554, -0.22207521, 0.109749846, 1.5167049, 0.5435919, -0.6727058, -0.4587314, 0.20381352, 1601.0514, 1601.0514, 955.7423, 717.6649, , 
65974.566353833, 009555, -0.22283876, 0.10891376, 1.5067888, 0.5456848, -0.6727218, -0.45750248, 0.2009106, 1601.0514, 1601.0514, 955.74335, 717.6621, , 
65974.599691375, 009556, -0.22385204, 0.10781831, 1.4872698, 0.5494852, -0.67258203, -0.45607212, 0.19415866, 1601.0514, 1601.0514, 955.75037, 717.6547, , 
65974.633029166, 009557, -0.22242866, 0.104390256, 1.4691929, 0.5544892, -0.67055583, -0.45586553, 0.18730524, 1601.0514, 1601.0514, 955.7587, 717.64056, , 
65974.649698083, 009558, -0.22263093, 0.104238585, 1.4599925, 0.5576252, -0.6690806, -0.45543858, 0.18428472, 1601.0514, 1601.0514, 955.76056, 717.6331, , 
65976.699966958, 009635, -0.10090467, 0.11583306, 0.50854445, 0.73022187, -0.648631, -0.1996279, -0.07875664, 1601.0514, 1601.0514, 955.78314, 717.48706, , 
65976.716635833, 009636, -0.09771498, 0.11559357, 0.5021139, 0.7305803, -0.6490318, -0.19633363, -0.08039469, 1601.0514, 1601.0514, 955.7799, 717.48944, , 
65976.749973458, 009637, -0.091186, 0.1157436, 0.48915237, 0.73159933, -0.64972407, -0.18939546, -0.082161136, 1601.0514, 1601.0514, 955.77094, 717.4923, , 
65976.766642333, 009638, -0.087906405, 0.11599234, 0.4829105, 0.73238564, -0.6496697, -0.18621357, -0.082855955, 1601.0514, 1601.0514, 955.7664, 717.49274, , 
65976.799980125, 009639, -0.0814025, 0.11620186, 0.4709296, 0.73402756, -0.64892316, -0.18139344, -0.084844775, 1601.0514, 1601.0514, 955.7607, 717.4912, , 
65976.83331775, 009640, -0.07502278, 0.11608651, 0.45723444, 0.735257, -0.6482267, -0.17768383, -0.08733683, 1601.0514, 1601.0514, 955.75964, 717.4896, , 
65976.849986708, 009641, -0.07180786, 0.11594348, 0.451168, 0.73586255, -0.6479373, -0.17546757, -0.08885218, 1601.0514, 1601.0514, 955.75916, 717.48926, , 
65976.883324375, 009642, -0.065348394, 0.11564849, 0.43955606, 0.7370028, -0.6475284, -0.17034465, -0.09228454, 1601.0514, 1601.0514, 955.7571, 717.4895, , 
65976.899993125, 009643, -0.062036328, 0.11550125, 0.43392628, 0.73733234, -0.64751756, -0.16769238, -0.09455877, 1601.0514, 1601.0514, 955.7567, 717.4904, , 
65976.933330958, 009644, -0.055888377, 0.11282463, 0.42199373, 0.73763704, -0.647638, -0.16234459, -0.100502975, 1601.5033, 1601.5033, 955.7586, 717.4939, , 
65976.949999791, 009645, -0.052565888, 0.11234087, 0.41641983, 0.7379413, -0.6473918, -0.16002433, -0.10353116, 1601.0514, 1601.0514, 955.76117, 717.49554, , 
65976.983337458, 009646, -0.045778897, 0.11215327, 0.40550926, 0.73894304, -0.6463312, -0.15593755, -0.1090996, 1601.0514, 1601.0514, 955.7657, 717.4957, , 
65977.016675208, 009647, -0.038837895, 0.11144179, 0.39422542, 0.7399553, -0.6450721, -0.15143609, -0.11582414, 1601.0514, 1601.0514, 955.77264, 717.4957, , 
65977.033344083, 009648, -0.035400916, 0.11072284, 0.38846606, 0.74044245, -0.64431465, -0.1490564, -0.11994113, 1601.0514, 1601.0514, 955.777, 717.496, , 
65977.066681708, 009649, -0.028751533, 0.109595895, 0.37832296, 0.7413625, -0.6425873, -0.1438998, -0.12944493, 1601.0514, 1601.0514, 955.78973, 717.49725, , 
65977.083350583, 009650, -0.02546206, 0.1090598, 0.37335947, 0.74189025, -0.64162284, -0.1410398, -0.13426343, 1601.5033, 1601.5033, 955.7952, 717.49774, , 
65977.116688291, 009651, -0.01898036, 0.10819436, 0.36319458, 0.7431922, -0.6394042, -0.13482708, -0.14369878, 1601.0514, 1601.0514, 955.80664, 717.4983, , 
65977.133357083, 009652, -0.01578661, 0.10787058, 0.35793433, 0.74392056, -0.638249, -0.13142504, -0.14814849, 1601.0514, 1601.0514, 955.8108, 717.4982, , 
65977.150025916, 009653, -0.0125884265, 0.10755518, 0.35264274, 0.7446787, -0.6370726, -0.12785737, -0.15246192, 1601.0514, 1601.0514, 955.81525, 717.49805, , 
65977.183363791, 009654, -0.0062412755, 0.10700815, 0.34207034, 0.74615365, -0.6345217, -0.121016845, -0.16121952, 1601.0514, 1601.0514, 955.8226, 717.4977, , 
65977.2000325, 009655, -0.0030907854, 0.10677231, 0.33682317, 0.7467879, -0.6332062, -0.11785143, -0.1657372, 1601.0514, 1601.0514, 955.82684, 717.49756, , 
65977.233370291, 009656, 0.0036456957, 0.10620126, 0.32692337, 0.74739957, -0.6309608, -0.11180753, -0.17544629, 1601.5033, 1601.5033, 955.83856, 717.49927, , 
65977.250039125, 009657, 0.006987557, 0.10613145, 0.3218522, 0.7473891, -0.6301061, -0.10875594, -0.18041079, 1601.5033, 1601.5033, 955.8438, 717.5011, , 
65977.266707916, 009658, 0.0104069635, 0.10623911, 0.31673074, 0.7471494, -0.6295228, -0.10559992, -0.18524991, 1601.0514, 1601.0514, 955.84985, 717.5047, , 
65977.300045666, 009659, 0.017459357, 0.10691849, 0.30651265, 0.74638146, -0.6287419, -0.09890281, -0.19446462, 1601.0514, 1601.0514, 955.8565, 717.5115, , 
65977.316714583, 009660, 0.020740336, 0.107367374, 0.30217913, 0.74606425, -0.628206, -0.09548698, -0.19906685, 1601.0514, 1601.0514, 955.86053, 717.51575, , 
65977.333383416, 009661, 0.02397573, 0.107859656, 0.29798314, 0.74589944, -0.6273296, -0.09211301, -0.20397754, 1601.0514, 1601.0514, 955.8644, 717.5184, , 
65977.366721041, 009662, 0.030542156, 0.108871795, 0.28944793, 0.74579114, -0.6246351, -0.085150756, -0.21535072, 1601.5033, 1601.5033, 955.8781, 717.5237, , 
65977.383389958, 009663, 0.033840477, 0.10940687, 0.2853161, 0.74570715, -0.6230922, -0.08127256, -0.22152163, 1601.5033, 1601.5033, 955.8849, 717.5262, , 
65977.400058875, 009664, 0.03717674, 0.1099813, 0.2812248, 0.74553746, -0.62167877, -0.0768503, -0.22755985, 1601.5033, 1601.5033, 955.8903, 717.529, , 
65977.433396458, 009665, 0.044113375, 0.11190081, 0.2734266, 0.74470556, -0.61941063, -0.066531725, -0.23941097, 1601.0514, 1601.0514, 955.8979, 717.5377, , 
65977.450065291, 009666, 0.047422, 0.11254753, 0.26975876, 0.7442763, -0.61812603, -0.0610779, -0.24544357, 1601.0514, 1601.0514, 955.9003, 717.54156, , 
65977.466734208, 009667, 0.050589047, 0.112982705, 0.26639295, 0.74382406, -0.6166277, -0.05566935, -0.25178766, 1601.0514, 1601.0514, 955.9046, 717.54663, , 
65977.500071875, 009668, 0.056645706, 0.11332412, 0.26059806, 0.74276173, -0.61320966, -0.045153297, -0.26502863, 1601.5033, 1601.5033, 955.9137, 717.5544, , 
65977.516740708, 009669, 0.059704497, 0.11329608, 0.2580613, 0.742099, -0.61157423, -0.040003303, -0.27141428, 1601.5033, 1601.5033, 955.91785, 717.5585, , 
65977.533409625, 009670, 0.062335297, 0.113736466, 0.25610623, 0.7414731, -0.60992867, -0.034936883, -0.2774601, 1601.5033, 1601.5033, 955.92267, 717.56366, , 
65977.566747208, 009671, 0.0683354, 0.11389311, 0.25198913, 0.7408124, -0.6061725, -0.025182469, -0.2883013, 1601.5033, 1601.5033, 955.9286, 717.569, , 
65977.583416125, 009672, 0.07136766, 0.11395233, 0.25009888, 0.7407346, -0.6039432, -0.02036068, -0.29351375, 1601.0514, 1601.0514, 955.9326, 717.57117, , 
65977.600085083, 009673, 0.07436086, 0.114083916, 0.24829519, 0.74083155, -0.6014569, -0.0155361425, -0.29862502, 1601.0514, 1601.0514, 955.93604, 717.572, , 
65977.633422875, 009674, 0.08046952, 0.11600864, 0.24442887, 0.7414443, -0.5961993, -0.005217346, -0.30786297, 1601.0514, 1601.0514, 955.94055, 717.5721, , 
65977.650091541, 009675, 0.08356327, 0.1167936, 0.24260166, 0.74188966, -0.5934672, 0.00023111282, -0.312084, 1601.0514, 1601.0514, 955.9417, 717.5709, , 
65977.666760458, 009676, 0.08668399, 0.11755012, 0.24088693, 0.74221075, -0.59070396, 0.0059799827, -0.31647474, 1601.0514, 1601.0514, 955.9422, 717.57007, , 
65977.700098166, 009677, 0.09311765, 0.11899312, 0.23798276, 0.74180776, -0.5853647, 0.0188472, -0.32667133, 1601.0514, 1601.0514, 955.9425, 717.5718, , 
65977.716766916, 009678, 0.09659758, 0.119868204, 0.23628452, 0.7412513, -0.5827897, 0.025921542, -0.33201024, 1601.0514, 1601.0514, 955.9417, 717.5737, , 
65977.733435833, 009679, 0.10021316, 0.12074613, 0.2346645, 0.7407433, -0.5802683, 0.033025797, -0.33689353, 1601.0514, 1601.0514, 955.94006, 717.5755, , 
65977.750104708, 009680, 0.10389305, 0.121523045, 0.23332642, 0.74032223, -0.57775444, 0.04000002, -0.3413543, 1601.0514, 1601.0514, 955.9367, 717.5769, , 
65977.783442541, 009681, 0.11133923, 0.12276165, 0.23113373, 0.73983616, -0.5722846, 0.053243708, -0.34971118, 1601.0514, 1601.0514, 955.9322, 717.5771, , 
65977.800111208, 009682, 0.115039006, 0.123184934, 0.23030543, 0.73970115, -0.56924075, 0.059395667, -0.35394824, 1601.0514, 1601.0514, 955.93115, 717.57654, , 
65977.816780125, 009683, 0.11910474, 0.124291435, 0.22853944, 0.73966557, -0.5661342, 0.06522297, -0.35795644, 1601.0514, 1601.0514, 955.9313, 717.5756, , 
65977.833449, 009684, 0.12317872, 0.12519428, 0.22703531, 0.73964846, -0.56309456, 0.07067281, -0.36173195, 1601.0514, 1601.0514, 955.93146, 717.57465, , 
65977.866786625, 009685, 0.13096964, 0.12572289, 0.2257424, 0.73977965, -0.55728364, 0.08047049, -0.36835507, 1601.0514, 1601.0514, 955.9325, 717.5715, , 
65977.8834555, 009686, 0.13478467, 0.1257459, 0.22551155, 0.7399915, -0.5543337, 0.084749825, -0.37140834, 1601.0514, 1601.0514, 955.9335, 717.5696, , 
65977.900124375, 009687, 0.13849129, 0.12567872, 0.22552435, 0.7403593, -0.5511329, 0.08852947, -0.37454396, 1601.0514, 1601.0514, 955.93695, 717.56665, , 
65977.916793333, 009688, 0.1425233, 0.12626281, 0.22469851, 0.7409423, -0.5475923, 0.09189431, -0.37775996, 1601.0514, 1601.0514, 955.9416, 717.56396, , 
65977.933462208, 009689, 0.14641054, 0.12671095, 0.22417814, 0.74158764, -0.5438963, 0.095054395, -0.38103703, 1601.0514, 1601.0514, 955.94714, 717.561, , 
65977.950130958, 009690, 0.15002045, 0.12681006, 0.2243318, 0.7422197, -0.540116, 0.098322794, -0.38434002, 1601.5033, 1601.5033, 955.953, 717.558, , 
65977.983468625, 009691, 0.15702896, 0.12700555, 0.22516295, 0.74315774, -0.53257436, 0.10643703, -0.39083552, 1601.5033, 1601.5033, 955.9631, 717.5508, , 
65978.000137583, 009692, 0.16048947, 0.12711002, 0.2257575, 0.7432304, -0.52889943, 0.111182146, -0.3943508, 1601.5033, 1601.5033, 955.9659, 717.54846, , 
65978.016806291, 009693, 0.16419926, 0.12760948, 0.22552481, 0.7429936, -0.5251271, 0.1161333, -0.39839056, 1601.5033, 1601.5033, 955.96985, 717.5467, , 
65978.033475208, 009694, 0.16777906, 0.12791309, 0.22571713, 0.74234086, -0.521259, 0.12086675, -0.40324968, 1601.5033, 1601.5033, 955.97437, 717.54694, , 
65978.050144083, 009695, 0.17110887, 0.12783805, 0.22676653, 0.7413276, -0.51729745, 0.12497924, -0.40892154, 1601.5033, 1601.5033, 955.981, 717.5487, , 
65978.083481875, 009696, 0.17770599, 0.12758495, 0.22950873, 0.7388381, -0.5096961, 0.13190022, -0.42063108, 1601.5033, 1601.5033, 956.0012, 717.556, , 
65978.100150625, 009697, 0.18106346, 0.12779787, 0.2307218, 0.73764473, -0.5062987, 0.13561091, -0.42561904, 1601.5033, 1601.5033, 956.008, 717.5589, , 
65978.116819458, 009698, 0.1853856, 0.12894621, 0.23120293, 0.73654824, -0.5029445, 0.14003707, -0.43003845, 1601.5033, 1601.5033, 956.0134, 717.5616, , 
65978.133488333, 009699, 0.18940838, 0.13027428, 0.23154464, 0.73546886, -0.4994098, 0.14525434, -0.43425405, 1601.5033, 1601.5033, 956.01575, 717.5627, , 
65978.150157291, 009700, 0.1925882, 0.13153514, 0.23198965, 0.7344196, -0.49543628, 0.15140659, -0.43845952, 1601.5033, 1601.5033, 956.0167, 717.5631, , 
65978.183494833, 009701, 0.1980517, 0.1346464, 0.2324509, 0.73304975, -0.48620835, 0.16548277, -0.44593152, 1601.5033, 1601.5033, 956.01624, 717.55896, , 
65978.200163791, 009702, 0.2007284, 0.13628809, 0.23252317, 0.73211414, -0.48169622, 0.17333077, -0.44937077, 1601.5033, 1601.5033, 956.0139, 717.55615, , 
65978.216832625, 009703, 0.2036512, 0.13716933, 0.23292169, 0.7306004, -0.4774783, 0.18126711, -0.45318848, 1601.5033, 1601.5033, 956.0103, 717.55493, , 
65978.233501541, 009704, 0.20652728, 0.13792904, 0.23333806, 0.7283764, -0.4734971, 0.18918051, -0.45768887, 1601.5033, 1601.5033, 956.006, 717.55615, , 
65978.250170291, 009705, 0.20937043, 0.13886467, 0.233672, 0.725777, -0.4696414, 0.19678295, -0.46255943, 1601.5033, 1601.5033, 956.0031, 717.55853, , 
65978.283508041, 009706, 0.21533495, 0.14022896, 0.23439883, 0.7179482, -0.464025, 0.21271649, -0.4732684, 1601.0514, 1601.0514, 955.9902, 717.57227, , 
65978.300176958, 009707, 0.21826151, 0.14051478, 0.23474199, 0.71310043, -0.4616694, 0.2205375, -0.47928318, 1601.0514, 1601.0514, 955.9832, 717.5814, , 
65978.316845708, 009708, 0.22108309, 0.1407329, 0.2351852, 0.70857686, -0.4588673, 0.22792152, -0.485192, 1601.5033, 1601.5033, 955.97784, 717.59015, , 
65978.333514583, 009709, 0.22375892, 0.14103103, 0.2353093, 0.70447046, -0.45559645, 0.23531668, -0.49069273, 1601.5033, 1601.5033, 955.9718, 717.5993, , 
65978.366852333, 009710, 0.22906053, 0.14193664, 0.23459482, 0.6992104, -0.4477003, 0.24754848, -0.49938846, 1601.5033, 1601.5033, 955.9679, 717.6057, , 
65978.383521208, 009711, 0.2317412, 0.14243758, 0.23410115, 0.69844115, -0.4430245, 0.25127155, -0.5027643, 1601.5033, 1601.5033, 955.9719, 717.6052, , 
65978.40019, 009712, 0.2341748, 0.1430247, 0.23348632, 0.6981898, -0.4376322, 0.2547348, -0.5060823, 1601.0514, 1601.0514, 955.98157, 717.6024, , 
65978.433527708, 009713, 0.23695208, 0.14426133, 0.231888, 0.69771147, -0.42384768, 0.2645102, -0.51340646, 1601.5033, 1601.5033, 955.9984, 717.5953, , 
65978.450196625, 009714, 0.23817232, 0.14570257, 0.23042955, 0.6981169, -0.41592613, 0.27046114, -0.5162259, 1601.5033, 1601.5033, 956.0103, 717.5856, , 
65978.466865333, 009715, 0.23970419, 0.14737916, 0.22874491, 0.6977625, -0.40904865, 0.27735904, -0.51853514, 1601.5033, 1601.5033, 956.01544, 717.57764, , 
65978.483534291, 009716, 0.24182455, 0.14875294, 0.22735372, 0.69482374, -0.40474063, 0.28537318, -0.52150464, 1601.5033, 1601.5033, 956.0125, 717.5746, , 
65978.516872083, 009717, 0.24720937, 0.14947592, 0.22566491, 0.6831368, -0.4013577, 0.30148235, -0.5304192, 1601.0514, 1601.0514, 955.9844, 717.59076, , 
65978.533540916, 009718, 0.24991818, 0.14937367, 0.22497901, 0.6765439, -0.39978623, 0.30958778, -0.53536415, 1601.5033, 1601.5033, 955.97076, 717.6009, , 
65978.566878416, 009719, 0.25477648, 0.1500374, 0.22351222, 0.6641641, -0.39365408, 0.32703716, -0.5449487, 1601.5033, 1601.5033, 955.9429, 717.61896, , 
65978.583547375, 009720, 0.25693822, 0.15041456, 0.22255328, 0.65888447, -0.38937253, 0.33543783, -0.5493102, 1601.0514, 1601.0514, 955.934, 717.62335, , 
65978.600216333, 009721, 0.2590571, 0.1506496, 0.22155304, 0.6542875, -0.38478285, 0.34293845, -0.55339247, 1601.0514, 1601.0514, 955.92615, 717.6275, , 
65978.633553916, 009722, 0.2639216, 0.15001799, 0.22062057, 0.64719796, -0.37611622, 0.3547444, -0.5602034, 1601.0514, 1601.0514, 955.9203, 717.6313, , 
65978.65022275, 009723, 0.26644927, 0.1497254, 0.22007036, 0.6445197, -0.37252882, 0.35935906, -0.5627413, 1601.0514, 1601.0514, 955.9186, 717.6324, , 
65978.683560375, 009724, 0.27156824, 0.1492417, 0.21880636, 0.64054054, -0.36678407, 0.36687034, -0.5662009, 1601.5033, 1601.5033, 955.915, 717.63245, , 
