timestamp, frame, x, y, z, qx, qy, qz, qw, fx, fy, cx, cy, distortion_center_x, distortion_center_y
65766.237889666, 000095, 0.3100942, -0.031638946, 0.04905331, 0.6094948, -0.68893915, 0.3596168, -0.15669908, 1598.7919, 1598.7919, 955.3002, 717.68896, , 
65766.254558875, 000096, 0.31346226, -0.031579122, 0.051350787, 0.60873073, -0.68819004, 0.36131725, -0.15903217, 1598.7919, 1598.7919, 955.3, 717.6882, , 
65766.271228166, 000097, 0.31672248, -0.031523645, 0.05373053, 0.60808444, -0.6873387, 0.3630626, -0.16119681, 1598.7919, 1598.7919, 955.29987, 717.68695, , 
65766.28789725, 000098, 0.319874, -0.031493843, 0.056114595, 0.60753167, -0.68640536, 0.36482573, -0.16326407, 1598.7919, 1598.7919, 955.2996, 717.6855, , 
65766.321235666, 000099, 0.3250176, -0.032334384, 0.057833225, 0.6066504, -0.6843166, 0.36853865, -0.16692927, 1598.7919, 1598.7919, 955.2994, 717.6811, , 
65766.337904875, 000100, 0.32768434, -0.03264357, 0.05906607, 0.6061163, -0.6833484, 0.37051213, -0.16846018, 1598.7919, 1598.7919, 955.2995, 717.6792, , 
65766.354574083, 000101, 0.3305047, -0.032790475, 0.06085631, 0.6054501, -0.6824639, 0.3725733, -0.16988905, 1598.7919, 1598.7919, 955.29987, 717.67676, , 
65766.371243291, 000102, 0.33329868, -0.03287667, 0.062827624, 0.6046784, -0.68157125, 0.3747536, -0.17141876, 1598.7919, 1598.7919, 955.3001, 717.67505, , 
65766.387912333, 000103, 0.33599263, -0.032923646, 0.06486537, 0.6038394, -0.6806018, 0.37704033, -0.17320468, 1598.7919, 1598.7919, 955.3003, 717.6732, , 
65766.421250791, 000104, 0.3406512, -0.033402566, 0.0668098, 0.60169566, -0.67841595, 0.38234797, -0.17755084, 1598.7919, 1598.7919, 955.3008, 717.66907, , 
65766.43792, 000105, 0.3429937, -0.033552907, 0.06813959, 0.6001905, -0.67729455, 0.38541424, -0.18027568, 1598.7919, 1598.7919, 955.301, 717.6675, , 
65766.454589083, 000106, 0.345484, -0.033624172, 0.06989287, 0.5982915, -0.67637974, 0.3886177, -0.18312263, 1598.7919, 1598.7919, 955.30115, 717.6666, , 
65766.471258291, 000107, 0.3480547, -0.03367242, 0.07171315, 0.5960564, -0.6756827, 0.39190915, -0.18594864, 1598.7919, 1598.7919, 955.3016, 717.6665, , 
65766.487927541, 000108, 0.35061467, -0.033677716, 0.07348454, 0.5937242, -0.6750561, 0.39515767, -0.18878916, 1598.7919, 1598.7919, 955.30194, 717.6669, , 
65766.521265958, 000109, 0.35498095, -0.034242384, 0.075056754, 0.58990896, -0.67363745, 0.4005899, -0.19428793, 1598.7919, 1598.7919, 955.3023, 717.66724, , 
65766.537935, 000110, 0.35705942, -0.034235872, 0.07589256, 0.5883918, -0.6725564, 0.40324083, -0.19712909, 1598.7919, 1598.7919, 955.3023, 717.66656, , 
65766.55460425, 000111, 0.3591751, -0.03397046, 0.07688431, 0.58710253, -0.67134005, 0.40581232, -0.19982389, 1598.7919, 1598.7919, 955.3022, 717.6652, , 
65766.5712735, 000112, 0.36131006, -0.033589646, 0.07779164, 0.58599514, -0.670087, 0.40825945, -0.20228039, 1598.7919, 1598.7919, 955.3023, 717.66296, , 
65766.587942666, 000113, 0.36345947, -0.033147316, 0.078544036, 0.5850263, -0.668842, 0.41056582, -0.20452468, 1598.7919, 1598.7919, 955.3023, 717.6611, , 
65766.604611708, 000114, 0.36559528, -0.0326597, 0.07912211, 0.58419555, -0.6675807, 0.41272926, -0.20665447, 1598.7919, 1598.7919, 955.3024, 717.65906, , 
65766.637950208, 000115, 0.36917555, -0.03230182, 0.07797795, 0.5831281, -0.6652405, 0.4160335, -0.21055357, 1598.7919, 1598.7919, 955.30206, 717.6545, , 
65766.654619416, 000116, 0.37123346, -0.03180595, 0.07790099, 0.58255374, -0.66400707, 0.41761383, -0.2128955, 1598.7919, 1598.7919, 955.3018, 717.6527, , 
65766.671288625, 000117, 0.37331092, -0.031261135, 0.077750616, 0.5817795, -0.6627992, 0.41931558, -0.2154165, 1598.7919, 1598.7919, 955.3014, 717.6508, , 
65766.687957666, 000118, 0.37541717, -0.030707136, 0.0774199, 0.5807292, -0.6616971, 0.42120236, -0.21794303, 1598.7919, 1598.7919, 955.30115, 717.6498, , 
65766.704626916, 000119, 0.37748635, -0.03014075, 0.07690293, 0.579464, -0.66062295, 0.42326087, -0.22056498, 1598.7919, 1598.7919, 955.301, 717.649, , 
65766.737965375, 000120, 0.38089365, -0.029364072, 0.07472341, 0.5768611, -0.6582288, 0.4274173, -0.22645217, 1598.7919, 1598.7919, 955.3003, 717.6473, , 
65766.754634375, 000121, 0.38249207, -0.02872413, 0.07377925, 0.5756067, -0.656695, 0.42957962, -0.22997825, 1598.34, 1598.34, 955.29987, 717.64624, , 
65766.771303625, 000122, 0.3839891, -0.028033275, 0.0727931, 0.57440376, -0.655003, 0.4317981, -0.23362698, 1598.34, 1598.34, 955.2994, 717.64496, , 
65766.787972791, 000123, 0.3854395, -0.02732265, 0.07174439, 0.5732822, -0.6532578, 0.43399784, -0.23716603, 1598.34, 1598.34, 955.2988, 717.6428, , 
65766.804642083, 000124, 0.3868825, -0.026612662, 0.07066488, 0.5722742, -0.6515249, 0.43606025, -0.24055944, 1598.7919, 1598.7919, 955.29834, 717.6412, , 
65766.837980333, 000125, 0.39055514, -0.025425196, 0.06815723, 0.570633, -0.6484137, 0.43931252, -0.24686491, 1598.7919, 1598.7919, 955.2972, 717.6378, , 
65766.854649541, 000126, 0.39240837, -0.024774581, 0.067065224, 0.5697648, -0.64723504, 0.44057456, -0.24969791, 1598.7919, 1598.7919, 955.2966, 717.6373, , 
65766.871318833, 000127, 0.3944649, -0.024158929, 0.06596907, 0.56851566, -0.6465785, 0.4418387, -0.25200135, 1598.7919, 1598.7919, 955.29626, 717.6377, , 
65766.887988, 000128, 0.3966726, -0.023589134, 0.06490086, 0.56664914, -0.6463607, 0.4434258, -0.2539687, 1598.7919, 1598.7919, 955.296, 717.639, , 
65766.921326333, 000129, 0.40092042, -0.022869479, 0.063043326, 0.5621871, -0.6458209, 0.44693848, -0.25905004, 1598.7919, 1598.7919, 955.2958, 717.6439, , 
65766.937995458, 000130, 0.4025308, -0.022478867, 0.062390175, 0.56016845, -0.6449959, 0.44838196, -0.26295483, 1598.7919, 1598.7919, 955.29486, 717.647, , 
65766.954664708, 000131, 0.40388405, -0.022053823, 0.06183496, 0.55835325, -0.6439556, 0.4495186, -0.2673874, 1598.7919, 1598.7919, 955.2938, 717.64923, , 
65766.971333958, 000132, 0.40518415, -0.02164751, 0.061254617, 0.5566425, -0.6428996, 0.45051605, -0.2717804, 1598.7919, 1598.7919, 955.2928, 717.6515, , 
65766.988002958, 000133, 0.4065302, -0.021258555, 0.060594145, 0.5550051, -0.64188844, 0.45153677, -0.27579534, 1598.34, 1598.34, 955.2916, 717.65436, , 
65767.021341458, 000134, 0.40956765, -0.020582348, 0.058765296, 0.55225873, -0.63975424, 0.4539989, -0.28215215, 1598.7919, 1598.7919, 955.2904, 717.6565, , 
65767.038010666, 000135, 0.41119373, -0.020224776, 0.057832096, 0.5510387, -0.6386744, 0.45556554, -0.2844496, 1598.7919, 1598.7919, 955.2902, 717.6565, , 
65767.054679708, 000136, 0.41290048, -0.019865338, 0.05693381, 0.5497563, -0.63766795, 0.457392, -0.28625193, 1598.7919, 1598.7919, 955.2902, 717.6558, , 
65767.071348916, 000137, 0.41467696, -0.019532759, 0.056054868, 0.5483506, -0.6367618, 0.4594344, -0.28769106, 1598.7919, 1598.7919, 955.2904, 717.65497, , 
65767.104687416, 000138, 0.41819197, -0.019080147, 0.05457533, 0.54513353, -0.63494766, 0.46376514, -0.29084837, 1598.7919, 1598.7919, 955.291, 717.6535, , 
65767.121356541, 000139, 0.4203027, -0.019493297, 0.054264784, 0.54340625, -0.6341804, 0.4656641, -0.29271445, 1598.7919, 1598.7919, 955.29114, 717.65356, , 
65767.138025583, 000140, 0.42201224, -0.019644063, 0.053957287, 0.541438, -0.6334344, 0.46753198, -0.29499084, 1598.7919, 1598.7919, 955.29114, 717.6543, , 
65767.171364083, 000141, 0.4249069, -0.019857932, 0.053652566, 0.5368956, -0.63189167, 0.47131413, -0.30053145, 1598.7919, 1598.7919, 955.2908, 717.6578, , 
65767.188033291, 000142, 0.42614198, -0.019961938, 0.053675264, 0.5345253, -0.6309014, 0.47332054, -0.30366716, 1598.7919, 1598.7919, 955.29065, 717.65936, , 
65767.204702375, 000143, 0.42724425, -0.02006223, 0.053802382, 0.53217417, -0.62970597, 0.47546974, -0.30690333, 1598.7919, 1598.7919, 955.2904, 717.6606, , 
65767.23804075, 000144, 0.4313193, -0.020106051, 0.054862957, 0.52749383, -0.62689066, 0.4801913, -0.31332856, 1598.7919, 1598.7919, 955.29, 717.6622, , 
65767.25471, 000145, 0.4325074, -0.020254675, 0.05538799, 0.5252159, -0.6255263, 0.4825665, -0.3162192, 1598.7919, 1598.7919, 955.29, 717.6624, , 
65767.27137925, 000146, 0.43362278, -0.020455468, 0.056013294, 0.5229472, -0.62422395, 0.4849646, -0.31887305, 1598.7919, 1598.7919, 955.29, 717.6626, , 
65767.304717541, 000147, 0.43576485, -0.020993717, 0.057663504, 0.5184259, -0.62167954, 0.48960552, -0.3240916, 1598.7919, 1598.7919, 955.29, 717.66296, , 
65767.321386708, 000148, 0.43786532, -0.021753531, 0.059081007, 0.51604843, -0.6203456, 0.49200326, -0.32679978, 1598.7919, 1598.7919, 955.29, 717.6634, , 
65767.338055916, 000149, 0.4391402, -0.022214178, 0.060338147, 0.51376545, -0.6189091, 0.49430943, -0.32962802, 1598.7919, 1598.7919, 955.29, 717.66345, , 
65767.371394166, 000150, 0.44101796, -0.022856113, 0.06293862, 0.50901675, -0.6158658, 0.4991258, -0.3353871, 1598.7919, 1598.7919, 955.28986, 717.6637, , 
65767.388063458, 000151, 0.44182134, -0.023094222, 0.06430587, 0.5065863, -0.61424816, 0.5017148, -0.33815935, 1598.7919, 1598.7919, 955.29, 717.66345, , 
65767.404732666, 000152, 0.44313598, -0.02368816, 0.06578204, 0.50396365, -0.6125644, 0.504671, -0.34072396, 1598.7919, 1598.7919, 955.29, 717.6629, , 
65767.438070916, 000153, 0.44454145, -0.024175081, 0.068667576, -0.4989392, 0.6088343, -0.5104968, 0.34608313, 1598.7919, 1598.7919, 955.2904, 717.6607, , 
65767.454740166, 000154, 0.44494927, -0.024310566, 0.07014593, -0.49638578, 0.60681504, -0.51343745, 0.34893954, 1598.7919, 1598.7919, 955.2905, 717.6595, , 
65767.488078583, 000155, 0.44537878, -0.02457716, 0.073267564, -0.4913482, 0.60282195, -0.5186911, 0.3551651, 1598.7919, 1598.7919, 955.2905, 717.658, , 
65767.504747583, 000156, 0.44545364, -0.024771374, 0.07488788, -0.48873028, 0.6008759, -0.52119964, 0.35838768, 1598.7919, 1598.7919, 955.2904, 717.65784, , 
65767.521416791, 000157, 0.44555205, -0.025168482, 0.07643451, -0.4863261, 0.59889734, -0.52339274, 0.36175808, 1598.7919, 1598.7919, 955.2902, 717.6579, , 
65767.554755208, 000158, 0.44526595, -0.025616106, 0.08001578, -0.4813886, 0.5946913, -0.52786803, 0.36873123, 1598.7919, 1598.7919, 955.2896, 717.6579, , 
65767.571424333, 000159, 0.44510305, -0.025838811, 0.08196234, -0.47874618, 0.5927148, -0.53005874, 0.3721946, 1598.7919, 1598.7919, 955.28937, 717.6583, , 
65767.604762708, 000160, 0.44494236, -0.026386663, 0.08602792, -0.473274, 0.58924246, -0.53428245, 0.37861252, 1598.7919, 1598.7919, 955.28894, 717.6602, , 
65767.621431958, 000161, 0.44515008, -0.027354151, 0.087976195, -0.47049537, 0.5876166, -0.53643733, 0.38154405, 1598.7919, 1598.7919, 955.2888, 717.6611, , 
65767.65477025, 000162, 0.44518918, -0.028275039, 0.09206664, -0.46487805, 0.5844264, -0.5408371, 0.38707796, 1598.7919, 1598.7919, 955.2888, 717.66266, , 
65767.671439416, 000163, 0.4451683, -0.028612364, 0.09409599, -0.46200526, 0.5829188, -0.54311675, 0.3895907, 1598.7919, 1598.7919, 955.28894, 717.6632, , 
65767.688108666, 000164, 0.4450925, -0.02889698, 0.09608068, -0.4591209, 0.5813305, -0.5454968, 0.3920409, 1598.7919, 1598.7919, 955.28906, 717.6635, , 
65767.721446958, 000165, 0.44516683, -0.029941056, 0.1000726, -0.45354876, 0.578116, -0.55027413, 0.39657772, 1598.7919, 1598.7919, 955.28937, 717.6634, , 
65767.738116125, 000166, 0.44504344, -0.030294228, 0.10195093, -0.45068404, 0.57655823, -0.5527101, 0.39871815, 1598.7919, 1598.7919, 955.2896, 717.6632, , 
65767.771454541, 000167, 0.4444492, -0.030672226, 0.105528474, -0.44497818, 0.57353723, -0.55741316, 0.40291423, 1598.7919, 1598.7919, 955.2902, 717.66296, , 
65767.788123833, 000168, 0.4439832, -0.030770753, 0.10727431, -0.44215056, 0.57198817, -0.55967885, 0.40508273, 1598.34, 1598.34, 955.2904, 717.66296, , 
65767.821462, 000169, 0.44302654, -0.031313416, 0.11053796, -0.4370482, 0.5688785, -0.5636284, 0.40949878, 1598.34, 1598.34, 955.29065, 717.66315, , 
65767.83813125, 000170, 0.4422422, -0.031358004, 0.112164065, -0.43479678, 0.5671644, -0.56536835, 0.41186753, 1598.34, 1598.34, 955.29065, 717.66327, , 
65767.854800541, 000171, 0.44121605, -0.031235225, 0.11379812, -0.43264526, 0.5651304, -0.5671073, 0.4145299, 1598.7919, 1598.7919, 955.2904, 717.66296, , 
65767.88813875, 000172, 0.43881112, -0.030774947, 0.117166154, -0.42806464, 0.5606693, -0.57093734, 0.42004904, 1598.7919, 1598.7919, 955.2901, 717.6621, , 
65767.904807958, 000173, 0.43757713, -0.030533645, 0.11878526, -0.42572513, 0.55861837, -0.5728708, 0.42251933, 1598.7919, 1598.7919, 955.29, 717.66144, , 
65767.938146375, 000174, 0.43472832, -0.02989754, 0.12216856, -0.4211176, 0.5544379, -0.57655716, 0.42759866, 1598.7919, 1598.7919, 955.28986, 717.6609, , 
65767.954815458, 000175, 0.43298817, -0.02944154, 0.12425194, -0.4187227, 0.5519549, -0.5783893, 0.43067735, 1598.7919, 1598.7919, 955.2896, 717.66064, , 
65767.988153833, 000176, 0.42911744, -0.028427076, 0.12878633, -0.41404653, 0.54687893, -0.5817051, 0.43715918, 1598.7919, 1598.7919, 955.2888, 717.66064, , 
65768.004823083, 000177, 0.42663217, -0.027779885, 0.1311097, -0.41171554, 0.5443934, -0.5831894, 0.4404728, 1598.7919, 1598.7919, 955.2883, 717.661, , 
65768.021492166, 000178, 0.42353725, -0.026987936, 0.13340414, -0.40929848, 0.5418294, -0.5847625, 0.4437888, 1598.7919, 1598.7919, 955.2879, 717.66156, , 
65768.0548305, 000179, 0.41826063, -0.025489882, 0.1382216, -0.40368754, 0.53572637, -0.58907807, 0.45057827, 1598.7919, 1598.7919, 955.2874, 717.66095, , 
65768.071499791, 000180, 0.4155146, -0.024790391, 0.14067993, -0.4007451, 0.53229725, -0.5916959, 0.45382714, 1598.7919, 1598.7919, 955.2873, 717.6589, , 
65768.104838041, 000181, 0.41001737, -0.023511589, 0.14555192, -0.394719, 0.5255697, -0.59714246, 0.45977637, 1598.7919, 1598.7919, 955.2873, 717.6549, , 
65768.121507208, 000182, 0.4075464, -0.022892963, 0.14778736, -0.3913544, 0.52244955, -0.60001934, 0.4624553, 1598.7919, 1598.7919, 955.2874, 717.6526, , 
65768.138176458, 000183, 0.4046593, -0.022583794, 0.15055436, -0.38762847, 0.5195461, -0.6028351, 0.4651942, 1598.7919, 1598.7919, 955.28754, 717.6515, , 
65768.171514708, 000184, 0.39807636, -0.022541702, 0.15695077, -0.3794457, 0.5137288, -0.608295, 0.47125462, 1598.7919, 1598.7919, 955.2879, 717.65076, , 
65768.188183958, 000185, 0.394438, -0.022787482, 0.16050112, -0.37515318, 0.51074547, -0.61086494, 0.47459793, 1598.7919, 1598.7919, 955.2879, 717.6511, , 
65768.221522375, 000186, 0.38781142, -0.024634745, 0.1665781, -0.36651927, 0.504863, -0.61569047, 0.48135462, 1598.7919, 1598.7919, 955.2878, 717.6532, , 
65770.238491875, 000281, -0.10066125, -0.09161498, 0.951603, 0.098833784, 0.19230646, -0.69418263, 0.686557, 1598.34, 1598.34, 955.32947, 717.74677, , 
65770.255161083, 000282, -0.10127764, -0.09160047, 0.9602256, 0.09956433, 0.1918723, -0.6937681, 0.6869919, 1598.34, 1598.34, 955.3296, 717.7476, , 
65770.271830125, 000283, -0.10200858, -0.09166438, 0.9689917, 0.10024398, 0.19203179, -0.6932036, 0.68741816, 1598.34, 1598.34, 955.3303, 717.74963, , 
65770.305168541, 000284, -0.10426089, -0.0916503, 0.98727906, 0.10258012, 0.19369072, -0.6922852, 0.68753356, 1598.7919, 1598.7919, 955.33276, 717.75226, , 
65770.321837666, 000285, -0.10528231, -0.091667674, 0.9964334, 0.10366763, 0.19519556, -0.6921543, 0.68707645, 1598.7919, 1598.7919, 955.3351, 717.75256, , 
65770.355175916, 000286, -0.10697112, -0.09179349, 1.0144557, 0.104682855, 0.19857161, -0.69266677, 0.6854368, 1598.34, 1598.34, 955.3382, 717.75073, , 
65770.371845166, 000287, -0.107814, -0.091939874, 1.0234299, 0.10489962, 0.20032872, -0.69308174, 0.68447226, 1598.34, 1598.34, 955.33997, 717.7488, , 
65770.388514291, 000288, -0.108709425, -0.09217584, 1.0324358, 0.10520999, 0.20210703, -0.6934555, 0.68352246, 1598.34, 1598.34, 955.3415, 717.7474, , 
65770.421852583, 000289, -0.11086136, -0.09293105, 1.0515507, 0.10665758, 0.20488724, -0.69385177, 0.68206686, 1598.34, 1598.34, 955.3451, 717.7451, , 
65770.43852175, 000290, -0.11218378, -0.09352809, 1.0605745, 0.10723381, 0.20577776, -0.6937683, 0.6817931, 1598.34, 1598.34, 955.34625, 717.74506, , 
65770.455191, 000291, -0.11368908, -0.09425246, 1.0694888, 0.107528724, 0.20633335, -0.6934944, 0.6818575, 1598.34, 1598.34, 955.34705, 717.74567, , 
65770.48852925, 000292, -0.11715248, -0.095967144, 1.0872686, 0.106710725, 0.20700756, -0.69270307, 0.6825856, 1598.34, 1598.34, 955.34717, 717.7489, , 
65770.505198416, 000293, -0.119462736, -0.09695272, 1.0965794, 0.10578897, 0.20761864, -0.6922186, 0.6830349, 1598.34, 1598.34, 955.3469, 717.7509, , 
65770.521867583, 000294, -0.121513516, -0.09791319, 1.1058387, 0.10415257, 0.2086342, -0.6919355, 0.6832637, 1598.34, 1598.34, 955.34656, 717.75275, , 
65770.555205958, 000295, -0.12527052, -0.09957424, 1.1245542, 0.09892512, 0.21113896, -0.6924726, 0.68272686, 1598.34, 1598.34, 955.3445, 717.75397, , 
65770.571875041, 000296, -0.12697268, -0.10026556, 1.1341386, 0.095493995, 0.21279277, -0.6932689, 0.6818933, 1598.34, 1598.34, 955.3431, 717.7529, , 
65770.588544208, 000297, -0.12854052, -0.100857735, 1.1439397, 0.09173939, 0.21480255, -0.6943317, 0.6806961, 1598.34, 1598.34, 955.3414, 717.75024, , 
65770.621882625, 000298, -0.13206121, -0.101789966, 1.1648657, 0.0841479, 0.21937509, -0.69680613, 0.6776835, 1598.34, 1598.34, 955.33905, 717.74475, , 
65770.638551666, 000299, -0.13343222, -0.1021111, 1.1750195, 0.07994384, 0.22178768, -0.69810915, 0.67606425, 1598.34, 1598.34, 955.3375, 717.74066, , 
65770.655220875, 000300, -0.13469797, -0.10233834, 1.1849792, 0.075506285, 0.22391504, -0.699407, 0.6745299, 1598.34, 1598.34, 955.336, 717.7376, , 
65770.688559291, 000301, -0.13703392, -0.10246948, 1.2044963, 0.0650596, 0.2271604, -0.7017938, 0.67204964, 1598.34, 1598.34, 955.3315, 717.7318, , 
65770.705228291, 000302, -0.13835777, -0.10233681, 1.2154871, 0.05954026, 0.22985181, -0.70254344, 0.67086196, 1598.34, 1598.34, 955.3287, 717.7294, , 
65770.7218975, 000303, -0.13914089, -0.10222533, 1.2261664, 0.054359525, 0.2338852, -0.70319813, 0.6692198, 1598.34, 1598.34, 955.32764, 717.7283, , 
65770.755235875, 000304, -0.13995467, -0.10162163, 1.2470788, 0.04680297, 0.24311101, -0.70485145, 0.6647488, 1598.34, 1598.34, 955.32916, 717.7237, , 
65770.771905083, 000305, -0.14031391, -0.10100776, 1.2570156, 0.043195236, 0.24689901, -0.70591724, 0.66246194, 1598.34, 1598.34, 955.3297, 717.72064, , 
65770.805243291, 000306, -0.14195824, -0.098908454, 1.2759691, 0.033628166, 0.25158212, -0.70766675, 0.659381, 1598.34, 1598.34, 955.32715, 717.7143, , 
65770.821912541, 000307, -0.14277728, -0.09767279, 1.2854606, 0.027838932, 0.2542209, -0.7078828, 0.658406, 1598.34, 1598.34, 955.3252, 717.7135, , 
65770.838581666, 000308, -0.14336678, -0.09638233, 1.2952104, 0.022452787, 0.25795484, -0.7075806, 0.65748376, 1598.34, 1598.34, 955.3239, 717.7143, , 
65770.871919958, 000309, -0.14388081, -0.09350336, 1.3152064, 0.01528147, 0.26867205, -0.7061145, 0.6549687, 1598.34, 1598.34, 955.3257, 717.7199, , 
65770.888589166, 000310, -0.14387363, -0.091893554, 1.3248633, 0.012509391, 0.27438942, -0.70533216, 0.65349865, 1598.34, 1598.34, 955.32776, 717.7227, , 
65770.905258333, 000311, -0.14472818, -0.08894171, 1.3340172, 0.009281017, 0.27900124, -0.70475817, 0.6522179, 1598.34, 1598.34, 955.32947, 717.7254, , 
65770.921927458, 000312, -0.14492205, -0.08671239, 1.3422184, 0.0048843357, 0.28231058, -0.7045959, 0.6510157, 1598.34, 1598.34, 955.32916, 717.72595, , 
65770.955265791, 000313, -0.14459252, -0.08294752, 1.3564762, -0.00612033, 0.28523725, -0.70536274, 0.64889574, 1598.34, 1598.34, 955.3248, 717.723, , 
65770.971934958, 000314, -0.14414415, -0.08142446, 1.3632067, -0.012218096, 0.28635126, -0.7058092, 0.64783263, 1598.7919, 1598.7919, 955.3211, 717.7198, , 
65770.988604125, 000315, -0.14352003, -0.08018558, 1.3700194, -0.01858161, 0.28789625, -0.7060666, 0.64671516, 1598.7919, 1598.7919, 955.3185, 717.71783, , 
65771.005273166, 000316, -0.14360908, -0.078914195, 1.378111, -0.024977634, 0.29016826, -0.70612335, 0.645421, 1598.34, 1598.34, 955.3161, 717.71606, , 
65771.038611541, 000317, -0.14130434, -0.07731444, 1.3937279, -0.03692402, 0.29813662, -0.70627624, 0.6410343, 1598.34, 1598.34, 955.31366, 717.7123, , 
65771.05528075, 000318, -0.13949883, -0.07673425, 1.4017421, -0.04198472, 0.30326962, -0.70647365, 0.6380907, 1598.34, 1598.34, 955.3139, 717.7104, , 
65771.071949958, 000319, -0.13745433, -0.076249614, 1.40982, -0.04611212, 0.30859295, -0.70681775, 0.63486445, 1598.34, 1598.34, 955.3153, 717.7074, , 
65771.088618958, 000320, -0.13526376, -0.07585642, 1.4178874, -0.049221393, 0.31381938, -0.70727575, 0.63155025, 1598.34, 1598.34, 955.31696, 717.70496, , 
65771.121957291, 000321, -0.13159148, -0.074594714, 1.4336407, -0.053566284, 0.32357094, -0.7079039, 0.6255435, 1598.34, 1598.34, 955.3221, 717.7003, , 
65771.138626541, 000322, -0.12943819, -0.074435726, 1.4413484, -0.055569395, 0.3278918, -0.7080045, 0.62299985, 1598.34, 1598.34, 955.32404, 717.6993, , 
65771.155295583, 000323, -0.1273198, -0.0743935, 1.448856, -0.05774476, 0.3315719, -0.70797265, 0.62088674, 1598.34, 1598.34, 955.32556, 717.6986, , 
65771.188634, 000324, -0.12324233, -0.07457342, 1.4634557, -0.06305449, 0.33742088, -0.70737463, 0.6178936, 1598.34, 1598.34, 955.32684, 717.6984, , 
65771.205303166, 000325, -0.12143356, -0.07427004, 1.4700916, -0.066202685, 0.3398387, -0.70668143, 0.61703175, 1598.34, 1598.34, 955.3266, 717.69934, , 
65771.221972375, 000326, -0.119555265, -0.07442318, 1.477198, -0.06949268, 0.34217468, -0.7057967, 0.61639124, 1598.34, 1598.34, 955.32587, 717.70135, , 
65771.238641333, 000327, -0.11762623, -0.07478774, 1.4845066, -0.072934404, 0.34442174, -0.70479125, 0.6158925, 1598.34, 1598.34, 955.3251, 717.7033, , 
65771.271979791, 000328, -0.11333324, -0.07586622, 1.4994352, -0.080665186, 0.34877142, -0.702806, 0.61474824, 1598.34, 1598.34, 955.323, 717.7067, , 
65771.288649, 000329, -0.11089462, -0.07653032, 1.5071217, -0.08453139, 0.35103056, -0.7020002, 0.61386305, 1598.7919, 1598.7919, 955.3217, 717.7081, , 
65771.305318041, 000330, -0.10699113, -0.07721366, 1.5143688, -0.08815146, 0.35345563, -0.7013539, 0.6126999, 1598.7919, 1598.7919, 955.321, 717.7086, , 
65771.338656416, 000331, -0.10047076, -0.078802645, 1.5305095, -0.09428741, 0.35851166, -0.7004486, 0.60987794, 1598.7919, 1598.7919, 955.3207, 717.7087, , 
65771.355325583, 000332, -0.09713742, -0.079615586, 1.5388927, -0.09674448, 0.36071634, -0.7003063, 0.6083546, 1598.7919, 1598.7919, 955.3208, 717.708, , 
65771.371994791, 000333, -0.09369476, -0.08041292, 1.5474093, -0.09853712, 0.36262348, -0.70042264, 0.60679716, 1598.7919, 1598.7919, 955.3211, 717.7068, , 
65771.405333041, 000334, -0.086399026, -0.08160959, 1.5639863, -0.10125343, 0.3659777, -0.7010391, 0.6036159, 1598.34, 1598.34, 955.32263, 717.7027, , 
65771.422002166, 000335, -0.08260076, -0.082157776, 1.5724391, -0.1026466, 0.3673691, -0.7014653, 0.6020382, 1598.34, 1598.34, 955.32324, 717.7007, , 
65771.438671416, 000336, -0.07875804, -0.0826791, 1.581036, -0.10403584, 0.3684003, -0.70198846, 0.6005581, 1598.34, 1598.34, 955.32355, 717.69824, , 
65771.455340333, 000337, -0.07489949, -0.08313629, 1.5896924, -0.10528249, 0.36918807, -0.70262253, 0.59911376, 1598.34, 1598.34, 955.3239, 717.6945, , 
65771.472009625, 000338, -0.071040675, -0.08354053, 1.5983913, -0.1064371, 0.3699078, -0.70328003, 0.5976927, 1598.34, 1598.34, 955.3243, 717.6916, , 
65771.488678833, 000339, -0.06723492, -0.08388305, 1.607084, -0.107676476, 0.37045813, -0.7039152, 0.5963807, 1598.34, 1598.34, 955.3245, 717.6888, , 
65771.522017166, 000340, -0.058772173, -0.08504311, 1.6222887, -0.11099285, 0.3705338, -0.70517945, 0.5942282, 1598.34, 1598.34, 955.3238, 717.68176, , 
65771.538686208, 000341, -0.054855824, -0.08513621, 1.6307503, -0.11300177, 0.37055504, -0.7056189, 0.59331393, 1598.7919, 1598.7919, 955.32324, 717.67883, , 
65771.555355375, 000342, -0.050942354, -0.085001856, 1.6394914, -0.114747256, 0.3707497, -0.70588756, 0.59253734, 1598.7919, 1598.7919, 955.3224, 717.67584, , 
65771.5720245, 000343, -0.046972662, -0.084655866, 1.6484563, -0.11602701, 0.371383, -0.706006, 0.5917499, 1598.7919, 1598.7919, 955.32214, 717.67444, , 
65771.588693833, 000344, -0.042899024, -0.084106185, 1.6575959, -0.116620384, 0.3726968, -0.706076, 0.5907227, 1598.7919, 1598.7919, 955.32263, 717.6737, , 
65771.622032, 000345, -0.033075143, -0.08323121, 1.6740109, -0.1162252, 0.37640175, -0.7066214, 0.5877922, 1598.34, 1598.34, 955.3261, 717.6725, , 
65771.638701125, 000346, -0.028765418, -0.08223675, 1.6829025, -0.116088815, 0.37837863, -0.7068037, 0.58632886, 1598.34, 1598.34, 955.3279, 717.67194, , 
65771.655370375, 000347, -0.02461125, -0.08111637, 1.6917208, -0.1162396, 0.38021573, -0.7068477, 0.5850561, 1598.34, 1598.34, 955.32983, 717.67163, , 
65771.688708583, 000348, -0.016680252, -0.07872993, 1.70865, -0.11761305, 0.38256276, -0.7066577, 0.58347905, 1598.34, 1598.34, 955.3311, 717.6714, , 
65771.705377791, 000349, -0.011898302, -0.07786469, 1.7146984, -0.11884909, 0.38302195, -0.7064605, 0.5831661, 1598.34, 1598.34, 955.3309, 717.6715, , 
65771.722047, 000350, -0.0077510118, -0.076818116, 1.7219075, -0.12045917, 0.3833201, -0.7061622, 0.58300114, 1598.34, 1598.34, 955.32996, 717.67163, , 
65771.75538525, 000351, 8.711219e-05, -0.074634686, 1.7367327, -0.123750664, 0.38303038, -0.7060561, 0.5826306, 1598.34, 1598.34, 955.328, 717.6702, , 
65771.772054416, 000352, 0.003996834, -0.07356669, 1.7440737, -0.12513112, 0.38264617, -0.7063519, 0.5822295, 1598.34, 1598.34, 955.32697, 717.66785, , 
65771.788723625, 000353, 0.007927217, -0.07256413, 1.7514507, -0.1263564, 0.38245678, -0.7066647, 0.58170944, 1598.34, 1598.34, 955.3265, 717.66583, , 
65771.822061833, 000354, 0.017255478, -0.07184647, 1.7640082, -0.12859903, 0.38398525, -0.7065187, 0.58038694, 1598.34, 1598.34, 955.32623, 717.6645, , 
65771.838731, 000355, 0.02152107, -0.07147386, 1.7717324, -0.12972596, 0.38649225, -0.70574003, 0.5794187, 1598.34, 1598.34, 955.32684, 717.66614, , 
65771.855400166, 000356, 0.025817849, -0.07124473, 1.7797035, -0.13077755, 0.38993633, -0.7047565, 0.5780703, 1598.34, 1598.34, 955.328, 717.66864, , 
65771.888738541, 000357, 0.034514807, -0.07116571, 1.7955858, -0.13273774, 0.39812487, -0.7028444, 0.57435805, 1598.34, 1598.34, 955.3325, 717.67487, , 
65771.905407583, 000358, 0.03928958, -0.07204204, 1.8018266, -0.13356674, 0.40204173, -0.7020681, 0.5723835, 1598.7919, 1598.7919, 955.33484, 717.6772, , 
65771.92207675, 000359, 0.04369794, -0.07247521, 1.8088346, -0.13476558, 0.40576372, -0.7012308, 0.57049924, 1598.34, 1598.34, 955.3374, 717.68, , 
65771.955415125, 000360, 0.05214438, -0.07319267, 1.8231704, -0.13826565, 0.41266063, -0.699064, 0.5673652, 1598.34, 1598.34, 955.3401, 717.68475, , 
65771.972084166, 000361, 0.05633478, -0.07363392, 1.8303456, -0.14064147, 0.4160217, -0.6976387, 0.5660796, 1598.34, 1598.34, 955.3409, 717.6888, , 
65771.988753375, 000362, 0.060561582, -0.07412789, 1.8375279, -0.14341047, 0.41931236, -0.69609463, 0.5648566, 1598.34, 1598.34, 955.3411, 717.6919, , 
65772.022091708, 000363, 0.06975018, -0.076232396, 1.8498641, -0.14973858, 0.42520973, -0.6932815, 0.56225955, 1598.34, 1598.34, 955.3409, 717.69714, , 
65772.038760958, 000364, 0.07420385, -0.07681371, 1.8569226, -0.15307158, 0.42786068, -0.69208264, 0.560826, 1598.34, 1598.34, 955.34045, 717.69916, , 
65772.072099166, 000365, 0.083399974, -0.07791314, 1.8717381, -0.15957806, 0.43343216, -0.68986094, 0.55746144, 1598.34, 1598.34, 955.3401, 717.7013, , 
65772.088768333, 000366, 0.08819567, -0.07848516, 1.8794278, -0.16274779, 0.4364927, -0.6888176, 0.5554436, 1598.34, 1598.34, 955.34045, 717.7025, , 
65772.1221065, 000367, 0.09861359, -0.07986148, 1.89325, -0.16918139, 0.4425778, -0.686868, 0.55110335, 1598.34, 1598.34, 955.341, 717.70374, , 
65772.138775666, 000368, 0.103747085, -0.08044268, 1.9011046, -0.17259167, 0.44576323, -0.6858213, 0.5487771, 1598.34, 1598.34, 955.3415, 717.70447, , 
65772.172114125, 000369, 0.11399845, -0.081365824, 1.9168801, -0.17949226, 0.45120415, -0.6843278, 0.5439602, 1598.34, 1598.34, 955.3419, 717.70355, , 
65772.188783291, 000370, 0.11901951, -0.08168824, 1.9246122, -0.18323898, 0.4532565, -0.68382335, 0.5416342, 1598.34, 1598.34, 955.3417, 717.70197, , 
65772.222121458, 000371, 0.12837079, -0.082233876, 1.937677, -0.19162512, 0.45592263, -0.6830022, 0.537515, 1598.34, 1598.34, 955.3395, 717.69617, , 
65774.239088, 000459, 0.42768222, -0.08966097, 2.6823463, -0.052699417, 0.34507608, -0.6736935, 0.6513697, 1604.6666, 1604.6666, 955.3351, 717.82666, , 
65774.272426333, 000460, 0.4178297, -0.09022096, 2.6953568, -0.04068478, 0.33600584, -0.674159, 0.6564713, 1606.9261, 1606.9261, 955.33704, 717.8284, , 
65774.289095375, 000461, 0.41298804, -0.09055341, 2.701411, -0.035179596, 0.33122396, -0.6743062, 0.6590631, 1606.4742, 1606.4742, 955.3379, 717.8298, , 
65774.305764541, 000462, 0.40770346, -0.09003953, 2.7084498, -0.029616717, 0.32611716, -0.6746625, 0.6615142, 1606.4742, 1606.4742, 955.3381, 717.83, , 
65774.339102875, 000463, 0.39826033, -0.09032564, 2.7198658, -0.018041134, 0.31515118, -0.6761861, 0.66567767, 1610.9933, 1610.9933, 955.3382, 717.827, , 
65774.355772041, 000464, 0.39375013, -0.090651035, 2.7252054, -0.012156789, 0.30958304, -0.6770959, 0.6674966, 1610.9933, 1610.9933, 955.3381, 717.8249, , 
65774.372441, 000465, 0.38929343, -0.09101197, 2.730533, -0.006144231, 0.3041581, -0.6779579, 0.66919595, 1610.9933, 1610.9933, 955.3383, 717.82275, , 
65774.405779416, 000466, 0.38022473, -0.09050187, 2.742933, 0.00696496, 0.29429194, -0.67944014, 0.6720899, 1599.6957, 1599.6957, 955.33997, 717.81793, , 
65774.422448541, 000467, 0.37577552, -0.09037869, 2.7489605, 0.013987402, 0.2899537, -0.6800197, 0.6732788, 1599.2438, 1599.2438, 955.3416, 717.8162, , 
65774.439117625, 000468, 0.3713395, -0.09041132, 2.7545562, 0.021079779, 0.28555378, -0.68055195, 0.6744358, 1599.2438, 1599.2438, 955.34344, 717.81445, , 
65774.472455958, 000469, 0.3621853, -0.09038824, 2.7648919, 0.034779288, 0.2756064, -0.6813188, 0.67722684, 1599.2438, 1599.2438, 955.3467, 717.81036, , 
65774.489125125, 000470, 0.35743248, -0.090325624, 2.7697241, 0.04115211, 0.27002686, -0.68140316, 0.67903, 1599.2438, 1599.2438, 955.3474, 717.80914, , 
65774.505794208, 000471, 0.3528915, -0.08963828, 2.7763658, 0.04732838, 0.2641966, -0.6812499, 0.68107176, 1599.2438, 1599.2438, 955.3478, 717.80835, , 
65774.539132458, 000472, 0.3434037, -0.089079335, 2.7864606, -0.058964863, -0.25209486, 0.6804824, -0.6855035, 1599.2438, 1599.2438, 955.3474, 717.8084, , 
65774.555801583, 000473, 0.338625, -0.08888059, 2.79117, -0.06478329, -0.24605408, 0.6798765, -0.6877706, 1599.2438, 1599.2438, 955.3473, 717.80914, , 
65774.572470791, 000474, 0.3338415, -0.088690124, 2.795846, -0.07058689, -0.24001552, 0.67917436, -0.6900233, 1599.2438, 1599.2438, 955.3473, 717.80994, , 
65774.605808958, 000475, 0.32433832, -0.08757301, 2.806604, -0.08199665, -0.22766364, 0.67775744, -0.6943275, 1599.2438, 1599.2438, 955.3468, 717.8114, , 
65774.622478166, 000476, 0.31968805, -0.08711678, 2.8117685, -0.087651245, -0.22134271, 0.6771522, -0.6962682, 1599.2438, 1599.2438, 955.3465, 717.81146, , 
65774.655816291, 000477, 0.31057614, -0.086699426, 2.8216298, -0.09897006, -0.20905024, 0.675862, -0.6997953, 1599.2438, 1599.2438, 955.3459, 717.8113, , 
65774.672485541, 000478, 0.30609265, -0.08667583, 2.8265977, -0.10447355, -0.20317529, 0.67505044, -0.70150685, 1599.2438, 1599.2438, 955.34576, 717.81146, , 
65774.689154666, 000479, 0.301641, -0.086758174, 2.8315678, -0.10989282, -0.19725752, 0.67417425, -0.70320845, 1599.2438, 1599.2438, 955.34576, 717.8119, , 
65774.722493041, 000480, 0.29258287, -0.08638562, 2.8415735, -0.12079115, -0.18432702, 0.6724724, -0.70655066, 1599.2438, 1599.2438, 955.3447, 717.8124, , 
65774.739162041, 000481, 0.28833798, -0.08663423, 2.846465, -0.1263272, -0.17735602, 0.6716885, -0.70811075, 1599.2438, 1599.2438, 955.34393, 717.81195, , 
65774.75583125, 000482, 0.2842272, -0.08703403, 2.8514616, -0.13189998, -0.17057185, 0.6707616, -0.70963836, 1599.2438, 1599.2438, 955.3432, 717.8116, , 
65774.789169541, 000483, 0.27631134, -0.0882007, 2.8618958, -0.1429626, -0.15809871, 0.66825426, -0.71274304, 1599.2438, 1599.2438, 955.3428, 717.8129, , 
65774.805838708, 000484, 0.2725727, -0.088819325, 2.8672268, -0.14817886, -0.15225266, 0.666914, -0.7142044, 1599.2438, 1599.2438, 955.3428, 717.814, , 
65774.822507708, 000485, 0.26904172, -0.08943954, 2.872699, -0.15338612, -0.14633739, 0.66572297, -0.7154516, 1599.2438, 1599.2438, 955.34265, 717.8148, , 
65774.855846041, 000486, 0.26253825, -0.090519175, 2.883923, -0.16401166, -0.1344751, 0.6637094, -0.71729106, 1599.2438, 1599.2438, 955.3423, 717.81396, , 
65774.87251525, 000487, 0.25953943, -0.090969995, 2.8896263, -0.16897343, -0.12870133, 0.66277367, -0.7180634, 1599.6957, 1599.6957, 955.3419, 717.81305, , 
65774.905853458, 000488, 0.25406036, -0.091456376, 2.9009173, -0.17757583, -0.11655537, 0.6613784, -0.71934706, 1599.6957, 1599.6957, 955.33997, 717.811, , 
65774.922522583, 000489, 0.25209337, -0.09150667, 2.9060063, -0.1815843, -0.1101702, 0.6608017, -0.71988255, 1599.6957, 1599.6957, 955.33856, 717.8095, , 
65774.93919175, 000490, 0.24978967, -0.09144542, 2.9116912, -0.18590088, -0.10430804, 0.6598435, -0.72053266, 1599.2438, 1599.2438, 955.33716, 717.8085, , 
65774.972529958, 000491, 0.24492948, -0.09111066, 2.9241045, -0.19579326, -0.09523212, 0.6566545, -0.72208095, 1599.2438, 1599.2438, 955.3381, 717.8099, , 
65774.989199083, 000492, 0.24259277, -0.09079048, 2.9303524, -0.20068938, -0.09129521, 0.6549119, -0.7228273, 1599.6957, 1599.6957, 955.33984, 717.81146, , 
65775.022537458, 000493, 0.23866466, -0.089909956, 2.9414241, -0.20877564, -0.0811166, 0.6523341, -0.72408074, 1599.6957, 1599.6957, 955.33984, 717.8124, , 
65775.039206458, 000494, 0.23679854, -0.08933702, 2.9467814, -0.21196926, -0.07554236, 0.6511829, -0.7247919, 1599.6957, 1599.6957, 955.3383, 717.81274, , 
65775.055875625, 000495, 0.23483868, -0.08877493, 2.952469, -0.21501946, -0.070913196, 0.64966863, -0.72571945, 1599.2438, 1599.2438, 955.33777, 717.8143, , 
65775.089214, 000496, 0.230784, -0.08772457, 2.964699, -0.22198845, -0.06485322, 0.6457141, -0.7277146, 1599.2438, 1599.2438, 955.33997, 717.82074, , 
65775.105883, 000497, 0.22911093, -0.08742313, 2.9703343, -0.22607951, -0.062039945, 0.64399767, -0.7282212, 1599.6957, 1599.6957, 955.3415, 717.8224, , 
65775.122552166, 000498, 0.22744307, -0.08672807, 2.9758906, -0.23064047, -0.05849687, 0.64276534, -0.72817284, 1599.6957, 1599.6957, 955.34265, 717.82214, , 
65775.139221333, 000499, 0.22586374, -0.08590199, 2.9811645, -0.23542544, -0.054415308, 0.64196914, -0.7276603, 1599.2438, 1599.2438, 955.3432, 717.8191, , 
65775.172559666, 000500, 0.22272082, -0.08443252, 2.9910476, -0.24492908, -0.045900393, 0.6407156, -0.7262138, 1599.2438, 1599.2438, 955.34344, 717.81244, , 
65775.189228666, 000501, 0.2209883, -0.08391496, 2.9958153, -0.24956106, -0.041955024, 0.63983774, -0.72564924, 1599.2438, 1599.2438, 955.3438, 717.8096, , 
65775.205897833, 000502, 0.21907674, -0.083565935, 3.0005164, -0.25391722, -0.03834609, 0.63866293, -0.72537255, 1599.2438, 1599.2438, 955.3445, 717.80725, , 
65775.222567, 000503, 0.21731417, -0.08363198, 3.0056577, -0.2579663, -0.03510967, 0.6372275, -0.72537017, 1599.2438, 1599.2438, 955.34534, 717.80664, , 
65775.239236125, 000504, 0.21507771, -0.08360465, 3.010364, -0.26199475, -0.032084633, 0.6355823, -0.7255098, 1599.2438, 1599.2438, 955.3465, 717.80676, , 
65775.255905125, 000505, 0.21256088, -0.08359186, 3.0148795, -0.26589602, -0.029464344, 0.6338054, -0.7257561, 1599.2438, 1599.2438, 955.3483, 717.8076, , 
65775.272574333, 000506, 0.2099045, -0.0835886, 3.019313, -0.2693857, -0.027379937, 0.6321156, -0.72602457, 1599.2438, 1599.2438, 955.35, 717.80853, , 
65775.305912666, 000507, 0.20461282, -0.083406255, 3.0278769, -0.27519038, -0.023866476, 0.6296951, -0.72607493, 1599.2438, 1599.2438, 955.35284, 717.80914, , 
65775.322581875, 000508, 0.20267166, -0.083374724, 3.0313575, -0.27770713, -0.022123547, 0.62907225, -0.72571164, 1599.2438, 1599.2438, 955.35345, 717.8081, , 
65775.339250791, 000509, 0.20033398, -0.08326603, 3.0351336, -0.28005973, -0.020488841, 0.62860423, -0.72526103, 1599.2438, 1599.2438, 955.354, 717.8066, , 
65775.35592, 000510, 0.19776091, -0.08318661, 3.0390701, -0.28216788, -0.019024245, 0.62820727, -0.7248275, 1599.6957, 1599.6957, 955.3546, 717.80457, , 
65775.372589166, 000511, 0.19501011, -0.08319166, 3.043113, -0.28408733, -0.017732901, 0.62778753, -0.72447413, 1599.2438, 1599.2438, 955.355, 717.8033, , 
65775.389258416, 000512, 0.19206421, -0.08328682, 3.047243, -0.2859773, -0.01657125, 0.6272722, -0.72420436, 1599.2438, 1599.2438, 955.3555, 717.80225, , 
65775.405927375, 000513, 0.18899067, -0.08353067, 3.05031, -0.28780922, -0.015548724, 0.6266347, -0.7240532, 1599.2438, 1599.2438, 955.3563, 717.8014, , 
65775.422596458, 000514, 0.18567748, -0.08376628, 3.0542238, -0.2895874, -0.014495632, 0.6260255, -0.723893, 1599.2438, 1599.2438, 955.35706, 717.80084, , 
65775.455934875, 000515, 0.17847566, -0.0842946, 3.0627773, -0.29318014, -0.012327913, 0.6248626, -0.7234916, 1599.2438, 1599.2438, 955.3586, 717.7993, , 
65775.472604, 000516, 0.17454334, -0.08465491, 3.0671918, -0.29478043, -0.011431567, 0.6242283, -0.7234037, 1599.2438, 1599.2438, 955.35925, 717.79895, , 
65775.489273041, 000517, 0.17037547, -0.085143, 3.0716677, -0.2959399, -0.010861286, 0.6234981, -0.7235688, 1599.2438, 1599.2438, 955.36, 717.7994, , 
65775.505942166, 000518, 0.16607107, -0.08572475, 3.0762222, -0.29649344, -0.01066918, 0.62280965, -0.72393787, 1599.2438, 1599.2438, 955.36066, 717.80054, , 
65775.522611333, 000519, 0.16170129, -0.086580455, 3.0801208, -0.29637372, -0.010612575, 0.62233996, -0.72439134, 1599.2438, 1599.2438, 955.36115, 717.8025, , 
65775.539280541, 000520, 0.15749425, -0.08727423, 3.0845954, -0.29562932, -0.0105753895, 0.62223995, -0.724782, 1599.2438, 1599.2438, 955.3609, 717.8038, , 
65775.555949541, 000521, 0.15345623, -0.0879089, 3.089301, -0.2944439, -0.010456813, 0.62243706, -0.72509694, 1599.2438, 1599.2438, 955.36017, 717.80475, , 
65775.572618666, 000522, 0.14959759, -0.088525034, 3.0941818, -0.29293677, -0.010394328, 0.6228743, -0.72533274, 1599.2438, 1599.2438, 955.3586, 717.8058, , 
65775.605957041, 000523, 0.14238948, -0.08968947, 3.1043262, -0.28928062, -0.010404009, 0.62426555, -0.7256038, 1599.6957, 1599.6957, 955.35565, 717.8065, , 
65775.622626208, 000524, 0.13881928, -0.09020639, 3.1084425, -0.28715873, -0.010277037, 0.62522244, -0.7256247, 1599.2438, 1599.2438, 955.3532, 717.8063, , 
65775.63929525, 000525, 0.13535397, -0.09061333, 3.1133916, -0.28473678, -0.010182064, 0.626376, -0.7255856, 1599.2438, 1599.2438, 955.351, 717.80585, , 
65775.655964333, 000526, 0.131827, -0.09097773, 3.118977, -0.28190222, -0.010910045, 0.6275573, -0.72566104, 1599.2438, 1599.2438, 955.349, 717.80566, , 
65775.672633541, 000527, 0.12814401, -0.09129977, 3.1251678, -0.27888703, -0.013057057, 0.6285721, -0.72591233, 1599.2438, 1599.2438, 955.3478, 717.8062, , 
65775.689302666, 000528, 0.12434515, -0.091511205, 3.1318812, -0.2759459, -0.01654018, 0.62946165, -0.72619444, 1599.2438, 1599.2438, 955.3478, 717.80756, , 
65775.705971666, 000529, 0.120209865, -0.09151726, 3.1378164, -0.27340817, -0.020854535, 0.6303163, -0.7263019, 1599.2438, 1599.2438, 955.3486, 717.8085, , 
65775.739310083, 000530, 0.11293853, -0.090861306, 3.1515357, -0.26980385, -0.029569032, 0.63266164, -0.7253074, 1599.2438, 1599.2438, 955.3517, 717.8063, , 
65775.755979208, 000531, 0.10969567, -0.09017596, 3.158099, -0.26845255, -0.03239322, 0.63425225, -0.72429836, 1599.2438, 1599.2438, 955.3522, 717.8033, , 
65775.772648375, 000532, 0.10662203, -0.0893327, 3.1642268, -0.26675165, -0.033855222, 0.63606566, -0.72326887, 1599.2438, 1599.2438, 955.35156, 717.79974, , 
65775.789317375, 000533, 0.10361236, -0.08842726, 3.170019, -0.26447684, -0.034459364, 0.6378749, -0.7224821, 1599.2438, 1599.2438, 955.3491, 717.79553, , 
65775.805986541, 000534, 0.10057709, -0.08751184, 3.1756563, -0.26172805, -0.034800995, 0.63951355, -0.7220179, 1599.2438, 1599.2438, 955.3469, 717.79346, , 
65775.822655708, 000535, 0.09760738, -0.08613312, 3.1798434, -0.25847164, -0.03525118, 0.64090824, -0.72193235, 1599.2438, 1599.2438, 955.3445, 717.7925, , 
65775.839324875, 000536, 0.09440786, -0.08498698, 3.1851194, -0.25494972, -0.036183123, 0.642145, -0.7220396, 1599.2438, 1599.2438, 955.3417, 717.7925, , 
65775.855993875, 000537, 0.091063656, -0.083852075, 3.1909568, -0.25141776, -0.037773713, 0.6432434, -0.7222189, 1599.2438, 1599.2438, 955.3401, 717.793, , 
65775.872663, 000538, 0.08767792, -0.082637094, 3.1971333, -0.24811085, -0.040123384, 0.6442736, -0.72231764, 1599.6957, 1599.6957, 955.33905, 717.79364, , 
65775.906001416, 000539, 0.0810483, -0.08030004, 3.209761, -0.24249381, -0.046418082, 0.64658463, -0.72178274, 1599.6957, 1599.6957, 955.33856, 717.79315, , 
65775.922670541, 000540, 0.078182444, -0.07887056, 3.2158582, -0.23995352, -0.04929271, 0.6482194, -0.72097445, 1599.6957, 1599.6957, 955.3383, 717.79126, , 
65775.9393395, 000541, 0.075651065, -0.07729994, 3.2216415, -0.23736583, -0.051486254, 0.65017706, -0.7199142, 1599.6957, 1599.6957, 955.3375, 717.78815, , 
65775.956008666, 000542, 0.073342085, -0.07575895, 3.2271347, -0.23458333, -0.053047515, 0.65226895, -0.7188198, 1599.6957, 1599.6957, 955.33563, 717.78326, , 
65775.972677875, 000543, 0.071154624, -0.07436714, 3.2324688, -0.2316692, -0.054251682, 0.65428215, -0.71784467, 1599.2438, 1599.2438, 955.3339, 717.77985, , 
65775.989347, 000544, 0.06902225, -0.07318242, 3.2377813, -0.22885406, -0.055352006, 0.65610456, -0.7169999, 1599.2438, 1599.2438, 955.33215, 717.7768, , 
65776.006016, 000545, 0.06638363, -0.072153516, 3.2434237, -0.22621962, -0.05646997, 0.6576638, -0.7163198, 1599.2438, 1599.2438, 955.3302, 717.77344, , 
65776.039354375, 000546, 0.061413907, -0.07087046, 3.2547405, -0.2215631, -0.05929402, 0.6599564, -0.715438, 1599.2438, 1599.2438, 955.3283, 717.77026, , 
65776.0560235, 000547, 0.05875206, -0.0705531, 3.2607358, -0.2193173, -0.06154097, 0.66071504, -0.71524, 1599.2438, 1599.2438, 955.3279, 717.7698, , 
65776.072692541, 000548, 0.056009784, -0.07037464, 3.2670288, -0.21720079, -0.06448153, 0.6613482, -0.7150416, 1599.2438, 1599.2438, 955.32825, 717.7699, , 
65776.089361708, 000549, 0.053266734, -0.07025981, 3.2735605, -0.21538155, -0.06786076, 0.66198486, -0.71469, 1599.2438, 1599.2438, 955.3289, 717.7699, , 
65776.106030833, 000550, 0.050339304, -0.06945743, 3.2805786, -0.21406676, -0.071170606, 0.662727, -0.714075, 1599.2438, 1599.2438, 955.3302, 717.76886, , 
65776.1227, 000551, 0.04763925, -0.06908029, 3.287388, -0.21331142, -0.074348256, 0.6635688, -0.71319497, 1599.2438, 1599.2438, 955.3315, 717.7672, , 
65776.156038125, 000552, 0.042404354, -0.068730764, 3.300743, -0.2126589, -0.079861686, 0.6651866, -0.7112841, 1599.6957, 1599.6957, 955.3346, 717.7619, , 
65776.172707375, 000553, 0.039775904, -0.06870973, 3.3073955, -0.21209069, -0.082287505, 0.6658298, -0.7105751, 1599.6957, 1599.6957, 955.33563, 717.76025, , 
65776.189376458, 000554, 0.037110656, -0.06879637, 3.314104, -0.21110575, -0.084642895, 0.66629106, -0.71015924, 1599.2438, 1599.2438, 955.3366, 717.7595, , 
65776.206045708, 000555, 0.034172088, -0.06782191, 3.3216794, -0.20986164, -0.08676451, 0.66654336, -0.7100352, 1599.2438, 1599.2438, 955.3374, 717.7597, , 
65776.222714833, 000556, 0.03134892, -0.06769767, 3.328743, -0.208585, -0.088576004, 0.66671586, -0.7100257, 1599.2438, 1599.2438, 955.33777, 717.7603, , 
65778.23967825, 000663, -0.20281908, -0.066183895, 4.256271, -0.04925324, 0.32984662, -0.7189083, 0.60987395, 1599.2438, 1599.2438, 955.3388, 717.6614, , 
65778.256347375, 000664, -0.19960308, -0.065593936, 4.264159, -0.049244165, 0.33311647, -0.7192792, 0.607656, 1599.2438, 1599.2438, 955.3428, 717.66003, , 
65778.2730165, 000665, -0.1963737, -0.064903446, 4.2718196, -0.04976309, 0.3363921, -0.7196769, 0.6053339, 1599.2438, 1599.2438, 955.3455, 717.6587, , 
65778.306354833, 000666, -0.19032459, -0.06405382, 4.2862444, -0.05340855, 0.34232032, -0.72030675, 0.6009347, 1599.2438, 1599.2438, 955.34985, 717.6551, , 
65778.323023833, 000667, -0.18732613, -0.06358668, 4.2930527, -0.056603365, 0.34498712, -0.7204158, 0.5989833, 1599.2438, 1599.2438, 955.3504, 717.6536, , 
65778.339692875, 000668, -0.18433006, -0.06307797, 4.299696, -0.06054578, 0.347587, -0.72024834, 0.59729373, 1599.2438, 1599.2438, 955.3502, 717.65265, , 
65778.37303125, 000669, -0.17846677, -0.06222788, 4.3127246, -0.069377586, 0.35256034, -0.7191493, 0.5947371, 1599.2438, 1599.2438, 955.34784, 717.6528, , 
65778.389700291, 000670, -0.17548159, -0.0618952, 4.3191805, -0.07388055, 0.3551269, -0.71840626, 0.59356457, 1599.2438, 1599.2438, 955.34656, 717.65356, , 
65778.406369416, 000671, -0.1729495, -0.0619976, 4.326321, -0.078165025, 0.3576613, -0.7176163, 0.5924488, 1599.2438, 1599.2438, 955.3454, 717.6542, , 
65778.4230385, 000672, -0.17013887, -0.061885864, 4.3329515, -0.082153596, 0.36010304, -0.71682644, 0.59138507, 1599.2438, 1599.2438, 955.3441, 717.6554, , 
65778.456376791, 000673, -0.16427554, -0.061578147, 4.3459635, -0.08926492, 0.3651928, -0.71505946, 0.5893691, 1599.2438, 1599.2438, 955.34265, 717.65784, , 
65778.473045833, 000674, -0.16119011, -0.061490215, 4.3525815, -0.09232281, 0.36835337, -0.7140208, 0.5881893, 1599.2438, 1599.2438, 955.3424, 717.6605, , 
65778.489714958, 000675, -0.15797004, -0.061482076, 4.359289, -0.09491006, 0.37208244, -0.7129481, 0.58672965, 1599.2438, 1599.2438, 955.34296, 717.66284, , 
65778.523053208, 000676, -0.15196237, -0.06296532, 4.373837, -0.09887766, 0.3812313, -0.7108631, 0.58271736, 1599.2438, 1599.2438, 955.3473, 717.66895, , 
65778.53972225, 000677, -0.1484125, -0.06337156, 4.380676, -0.100750156, 0.386374, -0.7097563, 0.5803539, 1599.2438, 1599.2438, 955.34985, 717.6719, , 
65778.556391375, 000678, -0.14476147, -0.06378831, 4.3873334, -0.102836445, 0.3914351, -0.7086268, 0.57797176, 1599.2438, 1599.2438, 955.35254, 717.6748, , 
65778.573060458, 000679, -0.14105658, -0.064216375, 4.3937964, -0.10522687, 0.39613864, -0.70754373, 0.57565904, 1599.2438, 1599.2438, 955.3554, 717.6783, , 
65778.606398833, 000680, -0.13342065, -0.06617463, 4.407545, -0.110912874, 0.40437812, -0.70565236, 0.5711667, 1599.2438, 1599.2438, 955.35846, 717.68195, , 
65778.623067875, 000681, -0.12954462, -0.06693023, 4.4140196, -0.114103466, 0.40798542, -0.7049449, 0.56884176, 1599.2438, 1599.2438, 955.35974, 717.68286, , 
65778.639737, 000682, -0.1256567, -0.06745273, 4.4201946, -0.11731148, 0.41145664, -0.704336, 0.5664383, 1599.2438, 1599.2438, 955.36053, 717.6831, , 
65778.656406083, 000683, -0.12179617, -0.067919105, 4.4263244, -0.120459504, 0.41485026, -0.7037358, 0.5640431, 1599.2438, 1599.2438, 955.36145, 717.68317, , 
65778.67307525, 000684, -0.11797798, -0.068381205, 4.432505, -0.12373821, 0.41824725, -0.70301276, 0.56172156, 1599.2438, 1599.2438, 955.3623, 717.6835, , 
65778.706413375, 000685, -0.11039904, -0.070494734, 4.4462314, -0.13126041, 0.42530152, -0.70085484, 0.5573975, 1599.2438, 1599.2438, 955.3631, 717.6856, , 
65778.723082625, 000686, -0.10665045, -0.07137196, 4.4530907, -0.13546267, 0.4290788, -0.6995117, 0.5551799, 1599.2438, 1599.2438, 955.3632, 717.68713, , 
65778.739751708, 000687, -0.10294127, -0.07201143, 4.4598308, -0.1398677, 0.43306777, -0.6980467, 0.5528292, 1599.2438, 1599.2438, 955.3632, 717.6894, , 
65778.756420833, 000688, -0.09926009, -0.07257736, 4.46658, -0.14462575, 0.43725076, -0.6964001, 0.5503836, 1599.2438, 1599.2438, 955.3632, 717.69147, , 
65778.789758958, 000689, -0.09193903, -0.07364587, 4.4801393, -0.15506469, 0.44564584, -0.69271934, 0.5454307, 1599.2438, 1599.2438, 955.3622, 717.6964, , 
65778.806428083, 000690, -0.087617576, -0.07418901, 4.4889774, -0.1603494, 0.44956687, -0.69088864, 0.5430014, 1599.2438, 1599.2438, 955.3613, 717.69824, , 
65778.82309725, 000691, -0.083778515, -0.074724704, 4.496461, -0.1657237, 0.45315924, -0.6890808, 0.54069394, 1599.2438, 1599.2438, 955.3604, 717.6998, , 
65778.839766208, 000692, -0.08012844, -0.07528071, 4.5035233, -0.17114346, 0.45638317, -0.68726397, 0.5386025, 1599.2438, 1599.2438, 955.3586, 717.7016, , 
65778.856435416, 000693, -0.07653908, -0.07587868, 4.5105143, -0.17645389, 0.4594039, -0.68541044, 0.5366792, 1599.2438, 1599.2438, 955.35693, 717.7029, , 
65778.889773666, 000694, -0.069223136, -0.07730599, 4.5247617, -0.18666679, 0.46568212, -0.6814282, 0.53287077, 1599.2438, 1599.2438, 955.3537, 717.70703, , 
65778.906442666, 000695, -0.064997055, -0.07801397, 4.5334992, -0.19173846, 0.46898702, -0.67940575, 0.5307498, 1599.2438, 1599.2438, 955.3524, 717.70874, , 
65778.923111875, 000696, -0.0610251, -0.07876887, 4.5412016, -0.19686894, 0.47214586, -0.6775594, 0.5284262, 1599.2438, 1599.2438, 955.35126, 717.70996, , 
65778.939781, 000697, -0.057183355, -0.07945212, 4.5485206, -0.20196272, 0.47489786, -0.6760107, 0.52601576, 1599.6957, 1599.6957, 955.34973, 717.7101, , 
65778.956450125, 000698, -0.053478207, -0.07997067, 4.5557194, -0.20712811, 0.47710946, -0.67470294, 0.52367973, 1599.6957, 1599.6957, 955.3482, 717.7091, , 
65778.98978825, 000699, -0.04591423, -0.08055242, 4.57031, -0.21824658, 0.48171902, -0.6717926, 0.5186616, 1599.2438, 1599.2438, 955.34485, 717.7062, , 
65779.006457416, 000700, -0.039939884, -0.080843166, 4.579556, -0.22373252, 0.4854651, -0.66995394, 0.5151981, 1599.2438, 1599.2438, 955.3437, 717.7058, , 
65779.023126541, 000701, -0.03477039, -0.08085698, 4.5875907, -0.22890559, 0.48970622, -0.6681576, 0.5112292, 1599.2438, 1599.2438, 955.3438, 717.7059, , 
65779.039795708, 000702, -0.029854909, -0.08057994, 4.5950933, -0.23366994, 0.4937599, -0.66664195, 0.50713706, 1599.2438, 1599.2438, 955.34436, 717.70557, , 
65779.056464625, 000703, -0.025162913, -0.079983465, 4.602234, -0.23821293, 0.4970257, -0.6654905, 0.5033313, 1599.2438, 1599.2438, 955.3451, 717.7038, , 
65779.073133791, 000704, -0.020674143, -0.07910253, 4.6091237, -0.24278212, 0.49946424, -0.66458285, 0.49992207, 1599.2438, 1599.2438, 955.345, 717.70135, , 
65779.106472083, 000705, -0.011926574, -0.076617874, 4.6236134, -0.2524647, 0.5038216, -0.66235155, 0.49367586, 1599.2438, 1599.2438, 955.3437, 717.6964, , 
65779.12314125, 000706, -0.007180056, -0.07534498, 4.630643, -0.25737056, 0.5067874, -0.6607793, 0.49020138, 1599.2438, 1599.2438, 955.34296, 717.6945, , 
65779.139810208, 000707, -0.002085106, -0.07411614, 4.637361, -0.26203316, 0.5105391, -0.6590804, 0.48610845, 1599.2438, 1599.2438, 955.3433, 717.69385, , 
65779.156479333, 000708, 0.00308197, -0.072853744, 4.643812, -0.26633984, 0.51457095, -0.6573964, 0.48177782, 1599.2438, 1599.2438, 955.34436, 717.6936, , 
65779.173148541, 000709, 0.007915065, -0.07140519, 4.649847, -0.27083376, 0.5175212, -0.65581155, 0.4782595, 1599.2438, 1599.2438, 955.3451, 717.6929, , 
65779.189817666, 000710, 0.01242014, -0.06986713, 4.655344, -0.2755542, 0.51930654, -0.65447664, 0.47544822, 1599.2438, 1599.2438, 955.34424, 717.69086, , 
65779.206486666, 000711, 0.016674526, -0.068417855, 4.6620803, -0.27996862, 0.5199978, -0.65350217, 0.47344995, 1599.2438, 1599.2438, 955.3429, 717.6883, , 
65779.223155791, 000712, 0.020832844, -0.067049615, 4.6673803, -0.28418392, 0.5202432, -0.6527111, 0.47175723, 1599.2438, 1599.2438, 955.34064, 717.684, , 
65779.256494, 000713, 0.029155575, -0.06485551, 4.6762633, -0.29239866, 0.520166, -0.6514504, 0.46855396, 1599.2438, 1599.2438, 955.3373, 717.67615, , 
65779.273163166, 000714, 0.033512346, -0.06417443, 4.6803427, -0.2968495, 0.5205905, -0.6504036, 0.46673462, 1599.6957, 1599.6957, 955.3351, 717.6714, , 
65779.289832166, 000715, 0.03817358, -0.0638302, 4.6843996, -0.30144277, 0.5218388, -0.648803, 0.46461946, 1599.6957, 1599.6957, 955.3337, 717.6692, , 
65779.306501375, 000716, 0.045064725, -0.063990235, 4.691003, -0.30611345, 0.524411, -0.6465283, 0.46183205, 1599.2438, 1599.2438, 955.33264, 717.6687, , 
65779.3231705, 000717, 0.05119057, -0.06418381, 4.696075, -0.31034085, 0.5279143, -0.6437225, 0.45892975, 1599.2438, 1599.2438, 955.3319, 717.67114, , 
65779.339839625, 000718, 0.057353526, -0.06446165, 4.7006974, -0.31432307, 0.53219575, -0.6405242, 0.4557384, 1599.2438, 1599.2438, 955.33185, 717.6747, , 
65779.356508625, 000719, 0.06384163, -0.0648892, 4.705079, -0.3180927, 0.53758126, -0.6369613, 0.4517785, 1599.2438, 1599.2438, 955.3325, 717.67957, , 
65779.389846875, 000720, 0.07713771, -0.06577449, 4.7132225, -0.32457492, 0.54838866, -0.6306428, 0.44295666, 1599.2438, 1599.2438, 955.336, 717.6911, , 
65779.406516041, 000721, 0.08515339, -0.06642163, 4.719954, -0.32779124, 0.5530149, -0.6280097, 0.43855602, 1599.2438, 1599.2438, 955.33777, 717.6945, , 
65779.423185166, 000722, 0.09214915, -0.06696927, 4.7244897, -0.33120167, 0.5572545, -0.62534297, 0.43441814, 1599.2438, 1599.2438, 955.33905, 717.69745, , 
65779.439854166, 000723, 0.098828346, -0.06756113, 4.728258, -0.33468574, 0.56131345, -0.62256217, 0.43049845, 1599.2438, 1599.2438, 955.34033, 717.70105, , 
65779.45652325, 000724, 0.105467334, -0.06826083, 4.731751, -0.33804393, 0.56541294, -0.6196146, 0.42674604, 1599.2438, 1599.2438, 955.3411, 717.7043, , 
65779.473192416, 000725, 0.11218683, -0.06908163, 4.735124, -0.34129247, 0.5696494, -0.6164405, 0.42310753, 1599.2438, 1599.2438, 955.3419, 717.7081, , 
65779.489861541, 000726, 0.11899784, -0.069999635, 4.738387, -0.34470484, 0.5739763, -0.6129115, 0.41960615, 1599.2438, 1599.2438, 955.3428, 717.7143, , 
65779.506530541, 000727, 0.12773441, -0.07115351, 4.7461586, -0.34839258, 0.57793474, -0.60923994, 0.41646203, 1599.2438, 1599.2438, 955.3429, 717.71906, , 
65779.52319975, 000728, 0.13520207, -0.07211529, 4.7505236, -0.3525846, 0.5812859, -0.6056146, 0.4135477, 1599.2438, 1599.2438, 955.3424, 717.72296, , 
65779.539868833, 000729, 0.14235078, -0.07295293, 4.753611, -0.35706237, 0.58397007, -0.60232615, 0.41071722, 1599.2438, 1599.2438, 955.3409, 717.7258, , 
65779.573207166, 000730, 0.1570106, -0.07445197, 4.7584405, -0.3660569, 0.5881157, -0.59692305, 0.40472847, 1599.2438, 1599.2438, 955.33856, 717.72595, , 
65779.589876125, 000731, 0.16481395, -0.07521809, 4.760569, -0.3702251, 0.5901476, -0.59464043, 0.40132496, 1599.2438, 1599.2438, 955.33777, 717.72473, , 
65779.60654525, 000732, 0.17554529, -0.07617961, 4.76659, -0.373853, 0.592116, -0.5928289, 0.39772666, 1599.2438, 1599.2438, 955.33765, 717.7236, , 
65779.623214416, 000733, 0.18480471, -0.076984875, 4.7697544, -0.3773316, 0.5939627, -0.59124225, 0.39403272, 1599.2438, 1599.2438, 955.33777, 717.72186, , 
65779.639883541, 000734, 0.1936645, -0.07770135, 4.771919, -0.38074479, 0.5956222, -0.5897492, 0.3904659, 1599.2438, 1599.2438, 955.338, 717.71924, , 
65779.656552541, 000735, 0.2023891, -0.078328654, 4.7736855, -0.38418508, 0.596931, -0.5883266, 0.3872301, 1599.2438, 1599.2438, 955.338, 717.7169, , 
65779.673221666, 000736, 0.2110946, -0.07887053, 4.7752323, -0.38770238, 0.5980141, -0.5868931, 0.38421658, 1599.2438, 1599.2438, 955.33765, 717.7144, , 
65779.689890833, 000737, 0.21986054, -0.07934329, 4.776613, -0.39128175, 0.5991335, -0.58536637, 0.38116133, 1599.2438, 1599.2438, 955.33716, 717.71106, , 
65779.706559916, 000738, 0.2309577, -0.080442235, 4.7803907, -0.39475933, 0.6003098, -0.5838212, 0.37808195, 1599.2438, 1599.2438, 955.3368, 717.7086, , 
65779.723229083, 000739, 0.24053217, -0.080911085, 4.7823772, -0.39842623, 0.6013683, -0.5821844, 0.3750654, 1599.2438, 1599.2438, 955.33636, 717.7061, , 
65779.739898041, 000740, 0.2496749, -0.0810613, 4.783758, -0.40225273, 0.60239774, -0.58037686, 0.37211883, 1599.2438, 1599.2438, 955.33575, 717.7037, , 
65779.773236375, 000741, 0.26807374, -0.080751725, 4.785958, -0.4091113, 0.6049626, -0.57701856, 0.3656472, 1599.2438, 1599.2438, 955.3351, 717.6986, , 
65779.789905458, 000742, 0.2774263, -0.08032094, 4.7868977, -0.41187882, 0.60639554, -0.57586086, 0.36197317, 1599.2438, 1599.2438, 955.33575, 717.69653, , 
65779.8065745, 000743, 0.2867928, -0.07971558, 4.787741, -0.41443387, 0.6077099, -0.5750326, 0.35814914, 1599.2438, 1599.2438, 955.33716, 717.69305, , 
65779.823243583, 000744, 0.29754278, -0.07962313, 4.7904243, -0.41688317, 0.6089807, -0.57440966, 0.35412514, 1599.2438, 1599.2438, 955.33856, 717.6902, , 
65779.83991275, 000745, 0.3074407, -0.07912353, 4.7917414, -0.41923925, 0.6105863, -0.5736893, 0.3497193, 1599.2438, 1599.2438, 955.34033, 717.68744, , 
65779.856581875, 000746, 0.31714994, -0.07858689, 4.7925525, -0.42144665, 0.6127093, -0.57281035, 0.34475854, 1599.2438, 1599.2438, 955.3424, 717.68536, , 
65779.873251041, 000747, 0.32678545, -0.07813555, 4.793077, -0.42357838, 0.61527294, -0.5717987, 0.33921513, 1599.2438, 1599.2438, 955.34625, 717.6834, , 
65779.889920041, 000748, 0.33621383, -0.0777494, 4.793373, -0.4258717, 0.6179196, -0.5706861, 0.33335558, 1598.7919, 1598.7919, 955.34937, 717.6821, , 
65779.906589125, 000749, 0.3463564, -0.07790345, 4.794397, -0.42866054, 0.62020385, -0.56939024, 0.3277073, 1599.2438, 1599.2438, 955.3524, 717.6804, , 
65779.923258291, 000750, 0.3553834, -0.07769089, 4.7946496, -0.43206552, 0.62214863, -0.5677698, 0.32231674, 1599.2438, 1599.2438, 955.35516, 717.67725, , 
65779.956596375, 000751, 0.37201327, -0.07704214, 4.7944493, -0.44009537, 0.62541, -0.5634523, 0.3125698, 1599.2438, 1599.2438, 955.3573, 717.6721, , 
65779.973265541, 000752, 0.37995076, -0.076732464, 4.7942924, -0.44419917, 0.62687385, -0.5609411, 0.30832016, 1599.2438, 1599.2438, 955.3576, 717.6694, , 
65779.989934708, 000753, 0.38779277, -0.07643869, 4.794192, -0.44818163, 0.6283629, -0.5582028, 0.30447155, 1599.2438, 1599.2438, 955.3574, 717.66797, , 
65780.006603875, 000754, 0.3956651, -0.076158516, 4.7941427, -0.45207322, 0.6300941, -0.5550938, 0.3008023, 1599.2438, 1599.2438, 955.35693, 717.66736, , 
65780.023272958, 000755, 0.40345478, -0.07532057, 4.79502, -0.4558146, 0.6322881, -0.5515664, 0.29701754, 1599.2438, 1599.2438, 955.35626, 717.66846, , 
65780.039941958, 000756, 0.41155064, -0.075001724, 4.7952833, -0.459101, 0.63500905, -0.5478809, 0.292944, 1599.2438, 1599.2438, 955.35614, 717.6708, , 
65780.056611125, 000757, 0.41981477, -0.07492274, 4.7953334, -0.4618802, 0.6380997, -0.5442456, 0.28860408, 1599.2438, 1599.2438, 955.35657, 717.674, , 
65780.07328025, 000758, 0.42819262, -0.07500187, 4.795248, -0.46425787, 0.6415496, -0.5406203, 0.2839163, 1599.2438, 1599.2438, 955.358, 717.6795, , 
65780.089949416, 000759, 0.4366002, -0.07518353, 4.795071, -0.46638238, 0.64517784, -0.53697646, 0.2790862, 1599.2438, 1599.2438, 955.3594, 717.68427, , 
65780.106618375, 000760, 0.44493175, -0.075432636, 4.7948375, -0.46825022, 0.6487952, -0.5334468, 0.2743011, 1599.2438, 1599.2438, 955.3609, 717.6894, , 
65780.1232875, 000761, 0.45244068, -0.07571886, 4.7944818, -0.47011578, 0.65229756, -0.5299172, 0.2696052, 1599.2438, 1599.2438, 955.3632, 717.69635, , 
65780.139956666, 000762, 0.4602931, -0.07600997, 4.7940927, -0.47210446, 0.65569913, -0.52623075, 0.26506084, 1599.2438, 1599.2438, 955.3646, 717.7015, , 
65780.156625791, 000763, 0.46813393, -0.07626187, 4.793617, -0.47442868, 0.6588476, -0.5223486, 0.2607476, 1599.2438, 1599.2438, 955.3654, 717.70624, , 
65780.173294916, 000764, 0.4758973, -0.076484695, 4.7930536, -0.47701007, 0.661784, -0.5183307, 0.25658664, 1599.2438, 1599.2438, 955.3659, 717.71063, , 
65780.206633041, 000765, 0.4909924, -0.07662254, 4.7915983, -0.4827246, 0.66711545, -0.5102528, 0.24814487, 1598.7919, 1598.7919, 955.3662, 717.7193, , 
65780.223302125, 000766, 0.49846882, -0.076690644, 4.7908106, -0.485953, 0.6693846, -0.5062099, 0.24397844, 1599.2438, 1599.2438, 955.366, 717.72205, , 
65782.240262875, 000866, 1.2793064, -0.052751325, 4.21424, 0.66159624, -0.7104921, 0.23356709, 0.05420151, 1599.6957, 1599.6957, 955.3482, 717.73376, , 
65782.273600958, 000867, 1.2896326, -0.050901666, 4.2016325, 0.6649974, -0.70870113, 0.22866353, 0.0568701, 1599.2438, 1599.2438, 955.3455, 717.72723, , 
65782.290270041, 000868, 1.2948248, -0.050215803, 4.1950254, 0.66648185, -0.70797867, 0.226072, 0.05881777, 1599.2438, 1599.2438, 955.3447, 717.7252, , 
65782.306939125, 000869, 1.3001907, -0.04995673, 4.188165, 0.66769266, -0.7073537, 0.2237493, 0.06142905, 1599.2438, 1599.2438, 955.3445, 717.7238, , 
65782.34027725, 000870, 1.3108386, -0.049827278, 4.173756, 0.66958386, -0.705919, 0.22066247, 0.06814601, 1599.2438, 1599.2438, 955.3469, 717.7211, , 
65782.356946416, 000871, 1.3158971, -0.049624868, 4.166459, 0.6703502, -0.705057, 0.2200889, 0.0713177, 1599.2438, 1599.2438, 955.3488, 717.7196, , 
65782.3736155, 000872, 1.3208543, -0.04945868, 4.15925, 0.6709446, -0.7042073, 0.220106, 0.07401846, 1599.2438, 1599.2438, 955.35144, 717.71735, , 
65782.406953791, 000873, 1.330714, -0.049476195, 4.145226, 0.6713049, -0.7032472, 0.22076806, 0.07781153, 1599.2438, 1599.2438, 955.3551, 717.7155, , 
65782.42362275, 000874, 1.3368094, -0.04986672, 4.1383467, 0.6709988, -0.70340765, 0.22074647, 0.07905213, 1599.2438, 1599.2438, 955.3563, 717.71606, , 
65782.440291875, 000875, 1.3422277, -0.050334476, 4.131581, 0.67046076, -0.70389086, 0.22051048, 0.07996931, 1599.2438, 1599.2438, 955.3574, 717.71844, , 
65782.473630125, 000876, 1.3525832, -0.051537853, 4.1183276, 0.6691496, -0.7053827, 0.21948399, 0.080627725, 1599.2438, 1599.2438, 955.3576, 717.72363, , 
65782.490299041, 000877, 1.3576969, -0.052275732, 4.111749, 0.66852885, -0.70625436, 0.21864228, 0.08043353, 1599.2438, 1599.2438, 955.3568, 717.72736, , 
65782.506968208, 000878, 1.3640907, -0.052260116, 4.1045814, 0.6678652, -0.70718455, 0.21776974, 0.080139756, 1599.2438, 1599.2438, 955.356, 717.7303, , 
65782.540306458, 000879, 1.3766955, -0.052619427, 4.089756, 0.6666586, -0.70891, 0.2159136, 0.079964586, 1599.2438, 1599.2438, 955.3545, 717.7369, , 
65782.5569755, 000880, 1.3820305, -0.05353216, 4.0823655, 0.6662197, -0.7095666, 0.21503013, 0.080179185, 1599.2438, 1599.2438, 955.354, 717.7393, , 
65782.573644583, 000881, 1.3871936, -0.054569878, 4.074788, 0.6659468, -0.71005833, 0.21411271, 0.080547236, 1599.2438, 1599.2438, 955.3537, 717.74133, , 
65782.60698275, 000882, 1.3972183, -0.05674574, 4.05909, 0.6659001, -0.71046513, 0.21274605, 0.08096577, 1599.2438, 1599.2438, 955.35297, 717.7436, , 
65782.623651916, 000883, 1.4014784, -0.058135282, 4.050613, 0.6658853, -0.7105292, 0.2126658, 0.0807361, 1599.2438, 1599.2438, 955.35266, 717.7436, , 
65782.640320916, 000884, 1.4061927, -0.05932192, 4.0422378, 0.6659461, -0.7104724, 0.21285373, 0.08023717, 1599.2438, 1599.2438, 955.3428, 717.7473, , 
65782.673659125, 000885, 1.4159023, -0.061509788, 4.025144, 0.66593724, -0.7104844, 0.21341273, 0.07870607, 1599.2438, 1599.2438, 955.34204, 717.74646, , 
65782.690328208, 000886, 1.4207469, -0.062518574, 4.0163846, 0.66583866, -0.71059626, 0.2136823, 0.07779284, 1599.2438, 1599.2438, 955.3415, 717.74646, , 
65782.706997416, 000887, 1.4242622, -0.063365914, 4.0090604, 0.6657912, -0.7106531, 0.2140929, 0.07654003, 1599.2438, 1599.2438, 955.3409, 717.7461, , 
65782.7403355, 000888, 1.4316748, -0.06452094, 3.993736, 0.66632, -0.7102387, 0.21508443, 0.072919846, 1599.2438, 1599.2438, 955.3392, 717.7434, , 
65782.757004541, 000889, 1.4360838, -0.06484936, 3.9850848, 0.66683775, -0.7098671, 0.2153671, 0.070944756, 1599.2438, 1599.2438, 955.3374, 717.7406, , 
65782.773673666, 000890, 1.4405901, -0.06507157, 3.9760942, 0.66728914, -0.7095241, 0.2155141, 0.06967277, 1599.2438, 1599.2438, 955.33636, 717.73883, , 
65782.807011791, 000891, 1.4493909, -0.06507347, 3.9577205, 0.6677738, -0.7089782, 0.21606915, 0.06886407, 1599.2438, 1599.2438, 955.33575, 717.736, , 
65782.823680916, 000892, 1.453665, -0.064805925, 3.9485385, 0.66779643, -0.7087894, 0.21659198, 0.06894419, 1599.2438, 1599.2438, 955.336, 717.7354, , 
65782.84035, 000893, 1.4583099, -0.064347826, 3.939225, 0.6677015, -0.7086435, 0.2172562, 0.06927385, 1599.2438, 1599.2438, 955.33673, 717.735, , 
65782.873688083, 000894, 1.4677473, -0.06287091, 3.920736, 0.66754586, -0.708159, 0.21908069, 0.06997862, 1599.2438, 1599.2438, 955.3387, 717.73364, , 
65782.89035725, 000895, 1.4724325, -0.06191909, 3.9116242, 0.66738987, -0.7079049, 0.22031805, 0.07015331, 1599.2438, 1599.2438, 955.3396, 717.7329, , 
65782.907026333, 000896, 1.4769747, -0.06140971, 3.9015455, 0.6670056, -0.70772564, 0.22195466, 0.07045704, 1599.2438, 1599.2438, 955.34076, 717.73236, , 
65782.940364458, 000897, 1.4857093, -0.05991008, 3.8826034, 0.66622937, -0.70726496, 0.22574256, 0.07039264, 1599.2438, 1599.2438, 955.3441, 717.73114, , 
65782.957033583, 000898, 1.4898854, -0.05881117, 3.8741016, 0.6661323, -0.70692885, 0.22737646, 0.069422334, 1599.2438, 1599.2438, 955.345, 717.7298, , 
65782.973702666, 000899, 1.4939644, -0.057644874, 3.865969, 0.66621333, -0.7066029, 0.22861645, 0.06787271, 1599.2438, 1599.2438, 955.34485, 717.7276, , 
65783.007040916, 000900, 1.5023822, -0.05475618, 3.850052, 0.6664501, -0.7062135, 0.23019113, 0.06417893, 1599.2438, 1599.2438, 955.3432, 717.72455, , 
65783.023709875, 000901, 1.5069393, -0.05319357, 3.842118, 0.66632175, -0.70635223, 0.23059034, 0.062528536, 1599.2438, 1599.2438, 955.3419, 717.72394, , 
65783.040379, 000902, 1.5116022, -0.05213507, 3.8343298, 0.66587216, -0.70680326, 0.23080188, 0.06143087, 1599.2438, 1599.2438, 955.34125, 717.72473, , 
65783.057048125, 000903, 1.5164601, -0.051360067, 3.8265047, 0.6650444, -0.70754886, 0.2309829, 0.06113507, 1599.2438, 1599.2438, 955.3411, 717.7269, , 
65783.090386208, 000904, 1.5264081, -0.05022706, 3.810864, 0.6630888, -0.7091935, 0.23135123, 0.061922755, 1599.2438, 1599.2438, 955.3425, 717.7338, , 
65783.107055333, 000905, 1.5306396, -0.050262176, 3.803523, 0.6622703, -0.70985425, 0.23153086, 0.06243778, 1599.2438, 1599.2438, 955.3432, 717.7364, , 
65783.123724458, 000906, 1.5349119, -0.050327282, 3.7962449, 0.6616085, -0.7103647, 0.23166949, 0.06312977, 1599.2438, 1599.2438, 955.3441, 717.73914, , 
65783.157062583, 000907, 1.5442537, -0.050108492, 3.7813907, 0.66070276, -0.7109048, 0.23198573, 0.06533665, 1599.2438, 1599.2438, 955.34625, 717.742, , 
65783.173731666, 000908, 1.5489719, -0.05009278, 3.774038, 0.66039175, -0.7110008, 0.23225005, 0.066487215, 1599.2438, 1599.2438, 955.3474, 717.74286, , 
65783.190400833, 000909, 1.5536966, -0.050210893, 3.766756, 0.6601336, -0.7110537, 0.2325067, 0.0675792, 1599.6957, 1599.6957, 955.34894, 717.7438, , 
65783.207069916, 000910, 1.5583619, -0.050553016, 3.759549, 0.65989965, -0.7110969, 0.2327612, 0.06852692, 1599.2438, 1599.2438, 955.34985, 717.7443, , 
65783.240408041, 000911, 1.5680531, -0.051615965, 3.7452075, 0.6594453, -0.71124625, 0.23315981, 0.06997901, 1599.2438, 1599.2438, 955.3517, 717.74554, , 
65783.257077125, 000912, 1.5731297, -0.05232076, 3.738016, 0.6591395, -0.7113645, 0.23347881, 0.07059122, 1599.2438, 1599.2438, 955.35254, 717.7463, , 
65783.273746208, 000913, 1.5783695, -0.053141695, 3.7308242, 0.6587987, -0.71150213, 0.23387007, 0.071090266, 1599.2438, 1599.2438, 955.3532, 717.74695, , 
65783.307084333, 000914, 1.588984, -0.05541288, 3.7161574, 0.65829945, -0.71160775, 0.23459198, 0.07226903, 1599.2438, 1599.2438, 955.3551, 717.74817, , 
65783.323753458, 000915, 1.5943527, -0.05675468, 3.708693, 0.6582688, -0.7115235, 0.23468088, 0.07308542, 1599.2438, 1599.2438, 955.3559, 717.7484, , 
65783.340422541, 000916, 1.6000191, -0.057918295, 3.701301, 0.6584354, -0.7113266, 0.2345246, 0.07399773, 1599.2438, 1599.2438, 955.3567, 717.7481, , 
65783.357091666, 000917, 1.6058773, -0.05901765, 3.69394, 0.6587515, -0.7110225, 0.23428755, 0.074851625, 1599.2438, 1599.2438, 955.3572, 717.7475, , 
65783.390429791, 000918, 1.618089, -0.06113423, 3.6792, 0.6596338, -0.7101854, 0.23382498, 0.07645876, 1599.2438, 1599.2438, 955.358, 717.745, , 
65783.407098916, 000919, 1.6241269, -0.062736064, 3.6716998, 0.66013175, -0.7097796, 0.23341513, 0.07717777, 1599.2438, 1599.2438, 955.3581, 717.74384, , 
65783.423767958, 000920, 1.6303358, -0.06423186, 3.6642263, 0.66067, -0.7094251, 0.2327543, 0.0778245, 1599.2438, 1599.2438, 955.358, 717.7428, , 
65783.457106041, 000921, 1.6433614, -0.06631769, 3.6494932, 0.66190785, -0.70881605, 0.23069291, 0.07898457, 1599.2438, 1599.2438, 955.35693, 717.7407, , 
65783.47377525, 000922, 1.6499827, -0.0670954, 3.6422691, 0.6626586, -0.70857596, 0.22926992, 0.07898811, 1599.2438, 1599.2438, 955.3559, 717.73975, , 
65783.490444333, 000923, 1.6567008, -0.06772395, 3.6350317, 0.66339356, -0.70852727, 0.2273673, 0.07875432, 1599.2438, 1599.2438, 955.3541, 717.7391, , 
65783.507113416, 000924, 1.6631867, -0.06846708, 3.6271515, 0.66389465, -0.7087173, 0.22511655, 0.079286404, 1599.2438, 1599.2438, 955.35205, 717.7396, , 
65783.540451583, 000925, 1.6764193, -0.06917478, 3.6107533, 0.66418934, -0.7090229, 0.22180766, 0.08330914, 1599.2438, 1599.2438, 955.35205, 717.7427, , 
65783.557120625, 000926, 1.6829408, -0.06895242, 3.6026888, 0.6644327, -0.7086554, 0.22139765, 0.08555541, 1599.2438, 1599.2438, 955.3539, 717.74286, , 
65783.573789708, 000927, 1.6892141, -0.068345115, 3.5949585, 0.66500723, -0.7079669, 0.22131744, 0.08698745, 1599.2438, 1599.2438, 955.355, 717.74146, , 
65783.590458875, 000928, 1.6953081, -0.067421034, 3.5876164, 0.66585684, -0.70721775, 0.22103298, 0.08730474, 1599.2438, 1599.2438, 955.3551, 717.7391, , 
65783.623796958, 000929, 1.7076753, -0.06613576, 3.5719, 0.6666849, -0.7070549, 0.21886037, 0.087776266, 1599.2438, 1599.2438, 955.35333, 717.73724, , 
65783.640466041, 000930, 1.7140106, -0.06520282, 3.5641901, 0.6662974, -0.70772743, 0.21730296, 0.08915812, 1599.2438, 1599.2438, 955.3531, 717.7397, , 
65783.657135166, 000931, 1.7203226, -0.06414853, 3.5564005, 0.66559464, -0.7085178, 0.2158831, 0.09154664, 1599.2438, 1599.2438, 955.3538, 717.74335, , 
65783.690473291, 000932, 1.73213, -0.061450936, 3.5414035, 0.6651114, -0.7090818, 0.21355131, 0.09605005, 1599.2438, 1599.2438, 955.35645, 717.74963, , 
65783.707142416, 000933, 1.7375071, -0.060179777, 3.5347102, 0.66593003, -0.70859224, 0.21224797, 0.096877374, 1599.2438, 1599.2438, 955.3563, 717.749, , 
65783.723811541, 000934, 1.7424781, -0.058750153, 3.5284154, 0.6673499, -0.7077315, 0.21062954, 0.09693035, 1599.2438, 1599.2438, 955.3545, 717.7455, , 
65783.740480625, 000935, 1.7471007, -0.057138864, 3.5223181, 0.6691074, -0.70668143, 0.20868899, 0.09667235, 1599.2438, 1599.2438, 955.35254, 717.7417, , 
65783.77381875, 000936, 1.7558867, -0.054305825, 3.5103288, 0.67285424, -0.7045088, 0.20403798, 0.096452065, 1599.2438, 1599.2438, 955.3474, 717.7324, , 
65783.790487875, 000937, 1.7603041, -0.053254977, 3.5041256, 0.67446554, -0.7036287, 0.20144217, 0.09707706, 1599.2438, 1599.2438, 955.3455, 717.7294, , 
65783.807156958, 000938, 1.7646958, -0.0521445, 3.4978404, 0.6756816, -0.70295715, 0.19893363, 0.09864588, 1599.2438, 1599.2438, 955.34436, 717.72723, , 
65783.840495, 000939, 1.773681, -0.050734185, 3.4838274, 0.6771663, -0.7016086, 0.19534892, 0.10502382, 1599.2438, 1599.2438, 955.3459, 717.7254, , 
65783.857164166, 000940, 1.7780889, -0.05030687, 3.4763796, 0.6776966, -0.7006484, 0.19476037, 0.10902971, 1599.2438, 1599.2438, 955.3482, 717.7246, , 
65783.873833208, 000941, 1.7822976, -0.049871735, 3.469028, 0.67832404, -0.69940996, 0.19497932, 0.112628885, 1599.2438, 1599.2438, 955.35205, 717.7223, , 
65783.907171375, 000942, 1.790671, -0.04906073, 3.454723, 0.67969084, -0.6969147, 0.19640292, 0.11728696, 1599.2438, 1599.2438, 955.3572, 717.71686, , 
65783.923840458, 000943, 1.7949584, -0.048802596, 3.4478319, 0.6800488, -0.69624376, 0.19682407, 0.11848428, 1599.2438, 1599.2438, 955.3587, 717.7149, , 
65783.940509541, 000944, 1.7990296, -0.048620787, 3.4413857, 0.68000275, -0.69618386, 0.19682369, 0.119099334, 1599.2438, 1599.2438, 955.35974, 717.71454, , 
65783.973847833, 000945, 1.8071992, -0.0486422, 3.4290118, 0.6788011, -0.6976496, 0.19576432, 0.11912361, 1599.2438, 1599.2438, 955.35925, 717.7186, , 
65783.990516708, 000946, 1.8113306, -0.04882997, 3.4228737, 0.67794555, -0.69878596, 0.19479701, 0.11892044, 1599.2438, 1599.2438, 955.3582, 717.7233, , 
65784.007185916, 000947, 1.8154447, -0.049859356, 3.4164572, 0.6771998, -0.6998554, 0.19362468, 0.118795484, 1599.2438, 1599.2438, 955.3572, 717.7269, , 
65784.040524041, 000948, 1.8234249, -0.0514386, 3.4033165, 0.67648137, -0.70121354, 0.19101633, 0.11910227, 1599.2438, 1599.2438, 955.3551, 717.73267, , 
65784.057193083, 000949, 1.8273028, -0.05197272, 3.3964758, 0.6765009, -0.7014486, 0.18970996, 0.11969345, 1599.2438, 1599.2438, 955.3545, 717.7339, , 
65784.07386225, 000950, 1.8311687, -0.052567914, 3.3893452, 0.676618, -0.7014789, 0.18856356, 0.120661184, 1599.2438, 1599.2438, 955.35425, 717.7346, , 
65784.107200458, 000951, 1.8392726, -0.05430792, 3.3737516, 0.67706794, -0.70102924, 0.18697631, 0.12319459, 1599.2438, 1599.2438, 955.35486, 717.735, , 
65784.123869541, 000952, 1.8434459, -0.055352855, 3.3655016, 0.6774538, -0.7005807, 0.18661751, 0.12416496, 1599.2438, 1599.2438, 955.3553, 717.7343, , 
65784.1405385, 000953, 1.8474065, -0.056249175, 3.357422, 0.6778685, -0.7000673, 0.186673, 0.12471231, 1599.2438, 1599.2438, 955.3558, 717.73303, , 
65784.173876708, 000954, 1.8553758, -0.05805361, 3.3410878, 0.6783423, -0.6993801, 0.18745448, 0.12481987, 1599.2438, 1599.2438, 955.3567, 717.73016, , 
65784.190545833, 000955, 1.8594521, -0.059022218, 3.3327622, 0.67831254, -0.6993603, 0.1878068, 0.1245627, 1599.2438, 1599.2438, 955.3568, 717.72974, , 
65784.207214833, 000956, 1.8639921, -0.06037529, 3.3236933, 0.6782554, -0.69944704, 0.18803744, 0.1240374, 1599.2438, 1599.2438, 955.35657, 717.7296, , 
65786.240842125, 001043, 2.4726543, -0.08799261, 2.6073008, 0.5651174, -0.74567884, 0.34393582, -0.07945789, 1599.2438, 1599.2438, 955.36975, 717.88074, , 
65786.257511166, 001044, 2.4814084, -0.089070454, 2.6089926, 0.56018335, -0.7447762, 0.3520291, -0.087054774, 1599.2438, 1599.2438, 955.37195, 717.881, , 
65786.29084925, 001045, 2.4990332, -0.0913667, 2.6124167, 0.55087095, -0.74234563, 0.36786783, -0.10068468, 1599.2438, 1599.2438, 955.37714, 717.8788, , 
65786.307518291, 001046, 2.5079782, -0.092861295, 2.6143427, 0.54637265, -0.74088824, 0.37564254, -0.10702472, 1599.2438, 1599.2438, 955.3795, 717.8771, , 
65786.340856625, 001047, 2.5263605, -0.09580719, 2.6183653, 0.5380242, -0.7375873, 0.39022467, -0.11924574, 1598.7919, 1598.7919, 955.38354, 717.87244, , 
65786.357525666, 001048, 2.5358438, -0.09720431, 2.620583, 0.53409714, -0.7358025, 0.3969782, -0.1254719, 1599.2438, 1599.2438, 955.3853, 717.86914, , 
65786.374194541, 001049, 2.5455387, -0.09856937, 2.623057, 0.5301325, -0.73394954, 0.4035783, -0.13191706, 1599.2438, 1599.2438, 955.38635, 717.8666, , 
65786.407532791, 001050, 2.5657, -0.101799704, 2.6281621, 0.52197516, -0.73039114, 0.41588357, -0.14529778, 1599.2438, 1599.2438, 955.38806, 717.8623, , 
65786.424201916, 001051, 2.5760036, -0.10355611, 2.6308017, 0.5179996, -0.7286444, 0.4213522, -0.15236853, 1599.2438, 1599.2438, 955.3882, 717.8612, , 
65786.440870875, 001052, 2.5861921, -0.10490073, 2.6338844, 0.51420444, -0.72678924, 0.42643982, -0.15975112, 1599.2438, 1599.2438, 955.38776, 717.8602, , 
65786.474209125, 001053, 2.6064067, -0.1071639, 2.6404233, 0.50734365, -0.7228911, 0.43506977, -0.17534281, 1599.2438, 1599.2438, 955.3843, 717.85846, , 
65786.490878166, 001054, 2.6165457, -0.10818818, 2.6437602, 0.5042452, -0.72103566, 0.4384009, -0.1834366, 1599.2438, 1599.2438, 955.38184, 717.8585, , 
65786.507547291, 001055, 2.6274214, -0.1091185, 2.645992, 0.50136733, -0.7194144, 0.44089752, -0.19152829, 1599.2438, 1599.2438, 955.378, 717.8599, , 
65786.540885375, 001056, 2.6496527, -0.11106196, 2.6506386, -0.4952245, 0.7182711, -0.44373965, 0.20477916, 1599.2438, 1599.2438, 955.37415, 717.86707, , 
65786.557554416, 001057, 2.6609778, -0.11209122, 2.6529295, -0.49132368, 0.71905774, -0.4446937, 0.20929535, 1599.2438, 1599.2438, 955.3753, 717.8762, , 
65786.5742235, 001058, 2.6721864, -0.11296967, 2.6550632, -0.48709556, 0.720052, -0.44579217, 0.21338311, 1599.2438, 1599.2438, 955.3775, 717.88416, , 
65786.607561583, 001059, 2.6931002, -0.1137802, 2.6585333, -0.47945598, 0.7196859, -0.44930714, 0.22427036, 1599.2438, 1599.2438, 955.3796, 717.8957, , 
65786.62423075, 001060, 2.7026498, -0.113736935, 2.6600819, -0.4763217, 0.71823186, -0.451353, 0.23138951, 1599.2438, 1599.2438, 955.378, 717.89954, , 
65786.640899833, 001061, 2.711629, -0.1135128, 2.6620193, -0.47323552, 0.71671635, -0.45328832, 0.23852792, 1599.6957, 1599.6957, 955.3762, 717.9021, , 
65786.674237875, 001062, 2.7292612, -0.112889394, 2.6652782, -0.4670455, 0.715119, -0.45652893, 0.24910778, 1599.2438, 1599.2438, 955.3754, 717.9099, , 
65786.690906958, 001063, 2.7378564, -0.11242925, 2.6665053, -0.4641764, 0.7146917, -0.45808014, 0.25282153, 1599.2438, 1599.2438, 955.3762, 717.91315, , 
65786.707576083, 001064, 2.7464356, -0.111827135, 2.6673048, -0.4617783, 0.71409833, -0.45954505, 0.25620827, 1599.2438, 1599.2438, 955.37683, 717.91565, , 
65786.740914208, 001065, 2.762262, -0.11041355, 2.6690755, -0.4578824, 0.71211964, -0.46260032, 0.26311666, 1599.2438, 1599.2438, 955.37646, 717.9183, , 
65786.757583166, 001066, 2.7696714, -0.10973074, 2.6701584, -0.45606595, 0.7108747, -0.46440655, 0.266435, 1599.2438, 1599.2438, 955.3761, 717.91846, , 
65786.774252375, 001067, 2.776968, -0.10909826, 2.671321, -0.4541989, 0.7095661, -0.4664693, 0.26949146, 1599.2438, 1599.2438, 955.3757, 717.91785, , 
65786.807590541, 001068, 2.791777, -0.10683806, 2.6739132, -0.45015737, 0.70701665, -0.47145298, 0.2742588, 1599.2438, 1599.2438, 955.3762, 717.9158, , 
65786.824259458, 001069, 2.7991703, -0.10528685, 2.6752968, -0.4480864, 0.7056001, -0.47430548, 0.27637166, 1599.2438, 1599.2438, 955.37695, 717.91345, , 
65786.840928583, 001070, 2.8062658, -0.10428905, 2.6766293, -0.44597587, 0.70392823, -0.47739923, 0.2787123, 1599.2438, 1599.2438, 955.37726, 717.9111, , 
65786.857597708, 001071, 2.8131645, -0.10347086, 2.6780465, -0.44366103, 0.70209163, -0.48073164, 0.2812993, 1599.2438, 1599.2438, 955.3776, 717.90845, , 
65786.890935708, 001072, 2.8264403, -0.10208271, 2.681377, -0.43811232, 0.698227, -0.48779377, 0.28739148, 1599.2438, 1599.2438, 955.37866, 717.90295, , 
65786.907604875, 001073, 2.832509, -0.10023877, 2.6831477, -0.4351787, 0.6960717, -0.49135074, 0.29099488, 1599.2438, 1599.2438, 955.37915, 717.901, , 
65786.924274, 001074, 2.8383837, -0.09854652, 2.6849415, -0.43235755, 0.693652, -0.4948666, 0.29499316, 1599.2438, 1599.2438, 955.379, 717.8988, , 
65786.957612083, 001075, 2.8502185, -0.09682791, 2.6885486, -0.42693684, 0.6889056, -0.501276, 0.3030782, 1599.2438, 1599.2438, 955.378, 717.8937, , 
65786.974281125, 001076, 2.856234, -0.09630124, 2.6903667, -0.42425665, 0.68694985, -0.50394344, 0.30683422, 1599.2438, 1599.2438, 955.37775, 717.8925, , 
65786.99095025, 001077, 2.8622942, -0.095896035, 2.692159, -0.42161813, 0.6851878, -0.50636333, 0.31040606, 1599.2438, 1599.2438, 955.3776, 717.8917, , 
65787.024288416, 001078, 2.873944, -0.09361248, 2.695246, -0.41640654, 0.6816537, -0.51115465, 0.3172928, 1599.2438, 1599.2438, 955.3775, 717.89087, , 
65787.040957291, 001079, 2.880042, -0.09312612, 2.6967049, -0.4136809, 0.6797823, -0.51381886, 0.3205532, 1599.2438, 1599.2438, 955.3776, 717.8896, , 
65787.057626458, 001080, 2.8862627, -0.09288154, 2.698063, -0.41098619, 0.67785287, -0.51657605, 0.32365873, 1599.2438, 1599.2438, 955.37787, 717.88824, , 
65787.074295583, 001081, 2.8925538, -0.092781216, 2.6992912, -0.40840235, 0.6758495, -0.5193303, 0.3266971, 1599.2438, 1599.2438, 955.378, 717.88666, , 
65787.107633791, 001082, 2.905354, -0.09292957, 2.701444, -0.40328133, 0.67168474, -0.52465564, 0.33307692, 1599.2438, 1599.2438, 955.37775, 717.8826, , 
65787.124302791, 001083, 2.913023, -0.093019105, 2.7022402, -0.40053964, 0.66976094, -0.52722466, 0.33618805, 1599.2438, 1599.2438, 955.37775, 717.8814, , 
65787.140971833, 001084, 2.920191, -0.09336457, 2.70302, -0.39758417, 0.66788435, -0.5298872, 0.33922985, 1599.2438, 1599.2438, 955.3781, 717.8805, , 
65787.157640958, 001085, 2.9272742, -0.09380633, 2.7037437, -0.3944701, 0.66585547, -0.5327444, 0.34236416, 1599.2438, 1599.2438, 955.3788, 717.8789, , 
65787.190978916, 001086, 2.941494, -0.09484797, 2.7051198, -0.3880991, 0.6612785, -0.538462, 0.34949753, 1599.2438, 1599.2438, 955.3793, 717.87616, , 
65787.207648125, 001087, 2.9481971, -0.09522967, 2.7055812, -0.38515344, 0.65867937, -0.54097074, 0.35376406, 1599.2438, 1599.2438, 955.37854, 717.8748, , 
65787.224317166, 001088, 2.9549212, -0.09566797, 2.7061028, -0.38234064, 0.65583414, -0.54327315, 0.35854083, 1599.2438, 1599.2438, 955.3774, 717.874, , 
65787.240986333, 001089, 2.9619, -0.09624228, 2.7068057, -0.37950295, 0.6528067, -0.5455057, 0.36365408, 1599.2438, 1599.2438, 955.37585, 717.8733, , 
65787.274324291, 001090, 2.9764602, -0.09756441, 2.708264, -0.3737613, 0.64691204, -0.5499131, 0.3733668, 1599.2438, 1599.2438, 955.3725, 717.8717, , 
65787.290993458, 001091, 2.9838955, -0.09822242, 2.7089827, -0.3710078, 0.64390355, -0.55218273, 0.37793624, 1599.2438, 1599.2438, 955.3712, 717.8707, , 
65787.307662583, 001092, 2.9913192, -0.09879677, 2.7096608, -0.36852193, 0.6405859, -0.55457103, 0.38248184, 1599.2438, 1599.2438, 955.36914, 717.86835, , 
65787.341000541, 001093, 3.0061164, -0.09903375, 2.7108853, -0.36400917, 0.63313293, -0.5598484, 0.39142016, 1599.6957, 1599.6957, 955.3649, 717.86224, , 
65787.357669708, 001094, 3.0135288, -0.09923874, 2.7114444, -0.36155802, 0.6289997, -0.56277096, 0.3961363, 1599.2438, 1599.2438, 955.36273, 717.8585, , 
65787.374338833, 001095, 3.0209825, -0.09934134, 2.7120569, -0.35892603, 0.624655, -0.5656947, 0.40120795, 1599.2438, 1599.2438, 955.3596, 717.8536, , 
65787.407676875, 001096, 3.0364177, -0.09919684, 2.7136037, -0.35244638, 0.61726654, -0.57100934, 0.41074547, 1599.2438, 1599.2438, 955.35626, 717.8491, , 
65787.424345916, 001097, 3.0444868, -0.098843925, 2.7144887, -0.34829062, 0.61445487, -0.5737552, 0.41466108, 1599.2438, 1599.2438, 955.3563, 717.84845, , 
65787.441015083, 001098, 3.0527978, -0.09818505, 2.7152507, -0.34378156, 0.611714, -0.57689005, 0.41811252, 1599.2438, 1599.2438, 955.3573, 717.8476, , 
65787.457684166, 001099, 3.0610754, -0.097208425, 2.7159283, -0.33936372, 0.6087687, -0.5802864, 0.4213082, 1599.2438, 1599.2438, 955.3582, 717.8459, , 
65787.491022166, 001100, 3.0772028, -0.09457288, 2.7171946, -0.33178324, 0.60234493, -0.58699405, 0.4272452, 1599.2438, 1599.2438, 955.35913, 717.83875, , 
65787.507691333, 001101, 3.0858226, -0.0933854, 2.7182102, -0.32837597, 0.5993962, -0.5899297, 0.4299726, 1599.6957, 1599.6957, 955.35925, 717.8356, , 
65787.524360333, 001102, 3.0943112, -0.092114344, 2.719245, -0.3248004, 0.59669507, -0.59276664, 0.432536, 1599.2438, 1599.2438, 955.35986, 717.8323, , 
65787.557698625, 001103, 3.1098406, -0.089059375, 2.7209258, -0.31732717, 0.59092194, -0.5986763, 0.43783724, 1599.2438, 1599.2438, 955.361, 717.8273, , 
65787.5743675, 001104, 3.1169832, -0.08745637, 2.7217488, -0.31390995, 0.58744425, -0.6016535, 0.44088873, 1599.2438, 1599.2438, 955.3609, 717.82294, , 
65787.607705708, 001105, 3.1311145, -0.08484011, 2.7241468, -0.30767024, 0.5795563, -0.6075841, 0.44754347, 1599.2438, 1599.2438, 955.3589, 717.815, , 
65787.624374833, 001106, 3.1381674, -0.08376518, 2.7257197, -0.30458662, 0.5756091, -0.6105904, 0.45064464, 1599.2438, 1599.2438, 955.3576, 717.80914, , 
65787.641043791, 001107, 3.1446252, -0.08245612, 2.7272067, -0.3016387, 0.57204694, -0.6133424, 0.45341748, 1599.2438, 1599.2438, 955.35693, 717.8052, , 
65787.674382, 001108, 3.1569614, -0.079995535, 2.730576, -0.29659262, 0.5665706, -0.617271, 0.45826533, 1599.2438, 1599.2438, 955.356, 717.8001, , 
65787.691051083, 001109, 3.1629415, -0.07898932, 2.7325573, -0.29441187, 0.56462497, -0.6184017, 0.46054283, 1599.2438, 1599.2438, 955.3555, 717.7992, , 
65787.724389083, 001110, 3.1759942, -0.07779926, 2.7377841, -0.2906343, 0.56203765, -0.6194023, 0.464743, 1599.2438, 1599.2438, 955.3551, 717.80096, , 
65787.74105825, 001111, 3.182103, -0.07731605, 2.7401645, -0.28886092, 0.56088364, -0.6199919, 0.46645346, 1599.2438, 1599.2438, 955.3551, 717.80206, , 
65787.757727291, 001112, 3.1881769, -0.07689658, 2.7424107, -0.28716063, 0.5596653, -0.6208538, 0.46781844, 1599.2438, 1599.2438, 955.35516, 717.80206, , 
65787.791065333, 001113, 3.200561, -0.07645827, 2.7468936, -0.2835677, 0.5571039, -0.62323266, 0.46989962, 1599.2438, 1599.2438, 955.3559, 717.79974, , 
65787.807734458, 001114, 3.2071378, -0.077218525, 2.7497034, -0.2815217, 0.55604595, -0.62449807, 0.47070232, 1599.2438, 1599.2438, 955.35657, 717.7987, , 
65787.84107275, 001115, 3.2203262, -0.07876363, 2.755301, -0.27774313, 0.55424184, -0.62684685, 0.47195113, 1599.2438, 1599.2438, 955.35846, 717.7967, , 
65787.857741666, 001116, 3.226902, -0.07950245, 2.7581148, -0.27595943, 0.55337566, -0.6278624, 0.4726634, 1599.2438, 1599.2438, 955.3594, 717.79565, , 
65787.874410708, 001117, 3.2335281, -0.08038673, 2.7610762, -0.27404606, 0.5526282, -0.6288098, 0.47339103, 1599.2438, 1599.2438, 955.36017, 717.7953, , 
65787.907748916, 001118, 3.2467859, -0.08296944, 2.7677855, -0.27032393, 0.5512973, -0.6302897, 0.47511172, 1599.2438, 1599.2438, 955.3623, 717.79565, , 
65787.924418041, 001119, 3.2533069, -0.08455023, 2.771478, -0.26875094, 0.55045325, -0.63080543, 0.47629693, 1599.2438, 1599.2438, 955.3626, 717.79596, , 
65787.941087, 001120, 3.259839, -0.08600032, 2.7751594, -0.2671467, 0.5497906, -0.6312645, 0.47735524, 1599.2438, 1599.2438, 955.363, 717.7966, , 
65787.974425083, 001121, 3.2733247, -0.088828474, 2.782818, -0.26405275, 0.54949224, -0.6319826, 0.478469, 1599.2438, 1599.2438, 955.3652, 717.7988, , 
65787.991094208, 001122, 3.2801237, -0.09013285, 2.786756, -0.263188, 0.54939127, -0.6321836, 0.47879565, 1599.2438, 1599.2438, 955.366, 717.7995, , 
65788.00776325, 001123, 3.2864747, -0.09136756, 2.7906926, -0.2631816, 0.5490433, -0.63224214, 0.47912097, 1599.2438, 1599.2438, 955.3658, 717.79944, , 
65788.041101416, 001124, 3.2996585, -0.093522176, 2.7988796, -0.26481676, 0.54838496, -0.63177127, 0.47959474, 1599.2438, 1599.2438, 955.3638, 717.7986, , 
65788.057770458, 001125, 3.3065586, -0.09446913, 2.8031852, -0.26596606, 0.5481859, -0.63126993, 0.4798466, 1599.2438, 1599.2438, 955.3622, 717.7984, , 
65788.091108583, 001126, 3.3203094, -0.0959183, 2.8121579, -0.2683848, 0.5465906, -0.6301796, 0.48174903, 1599.2438, 1599.2438, 955.35846, 717.79816, , 
65788.107777625, 001127, 3.3272076, -0.096702546, 2.8167834, -0.269503, 0.5451809, -0.6294995, 0.48360756, 1599.6957, 1599.6957, 955.3558, 717.7983, , 
65788.124446791, 001128, 3.3344083, -0.09731779, 2.8217242, -0.27027032, 0.5441895, -0.62852526, 0.48555937, 1599.2438, 1599.2438, 955.35254, 717.80005, , 
65788.157784708, 001129, 3.350108, -0.09774733, 2.8326445, -0.2696702, 0.54533327, -0.6259421, 0.4879405, 1599.2438, 1599.2438, 955.35144, 717.8078, , 
65788.174453833, 001130, 3.3582985, -0.09754653, 2.8382537, -0.26827943, 0.5468772, -0.6249517, 0.48824883, 1599.2438, 1599.2438, 955.3538, 717.8146, , 
65788.207792125, 001131, 3.3734252, -0.09579687, 2.8489642, -0.26619324, 0.5481707, -0.624129, 0.48899192, 1599.6957, 1599.6957, 955.3567, 717.8208, , 
65788.22446125, 001132, 3.3800783, -0.094402954, 2.8539824, -0.26656434, 0.5474407, -0.6236646, 0.49019864, 1599.2438, 1599.2438, 955.35565, 717.822, , 
65790.241417208, 001222, 3.4917145, -0.1060715, 3.4677687, -0.11897335, -0.22899768, 0.68094677, -0.68535894, 1598.7919, 1598.7919, 955.3882, 717.7832, , 
65790.258086291, 001223, 3.4895587, -0.107009016, 3.4738834, -0.12297272, -0.22617933, 0.6799726, -0.6865551, 1598.7919, 1598.7919, 955.38995, 717.7848, , 
65790.274755375, 001224, 3.4875488, -0.1079272, 3.4800262, -0.12685731, -0.22332454, 0.67916423, -0.68758225, 1598.7919, 1598.7919, 955.391, 717.78534, , 
65790.2914245, 001225, 3.4856784, -0.10885399, 3.486242, -0.13052185, -0.22056691, 0.67851204, -0.6884299, 1598.7919, 1598.7919, 955.392, 717.7854, , 
65790.3247625, 001226, 3.4822264, -0.1115388, 3.5003395, -0.13695094, -0.21561955, 0.6776078, -0.68963784, 1599.2438, 1599.2438, 955.3938, 717.78436, , 
65790.341431541, 001227, 3.480722, -0.112657994, 3.5072362, -0.14008746, -0.21341212, 0.6772391, -0.6900564, 1599.2438, 1599.2438, 955.3946, 717.7836, , 
65790.358100708, 001228, 3.4793186, -0.11372388, 3.5142133, -0.14335711, -0.21135806, 0.6768462, -0.6904026, 1599.2438, 1599.2438, 955.39575, 717.7828, , 
65790.39143875, 001229, 3.4767401, -0.11574662, 3.5284379, -0.14986013, -0.20698515, 0.6759113, -0.69126195, 1599.2438, 1599.2438, 955.39856, 717.7811, , 
65790.408107791, 001230, 3.4754007, -0.11720699, 3.5365968, -0.15304025, -0.20435168, 0.67539597, -0.6918521, 1599.2438, 1599.2438, 955.39923, 717.7805, , 
65790.424776833, 001231, 3.4741614, -0.11849935, 3.544634, -0.15622374, -0.20137264, 0.6748332, -0.692563, 1599.2438, 1599.2438, 955.3996, 717.7797, , 
65790.458115083, 001232, 3.4721844, -0.119972326, 3.559531, -0.1627669, -0.19442129, 0.67361575, -0.6942256, 1599.2438, 1599.2438, 955.3995, 717.77856, , 
65790.474784, 001233, 3.4713738, -0.120381646, 3.5668924, -0.16594237, -0.19070238, 0.6729787, -0.6951226, 1599.2438, 1599.2438, 955.3989, 717.778, , 
65790.491453125, 001234, 3.4706635, -0.120560214, 3.5742102, -0.16887398, -0.18676016, 0.67242634, -0.6960209, 1599.2438, 1599.2438, 955.3981, 717.77734, , 
65790.508122166, 001235, 3.4698646, -0.120710544, 3.5821679, -0.17135833, -0.18255645, 0.67200625, -0.6969341, 1599.2438, 1599.2438, 955.39667, 717.7766, , 
65790.541460208, 001236, 3.4684842, -0.12025867, 3.5972836, -0.17531335, -0.17340535, 0.6710784, -0.69917774, 1599.2438, 1599.2438, 955.3911, 717.7755, , 
65790.55812925, 001237, 3.4678404, -0.119742595, 3.604557, -0.17740802, -0.16897377, 0.67029077, -0.7004888, 1598.7919, 1598.7919, 955.3889, 717.77594, , 
65790.574798375, 001238, 3.4671903, -0.11910197, 3.611792, -0.17980005, -0.16467449, 0.66935426, -0.701797, 1599.2438, 1599.2438, 955.38715, 717.77673, , 
65790.608136583, 001239, 3.4654946, -0.11798161, 3.626645, -0.1848442, -0.1558595, 0.667352, -0.70440173, 1599.2438, 1599.2438, 955.38367, 717.7787, , 
65790.624805458, 001240, 3.4644496, -0.11749268, 3.634095, -0.18740684, -0.15100585, 0.66636145, -0.7057182, 1599.2438, 1599.2438, 955.38184, 717.7793, , 
65790.641474583, 001241, 3.4635918, -0.116737574, 3.6411123, -0.1900596, -0.14620492, 0.6652539, -0.7070635, 1599.2438, 1599.2438, 955.3794, 717.7804, , 
65790.674812708, 001242, 3.461867, -0.11537146, 3.6554534, -0.19629896, -0.13950609, 0.66206664, -0.7096989, 1599.2438, 1599.2438, 955.379, 717.7845, , 
65790.691481625, 001243, 3.4610496, -0.11476199, 3.6628141, -0.2001364, -0.13760851, 0.66023856, -0.7106999, 1599.2438, 1599.2438, 955.3817, 717.7879, , 
65790.708150833, 001244, 3.460178, -0.11462337, 3.669523, -0.20420909, -0.13591109, 0.65866405, -0.7113287, 1599.2438, 1599.2438, 955.3843, 717.7893, , 
65790.741488958, 001245, 3.4588602, -0.11380933, 3.6823657, -0.2123304, -0.13153617, 0.65652364, -0.7117518, 1598.7919, 1598.7919, 955.38916, 717.7883, , 
65790.758158, 001246, 3.4582803, -0.113257855, 3.6884658, -0.21617405, -0.12860315, 0.65566593, -0.71192145, 1598.7919, 1598.7919, 955.3902, 717.7872, , 
65790.791496083, 001247, 3.4567633, -0.11251713, 3.6998553, -0.22310378, -0.121614926, 0.6535614, -0.712946, 1598.7919, 1598.7919, 955.391, 717.786, , 
65790.808165166, 001248, 3.4557931, -0.112026855, 3.7057562, -0.22622092, -0.11783799, 0.6520879, -0.7139465, 1598.7919, 1598.7919, 955.39075, 717.7872, , 
65790.824834208, 001249, 3.4545643, -0.11175838, 3.7115734, -0.22923633, -0.11427471, 0.6501784, -0.7153042, 1598.7919, 1598.7919, 955.39075, 717.7894, , 
65790.85817225, 001250, 3.451295, -0.11215814, 3.7228017, -0.23519208, -0.10893007, 0.6453666, -0.7185546, 1598.7919, 1598.7919, 955.39343, 717.799, , 
65790.874841333, 001251, 3.4494886, -0.11248708, 3.7283506, -0.23793301, -0.10696522, 0.64311475, -0.71996516, 1599.2438, 1599.2438, 955.3952, 717.80334, , 
65790.9081795, 001252, 3.4458437, -0.11327074, 3.739696, -0.2428001, -0.1029004, 0.640101, -0.72161645, 1599.2438, 1599.2438, 955.3978, 717.8087, , 
65790.9248485, 001253, 3.444009, -0.11374317, 3.7455292, -0.24502166, -0.100910924, 0.63912725, -0.7220095, 1599.2438, 1599.2438, 955.39844, 717.80945, , 
65790.941517541, 001254, 3.442167, -0.114070795, 3.7511122, -0.2472693, -0.099118054, 0.63830096, -0.7222226, 1599.2438, 1599.2438, 955.3991, 717.8096, , 
65790.97485575, 001255, 3.4381602, -0.11487934, 3.7626152, -0.2519444, -0.09650999, 0.6368441, -0.7222461, 1599.2438, 1599.2438, 955.40155, 717.80853, , 
65790.991524583, 001256, 3.4358835, -0.11542972, 3.7686841, -0.25450552, -0.09567352, 0.6360644, -0.7221465, 1599.2438, 1599.2438, 955.4033, 717.80804, , 
65791.024862791, 001257, 3.4307053, -0.11688158, 3.7847342, -0.25981805, -0.094248004, 0.6345121, -0.72180766, 1599.2438, 1599.2438, 955.4081, 717.80646, , 
65791.041531916, 001258, 3.427907, -0.11761111, 3.7916796, -0.2621154, -0.09327289, 0.63392633, -0.7216185, 1599.2438, 1599.2438, 955.4097, 717.80554, , 
65791.074869875, 001259, 3.4218497, -0.11909168, 3.804842, -0.26566488, -0.090501145, 0.633126, -0.7213758, 1598.7919, 1598.7919, 955.411, 717.8032, , 
65791.091539041, 001260, 3.4185424, -0.11987697, 3.8113952, -0.26711756, -0.08886898, 0.6327324, -0.72138774, 1598.7919, 1598.7919, 955.411, 717.8024, , 
65791.12487725, 001261, 3.4108953, -0.12065655, 3.8279407, -0.26953536, -0.08609989, 0.631498, -0.72190565, 1598.7919, 1598.7919, 955.411, 717.80273, , 
65791.141546083, 001262, 3.406881, -0.12141436, 3.8355017, -0.2701464, -0.08527454, 0.63072616, -0.7224498, 1598.7919, 1598.7919, 955.41125, 717.80414, , 
65791.174884291, 001263, 3.3985584, -0.12297012, 3.8503623, -0.26981083, -0.08379958, 0.6295132, -0.7238045, 1599.2438, 1599.2438, 955.4104, 717.8087, , 
65791.191553333, 001264, 3.3943021, -0.123629175, 3.857851, -0.26899955, -0.08288225, 0.6291749, -0.7245059, 1599.2438, 1599.2438, 955.40924, 717.8108, , 
65791.2082225, 001265, 3.3901548, -0.123818964, 3.8661702, -0.26794353, -0.08167941, 0.6290203, -0.72516775, 1599.2438, 1599.2438, 955.4074, 717.8125, , 
65791.241560458, 001266, 3.381593, -0.12437287, 3.8825696, -0.26594058, -0.07905239, 0.62880003, -0.72638613, 1599.2438, 1599.2438, 955.40265, 717.81604, , 
65791.258229541, 001267, 3.3771749, -0.124813646, 3.8906734, -0.26521608, -0.07788229, 0.62866354, -0.7268954, 1599.2438, 1599.2438, 955.401, 717.81726, , 
65791.291567583, 001268, 3.3682835, -0.12567425, 3.9071605, -0.26402336, -0.07527971, 0.6286185, -0.7276424, 1599.2438, 1599.2438, 955.39716, 717.81903, , 
65791.308236666, 001269, 3.3634527, -0.125999, 3.916501, -0.26322353, -0.07404526, 0.6286168, -0.7280602, 1598.7919, 1598.7919, 955.3954, 717.8197, , 
65791.341574833, 001270, 3.3538828, -0.1266254, 3.9351187, -0.26211122, -0.07303562, 0.6279796, -0.72911257, 1598.7919, 1598.7919, 955.3933, 717.8233, , 
65791.358243958, 001271, 3.3492756, -0.1267814, 3.9442391, -0.2621615, -0.07310543, 0.6275765, -0.7294345, 1598.7919, 1598.7919, 955.3937, 717.82465, , 
65791.391581958, 001272, 3.3404257, -0.1263807, 3.9622042, -0.2631196, -0.07280959, 0.6274919, -0.7291918, 1598.7919, 1598.7919, 955.39435, 717.8241, , 
65791.408251041, 001273, 3.3359473, -0.12605631, 3.9717906, -0.26346037, -0.072681755, 0.62771666, -0.7288881, 1598.7919, 1598.7919, 955.39435, 717.82294, , 
65791.424920125, 001274, 3.33145, -0.12561491, 3.9813535, -0.26359385, -0.073015146, 0.6278881, -0.72865885, 1598.7919, 1598.7919, 955.3945, 717.8221, , 
65791.458258166, 001275, 3.3225045, -0.12426883, 3.9999459, -0.2636323, -0.07614334, 0.6276236, -0.7285526, 1598.7919, 1598.7919, 955.3975, 717.8227, , 
65791.47492725, 001276, 3.3181858, -0.1233023, 4.0090504, -0.2636582, -0.07831248, 0.62759376, -0.728339, 1599.2438, 1599.2438, 955.3996, 717.8232, , 
65791.508265416, 001277, 3.3104553, -0.12045193, 4.0266824, -0.26318482, -0.08083478, 0.62890816, -0.7270997, 1599.2438, 1599.2438, 955.4018, 717.82, , 
65791.524934375, 001278, 3.3070023, -0.11871995, 4.0350256, -0.2621713, -0.080906436, 0.6303082, -0.7262451, 1599.2438, 1599.2438, 955.4005, 717.817, , 
65791.541603458, 001279, 3.3036306, -0.11705358, 4.0427065, -0.26068184, -0.08055011, 0.63196546, -0.7253801, 1599.2438, 1599.2438, 955.3981, 717.8136, , 
65791.574941583, 001280, 3.2970285, -0.11406235, 4.057332, -0.25711584, -0.07944092, 0.63547665, -0.72370577, 1599.2438, 1599.2438, 955.3911, 717.8055, , 
65791.591610541, 001281, 3.29369, -0.1127985, 4.0645523, -0.25528973, -0.078850836, 0.63719314, -0.72290707, 1599.2438, 1599.2438, 955.388, 717.8022, , 
65791.624948666, 001282, 3.2864187, -0.11126921, 4.080925, -0.25192815, -0.07928252, 0.6401035, -0.72146654, 1599.2438, 1599.2438, 955.3825, 717.7953, , 
65791.641617708, 001283, 3.2827067, -0.11061229, 4.0890145, -0.2507584, -0.080665804, 0.64129204, -0.72066474, 1599.2438, 1599.2438, 955.38184, 717.7929, , 
65791.674955833, 001284, 3.275353, -0.10951513, 4.1053715, -0.24953337, -0.084949255, 0.64334583, -0.7187649, 1599.2438, 1599.2438, 955.3833, 717.7874, , 
65791.691624875, 001285, 3.2718062, -0.10907355, 4.113513, -0.24953228, -0.08713576, 0.6442264, -0.7177141, 1599.2438, 1599.2438, 955.3848, 717.7848, , 
65791.724963041, 001286, 3.2651348, -0.10860954, 4.1304893, -0.25107422, -0.09012543, 0.6453616, -0.71578455, 1598.7919, 1598.7919, 955.3888, 717.7787, , 
65791.741631958, 001287, 3.2617447, -0.10852365, 4.1383076, -0.25237644, -0.090959676, 0.64543563, -0.71515405, 1598.7919, 1598.7919, 955.3906, 717.7768, , 
65791.774970125, 001288, 3.254818, -0.10875195, 4.153207, -0.25463477, -0.091673955, 0.64474595, -0.71488434, 1599.2438, 1599.2438, 955.39435, 717.77576, , 
65791.79163925, 001289, 3.2513077, -0.109032184, 4.1604047, -0.25523314, -0.09150709, 0.64419377, -0.71519005, 1599.2438, 1599.2438, 955.3952, 717.7766, , 
65791.824977208, 001290, 3.243812, -0.110568136, 4.175395, -0.2555516, -0.09007463, 0.6429432, -0.7163825, 1599.2438, 1599.2438, 955.39484, 717.7802, , 
65791.841646291, 001291, 3.2400863, -0.111218534, 4.1825876, -0.25555143, -0.08900967, 0.64232296, -0.71707183, 1599.2438, 1599.2438, 955.39417, 717.78204, , 
65791.858315416, 001292, 3.2363362, -0.11192344, 4.189833, -0.25558838, -0.08808426, 0.64168006, -0.7177482, 1599.2438, 1599.2438, 955.39355, 717.78394, , 
65791.891653416, 001293, 3.228731, -0.11367892, 4.2049265, -0.25598294, -0.0871822, 0.6403566, -0.7188988, 1599.2438, 1599.2438, 955.39343, 717.78815, , 
65791.9083225, 001294, 3.2254608, -0.11499276, 4.2122164, -0.25637987, -0.08715715, 0.63977295, -0.71927994, 1599.2438, 1599.2438, 955.39404, 717.7897, , 
65791.941660666, 001295, 3.2186315, -0.11753072, 4.227892, -0.2575568, -0.087247804, 0.6389931, -0.71954167, 1599.2438, 1599.2438, 955.39575, 717.79144, , 
65791.958329583, 001296, 3.2150917, -0.118688285, 4.2361875, -0.25842452, -0.08699343, 0.6388126, -0.71942157, 1599.2438, 1599.2438, 955.3965, 717.79114, , 
65791.991667791, 001297, 3.2080152, -0.12101378, 4.25312, -0.26108202, -0.085559115, 0.6382712, -0.7191145, 1599.2438, 1599.2438, 955.3978, 717.78925, , 
65792.008336875, 001298, 3.2047238, -0.12238733, 4.260941, -0.26276746, -0.08450697, 0.63771087, -0.7191221, 1599.2438, 1599.2438, 955.39856, 717.7889, , 
65792.025005916, 001299, 3.2013705, -0.12372616, 4.2689652, -0.2644385, -0.08325893, 0.63702214, -0.71926564, 1599.2438, 1599.2438, 955.39923, 717.7888, , 
65792.058343958, 001300, 3.1943645, -0.12595247, 4.286046, -0.26700002, -0.07981471, 0.6359115, -0.7196924, 1599.2438, 1599.2438, 955.39923, 717.78906, , 
65792.075013041, 001301, 3.1909258, -0.12688133, 4.2946286, -0.26773188, -0.077467576, 0.6357046, -0.7198597, 1599.2438, 1599.2438, 955.3981, 717.7887, , 
65792.108351041, 001302, 3.1843667, -0.12872389, 4.3107977, -0.2685976, -0.07220419, 0.6356191, -0.7201598, 1599.2438, 1599.2438, 955.3933, 717.7872, , 
65792.125020083, 001303, 3.181098, -0.12967262, 4.3186636, -0.26900586, -0.069543175, 0.63546455, -0.72040576, 1598.7919, 1598.7919, 955.3911, 717.78674, , 
65792.15835825, 001304, 3.173793, -0.1313315, 4.336712, -0.27028394, -0.06628109, 0.63391954, -0.72159517, 1598.7919, 1598.7919, 955.38916, 717.7895, , 
65792.175027375, 001305, 3.1699486, -0.13192801, 4.3461757, -0.27140874, -0.06533399, 0.6328391, -0.7222074, 1598.7919, 1598.7919, 955.3896, 717.7915, , 
65792.208365375, 001306, 3.162414, -0.13241361, 4.3650947, -0.27430502, -0.06428564, 0.63094175, -0.72286695, 1598.7919, 1598.7919, 955.3923, 717.79456, , 
65792.225034416, 001307, 3.1587994, -0.13231063, 4.374388, -0.27619922, -0.06394154, 0.6301224, -0.72289085, 1599.2438, 1599.2438, 955.3939, 717.7951, , 
65794.241988875, 001395, 2.6098733, -0.13556701, 5.3011603, -0.22519301, -0.17523433, 0.6644887, -0.69067776, 1599.2438, 1599.2438, 955.4503, 717.7314, , 
65794.258657916, 001396, 2.6066341, -0.13637404, 5.310154, -0.22145201, -0.17865415, 0.66585517, -0.6896945, 1599.2438, 1599.2438, 955.44995, 717.7308, , 
65794.275326791, 001397, 2.6032996, -0.13715298, 5.3191996, -0.21732801, -0.18209057, 0.66715395, -0.6888521, 1599.2438, 1599.2438, 955.4492, 717.7306, , 
65794.291995875, 001398, 2.5998805, -0.1378871, 5.3283143, -0.21275814, -0.18554942, 0.66838205, -0.68816483, 1599.2438, 1599.2438, 955.44763, 717.7311, , 
65794.325334083, 001399, 2.592734, -0.13917513, 5.3478765, -0.20195106, -0.1928774, 0.6707681, -0.6870839, 1599.2438, 1599.2438, 955.4438, 717.7334, , 
65794.342003083, 001400, 2.5893793, -0.13956863, 5.3572555, -0.19596742, -0.19635509, 0.67213106, -0.6864993, 1598.7919, 1598.7919, 955.44006, 717.735, , 
65794.358672083, 001401, 2.586198, -0.13973176, 5.366427, -0.18983981, -0.19934462, 0.6737526, -0.68576974, 1598.7919, 1598.7919, 955.4366, 717.7352, , 
65794.375341125, 001402, 2.5831254, -0.1396823, 5.375439, -0.1838521, -0.20171514, 0.67549187, -0.6849965, 1598.7919, 1598.7919, 955.4325, 717.73474, , 
65794.40867925, 001403, 2.5769637, -0.13921052, 5.3939147, -0.17254134, -0.2058662, 0.6785314, -0.68369865, 1599.2438, 1599.2438, 955.42285, 717.73303, , 
65794.425348166, 001404, 2.5740767, -0.13887681, 5.403753, -0.16698274, -0.20959073, 0.6795059, -0.6829789, 1599.2438, 1599.2438, 955.4203, 717.73395, , 
65794.44201725, 001405, 2.571614, -0.13824022, 5.4135747, -0.16171375, -0.21441403, 0.6805548, -0.68170404, 1599.2438, 1599.2438, 955.4194, 717.73517, , 
65794.458686291, 001406, 2.5696456, -0.13716014, 5.4231553, 0.15687507, 0.21904248, -0.68233347, 0.679582, 1599.2438, 1599.2438, 955.4194, 717.7335, , 
65794.475355375, 001407, 2.5680997, -0.13565093, 5.43229, 0.15213683, 0.22265607, -0.68495214, 0.67684513, 1599.2438, 1599.2438, 955.41876, 717.729, , 
65794.508693333, 001408, 2.5655265, -0.13244796, 5.4501266, 0.14175323, 0.22790624, -0.69095635, 0.6712258, 1599.2438, 1599.2438, 955.4139, 717.7136, , 
65794.5253625, 001409, 2.5642407, -0.13108471, 5.4592643, 0.13608672, 0.23081324, -0.6933891, 0.6688925, 1598.7919, 1598.7919, 955.4113, 717.70856, , 
65794.542031541, 001410, 2.5629659, -0.12975988, 5.4685464, 0.13065335, 0.23491973, -0.6950236, 0.6668468, 1598.7919, 1598.7919, 955.4097, 717.70544, , 
65794.558700666, 001411, 2.5617719, -0.1286218, 5.478276, 0.12578002, 0.2407633, -0.69584316, 0.6648419, 1598.7919, 1598.7919, 955.41064, 717.70496, , 
65794.592038625, 001412, 2.5600247, -0.12666416, 5.4983974, 0.11803056, 0.25599658, -0.6964208, 0.659949, 1599.2438, 1599.2438, 955.4191, 717.7084, , 
65794.608707708, 001413, 2.559531, -0.12577437, 5.508415, 0.114529915, 0.26337767, -0.697155, 0.656879, 1599.2438, 1599.2438, 955.42596, 717.70874, , 
65794.62537675, 001414, 2.5593023, -0.124800436, 5.5178022, 0.11080179, 0.26994085, -0.69832176, 0.65360665, 1598.7919, 1598.7919, 955.4303, 717.7074, , 
65794.642045666, 001415, 2.5593138, -0.12373765, 5.5263467, 0.10657946, 0.275664, -0.6997911, 0.6503405, 1598.7919, 1598.7919, 955.4334, 717.705, , 
65794.658714708, 001416, 2.5594883, -0.12272724, 5.5342617, 0.10187959, 0.28063363, -0.70140404, 0.64722306, 1598.7919, 1598.7919, 955.43567, 717.7011, , 
65794.692052875, 001417, 2.560054, -0.12125997, 5.5490446, 0.09071441, 0.28952911, -0.70401585, 0.6421102, 1598.7919, 1598.7919, 955.4354, 717.6965, , 
65794.708722, 001418, 2.5603778, -0.1212116, 5.557071, 0.08415139, 0.29438573, -0.70447934, 0.6402847, 1598.7919, 1598.7919, 955.43414, 717.6967, , 
65794.725390791, 001419, 2.560863, -0.1213291, 5.5651217, 0.07729368, 0.29974616, -0.70445126, 0.6386912, 1598.7919, 1598.7919, 955.4321, 717.69977, , 
65794.742059958, 001420, 2.5616388, -0.12136764, 5.572905, 0.07065338, 0.30557343, -0.7042638, 0.63690305, 1598.7919, 1598.7919, 955.43134, 717.7028, , 
65794.758729083, 001421, 2.5627663, -0.12132514, 5.580659, 0.06457715, 0.31173223, -0.70424736, 0.63457745, 1598.7919, 1598.7919, 955.4316, 717.7053, , 
65794.792067, 001422, 2.5660763, -0.12089644, 5.5960293, 0.05447853, 0.32417494, -0.7053331, 0.6280509, 1598.7919, 1598.7919, 955.4366, 717.7061, , 
65794.808736125, 001423, 2.5678258, -0.121129096, 5.603897, 0.05014255, 0.32996765, -0.706354, 0.62423646, 1598.7919, 1598.7919, 955.4396, 717.7042, , 
65794.825405125, 001424, 2.569685, -0.12125427, 5.611542, 0.046043154, 0.33511287, -0.7074683, 0.62053853, 1599.2438, 1599.2438, 955.44354, 717.7008, , 
65794.84207425, 001425, 2.5716815, -0.121102855, 5.6188617, 0.04190977, 0.33965963, -0.70842296, 0.6172615, 1599.2438, 1599.2438, 955.4456, 717.69836, , 
65794.858743333, 001426, 2.5736394, -0.120986186, 5.626071, 0.037616137, 0.3437555, -0.7089977, 0.6146051, 1599.2438, 1599.2438, 955.4469, 717.6968, , 
65794.89208125, 001427, 2.577319, -0.12114927, 5.640543, 0.0291124, 0.35117862, -0.7089146, 0.6109551, 1599.2438, 1599.2438, 955.44727, 717.6979, , 
65794.908750416, 001428, 2.5789618, -0.12155618, 5.6481295, 0.024898928, 0.35457793, -0.7085388, 0.6096124, 1599.2438, 1599.2438, 955.4468, 717.69965, , 
65794.9254195, 001429, 2.5806215, -0.1219655, 5.6556873, 0.020481499, 0.3577189, -0.70816225, 0.6083781, 1599.2438, 1599.2438, 955.44543, 717.70197, , 
65794.942088375, 001430, 2.5823932, -0.12226638, 5.6630945, 0.015718807, 0.3606135, -0.70788306, 0.6071346, 1599.2438, 1599.2438, 955.4438, 717.7033, , 
65794.975426458, 001431, 2.5862954, -0.12280962, 5.6779976, 0.005588783, 0.36610416, -0.7076834, 0.6042523, 1598.7919, 1598.7919, 955.43945, 717.70447, , 
65794.992095583, 001432, 2.5884426, -0.12310217, 5.6856422, 0.00076308096, 0.36878994, -0.7077593, 0.602553, 1598.7919, 1598.7919, 955.437, 717.7043, , 
65795.008764708, 001433, 2.590556, -0.123404935, 5.6941357, -0.0037027157, 0.3713247, -0.7079641, 0.60074216, 1598.7919, 1598.7919, 955.43555, 717.70355, , 
65795.025433583, 001434, 2.592728, -0.12369409, 5.702691, -0.0077641346, 0.37360567, -0.70828325, 0.59891015, 1598.7919, 1598.7919, 955.4344, 717.7024, , 
65795.042102666, 001435, 2.5950215, -0.12394835, 5.7109976, -0.011469235, 0.3756968, -0.70869106, 0.59705716, 1598.7919, 1598.7919, 955.4331, 717.7004, , 
65795.075440791, 001436, 2.5996115, -0.124189906, 5.7274704, -0.01814054, 0.3786973, -0.70984626, 0.593614, 1598.7919, 1598.7919, 955.43134, 717.696, , 
65795.092109708, 001437, 2.60175, -0.12411594, 5.735632, -0.021296471, 0.37928623, -0.7104812, 0.5923722, 1599.2438, 1599.2438, 955.4289, 717.69244, , 
65795.108778791, 001438, 2.6037576, -0.12378533, 5.744026, -0.024398966, 0.37974268, -0.7108897, 0.59146935, 1599.2438, 1599.2438, 955.4267, 717.6903, , 
65795.125447875, 001439, 2.6057425, -0.123341516, 5.752366, -0.027475957, 0.3802425, -0.71105564, 0.5908135, 1599.2438, 1599.2438, 955.4245, 717.68896, , 
65795.158785958, 001440, 2.6097395, -0.12194267, 5.7682905, -0.03412614, 0.38025767, -0.7115545, 0.5898556, 1599.2438, 1599.2438, 955.4176, 717.6855, , 
65795.175454916, 001441, 2.6117828, -0.12097178, 5.7760196, -0.03783425, 0.38004893, -0.7118186, 0.58944523, 1598.7919, 1598.7919, 955.414, 717.6836, , 
65795.192124, 001442, 2.6138597, -0.119858384, 5.7836795, -0.041643348, 0.3797158, -0.71199316, 0.5891922, 1598.7919, 1598.7919, 955.409, 717.68134, , 
65795.208793041, 001443, 2.6160989, -0.11839327, 5.7916136, -0.045459528, 0.37926865, -0.7120324, 0.58915085, 1599.2438, 1599.2438, 955.40497, 717.67993, , 
65795.242131041, 001444, 2.620988, -0.1155449, 5.807467, -0.052059248, 0.37935284, -0.711679, 0.58897734, 1599.2438, 1599.2438, 955.3973, 717.6787, , 
65795.258800083, 001445, 2.6237998, -0.11423763, 5.815466, -0.05456388, 0.3803911, -0.7115105, 0.5882842, 1599.2438, 1599.2438, 955.396, 717.6786, , 
65795.275469208, 001446, 2.6269157, -0.11298484, 5.8235564, -0.05681827, 0.3821221, -0.7114512, 0.5870193, 1599.2438, 1599.2438, 955.39575, 717.6782, , 
65795.308807291, 001447, 2.6335132, -0.11038035, 5.8388095, -0.061458543, 0.38815343, -0.7113772, 0.58266807, 1599.2438, 1599.2438, 955.3989, 717.67737, , 
65795.325476166, 001448, 2.6373029, -0.109401256, 5.846571, -0.06361419, 0.39214095, -0.71155196, 0.5795451, 1599.2438, 1599.2438, 955.4018, 717.6766, , 
65795.342145333, 001449, 2.6413865, -0.10868005, 5.8543816, -0.065788224, 0.3963555, -0.7119348, 0.575954, 1599.2438, 1599.2438, 955.4055, 717.6752, , 
65795.375483458, 001450, 2.6496522, -0.107875556, 5.8693466, -0.07119346, 0.4044171, -0.7126065, 0.56883234, 1598.7919, 1598.7919, 955.41345, 717.671, , 
65795.392152375, 001451, 2.6536183, -0.10777293, 5.8764424, -0.07438282, 0.4079082, -0.71265966, 0.5658572, 1598.7919, 1598.7919, 955.4155, 717.6697, , 
65795.408821375, 001452, 2.6576235, -0.107544266, 5.8833675, -0.077653304, 0.41133866, -0.71226394, 0.5634275, 1599.2438, 1599.2438, 955.4173, 717.66956, , 
65795.425490541, 001453, 2.6615279, -0.107658975, 5.8903294, -0.08081801, 0.41527086, -0.7111445, 0.5615088, 1599.2438, 1599.2438, 955.41846, 717.67194, , 
65795.458828625, 001454, 2.6688392, -0.10897244, 5.9041467, -0.08646911, 0.4238292, -0.7073298, 0.55908537, 1599.2438, 1599.2438, 955.42065, 717.68225, , 
65795.475497583, 001455, 2.6724253, -0.10978952, 5.9107866, -0.08894254, 0.42798898, -0.70519906, 0.55821943, 1599.2438, 1599.2438, 955.42194, 717.6907, , 
65795.492166625, 001456, 2.6760306, -0.110651866, 5.917231, -0.09130557, 0.43213853, -0.70301795, 0.5573915, 1599.2438, 1599.2438, 955.4231, 717.69714, , 
65795.52550475, 001457, 2.6836832, -0.11231521, 5.9305577, -0.0959444, 0.44108382, -0.6984937, 0.55528945, 1599.2438, 1599.2438, 955.4266, 717.7131, , 
65795.542173666, 001458, 2.687499, -0.11320829, 5.9366965, -0.09816753, 0.44574285, -0.69642913, 0.55377156, 1598.7919, 1598.7919, 955.42865, 717.7194, , 
65795.55884275, 001459, 2.691409, -0.11405271, 5.94257, -0.100404456, 0.45052633, -0.69462264, 0.55176485, 1598.7919, 1598.7919, 955.43146, 717.725, , 
65795.575511791, 001460, 2.695403, -0.11480667, 5.9482336, -0.10285306, 0.45529503, -0.693094, 0.5493163, 1598.7919, 1598.7919, 955.4354, 717.731, , 
65795.60885, 001461, 2.7038364, -0.11675902, 5.9591856, -0.10854376, 0.46490845, -0.69055194, 0.54333824, 1599.2438, 1599.2438, 955.4416, 717.7376, , 
65795.625518916, 001462, 2.7081347, -0.11788129, 5.9644647, -0.11205239, 0.46961692, -0.68942904, 0.53999245, 1599.2438, 1599.2438, 955.4452, 717.74084, , 
65795.642188, 001463, 2.7121465, -0.11852602, 5.969512, -0.11608398, 0.4738825, -0.6885186, 0.5365651, 1599.2438, 1599.2438, 955.4469, 717.742, , 
65795.658857041, 001464, 2.7159972, -0.11894767, 5.9743805, -0.12041475, 0.47765142, -0.68782693, 0.53314495, 1599.2438, 1599.2438, 955.44794, 717.7423, , 
65795.692195, 001465, 2.7234986, -0.11962662, 5.984054, -0.12855236, 0.48453575, -0.6867891, 0.52632713, 1599.2438, 1599.2438, 955.44995, 717.7411, , 
65795.708864083, 001466, 2.7272544, -0.120158985, 5.9889064, -0.13220388, 0.48836026, -0.68613225, 0.5227322, 1599.2438, 1599.2438, 955.45154, 717.7409, , 
65795.725533125, 001467, 2.7310934, -0.12077166, 5.9938912, -0.13591576, 0.492605, -0.68523973, 0.5189544, 1598.7919, 1598.7919, 955.4538, 717.7415, , 
65795.74220225, 001468, 2.7349632, -0.121331796, 5.998924, -0.13990398, 0.49679703, -0.6842708, 0.5151631, 1598.7919, 1598.7919, 955.45667, 717.74274, , 
65795.775540166, 001469, 2.7425551, -0.12225054, 6.0087, -0.14824635, 0.5037345, -0.68278587, 0.5080138, 1598.7919, 1598.7919, 955.4588, 717.7426, , 
65795.792209291, 001470, 2.7464364, -0.1227155, 6.0135307, -0.15235317, 0.50705385, -0.68209314, 0.5044144, 1598.7919, 1598.7919, 955.45984, 717.74176, , 
65795.808878333, 001471, 2.750445, -0.12376579, 6.018495, -0.15642703, 0.5106675, -0.6811382, 0.5007993, 1598.7919, 1598.7919, 955.4611, 717.7418, , 
65795.825547416, 001472, 2.7545655, -0.124783956, 6.0234756, -0.16068907, 0.5144793, -0.6798789, 0.49724728, 1598.7919, 1598.7919, 955.4623, 717.7428, , 
65795.858885375, 001473, 2.7632859, -0.12619093, 6.033207, -0.16989586, 0.5225407, -0.6766588, 0.49012184, 1598.7919, 1598.7919, 955.46387, 717.7467, , 
65795.8755545, 001474, 2.7678766, -0.12677254, 6.0379667, -0.17476325, 0.52657527, -0.67484534, 0.48657987, 1598.7919, 1598.7919, 955.46436, 717.7488, , 
65795.892223583, 001475, 2.772594, -0.12730023, 6.0426846, -0.1798814, 0.5305915, -0.6728487, 0.48310444, 1598.7919, 1598.7919, 955.46423, 717.7518, , 
65795.908892458, 001476, 2.777625, -0.12774971, 6.047353, -0.1853881, 0.5346189, -0.67058975, 0.47971165, 1598.7919, 1598.7919, 955.4637, 717.75433, , 
65795.942230625, 001477, 2.7877605, -0.12847707, 6.0563464, -0.19808555, 0.5423376, -0.6654684, 0.4730581, 1598.7919, 1598.7919, 955.4591, 717.76025, , 
65795.958899625, 001478, 2.793002, -0.12877342, 6.0606294, -0.20519412, 0.5462168, -0.6627281, 0.4693977, 1598.7919, 1598.7919, 955.45636, 717.7622, , 
65795.975568708, 001479, 2.7984672, -0.12909228, 6.064845, -0.21249601, 0.55046177, -0.6598058, 0.4652887, 1599.2438, 1599.2438, 955.4539, 717.7642, , 
65795.992237666, 001480, 2.804134, -0.12942436, 6.0689607, -0.22004065, 0.5549859, -0.6567397, 0.46072304, 1599.2438, 1599.2438, 955.4511, 717.767, , 
65796.025575833, 001481, 2.8166246, -0.13014004, 6.0778217, -0.23620987, 0.5635227, -0.6505827, 0.45098686, 1599.2438, 1599.2438, 955.4461, 717.7691, , 
65796.042244875, 001482, 2.8228261, -0.13026324, 6.0817494, -0.2448268, 0.567652, -0.6474289, 0.44572055, 1599.2438, 1599.2438, 955.443, 717.7691, , 
65796.075582875, 001483, 2.836148, -0.13041915, 6.089191, -0.26095375, 0.57754666, -0.64097047, 0.43301234, 1598.7919, 1598.7919, 955.4396, 717.7701, , 
65796.092251958, 001484, 2.8431726, -0.13037899, 6.0927663, -0.26793855, 0.5827833, -0.63814914, 0.42583844, 1598.7919, 1598.7919, 955.4406, 717.77057, , 
65796.125590041, 001485, 2.858414, -0.13003638, 6.1011643, -0.28030196, 0.59249336, -0.6336635, 0.4109175, 1599.2438, 1599.2438, 955.44586, 717.76935, , 
65796.142258916, 001486, 2.8654878, -0.12962687, 6.10445, -0.28619695, 0.5968507, -0.6317443, 0.40343463, 1599.2438, 1599.2438, 955.44855, 717.7679, , 
65796.158928041, 001487, 2.8722148, -0.12909412, 6.1074243, -0.29226446, 0.60080355, -0.62972945, 0.3963047, 1599.2438, 1599.2438, 955.45074, 717.766, , 
65796.192266125, 001488, 2.8849678, -0.12792036, 6.113153, -0.30525437, 0.6085205, -0.6240037, 0.3835907, 1599.2438, 1599.2438, 955.45215, 717.764, , 
65796.208935041, 001489, 2.8915403, -0.12796171, 6.1162896, -0.3117884, 0.613004, -0.6200026, 0.37763846, 1599.2438, 1599.2438, 955.4518, 717.76587, , 
65798.24255675, 001588, 3.6125655, -0.10455642, 5.8537703, 0.6264176, -0.7249979, 0.28236413, 0.047430523, 1599.2438, 1599.2438, 955.39923, 717.81464, , 
65798.259225708, 001589, 3.6182177, -0.10538726, 5.848662, 0.6266193, -0.72476983, 0.28238434, 0.048126183, 1599.2438, 1599.2438, 955.39984, 717.81415, , 
65798.275894875, 001590, 3.6238203, -0.10616532, 5.8434505, 0.626917, -0.72440356, 0.28262112, 0.04837333, 1599.2438, 1599.2438, 955.4001, 717.81305, , 
65798.292563958, 001591, 3.6293964, -0.10692401, 5.8380933, 0.6272137, -0.7239559, 0.28312516, 0.04827874, 1599.2438, 1599.2438, 955.4002, 717.8115, , 
65798.325901875, 001592, 3.6413727, -0.10875819, 5.8270245, 0.62760186, -0.7232324, 0.28423303, 0.047566168, 1599.2438, 1599.2438, 955.40027, 717.80804, , 
65798.342570916, 001593, 3.647048, -0.109535225, 5.8212733, 0.6278378, -0.72287446, 0.2847498, 0.04679616, 1599.2438, 1599.2438, 955.39984, 717.80646, , 
65798.35924, 001594, 3.6526313, -0.110273495, 5.8153605, 0.62806386, -0.72254145, 0.28523436, 0.045946926, 1599.2438, 1599.2438, 955.3991, 717.8045, , 
65798.375908875, 001595, 3.6581879, -0.11099742, 5.809275, 0.6282967, -0.72218513, 0.2857511, 0.045148883, 1599.2438, 1599.2438, 955.39856, 717.803, , 
65798.392577958, 001596, 3.6637204, -0.11170308, 5.8030047, 0.6285954, -0.72176796, 0.2862394, 0.04456472, 1599.2438, 1599.2438, 955.3982, 717.8014, , 
65798.425916083, 001597, 3.6794653, -0.11324634, 5.790047, 0.62961674, -0.7208376, 0.2865549, 0.04315541, 1599.2438, 1599.2438, 955.3965, 717.79675, , 
65798.442585166, 001598, 3.6857655, -0.11379054, 5.783693, 0.63032883, -0.7204635, 0.2861114, 0.041931517, 1599.2438, 1599.2438, 955.3946, 717.7947, , 
65798.459254, 001599, 3.6917698, -0.11431094, 5.7772155, 0.6307805, -0.720478, 0.28522295, 0.040930867, 1598.7919, 1598.7919, 955.3925, 717.7937, , 
65798.475923083, 001600, 3.6978266, -0.11480734, 5.770475, 0.6307476, -0.7208442, 0.28442538, 0.0405384, 1598.7919, 1598.7919, 955.39075, 717.7946, , 
65798.509261208, 001601, 3.7125282, -0.11531284, 5.7560034, 0.62965643, -0.7218505, 0.28418854, 0.04124661, 1598.7919, 1598.7919, 955.3915, 717.7983, , 
65798.525930166, 001602, 3.7205875, -0.11512695, 5.748501, 0.62904185, -0.72206116, 0.28494278, 0.04173264, 1598.7919, 1598.7919, 955.3933, 717.79974, , 
65798.542599208, 001603, 3.7270863, -0.11461656, 5.741122, 0.6286073, -0.7219063, 0.2862643, 0.041916583, 1599.2438, 1599.2438, 955.39484, 717.7996, , 
65798.559268208, 001604, 3.732969, -0.11383524, 5.733858, 0.62835646, -0.72149724, 0.28786922, 0.041728973, 1599.2438, 1599.2438, 955.3961, 717.7984, , 
65798.57593725, 001605, 3.7385893, -0.112879515, 5.7266617, 0.62820905, -0.7210089, 0.28946373, 0.041358195, 1599.2438, 1599.2438, 955.3975, 717.7961, , 
65798.609275291, 001606, 3.7520525, -0.11110023, 5.7117476, 0.627567, -0.72051084, 0.29205748, 0.04154753, 1599.2438, 1599.2438, 955.4001, 717.79407, , 
65798.625944333, 001607, 3.7596118, -0.110297635, 5.7041545, 0.62711096, -0.72048014, 0.29305276, 0.041955598, 1599.2438, 1599.2438, 955.40216, 717.79395, , 
65798.642613458, 001608, 3.7657144, -0.109326065, 5.696939, 0.6268412, -0.72038555, 0.29384497, 0.042070907, 1599.2438, 1599.2438, 955.4032, 717.7937, , 
65798.659282458, 001609, 3.7712781, -0.108276166, 5.6900215, 0.6268174, -0.7201777, 0.29446858, 0.041620474, 1599.2438, 1599.2438, 955.40356, 717.79297, , 
65798.692620416, 001610, 3.7819657, -0.106251724, 5.6768527, 0.62703055, -0.719774, 0.29531145, 0.039360497, 1599.2438, 1599.2438, 955.4018, 717.7904, , 
65798.7092895, 001611, 3.7887764, -0.10543178, 5.6698923, 0.6267548, -0.72004765, 0.2953741, 0.038261313, 1599.2438, 1599.2438, 955.401, 717.7905, , 
65798.725958541, 001612, 3.795492, -0.10481018, 5.6630445, 0.62603694, -0.7207762, 0.29521158, 0.03754364, 1599.2438, 1599.2438, 955.4004, 717.7923, , 
65798.742627416, 001613, 3.8014936, -0.104310535, 5.6565495, 0.6250422, -0.72178483, 0.29490688, 0.03713505, 1599.2438, 1599.2438, 955.4004, 717.7964, , 
65798.775965583, 001614, 3.8129647, -0.103237435, 5.644314, 0.62317705, -0.72382754, 0.29401287, 0.035785064, 1599.2438, 1599.2438, 955.4001, 717.8033, , 
65798.792634666, 001615, 3.8186128, -0.10261253, 5.638517, 0.6225608, -0.72471744, 0.29324675, 0.034771495, 1599.2438, 1599.2438, 955.3988, 717.8072, , 
65798.809303583, 001616, 3.8242629, -0.10164057, 5.6329865, 0.6222363, -0.7253882, 0.29239467, 0.033751868, 1599.2438, 1599.2438, 955.3974, 717.80927, , 
65798.825972541, 001617, 3.8299289, -0.10073595, 5.6273794, 0.62205285, -0.7258314, 0.2917477, 0.03320185, 1599.2438, 1599.2438, 955.39636, 717.81067, , 
65798.859310708, 001618, 3.8414726, -0.099560626, 5.615498, 0.6217039, -0.7261438, 0.29159343, 0.03424507, 1599.2438, 1599.2438, 955.39703, 717.81244, , 
65798.875979791, 001619, 3.8473485, -0.0991384, 5.6093993, 0.62166375, -0.7260127, 0.2918692, 0.035386365, 1599.2438, 1599.2438, 955.3983, 717.81244, , 
65798.892648666, 001620, 3.8532627, -0.09879747, 5.6032825, 0.62183654, -0.72574335, 0.29202303, 0.036583375, 1599.2438, 1599.2438, 955.39984, 717.8117, , 
65798.90931775, 001621, 3.8595357, -0.09893033, 5.597577, 0.62212837, -0.7254529, 0.29197446, 0.03775484, 1599.2438, 1599.2438, 955.40076, 717.811, , 
65798.942655833, 001622, 3.8721695, -0.099274606, 5.5859303, 0.6224764, -0.7251024, 0.2918102, 0.039955236, 1599.2438, 1599.2438, 955.40283, 717.80994, , 
65798.959324916, 001623, 3.878607, -0.09951115, 5.5800138, 0.6222973, -0.7253077, 0.29153812, 0.040993076, 1599.2438, 1599.2438, 955.4038, 717.8108, , 
65798.975993833, 001624, 3.885212, -0.0998739, 5.574163, 0.6219041, -0.72581863, 0.29097417, 0.04191248, 1599.2438, 1599.2438, 955.4046, 717.81256, , 
65799.009331916, 001625, 3.8983617, -0.10098457, 5.563527, 0.6210353, -0.727654, 0.2880861, 0.042910635, 1599.2438, 1599.2438, 955.40436, 717.8199, , 
65799.026000958, 001626, 3.9048476, -0.10161051, 5.558662, 0.6209402, -0.72864175, 0.2858046, 0.04278315, 1599.2438, 1599.2438, 955.40283, 717.82336, , 
65799.042669875, 001627, 3.9115229, -0.10212016, 5.5534616, 0.6211675, -0.72939223, 0.28344968, 0.042359464, 1599.2438, 1599.2438, 955.40063, 717.82605, , 
65799.059338916, 001628, 3.9182525, -0.10253285, 5.54809, 0.6216993, -0.72979844, 0.28129566, 0.04191802, 1598.7919, 1598.7919, 955.3974, 717.82806, , 
65799.092677, 001629, 3.931969, -0.103215516, 5.5369425, 0.6233308, -0.72970635, 0.2779741, 0.041447498, 1599.2438, 1599.2438, 955.3932, 717.8277, , 
65799.109346041, 001630, 3.9390008, -0.10356887, 5.531181, 0.6243821, -0.7293846, 0.27644104, 0.041540507, 1599.2438, 1599.2438, 955.39075, 717.82605, , 
65799.126015, 001631, 3.9454434, -0.10392496, 5.5255475, 0.6256269, -0.72896135, 0.27469102, 0.041845977, 1599.2438, 1599.2438, 955.3888, 717.82465, , 
65799.142684041, 001632, 3.9524171, -0.1043444, 5.519671, 0.62705857, -0.72849596, 0.27258903, 0.0422665, 1599.2438, 1599.2438, 955.3867, 717.82306, , 
65799.176022166, 001633, 3.9669392, -0.105120495, 5.507758, 0.63022286, -0.72732615, 0.26831874, 0.04267199, 1599.2438, 1599.2438, 955.381, 717.8182, , 
65799.192691083, 001634, 3.9745328, -0.10544878, 5.5017567, 0.6316268, -0.7269376, 0.26606408, 0.042650875, 1599.2438, 1599.2438, 955.3784, 717.8162, , 
65799.209360125, 001635, 3.9824445, -0.106065094, 5.495352, 0.6325876, -0.727012, 0.26346967, 0.04324709, 1599.2438, 1599.2438, 955.3761, 717.81586, , 
65799.242698208, 001636, 3.998419, -0.106781885, 5.4821086, 0.6335874, -0.72785336, 0.25819156, 0.04619217, 1599.2438, 1599.2438, 955.37366, 717.81976, , 
65799.259367291, 001637, 4.006014, -0.106525555, 5.475549, 0.63457996, -0.72768205, 0.25600454, 0.047421932, 1599.2438, 1599.2438, 955.3726, 717.82025, , 
65799.276036208, 001638, 4.0132704, -0.10586465, 5.469077, 0.6360861, -0.72694415, 0.25422975, 0.048103668, 1599.2438, 1599.2438, 955.37067, 717.8177, , 
65799.29270525, 001639, 4.0203323, -0.10488723, 5.462674, 0.63791496, -0.7258532, 0.25272578, 0.048284672, 1599.2438, 1599.2438, 955.3685, 717.81396, , 
65799.326043375, 001640, 4.034173, -0.1026029, 5.449245, 0.6412927, -0.72397965, 0.24934782, 0.049223285, 1599.2438, 1599.2438, 955.36414, 717.80615, , 
65799.34271225, 001641, 4.041506, -0.10144465, 5.4420915, 0.64227575, -0.7237213, 0.24711174, 0.051431525, 1599.2438, 1599.2438, 955.3636, 717.8054, , 
65799.359381375, 001642, 4.0489526, -0.10031289, 5.434547, 0.6428276, -0.7237743, 0.24469864, 0.055192158, 1599.2438, 1599.2438, 955.36414, 717.80646, , 
65799.376050375, 001643, 4.056254, -0.09912534, 5.4268208, 0.6432553, -0.7237076, 0.24265744, 0.059893418, 1599.2438, 1599.2438, 955.3667, 717.80853, , 
65799.409388458, 001644, 4.070296, -0.09626226, 5.411459, 0.6450456, -0.72216505, 0.24026813, 0.0683022, 1599.2438, 1599.2438, 955.371, 717.80707, , 
65799.426057375, 001645, 4.076894, -0.09473777, 5.4041753, 0.6466288, -0.7209779, 0.23873709, 0.07117945, 1598.7919, 1598.7919, 955.3718, 717.8032, , 
65799.442726458, 001646, 4.082763, -0.09333317, 5.3976445, 0.64860415, -0.71977955, 0.23647301, 0.07287348, 1599.2438, 1599.2438, 955.37067, 717.7996, , 
65799.459395541, 001647, 4.088303, -0.092101716, 5.3915644, 0.6507481, -0.7186662, 0.23374864, 0.07353573, 1599.2438, 1599.2438, 955.3682, 717.7958, , 
65799.492733458, 001648, 4.0995126, -0.090568244, 5.379557, 0.65383154, -0.71762437, 0.22792138, 0.07464145, 1599.2438, 1599.2438, 955.3623, 717.7905, , 
65799.509402541, 001649, 4.10609, -0.09011346, 5.372393, 0.6543288, -0.71791637, 0.2250341, 0.07622132, 1599.2438, 1599.2438, 955.3609, 717.79156, , 
65799.526071583, 001650, 4.1127367, -0.08991257, 5.364935, 0.65436953, -0.71847636, 0.22218162, 0.078915216, 1599.2438, 1599.2438, 955.36053, 717.79407, , 
65799.559409666, 001651, 4.125074, -0.08984101, 5.3501863, 0.65442955, -0.7189352, 0.21762995, 0.086552985, 1599.2438, 1599.2438, 955.36346, 717.80066, , 
65799.576078625, 001652, 4.1308193, -0.089653105, 5.3428307, 0.655107, -0.71835995, 0.21591324, 0.09041756, 1599.2438, 1599.2438, 955.3649, 717.8012, , 
65799.609416708, 001653, 4.142438, -0.088971674, 5.3275404, 0.65705335, -0.71645707, 0.2132384, 0.097465426, 1599.2438, 1599.2438, 955.3681, 717.798, , 
65799.626085791, 001654, 4.1483107, -0.0886036, 5.319904, 0.6577968, -0.71563154, 0.21248476, 0.100125775, 1599.2438, 1599.2438, 955.3694, 717.7965, , 
65799.642754666, 001655, 4.1535234, -0.08837247, 5.3130646, 0.65832204, -0.71514994, 0.21166447, 0.10183736, 1599.2438, 1599.2438, 955.3703, 717.7953, , 
65799.676092708, 001656, 4.1632414, -0.08839049, 5.300854, 0.6586007, -0.7155849, 0.20930663, 0.10185424, 1599.2438, 1599.2438, 955.3688, 717.7961, , 
65799.692761833, 001657, 4.1680317, -0.08877254, 5.295171, 0.6583018, -0.71648854, 0.20764998, 0.10081831, 1599.2438, 1599.2438, 955.36707, 717.79803, , 
65799.709430833, 001658, 4.1737385, -0.08926594, 5.289061, 0.65763104, -0.71779186, 0.20581187, 0.09968847, 1599.2438, 1599.2438, 955.3644, 717.8024, , 
65799.742768833, 001659, 4.1847777, -0.09107774, 5.277019, 0.65574414, -0.7206124, 0.20286389, 0.09779373, 1599.2438, 1599.2438, 955.36145, 717.8107, , 
65799.759437875, 001660, 4.1900263, -0.092266664, 5.2708707, 0.65474325, -0.72181356, 0.20199938, 0.09743093, 1599.2438, 1599.2438, 955.3609, 717.8161, , 
65799.776106958, 001661, 4.1952877, -0.093563564, 5.264449, 0.65377164, -0.72277343, 0.20160377, 0.09765848, 1599.2438, 1599.2438, 955.36115, 717.8197, , 
65799.809444833, 001662, 4.206179, -0.09644252, 5.250614, 0.65216506, -0.72374207, 0.20240092, 0.09955914, 1599.2438, 1599.2438, 955.3644, 717.82544, , 
65799.826113958, 001663, 4.2117734, -0.097886235, 5.2434773, 0.6516109, -0.7237165, 0.20378518, 0.10054512, 1599.2438, 1599.2438, 955.36646, 717.82623, , 
65799.859452041, 001664, 4.2225604, -0.10020925, 5.2297826, 0.6514306, -0.7225751, 0.20810148, 0.101080075, 1599.2438, 1599.2438, 955.3708, 717.8229, , 
65799.876120916, 001665, 4.227858, -0.1011486, 5.2231197, 0.6517629, -0.7216374, 0.21057838, 0.100504704, 1599.2438, 1599.2438, 955.37195, 717.8196, , 
65799.909459041, 001666, 4.2389393, -0.10293616, 5.209777, 0.65256184, -0.7198864, 0.2151094, 0.09825773, 1598.7919, 1598.7919, 955.3731, 717.812, , 
65799.926128166, 001667, 4.244739, -0.10383874, 5.202952, 0.65285164, -0.7192234, 0.2169441, 0.09714812, 1599.2438, 1599.2438, 955.37354, 717.8078, , 
65799.942797083, 001668, 4.250325, -0.104636304, 5.196055, 0.65316385, -0.7186207, 0.21842971, 0.09617577, 1599.2438, 1599.2438, 955.3738, 717.8051, , 
65799.976135166, 001669, 4.26132, -0.10588501, 5.1820965, 0.65404934, -0.71736085, 0.22102797, 0.093592316, 1599.2438, 1599.2438, 955.3731, 717.79865, , 
65799.992804166, 001670, 4.2668295, -0.1063409, 5.1749706, 0.65442836, -0.71669424, 0.22275873, 0.0919321, 1599.2438, 1599.2438, 955.37274, 717.7955, , 
65800.00947325, 001671, 4.27245, -0.10673938, 5.16768, 0.6546223, -0.7159438, 0.22514851, 0.090566434, 1599.2438, 1599.2438, 955.373, 717.7923, , 
65800.042811166, 001672, 4.2833776, -0.10689111, 5.1523843, 0.65524405, -0.7136929, 0.23119038, 0.08859297, 1599.2438, 1599.2438, 955.376, 717.7826, , 
65800.05948025, 001673, 4.288733, -0.106679425, 5.1445813, 0.65575165, -0.71248096, 0.23386069, 0.08757745, 1599.2438, 1599.2438, 955.37714, 717.77783, , 
65800.09281825, 001674, 4.299697, -0.10615338, 5.1287994, 0.6561146, -0.7109501, 0.2380117, 0.086104445, 1599.2438, 1599.2438, 955.3793, 717.7701, , 
65800.10948725, 001675, 4.305398, -0.10576684, 5.120872, 0.65581214, -0.71069604, 0.2394702, 0.0864607, 1599.2438, 1599.2438, 955.38074, 717.769, , 
65800.126156333, 001676, 4.311105, -0.10544192, 5.1126885, 0.6551687, -0.71080256, 0.2404478, 0.08774167, 1599.2438, 1599.2438, 955.38354, 717.7699, , 
65800.15949425, 001677, 4.3220196, -0.10493924, 5.0958366, 0.65372294, -0.711425, 0.24112839, 0.09153144, 1598.7919, 1598.7919, 955.3884, 717.7741, , 
65800.176163375, 001678, 4.3271236, -0.10465865, 5.0875425, 0.65328294, -0.7116257, 0.24106178, 0.09327125, 1598.7919, 1598.7919, 955.39087, 717.7764, , 
65800.209501416, 001679, 4.335984, -0.10407829, 5.0722857, 0.65297955, -0.7116642, 0.2408788, 0.09554693, 1599.2438, 1599.2438, 955.3932, 717.7778, , 
65800.226170541, 001680, 4.33998, -0.10383111, 5.0652237, 0.65290207, -0.7116672, 0.24089397, 0.09601547, 1599.2438, 1599.2438, 955.3939, 717.7781, , 
65802.259790375, 001768, 4.948909, -0.11428522, 4.1452413, 0.64616144, -0.71950305, 0.22882949, 0.11147977, 1599.2438, 1599.2438, 955.41614, 717.8351, , 
65802.276459333, 001769, 4.9549546, -0.113921404, 4.1402535, 0.64731133, -0.7191836, 0.22747774, 0.10962163, 1599.2438, 1599.2438, 955.41113, 717.83215, , 
65802.3097975, 001770, 4.9683795, -0.11320785, 4.129008, 0.6490522, -0.7187296, 0.22553019, 0.1062781, 1599.2438, 1599.2438, 955.4045, 717.82764, , 
65802.326466291, 001771, 4.9757805, -0.11296515, 4.122617, 0.64913553, -0.7189855, 0.22462393, 0.10595771, 1599.2438, 1599.2438, 955.4025, 717.8279, , 
65802.359804416, 001772, 4.9899483, -0.111827694, 4.1113467, 0.6493777, -0.7192774, 0.22309437, 0.105724305, 1599.2438, 1599.2438, 955.4011, 717.8293, , 
65802.3764735, 001773, 4.996791, -0.11078891, 4.1063147, 0.65021974, -0.7188974, 0.22244695, 0.10449039, 1599.2438, 1599.2438, 955.3983, 717.8269, , 
65802.4098115, 001774, 5.010989, -0.108110756, 4.095955, 0.6524921, -0.7177493, 0.22121054, 0.10077687, 1599.2438, 1599.2438, 955.3924, 717.8204, , 
65802.426480416, 001775, 5.0185013, -0.106714115, 4.090478, 0.65339994, -0.71738875, 0.22040842, 0.099207416, 1599.2438, 1599.2438, 955.3896, 717.8176, , 
65802.4431495, 001776, 5.02592, -0.10539157, 4.0854244, 0.65397143, -0.7172862, 0.21945168, 0.098299466, 1599.2438, 1599.2438, 955.3867, 717.8158, , 
65802.476487375, 001777, 5.0410266, -0.10283533, 4.0754128, 0.65419614, -0.717543, 0.21800552, 0.09814885, 1599.2438, 1599.2438, 955.3848, 717.8162, , 
65802.493156541, 001778, 5.0486364, -0.10148065, 4.070583, 0.6541729, -0.71764606, 0.21778873, 0.09803073, 1599.2438, 1599.2438, 955.3846, 717.8168, , 
65802.526494625, 001779, 5.063947, -0.09863295, 4.0607543, 0.654638, -0.71746016, 0.2178705, 0.09608585, 1599.2438, 1599.2438, 955.3829, 717.81525, , 
65802.543163666, 001780, 5.0713196, -0.09721784, 4.0564275, 0.65491706, -0.71742433, 0.2178022, 0.0945955, 1599.2438, 1599.2438, 955.38086, 717.8138, , 
65802.576501583, 001781, 5.0858927, -0.09488684, 4.0480523, 0.6548537, -0.7180668, 0.21683529, 0.09235271, 1599.2438, 1599.2438, 955.37823, 717.8142, , 
65802.593170666, 001782, 5.093104, -0.09398082, 4.043914, 0.6546719, -0.71857256, 0.21597798, 0.09171482, 1599.2438, 1599.2438, 955.37714, 717.81555, , 
65802.6265085, 001783, 5.105801, -0.0925473, 4.0363946, 0.655249, -0.7187651, 0.21425945, 0.09010262, 1598.7919, 1598.7919, 955.37415, 717.81647, , 
65802.643177666, 001784, 5.112232, -0.09175983, 4.0328197, 0.656203, -0.71829873, 0.21350135, 0.088667065, 1599.2438, 1599.2438, 955.3721, 717.81464, , 
65802.67651575, 001785, 5.1252747, -0.09039283, 4.025717, 0.6583204, -0.7172513, 0.21187727, 0.0852806, 1599.2438, 1599.2438, 955.366, 717.8077, , 
65802.693184791, 001786, 5.1320386, -0.09001528, 4.021764, 0.65864974, -0.7173246, 0.21089028, 0.08456492, 1599.2438, 1599.2438, 955.36414, 717.80664, , 
65802.726522708, 001787, 5.1462626, -0.08983993, 4.011621, 0.657466, -0.718757, 0.20896828, 0.08636618, 1599.2438, 1599.2438, 955.36414, 717.81213, , 
65802.743191791, 001788, 5.153197, -0.089811586, 4.006744, 0.65663314, -0.71954226, 0.20830505, 0.087754674, 1599.2438, 1599.2438, 955.3653, 717.81586, , 
65802.776529666, 001789, 5.166281, -0.08934477, 3.9975712, 0.65605855, -0.71997875, 0.20811464, 0.08891653, 1599.2438, 1599.2438, 955.3668, 717.8194, , 
65802.809867791, 001790, 5.179017, -0.088869736, 3.9882743, 0.6560642, -0.719631, 0.20898573, 0.089643665, 1599.2438, 1599.2438, 955.3681, 717.8185, , 
65802.826536875, 001791, 5.185402, -0.08877243, 3.983534, 0.6560773, -0.7195618, 0.2090581, 0.08993351, 1599.2438, 1599.2438, 955.3685, 717.8184, , 
65802.859874791, 001792, 5.1977043, -0.08872984, 3.9742527, 0.65592724, -0.7201312, 0.20762467, 0.0897909, 1599.2438, 1599.2438, 955.36786, 717.81976, , 
65802.876543833, 001793, 5.2038856, -0.08885444, 3.9695725, 0.6557663, -0.72060525, 0.20665015, 0.0894112, 1599.2438, 1599.2438, 955.3667, 717.82166, , 
65802.909881916, 001794, 5.2164407, -0.08949025, 3.9596996, 0.65522826, -0.7215268, 0.20495532, 0.089823864, 1599.2438, 1599.2438, 955.3658, 717.8249, , 
65802.926550833, 001795, 5.2228174, -0.09003396, 3.9543073, 0.654957, -0.7219579, 0.2037951, 0.09097148, 1599.2438, 1599.2438, 955.366, 717.8275, , 
65802.959888875, 001796, 5.2357116, -0.09140282, 3.9425461, 0.65506583, -0.72236, 0.20069388, 0.09384461, 1599.2438, 1599.2438, 955.3662, 717.8308, , 
65802.976557958, 001797, 5.2421374, -0.092112586, 3.9364305, 0.65554655, -0.72221935, 0.19901218, 0.09514217, 1599.2438, 1599.2438, 955.3658, 717.8313, , 
65803.009895916, 001798, 5.25513, -0.0937117, 3.9237297, 0.6567847, -0.7217493, 0.19535692, 0.097711675, 1599.2438, 1599.2438, 955.3645, 717.83093, , 
65803.026564916, 001799, 5.261728, -0.09451863, 3.9173238, 0.6574224, -0.72149956, 0.19378343, 0.09839773, 1599.2438, 1599.2438, 955.36346, 717.8303, , 
65803.059903041, 001800, 5.274737, -0.0957146, 3.9045086, 0.65903705, -0.7208712, 0.19065005, 0.09832335, 1599.2438, 1599.2438, 955.3604, 717.828, , 
65803.076571916, 001801, 5.2812014, -0.09621517, 3.8978896, 0.6599406, -0.72050476, 0.18896262, 0.09820554, 1599.6957, 1599.6957, 955.3581, 717.82605, , 
65803.109910041, 001802, 5.2942, -0.097132966, 3.884013, 0.6618618, -0.7194885, 0.18585733, 0.09865187, 1599.2438, 1599.2438, 955.3551, 717.8227, , 
65803.126579083, 001803, 5.300661, -0.097570345, 3.8767192, 0.66294646, -0.7188481, 0.18403667, 0.09944818, 1599.2438, 1599.2438, 955.35345, 717.8201, , 
65803.159917, 001804, 5.312903, -0.09839543, 3.8612685, 0.6656036, -0.7170236, 0.17956159, 0.10298845, 1599.2438, 1599.2438, 955.35144, 717.81586, , 
65803.176586083, 001805, 5.318747, -0.098798916, 3.853238, 0.66716623, -0.71582055, 0.17709094, 0.10549379, 1599.2438, 1599.2438, 955.35077, 717.81305, , 
65803.209924125, 001806, 5.3296533, -0.09982007, 3.8370275, 0.6699422, -0.71372825, 0.17036472, 0.11289467, 1599.2438, 1599.2438, 955.35, 717.8089, , 
65803.226593041, 001807, 5.334779, -0.10023169, 3.8289785, 0.6711735, -0.71281457, 0.16626833, 0.11737294, 1599.2438, 1599.2438, 955.35, 717.8085, , 
65803.259931166, 001808, 5.345324, -0.100118466, 3.8128588, 0.67366034, -0.7109813, 0.15814744, 0.12520707, 1599.2438, 1599.2438, 955.349, 717.8071, , 
65803.276600125, 001809, 5.350602, -0.09967339, 3.8050067, 0.67491275, -0.71001726, 0.15453587, 0.12840119, 1599.2438, 1599.2438, 955.3483, 717.8061, , 
65803.309938083, 001810, 5.360832, -0.09828829, 3.7896247, 0.6769653, -0.70801103, 0.14950903, 0.13448137, 1599.2438, 1599.2438, 955.34784, 717.8029, , 
65803.326607166, 001811, 5.3658442, -0.09754197, 3.7818825, 0.6774675, -0.7070762, 0.14832613, 0.13813218, 1599.2438, 1599.2438, 955.3491, 717.80225, , 
65803.359945208, 001812, 5.3761673, -0.09614393, 3.7659445, 0.6775896, -0.70560706, 0.14642328, 0.1468033, 1599.2438, 1599.2438, 955.35474, 717.8038, , 
65803.376614166, 001813, 5.3812504, -0.095548116, 3.75824, 0.6775157, -0.70506793, 0.14511827, 0.15097149, 1599.2438, 1599.2438, 955.3572, 717.8053, , 
65803.40995225, 001814, 5.391277, -0.094582886, 3.7434516, 0.67796314, -0.7041208, 0.14125885, 0.15692621, 1599.2438, 1599.2438, 955.3596, 717.8075, , 
65803.42662125, 001815, 5.396367, -0.09419441, 3.7365553, 0.67847323, -0.70381033, 0.1387178, 0.15837452, 1599.2438, 1599.2438, 955.3589, 717.8076, , 
65803.459959208, 001816, 5.4069176, -0.09342124, 3.7245288, 0.6794241, -0.70371664, 0.13285935, 0.15973145, 1599.6957, 1599.6957, 955.35474, 717.80804, , 
65803.476628208, 001817, 5.412532, -0.09318114, 3.718721, 0.6795346, -0.7039438, 0.1299607, 0.1606425, 1599.2438, 1599.2438, 955.3531, 717.80927, , 
65803.509966291, 001818, 5.4243703, -0.093257084, 3.7067227, 0.67858726, -0.7049858, 0.124938, 0.16402726, 1599.2438, 1599.2438, 955.3519, 717.816, , 
65803.52663525, 001819, 5.430503, -0.09355362, 3.7005532, 0.67760754, -0.7057076, 0.12282474, 0.16654971, 1599.2438, 1599.2438, 955.35254, 717.8205, , 
65803.543304291, 001820, 5.4368052, -0.093896985, 3.6945431, 0.67653775, -0.70641315, 0.12075339, 0.16939843, 1599.2438, 1599.2438, 955.3536, 717.8254, , 
65803.576642375, 001821, 5.4496527, -0.09469378, 3.6829174, 0.6745857, -0.70742536, 0.11729241, 0.17528817, 1599.2438, 1599.2438, 955.3567, 717.8358, , 
65803.593311208, 001822, 5.4561505, -0.095176116, 3.6772232, 0.6736381, -0.7077574, 0.115875155, 0.17850521, 1599.2438, 1599.2438, 955.35846, 717.83997, , 
65803.626649333, 001823, 5.468529, -0.09641557, 3.665953, 0.67185295, -0.7079253, 0.113436766, 0.18597716, 1599.2438, 1599.2438, 955.3639, 717.8493, , 
65803.643318375, 001824, 5.4748497, -0.09691616, 3.6606634, 0.67131627, -0.70773953, 0.11246852, 0.18918242, 1599.2438, 1599.2438, 955.3662, 717.8522, , 
65803.676656333, 001825, 5.4874763, -0.097755104, 3.650845, 0.67125916, -0.7070037, 0.10889865, 0.19415972, 1599.2438, 1599.2438, 955.3681, 717.8553, , 
65803.693325375, 001826, 5.493818, -0.098237224, 3.6461802, 0.67144173, -0.70663404, 0.10616906, 0.19637336, 1599.2438, 1599.2438, 955.36774, 717.8562, , 
65803.709994375, 001827, 5.4996085, -0.098899685, 3.6423023, 0.67170453, -0.70628184, 0.10291382, 0.19846363, 1599.2438, 1599.2438, 955.36694, 717.8571, , 
65803.743332291, 001828, 5.5119734, -0.100378014, 3.6342018, 0.67228746, -0.7056305, 0.0957154, 0.20237039, 1599.6957, 1599.6957, 955.364, 717.8591, , 
65803.760001416, 001829, 5.5185075, -0.1010706, 3.6298647, 0.6727192, -0.7052216, 0.091797374, 0.20416827, 1599.2438, 1599.2438, 955.3624, 717.85956, , 
65803.7933395, 001830, 5.5315533, -0.102247454, 3.621012, 0.67419577, -0.7037773, 0.08392608, 0.20763923, 1599.2438, 1599.2438, 955.3577, 717.8583, , 
65803.8100085, 001831, 5.5375514, -0.10280269, 3.6168513, 0.6753476, -0.70245576, 0.0803304, 0.20978212, 1599.2438, 1599.2438, 955.356, 717.8563, , 
65803.826677375, 001832, 5.5433636, -0.103181146, 3.612627, 0.67687964, -0.70067364, 0.07690709, 0.21207489, 1599.2438, 1599.2438, 955.3539, 717.8518, , 
65803.8600155, 001833, 5.554729, -0.10319998, 3.6036808, 0.68095106, -0.696081, 0.06905435, 0.21681465, 1599.2438, 1599.2438, 955.34985, 717.84143, , 
65803.876684541, 001834, 5.560204, -0.10309863, 3.598899, 0.6828197, -0.6935972, 0.06415947, 0.22037174, 1599.2438, 1599.2438, 955.3473, 717.8351, , 
65803.9100225, 001835, 5.570828, -0.10296847, 3.5885324, 0.68573076, -0.6882355, 0.054036185, 0.23061934, 1599.2438, 1599.2438, 955.34576, 717.8287, , 
65803.926691541, 001836, 5.575832, -0.102745235, 3.5833905, 0.6873809, -0.68514055, 0.05010061, 0.2357538, 1599.2438, 1599.2438, 955.346, 717.82495, , 
65803.943360541, 001837, 5.5803223, -0.102265164, 3.5786602, 0.6894749, -0.6817251, 0.046665143, 0.24020323, 1599.2438, 1599.2438, 955.3461, 717.8177, , 
65803.9766985, 001838, 5.5886874, -0.1008803, 3.5700164, 0.69418436, -0.67489785, 0.03945726, 0.24711138, 1599.2438, 1599.2438, 955.345, 717.8037, , 
65803.993367541, 001839, 5.592843, -0.10018986, 3.565683, 0.6959964, -0.6718913, 0.035201862, 0.2508223, 1599.2438, 1599.2438, 955.3438, 717.79596, , 
65804.026705583, 001840, 5.6021714, -0.09938123, 3.5539684, 0.6966849, -0.66703844, 0.025071977, 0.26279527, 1599.2438, 1599.2438, 955.3445, 717.7937, , 
65804.043374458, 001841, 5.606437, -0.09906534, 3.5484583, 0.69567937, -0.66514593, 0.019225113, 0.27063146, 1599.2438, 1599.2438, 955.3459, 717.7971, , 
65804.0600435, 001842, 5.610501, -0.09868844, 3.5433023, 0.6942379, -0.663556, 0.013203818, 0.2784832, 1599.2438, 1599.2438, 955.3481, 717.80426, , 
65804.093381666, 001843, 5.618256, -0.097396314, 3.5345566, 0.69165415, -0.6612465, 0.0021197915, 0.29045352, 1599.2438, 1599.2438, 955.3496, 717.8144, , 
65804.110050666, 001844, 5.6224675, -0.096591085, 3.5302377, 0.6908455, -0.66035926, -0.0026354638, 0.29436573, 1599.2438, 1599.2438, 955.3491, 717.8185, , 
65804.143388666, 001845, 5.629996, -0.094756946, 3.5230317, 0.68979365, -0.65887326, -0.011520336, 0.29989654, 1599.2438, 1599.2438, 955.3469, 717.8217, , 
65804.160057625, 001846, 5.6333823, -0.09397364, 3.5198746, 0.68908584, -0.65834045, -0.016051775, 0.30247492, 1599.2438, 1599.2438, 955.3451, 717.8241, , 
65804.176726666, 001847, 5.6366634, -0.093367636, 3.516743, 0.6881885, -0.6579025, -0.02072908, 0.3051739, 1599.6957, 1599.6957, 955.3438, 717.8265, , 
65804.210064583, 001848, 5.6435184, -0.09277643, 3.5095274, 0.6860985, -0.65682065, -0.029769612, 0.31139863, 1599.6957, 1599.6957, 955.3417, 717.83295, , 
65804.226733666, 001849, 5.6468678, -0.09275177, 3.5054607, 0.68506014, -0.6558999, -0.03395718, 0.31517422, 1599.2438, 1599.2438, 955.3414, 717.83563, , 
65804.243402666, 001850, 5.6495357, -0.09281185, 3.5017014, 0.684115, -0.65462506, -0.03776828, 0.3194155, 1599.2438, 1599.2438, 955.3417, 717.83826, , 
65806.277021375, 001941, 5.7861886, -0.15685761, 3.2601595, 0.66426194, -0.64671683, 0.027680445, 0.37382802, 1599.2438, 1599.2438, 955.47504, 717.91516, , 
65806.310359458, 001942, 5.792702, -0.15928581, 3.26467, 0.65893483, -0.65737385, 0.04985796, 0.36218575, 1598.7919, 1598.7919, 955.49365, 717.93176, , 
65806.3270285, 001943, 5.7960825, -0.16016887, 3.2678552, 0.6569698, -0.6624155, 0.060853686, 0.3548144, 1598.7919, 1598.7919, 955.5003, 717.9357, , 
65806.343697583, 001944, 5.7996407, -0.16084374, 3.2717261, 0.65535146, -0.66764104, 0.07145296, 0.3459255, 1598.7919, 1598.7919, 955.50446, 717.93787, , 
65806.360366416, 001945, 5.803417, -0.16142946, 3.2761226, 0.6537539, -0.6730704, 0.08163588, 0.33603242, 1598.7919, 1598.7919, 955.50714, 717.93933, , 
65806.377035416, 001946, 5.807373, -0.16202192, 3.2808237, 0.65186495, -0.6786633, 0.09134317, 0.3257984, 1598.7919, 1598.7919, 955.50793, 717.9406, , 
65806.393704541, 001947, 5.811506, -0.16266446, 3.2856545, 0.6494829, -0.68442947, 0.10054271, 0.31562546, 1598.7919, 1598.7919, 955.5084, 717.943, , 
65806.427042458, 001948, 5.8208327, -0.16417006, 3.2959375, 0.643425, -0.69631106, 0.118216716, 0.29526263, 1598.7919, 1598.7919, 955.5101, 717.95245, , 
65806.443711416, 001949, 5.8255973, -0.16474614, 3.3012679, 0.64009064, -0.7021715, 0.12697344, 0.28481027, 1598.7919, 1598.7919, 955.51074, 717.95715, , 
65806.4603805, 001950, 5.8304224, -0.16512254, 3.3068554, 0.63685423, -0.7077034, 0.1360383, 0.27398184, 1598.7919, 1598.7919, 955.51154, 717.96246, , 
65806.477049541, 001951, 5.8352594, -0.16524287, 3.3127568, 0.63391393, -0.7126963, 0.14554381, 0.2627435, 1598.7919, 1598.7919, 955.51215, 717.9648, , 
65806.493718666, 001952, 5.8400764, -0.16508047, 3.3189595, 0.63129884, -0.7170803, 0.15540095, 0.2512136, 1598.7919, 1598.7919, 955.5124, 717.96545, , 
65806.510387458, 001953, 5.8454194, -0.16472259, 3.325523, 0.6288686, -0.7209588, 0.1655871, 0.2394233, 1598.7919, 1598.7919, 955.5125, 717.9642, , 
65806.527056541, 001954, 5.850707, -0.16412869, 3.3322902, 0.6265398, -0.724358, 0.17576896, 0.22772469, 1598.7919, 1598.7919, 955.5126, 717.9623, , 
65806.543725583, 001955, 5.855696, -0.16326937, 3.339264, 0.62430924, -0.7273135, 0.18591039, 0.21607986, 1598.7919, 1598.7919, 955.5124, 717.95966, , 
65806.577063458, 001956, 5.8654456, -0.16073686, 3.3542602, 0.62033975, -0.73201054, 0.20657529, 0.19148271, 1598.7919, 1598.7919, 955.5101, 717.94946, , 
65806.5937325, 001957, 5.8701262, -0.15921254, 3.3622577, 0.61829275, -0.7340235, 0.2170631, 0.17834552, 1598.7919, 1598.7919, 955.5078, 717.9439, , 
65806.610401541, 001958, 5.8747554, -0.15764527, 3.370541, 0.6157918, -0.7360243, 0.22785693, 0.16477235, 1598.7919, 1598.7919, 955.5055, 717.9385, , 
65806.627070541, 001959, 5.879945, -0.15600774, 3.3791175, 0.6127341, -0.73800945, 0.23885004, 0.15116064, 1598.7919, 1598.7919, 955.5033, 717.9324, , 
65806.6437395, 001960, 5.8853416, -0.15435472, 3.3879106, 0.60924506, -0.7398811, 0.24990706, 0.13763355, 1598.7919, 1598.7919, 955.50226, 717.9285, , 
65806.6604085, 001961, 5.890768, -0.1526863, 3.3969324, 0.6055387, -0.7414837, 0.26098886, 0.12413561, 1598.7919, 1598.7919, 955.50146, 717.9248, , 
65806.693746625, 001962, 5.901448, -0.14923808, 3.4157515, 0.5982322, -0.7435012, 0.28288195, 0.09644712, 1598.7919, 1598.7919, 955.49786, 717.914, , 
65806.710415625, 001963, 5.9071403, -0.1469059, 3.425496, 0.5948312, -0.7438719, 0.29334727, 0.0823274, 1598.7919, 1598.7919, 955.49506, 717.9082, , 
65806.727084458, 001964, 5.9123526, -0.14495853, 3.4353983, 0.59152246, -0.743819, 0.30361527, 0.06820708, 1598.7919, 1598.7919, 955.4916, 717.90173, , 
65806.743753541, 001965, 5.9173684, -0.14319421, 3.4454355, 0.588083, -0.7434244, 0.3139162, 0.054178435, 1598.7919, 1598.7919, 955.48694, 717.8926, , 
65806.777091625, 001966, 5.9271984, -0.14007482, 3.4655635, 0.5804227, -0.7420452, 0.33426863, 0.027254246, 1598.7919, 1598.7919, 955.48096, 717.8797, , 
65806.793760666, 001967, 5.9320226, -0.13866073, 3.4756403, 0.57618743, -0.74099797, 0.34456423, 0.014337962, 1598.7919, 1598.7919, 955.47833, 717.8715, , 
65806.810429541, 001968, 5.937009, -0.13749358, 3.4855556, 0.571803, -0.7396712, 0.35485908, 0.0016992915, 1598.7919, 1598.7919, 955.4768, 717.8652, , 
65806.827098541, 001969, 5.94173, -0.13625509, 3.4956124, 0.56728727, -0.7380373, 0.3651944, -0.010907774, 1598.7919, 1598.7919, 955.4753, 717.85864, , 
65806.843767666, 001970, 5.94639, -0.13503343, 3.5057297, 0.5624852, -0.7362062, 0.37558416, -0.023397187, 1598.7919, 1598.7919, 955.47345, 717.8496, , 
65806.877105541, 001971, 5.9558983, -0.13273285, 3.5259633, 0.5514289, -0.73244447, 0.39648858, -0.047414202, 1598.7919, 1598.7919, 955.47296, 717.8378, , 
65806.893774541, 001972, 5.9606605, -0.13160035, 3.5360363, 0.5453885, -0.7304682, 0.40681207, -0.058919977, 1598.7919, 1598.7919, 955.4739, 717.83105, , 
65806.910443541, 001973, 5.9653797, -0.13052167, 3.5459158, 0.5393857, -0.7282843, 0.41680032, -0.07030413, 1598.7919, 1598.7919, 955.4746, 717.8259, , 
65806.927112666, 001974, 5.969949, -0.1293629, 3.5558589, 0.5334454, -0.7258911, 0.42643276, -0.08168855, 1598.7919, 1598.7919, 955.4746, 717.8207, , 
65806.960450458, 001975, 5.9786077, -0.1267384, 3.5762248, 0.5214399, -0.72089744, 0.44437513, -0.10458411, 1598.7919, 1598.7919, 955.4731, 717.8093, , 
65806.9771195, 001976, 5.982686, -0.12524725, 3.5865228, 0.5157364, -0.71844, 0.4520543, -0.11621926, 1598.7919, 1598.7919, 955.4709, 717.80554, , 
65806.993788625, 001977, 5.9865336, -0.12359728, 3.596902, 0.5102814, -0.7158202, 0.45909175, -0.12825292, 1598.7919, 1598.7919, 955.4661, 717.8012, , 
65807.010457625, 001978, 5.990175, -0.121944934, 3.6073878, 0.50481635, -0.71305126, 0.4658322, -0.14042318, 1598.7919, 1598.7919, 955.4619, 717.7982, , 
65807.043795583, 001979, 5.997363, -0.11824685, 3.6278224, -0.49394348, 0.70777345, -0.4777901, 0.1636861, 1599.2438, 1599.2438, 955.4534, 717.79407, , 
65807.060464583, 001980, 6.000986, -0.11622751, 3.6377056, -0.48862603, 0.70557475, -0.4827021, 0.17437758, 1598.7919, 1598.7919, 955.4482, 717.7937, , 
65807.077133666, 001981, 6.0045147, -0.1140941, 3.6474278, -0.48333648, 0.70339847, -0.4873575, 0.18465938, 1598.34, 1598.34, 955.4446, 717.7942, , 
65807.110471583, 001982, 6.0103617, -0.10937695, 3.6662838, -0.4736449, 0.697856, -0.49680978, 0.20454238, 1598.34, 1598.34, 955.4361, 717.7924, , 
65807.127140583, 001983, 6.0127287, -0.10684854, 3.6754305, -0.46934488, 0.69441146, -0.5015422, 0.21439108, 1601.0514, 1601.0514, 955.4318, 717.7899, , 
65807.143809666, 001984, 6.0152526, -0.104252115, 3.6843314, -0.4652318, 0.69074994, -0.5061373, 0.22416265, 1601.0514, 1601.0514, 955.42737, 717.7869, , 
65807.177147541, 001985, 6.0204444, -0.09916841, 3.701565, -0.45632243, 0.6834864, -0.51515657, 0.24337219, 1601.0514, 1601.0514, 955.41736, 717.7812, , 
65807.193816625, 001986, 6.0231676, -0.0966992, 3.7099082, -0.4510112, 0.6800766, -0.51987296, 0.25261995, 1602.859, 1602.859, 955.41437, 717.7799, , 
65807.210485666, 001987, 6.0255795, -0.094194345, 3.7180183, -0.44533294, 0.676719, -0.524712, 0.26154792, 1602.859, 1602.859, 955.41156, 717.77875, , 
65807.227154708, 001988, 6.028029, -0.09165956, 3.7260005, -0.43925673, 0.6733486, -0.5296862, 0.27034733, 1602.859, 1602.859, 955.41003, 717.7782, , 
65807.260492583, 001989, 6.033279, -0.08643311, 3.7414749, -0.42721346, 0.6662955, -0.5391155, 0.2879123, 1605.1185, 1605.1185, 955.4064, 717.77734, , 
65807.277161666, 001990, 6.035891, -0.0837135, 3.7486985, -0.42225114, 0.6624726, -0.5431843, 0.29628515, 1605.1185, 1605.1185, 955.4038, 717.7761, , 
65807.293830625, 001991, 6.0385323, -0.081030354, 3.7555516, -0.41794786, 0.6587854, -0.5467784, 0.30389935, 1605.5704, 1605.5704, 955.4009, 717.7746, , 
65807.327168583, 001992, 6.0433135, -0.07604128, 3.7684753, -0.41129142, 0.6525341, -0.5523679, 0.3161142, 1607.83, 1607.83, 955.3952, 717.7713, , 
65807.343837583, 001993, 6.0460434, -0.07349327, 3.7742946, -0.40889055, 0.6497603, -0.5545324, 0.32111332, 1607.83, 1607.83, 955.3929, 717.7698, , 
65807.360506625, 001994, 6.048773, -0.07085679, 3.779775, -0.40707135, 0.6469198, -0.5564139, 0.32586974, 1607.378, 1607.378, 955.3902, 717.76794, , 
65807.393844583, 001995, 6.054032, -0.06535349, 3.789758, -0.40485436, 0.6410953, -0.55933356, 0.33501598, 1609.6376, 1609.6376, 955.38226, 717.76245, , 
65807.410513583, 001996, 6.0562773, -0.062933415, 3.7948554, -0.40405932, 0.638331, -0.5603872, 0.33946395, 1609.6376, 1609.6376, 955.37866, 717.7604, , 
65807.427182625, 001997, 6.0585256, -0.06041214, 3.7995594, -0.4033268, 0.6358357, -0.56113756, 0.34375164, 1609.6376, 1609.6376, 955.3739, 717.7585, , 
65807.460520708, 001998, 6.0631156, -0.054736927, 3.8074987, -0.40165362, 0.63133556, -0.562185, 0.3521901, 1611.8971, 1611.8971, 955.3674, 717.75775, , 
65807.477189583, 001999, 6.0652304, -0.051716663, 3.8111107, -0.4007565, 0.6288645, -0.5628511, 0.35654226, 1611.8971, 1611.8971, 955.36426, 717.7573, , 
65807.493858625, 002000, 6.0671744, -0.04857627, 3.814537, -0.39992025, 0.6259986, -0.5637389, 0.36109284, 1611.8971, 1611.8971, 955.35974, 717.7559, , 
65807.52719675, 002001, 6.0702634, -0.042456612, 3.8232815, -0.39840525, 0.61900485, -0.56634873, 0.3706151, 1614.6085, 1614.6085, 955.3524, 717.7508, , 
65807.543865625, 002002, 6.071963, -0.039222345, 3.8264713, -0.39781767, 0.6154209, -0.5678269, 0.37492785, 1614.6085, 1614.6085, 955.34784, 717.7462, , 
65807.560534625, 002003, 6.073823, -0.035989754, 3.8292177, -0.39735222, 0.6121519, -0.5692161, 0.3786481, 1614.6085, 1614.6085, 955.34485, 717.74274, , 
65807.593872666, 002004, 6.077895, -0.029567905, 3.8340356, -0.39676866, 0.6065202, -0.571639, 0.3846253, 1606.9261, 1606.9261, 955.33936, 717.7353, , 
65807.610541666, 002005, 6.0799828, -0.02701487, 3.836694, -0.39643618, 0.6038645, -0.5729559, 0.38717902, 1606.9261, 1606.9261, 955.3374, 717.7319, , 
65807.627210625, 002006, 6.0820093, -0.024343744, 3.839185, -0.39592505, 0.60110605, -0.57450116, 0.38969654, 1606.9261, 1606.9261, 955.33575, 717.72833, , 
65807.660548708, 002007, 6.085839, -0.01817992, 3.8433013, -0.3949812, 0.5957008, -0.57751495, 0.3944704, 1606.9261, 1606.9261, 955.33215, 717.71967, , 
65807.677217666, 002008, 6.0875926, -0.015100211, 3.8452463, -0.3945958, 0.593157, -0.5787287, 0.39690307, 1606.4742, 1606.4742, 955.33057, 717.71643, , 
65807.693886541, 002009, 6.089267, -0.012113333, 3.8472102, -0.39429733, 0.59080935, -0.5795874, 0.3994402, 1606.9261, 1606.9261, 955.32825, 717.71326, , 
65807.727224625, 002010, 6.092727, -0.008372176, 3.8522682, -0.39369863, 0.58630425, -0.58065087, 0.40508425, 1606.9261, 1606.9261, 955.3245, 717.7106, , 
65807.743893666, 002011, 6.0941534, -0.006018944, 3.8544462, -0.39330858, 0.58393997, -0.5810796, 0.40825114, 1606.9261, 1606.9261, 955.32184, 717.70935, , 
65807.76056275, 002012, 6.0954895, -0.0036247633, 3.856612, -0.3925111, 0.58150506, -0.58171386, 0.41157746, 1606.9261, 1606.9261, 955.31995, 717.7087, , 
65807.793900625, 002013, 6.098283, 0.0009581372, 3.8611507, -0.39011264, 0.5768347, -0.5834825, 0.41787815, 1606.4742, 1606.4742, 955.31696, 717.70746, , 
65807.810569666, 002014, 6.099945, 0.0020997822, 3.863679, -0.38862875, 0.5744787, -0.5845851, 0.42095396, 1606.9261, 1606.9261, 955.3154, 717.7068, , 
65807.82723875, 002015, 6.1014767, 0.003244564, 3.8662262, -0.3868156, 0.57206017, -0.5858563, 0.4241382, 1606.9261, 1606.9261, 955.3144, 717.70624, , 
65807.860576583, 002016, 6.1038733, 0.0062751696, 3.8713017, -0.3821205, 0.5671926, -0.58877075, 0.43084267, 1606.9261, 1606.9261, 955.3125, 717.7059, , 
65807.877245666, 002017, 6.1048145, 0.007651098, 3.8739617, -0.37917632, 0.5646765, -0.5905249, 0.43433407, 1606.9261, 1606.9261, 955.31195, 717.706, , 
65807.91058375, 002018, 6.1066794, 0.0089735985, 3.8797083, -0.37248352, 0.5590146, -0.5948731, 0.44145745, 1606.9261, 1606.9261, 955.31116, 717.7051, , 
65807.927252625, 002019, 6.10741, 0.009102404, 3.8828135, -0.36867753, 0.5557069, -0.59755063, 0.44519672, 1606.9261, 1606.9261, 955.3109, 717.704, , 
65807.943921666, 002020, 6.1074667, 0.009705506, 3.8859875, -0.36470205, 0.5520483, -0.60040647, 0.44916284, 1606.9261, 1606.9261, 955.31055, 717.7025, , 
65807.977259625, 002021, 6.1064157, 0.010875478, 3.8930197, -0.3562487, 0.5443066, -0.6059075, 0.45792294, 1606.9261, 1606.9261, 955.3095, 717.69965, , 
65807.993928583, 002022, 6.1054473, 0.011178553, 3.897074, -0.35130322, 0.5406017, -0.6084261, 0.46276742, 1604.6666, 1604.6666, 955.30914, 717.69995, , 
65808.027266625, 002023, 6.1041794, 0.0093280375, 3.906478, -0.339628, 0.5343664, -0.6126503, 0.4730382, 1604.6666, 1604.6666, 955.3088, 717.7062, , 
65808.043935708, 002024, 6.102665, 0.008722946, 3.9114842, -0.33292782, 0.53153276, -0.61466014, 0.47835654, 1604.6666, 1604.6666, 955.30914, 717.71063, , 
65808.060604708, 002025, 6.1006885, 0.008147202, 3.9165635, -0.32594514, 0.5286967, -0.6165837, 0.48380172, 1602.4071, 1602.4071, 955.30963, 717.7156, , 
65808.093942583, 002026, 6.095387, 0.006752182, 3.9267197, -0.3119353, 0.52238554, -0.6200175, 0.49536657, 1602.4071, 1602.4071, 955.3104, 717.7281, , 
65808.110611708, 002027, 6.092661, 0.004583236, 3.931436, -0.30503, 0.51867336, -0.62167245, 0.50145584, 1602.4071, 1602.4071, 955.31055, 717.73315, , 
65808.143949541, 002028, 6.0854425, 0.0013279095, 3.940813, -0.29075062, 0.5093321, -0.62590146, 0.5140936, 1600.5995, 1600.5995, 955.3103, 717.7422, , 
65808.160618625, 002029, 6.08097, 0.00030529496, 3.9454508, -0.28311467, 0.5036406, -0.62862724, 0.5205958, 1600.5995, 1600.5995, 955.31006, 717.74445, , 
65808.193956708, 002030, 6.0710125, -0.0017111413, 3.9545999, -0.26632226, 0.49115697, -0.6353039, 0.5331287, 1598.34, 1598.34, 955.3102, 717.74646, , 
65808.21062575, 002031, 6.0656238, -0.0032352768, 3.9590445, -0.2571222, 0.48483157, -0.63898814, 0.5389998, 1598.34, 1598.34, 955.31067, 717.74646, , 
65808.227294541, 002032, 6.0598545, -0.004881624, 3.9636033, -0.2474371, 0.4785421, -0.6426685, 0.54474723, 1597.8881, 1597.8881, 955.31146, 717.74646, , 
65808.260632583, 002033, 6.046979, -0.008368462, 3.9730833, -0.22697403, 0.4658079, -0.64923435, 0.55677694, 1595.6285, 1595.6285, 955.3139, 717.7489, , 
65810.277581333, 002128, 5.84317, -0.07643788, 4.7200155, -0.02614396, 0.3454537, -0.70556533, 0.61818737, 1594.2728, 1594.2728, 955.3688, 717.6805, , 
65810.31091925, 002129, 5.8420353, -0.077768266, 4.741469, -0.02738903, 0.34446952, -0.7059099, 0.61828935, 1593.8209, 1593.8209, 955.3673, 717.67865, , 
65810.327588166, 002130, 5.841284, -0.07848262, 4.7526507, -0.028447278, 0.34384805, -0.7059913, 0.61849463, 1593.8209, 1593.8209, 955.36554, 717.6779, , 
65810.34425725, 002131, 5.840354, -0.079228744, 4.7635016, -0.029557867, 0.34283352, -0.7060739, 0.6189113, 1593.8209, 1593.8209, 955.3639, 717.67725, , 
65810.377595166, 002132, 5.8379774, -0.08046324, 4.7847724, -0.03138461, 0.33825827, -0.70668447, 0.62063956, 1594.2728, 1594.2728, 955.358, 717.67413, , 
65810.394264208, 002133, 5.8366027, -0.08091297, 4.795533, -0.03241419, 0.33534542, -0.70691353, 0.6219052, 1594.2728, 1594.2728, 955.3546, 717.67267, , 
65810.410933208, 002134, 5.8356795, -0.08123456, 4.807274, -0.03329, 0.3332965, -0.70676786, 0.6231248, 1594.2728, 1594.2728, 955.3517, 717.6723, , 
65810.444271291, 002135, 5.833804, -0.0816958, 4.8313456, -0.032884903, 0.33284134, -0.7056981, 0.62460023, 1593.8209, 1593.8209, 955.3496, 717.6761, , 
65810.460940125, 002136, 5.8327045, -0.08161888, 4.8431745, -0.03118723, 0.33306164, -0.7055211, 0.6247699, 1594.2728, 1594.2728, 955.35077, 717.6775, , 
65810.477609166, 002137, 5.8314953, -0.081224434, 4.8546686, -0.028909551, 0.33260083, -0.70585984, 0.62474227, 1594.2728, 1594.2728, 955.3523, 717.6774, , 
65810.510947291, 002138, 5.828911, -0.07984374, 4.8773108, -0.024442194, 0.33001444, -0.7071603, 0.62483376, 1594.2728, 1594.2728, 955.3546, 717.67346, , 
65810.527616125, 002139, 5.8275437, -0.07906002, 4.88869, -0.022312593, 0.3288902, -0.70752895, 0.62508893, 1594.2728, 1594.2728, 955.35516, 717.6722, , 
65810.544285166, 002140, 5.8259835, -0.07826466, 4.899762, -0.019962983, 0.32838908, -0.7074758, 0.62549186, 1594.2728, 1594.2728, 955.3567, 717.67236, , 
65810.577623208, 002141, 5.822607, -0.0767667, 4.9214396, -0.014879832, 0.32908753, -0.70627093, 0.626627, 1593.8209, 1593.8209, 955.3603, 717.6769, , 
65810.59429225, 002142, 5.820808, -0.076002225, 4.9317174, -0.0125376135, 0.32922223, -0.7056591, 0.6272964, 1593.8209, 1593.8209, 955.3625, 717.6804, , 
65810.610961125, 002143, 5.818711, -0.07541573, 4.94123, -0.010669316, 0.32850307, -0.70537984, 0.62802154, 1593.8209, 1593.8209, 955.36346, 717.6818, , 
65810.644299166, 002144, 5.814721, -0.07442143, 4.959, -0.008750687, 0.3260857, -0.70517313, 0.62954146, 1593.8209, 1593.8209, 955.3625, 717.683, , 
65810.660968208, 002145, 5.812939, -0.074248515, 4.967663, -0.008034497, 0.32546085, -0.70493215, 0.63014394, 1593.8209, 1593.8209, 955.3622, 717.6836, , 
65810.677637083, 002146, 5.811289, -0.07445043, 4.97636, -0.0071659293, 0.32575616, -0.70436025, 0.63064116, 1593.8209, 1593.8209, 955.3626, 717.68524, , 
65810.710975125, 002147, 5.808255, -0.075766854, 4.993924, -0.0053049154, 0.3277946, -0.70259327, 0.6315736, 1593.8209, 1593.8209, 955.3653, 717.69226, , 
65810.727644166, 002148, 5.8067403, -0.076662384, 5.0026, -0.004412039, 0.3287463, -0.7015895, 0.6322013, 1593.8209, 1593.8209, 955.36633, 717.6957, , 
65810.744313166, 002149, 5.8052373, -0.07765086, 5.0112176, -0.0033016228, 0.32962015, -0.7006061, 0.63284343, 1593.8209, 1593.8209, 955.3675, 717.6992, , 
65810.777651041, 002150, 5.8025784, -0.079744294, 5.0283437, 0.0006475896, 0.3313447, -0.69926816, 0.63343054, 1594.2728, 1594.2728, 955.37195, 717.7056, , 
65810.794320125, 002151, 5.801493, -0.08072998, 5.0368466, 0.0041383575, 0.33208132, -0.6991652, 0.63314515, 1593.8209, 1593.8209, 955.3753, 717.7067, , 
65810.810989125, 002152, 5.801104, -0.0822923, 5.045833, 0.008291456, 0.33285588, -0.699395, 0.63244355, 1593.8209, 1593.8209, 955.3811, 717.70667, , 
65810.844327041, 002153, 5.799688, -0.08422564, 5.062883, 0.016445031, 0.33422953, -0.6998359, 0.63107055, 1594.2728, 1594.2728, 955.3905, 717.7055, , 
65810.860996083, 002154, 5.798868, -0.0850128, 5.07125, 0.019921958, 0.33493868, -0.6998945, 0.6305291, 1593.8209, 1593.8209, 955.39624, 717.70526, , 
65810.877665083, 002155, 5.798059, -0.08572362, 5.0795517, 0.022972578, 0.3357015, -0.69992673, 0.6299837, 1593.8209, 1593.8209, 955.4002, 717.7052, , 
65810.911002958, 002156, 5.796482, -0.087393984, 5.0962243, 0.027293254, 0.33759043, -0.6998242, 0.62891483, 1593.8209, 1593.8209, 955.40717, 717.70526, , 
65810.927672, 002157, 5.795678, -0.08838586, 5.1046686, 0.028405119, 0.33880094, -0.6995028, 0.62857217, 1593.8209, 1593.8209, 955.41077, 717.70654, , 
65810.944341, 002158, 5.7949004, -0.08917032, 5.1130924, 0.029079726, 0.33997127, -0.69908607, 0.628373, 1593.8209, 1593.8209, 955.4127, 717.7079, , 
65810.977678916, 002159, 5.793503, -0.090516225, 5.1300116, 0.029813372, 0.3418295, -0.69849056, 0.62799263, 1593.8209, 1593.8209, 955.41614, 717.71063, , 
65810.994347958, 002160, 5.7928295, -0.091101386, 5.138462, 0.030353315, 0.3420768, -0.6985174, 0.62780225, 1593.8209, 1593.8209, 955.41705, 717.71075, , 
65811.011017, 002161, 5.7925944, -0.092463106, 5.147465, 0.031031389, 0.34177113, -0.69880104, 0.6276198, 1593.8209, 1593.8209, 955.4177, 717.71, , 
65811.044355083, 002162, 5.7917247, -0.094569705, 5.165275, 0.032499056, 0.33996424, -0.6995704, 0.6276697, 1593.8209, 1593.8209, 955.4176, 717.70685, , 
65811.061023916, 002163, 5.7910748, -0.09534587, 5.1741652, 0.033101965, 0.33891502, -0.6997713, 0.6279818, 1593.8209, 1593.8209, 955.4172, 717.7058, , 
65811.077693, 002164, 5.7904305, -0.09614308, 5.183239, 0.03355713, 0.3380273, -0.6997988, 0.6284052, 1593.8209, 1593.8209, 955.4163, 717.7053, , 
65811.111031, 002165, 5.789593, -0.09797752, 5.202303, 0.034410637, 0.33653393, -0.69996464, 0.62897563, 1594.2728, 1594.2728, 955.4155, 717.7049, , 
65811.127699916, 002166, 5.7893686, -0.09883304, 5.2120795, 0.034823935, 0.33533913, -0.70043784, 0.6290642, 1594.2728, 1594.2728, 955.4146, 717.70306, , 
65811.144368875, 002167, 5.7890935, -0.099391215, 5.2216215, 0.03507403, 0.33352774, -0.7011607, 0.62920797, 1593.8209, 1593.8209, 955.4132, 717.70056, , 
65811.177706958, 002168, 5.7887506, -0.10011184, 5.2408276, 0.034813143, 0.32948008, -0.7027523, 0.62957937, 1593.8209, 1593.8209, 955.4091, 717.6948, , 
65811.194376041, 002169, 5.788746, -0.10038862, 5.250655, 0.034705393, 0.32773367, -0.70349944, 0.6296624, 1593.8209, 1593.8209, 955.4067, 717.6912, , 
65811.211044791, 002170, 5.788763, -0.10051501, 5.260601, 0.034597784, 0.32608578, -0.7042551, 0.62967926, 1593.8209, 1593.8209, 955.40515, 717.68854, , 
65811.244382958, 002171, 5.788854, -0.10070192, 5.2802205, 0.033989396, 0.32184353, -0.7059431, 0.6300046, 1593.8209, 1593.8209, 955.4004, 717.68176, , 
65811.261051916, 002172, 5.788856, -0.100806095, 5.2898483, 0.033442054, 0.3190523, -0.70693153, 0.6303452, 1593.8209, 1593.8209, 955.3975, 717.6782, , 
65811.277720833, 002173, 5.7888126, -0.10094876, 5.299548, 0.032442756, 0.31628054, -0.7078544, 0.6307584, 1594.2728, 1594.2728, 955.39417, 717.67474, , 
65811.311058875, 002174, 5.7883935, -0.10105178, 5.3202724, 0.030165434, 0.313466, -0.7088123, 0.6312006, 1593.8209, 1593.8209, 955.38776, 717.66974, , 
65811.327727875, 002175, 5.788407, -0.10132358, 5.3313055, 0.03003916, 0.31465143, -0.7085539, 0.6309069, 1593.8209, 1593.8209, 955.388, 717.6701, , 
65811.344396916, 002176, 5.7885876, -0.10173215, 5.342584, 0.031001413, 0.31734306, -0.70791906, 0.6302246, 1593.8209, 1593.8209, 955.3918, 717.6728, , 
65811.37773475, 002177, 5.788925, -0.10237139, 5.3646765, 0.03451278, 0.32305244, -0.70670784, 0.62849814, 1593.8209, 1593.8209, 955.401, 717.6775, , 
65811.394403875, 002178, 5.788901, -0.10245973, 5.3750033, 0.036151983, 0.32421237, -0.7065694, 0.62796426, 1593.8209, 1593.8209, 955.4055, 717.67847, , 
65811.411072875, 002179, 5.7883296, -0.10237925, 5.384103, 0.0375282, 0.32412127, -0.7066198, 0.6278739, 1593.8209, 1593.8209, 955.40717, 717.6781, , 
65811.444410791, 002180, 5.787517, -0.102362365, 5.4025993, 0.03997441, 0.32232204, -0.7069544, 0.62827224, 1593.8209, 1593.8209, 955.4081, 717.6764, , 
65811.461079833, 002181, 5.7870865, -0.10246426, 5.4118304, 0.041338064, 0.3214323, -0.7070026, 0.6285856, 1593.8209, 1593.8209, 955.40845, 717.67584, , 
65811.477748833, 002182, 5.786613, -0.10263989, 5.4210625, 0.042770084, 0.3209496, -0.70687985, 0.62887436, 1593.8209, 1593.8209, 955.4091, 717.6759, , 
65811.511086708, 002183, 5.7845626, -0.1022393, 5.4386687, 0.04569061, 0.32079676, -0.70639664, 0.62928987, 1593.8209, 1593.8209, 955.4119, 717.6772, , 
65811.527755666, 002184, 5.78358, -0.10222178, 5.447473, 0.047246225, 0.32109576, -0.70611167, 0.6293422, 1593.8209, 1593.8209, 955.4137, 717.6779, , 
65811.544424791, 002185, 5.7827272, -0.102460325, 5.4563923, 0.048904624, 0.32178468, -0.70567304, 0.6293557, 1593.8209, 1593.8209, 955.4158, 717.67896, , 
65811.577762666, 002186, 5.781136, -0.10326541, 5.4743457, 0.0525953, 0.3245037, -0.70429283, 0.629208, 1593.8209, 1593.8209, 955.42285, 717.6837, , 
65811.594431708, 002187, 5.780324, -0.103711024, 5.483223, 0.054743346, 0.32603762, -0.70362353, 0.62898064, 1593.8209, 1593.8209, 955.4267, 717.6858, , 
65811.61110075, 002188, 5.7791395, -0.10421478, 5.491882, 0.05695865, 0.3273935, -0.7030726, 0.62869555, 1593.8209, 1593.8209, 955.43195, 717.6881, , 
65811.644438625, 002189, 5.7767205, -0.10529348, 5.5087996, 0.061598122, 0.32971337, -0.70224166, 0.6279741, 1593.369, 1593.369, 955.4398, 717.6903, , 
65811.661107666, 002190, 5.7755604, -0.10591738, 5.517159, 0.06352402, 0.33113775, -0.7018043, 0.6275214, 1593.8209, 1593.8209, 955.4438, 717.6914, , 
65811.677776708, 002191, 5.7743077, -0.1066017, 5.525411, 0.06511095, 0.33260185, -0.7013774, 0.62706167, 1593.8209, 1593.8209, 955.4488, 717.69305, , 
65811.711114666, 002192, 5.7707367, -0.10710055, 5.542599, 0.06671968, 0.33548975, -0.70064634, 0.62617075, 1593.8209, 1593.8209, 955.4546, 717.6953, , 
65811.727783583, 002193, 5.7688546, -0.107529715, 5.550884, 0.06694801, 0.33679277, -0.7003785, 0.62574637, 1593.8209, 1593.8209, 955.4574, 717.6966, , 
65811.744452666, 002194, 5.7670236, -0.10816232, 5.5589013, 0.06697852, 0.33812636, -0.7001642, 0.62526363, 1593.8209, 1593.8209, 955.4591, 717.69745, , 
65811.777790708, 002195, 5.7630696, -0.10948091, 5.5746026, 0.066908516, 0.34073448, -0.69991183, 0.62413687, 1593.8209, 1593.8209, 955.4633, 717.6987, , 
65811.794459583, 002196, 5.760838, -0.1101201, 5.5823054, 0.066640005, 0.34193197, -0.69981587, 0.623618, 1593.8209, 1593.8209, 955.4647, 717.6991, , 
65811.811128541, 002197, 5.7582374, -0.11077501, 5.59024, 0.06603828, 0.3431462, -0.69956326, 0.62329847, 1593.369, 1593.369, 955.46564, 717.69995, , 
65811.844466625, 002198, 5.752542, -0.11211826, 5.605582, 0.06302165, 0.34564126, -0.6986865, 0.6232155, 1593.8209, 1593.8209, 955.46515, 717.70374, , 
65811.861135708, 002199, 5.7494626, -0.11281648, 5.6129813, 0.060971595, 0.3470214, -0.6980481, 0.6233679, 1588.3981, 1588.3981, 955.46423, 717.7062, , 
65811.877804541, 002200, 5.746235, -0.113469034, 5.620239, 0.05880702, 0.3483174, -0.6974223, 0.62355334, 1588.3981, 1588.3981, 955.4626, 717.7097, , 
65811.9111425, 002201, 5.739553, -0.11473803, 5.634401, 0.05375828, 0.3498044, -0.69653255, 0.62417096, 1588.3981, 1588.3981, 955.4583, 717.71375, , 
65811.927811583, 002202, 5.7360454, -0.115214616, 5.64126, 0.050701447, 0.34964922, -0.69646835, 0.6245852, 1591.1095, 1591.1095, 955.4547, 717.7147, , 
65811.9444805, 002203, 5.732249, -0.11537115, 5.647943, 0.04736283, 0.34920815, -0.69658923, 0.62495905, 1591.1095, 1591.1095, 955.44867, 717.71484, , 
65811.977818541, 002204, 5.724481, -0.11548234, 5.661858, 0.041492525, 0.3507198, -0.6963885, 0.6247536, 1591.1095, 1591.1095, 955.44226, 717.71576, , 
65811.9944875, 002205, 5.7205696, -0.1154111, 5.6691504, 0.039865565, 0.35284653, -0.696039, 0.62405115, 1593.369, 1593.369, 955.4426, 717.7176, , 
65812.011156583, 002206, 5.716702, -0.11537003, 5.6762843, 0.03888298, 0.35500008, -0.6957395, 0.6232251, 1593.369, 1593.369, 955.44415, 717.719, , 
65812.044494458, 002207, 5.7083397, -0.11438922, 5.6899915, 0.036839046, 0.35767493, -0.69549227, 0.62209487, 1593.369, 1593.369, 955.446, 717.72064, , 
65812.061163458, 002208, 5.703799, -0.113544576, 5.6965857, 0.03528623, 0.35827175, -0.6954389, 0.621901, 1595.6285, 1595.6285, 955.44507, 717.7208, , 
65812.077832458, 002209, 5.6991134, -0.112637624, 5.7031064, 0.033602092, 0.35893175, -0.6952551, 0.6218193, 1595.6285, 1595.6285, 955.4438, 717.72144, , 
65812.111170458, 002210, 5.689895, -0.111258194, 5.7160754, 0.030991951, 0.36084396, -0.69483316, 0.6213196, 1595.6285, 1595.6285, 955.4426, 717.7233, , 
65812.127839416, 002211, 5.685448, -0.11072986, 5.7224345, 0.030074319, 0.3620805, -0.6946764, 0.6208204, 1598.34, 1598.34, 955.443, 717.72406, , 
65812.144508458, 002212, 5.6809063, -0.10987535, 5.7285147, 0.029432084, 0.36318666, -0.69462496, 0.6202624, 1598.34, 1598.34, 955.4439, 717.7245, , 
65812.177846375, 002213, 5.6719384, -0.1079472, 5.7398267, 0.027647622, 0.3646629, -0.6948643, 0.61920935, 1598.34, 1598.34, 955.44434, 717.724, , 
65812.194515416, 002214, 5.6675425, -0.10704946, 5.745075, 0.026298966, 0.36518738, -0.6950634, 0.61873543, 1600.5995, 1600.5995, 955.44354, 717.72314, , 
65812.211184458, 002215, 5.663073, -0.10645191, 5.7503757, 0.02453418, 0.36571944, -0.6952217, 0.61831546, 1600.5995, 1600.5995, 955.4424, 717.72266, , 
65812.244522291, 002216, 5.6546073, -0.105705716, 5.76038, 0.020168707, 0.3675544, -0.6952284, 0.61737704, 1600.1476, 1600.1476, 955.4397, 717.7226, , 
65812.261191291, 002217, 5.6506367, -0.10555281, 5.7651253, 0.017807292, 0.36879823, -0.6951123, 0.61683846, 1602.4071, 1602.4071, 955.4383, 717.7231, , 
65814.294807958, 002313, 5.007627, -0.11461756, 5.5014153, 0.56488335, -0.2668533, -0.3808522, 0.68165076, 1603.7628, 1603.7628, 955.4605, 717.846, , 
65814.311476958, 002314, 5.002534, -0.1144834, 5.4974556, 0.5666389, -0.26966834, -0.37767607, 0.6808525, 1603.7628, 1603.7628, 955.4619, 717.8474, , 
65814.328145875, 002315, 4.997364, -0.11434367, 5.4936647, 0.5683766, -0.27244818, -0.37452793, 0.68003595, 1601.9552, 1601.9552, 955.4633, 717.84894, , 
65814.344814958, 002316, 4.9922786, -0.114147276, 5.4900937, 0.5701069, -0.2752661, -0.37146974, 0.67912954, 1601.5033, 1601.5033, 955.465, 717.85046, , 
65814.378152916, 002317, 4.9817967, -0.113672614, 5.483412, 0.5735293, -0.28106716, -0.3655883, 0.67706025, 1601.5033, 1601.5033, 955.46704, 717.8524, , 
65814.394821958, 002318, 4.9763246, -0.113394774, 5.4802713, 0.5752585, -0.28403023, -0.3627267, 0.6758948, 1599.2438, 1599.2438, 955.4681, 717.8532, , 
65814.411490791, 002319, 4.9697466, -0.115278915, 5.4777465, 0.57696253, -0.28686807, -0.35994557, 0.6747297, 1599.2438, 1599.2438, 955.4686, 717.8537, , 
65814.444828833, 002320, 4.9573436, -0.115777485, 5.4726257, 0.58003646, -0.29189608, -0.35503387, 0.67253655, 1599.2438, 1599.2438, 955.4699, 717.8545, , 
65814.461497833, 002321, 4.9510713, -0.11567218, 5.4702, 0.58153665, -0.294337, -0.35293502, 0.6712806, 1596.9843, 1596.9843, 955.4703, 717.85425, , 
65814.47816675, 002322, 4.944726, -0.11550175, 5.467908, 0.58301085, -0.29695287, -0.35124508, 0.66973454, 1596.9843, 1596.9843, 955.46985, 717.8534, , 
65814.511504833, 002323, 4.9313307, -0.11691055, 5.464734, 0.5857791, -0.30203408, -0.34926355, 0.666073, 1597.4362, 1597.4362, 955.46576, 717.84875, , 
65814.528173833, 002324, 4.9242234, -0.11832449, 5.4636693, 0.58702886, -0.30408812, -0.3486942, 0.6643341, 1593.369, 1593.369, 955.4637, 717.84625, , 
65814.544842833, 002325, 4.9170766, -0.11883928, 5.46224, 0.5881201, -0.3057938, -0.3482318, 0.6628269, 1593.369, 1593.369, 955.46204, 717.8438, , 
65814.57818075, 002326, 4.9025283, -0.119228624, 5.4592957, 0.59019285, -0.30871287, -0.34768218, 0.6599136, 1593.369, 1593.369, 955.4583, 717.83813, , 
65814.594849708, 002327, 4.8951945, -0.1193047, 5.457916, 0.59118193, -0.3101736, -0.34774947, 0.6583058, 1599.6957, 1599.6957, 955.4564, 717.83527, , 
65814.61151875, 002328, 4.8877506, -0.12031518, 5.4569645, 0.5921102, -0.31177974, -0.3479823, 0.6565876, 1599.6957, 1599.6957, 955.454, 717.8322, , 
65814.644856666, 002329, 4.8730965, -0.12121292, 5.4548454, 0.5938443, -0.31578887, -0.3489492, 0.6525802, 1599.2438, 1599.2438, 955.44666, 717.8244, , 
65814.661525625, 002330, 4.8658237, -0.121046506, 5.4536014, 0.5945325, -0.3181413, -0.34963065, 0.6504428, 1599.2438, 1599.2438, 955.44275, 717.8209, , 
65814.678194666, 002331, 4.858431, -0.12073764, 5.4523187, 0.5950954, -0.32047504, -0.35012296, 0.6485146, 1599.2438, 1599.2438, 955.4376, 717.8171, , 
65814.711532625, 002332, 4.842263, -0.12015459, 5.4496713, 0.59625185, -0.3241105, -0.34942633, 0.6460166, 1599.6957, 1599.6957, 955.4333, 717.8142, , 
65814.728201583, 002333, 4.8336997, -0.119868174, 5.4483056, 0.5970832, -0.32540056, -0.3479506, 0.6453964, 1599.6957, 1599.6957, 955.4334, 717.8143, , 
65814.744870583, 002334, 4.8255787, -0.1192794, 5.446957, 0.5982157, -0.32671276, -0.34613454, 0.6446608, 1599.6957, 1599.6957, 955.4344, 717.81445, , 
65814.7782085, 002335, 4.8102818, -0.11759572, 5.4443913, 0.60061085, -0.33039737, -0.34321398, 0.64211243, 1599.6957, 1599.6957, 955.43414, 717.81256, , 
65814.794877541, 002336, 4.8028584, -0.11670987, 5.4431314, 0.6013524, -0.33234924, -0.34230348, 0.640896, 1599.6957, 1599.6957, 955.433, 717.8119, , 
65814.8115465, 002337, 4.7957134, -0.116128586, 5.442044, 0.6018628, -0.33396858, -0.3415229, 0.639991, 1599.6957, 1599.6957, 955.432, 717.8116, , 
65814.844884583, 002338, 4.781056, -0.1147808, 5.439842, 0.60253465, -0.33583388, -0.33994398, 0.63922274, 1599.6957, 1599.6957, 955.4317, 717.8124, , 
65814.861553458, 002339, 4.773616, -0.1139156, 5.438769, 0.60284436, -0.3362883, -0.33927467, 0.6390473, 1599.6957, 1599.6957, 955.432, 717.8128, , 
65814.8782225, 002340, 4.7662697, -0.112921506, 5.4378095, 0.6032618, -0.33653933, -0.33888233, 0.63872933, 1599.6957, 1599.6957, 955.4324, 717.8124, , 
65814.8948915, 002341, 4.7591257, -0.11179506, 5.4369993, 0.6038086, -0.33673885, -0.33888873, 0.638104, 1599.6957, 1599.6957, 955.432, 717.811, , 
65814.928229375, 002342, 4.746271, -0.10976206, 5.4361916, 0.60532457, -0.3379338, -0.34029996, 0.6352786, 1599.6957, 1599.6957, 955.429, 717.80475, , 
65814.944898416, 002343, 4.740004, -0.10853503, 5.4357266, 0.6061556, -0.3387562, -0.3413072, 0.63350546, 1599.6957, 1599.6957, 955.42566, 717.799, , 
65814.961567416, 002344, 4.7337294, -0.10738505, 5.435116, 0.6068445, -0.3395108, -0.3421168, 0.6320035, 1599.6957, 1599.6957, 955.42334, 717.7953, , 
65814.994905458, 002345, 4.720828, -0.10562293, 5.4333167, 0.6074158, -0.3399576, -0.34270588, 0.63089424, 1599.6957, 1599.6957, 955.4211, 717.7913, , 
65815.011574333, 002346, 4.715054, -0.10524671, 5.43268, 0.60753864, -0.33966452, -0.3425519, 0.63101757, 1599.6957, 1599.6957, 955.4217, 717.79114, , 
65815.028243333, 002347, 4.7091656, -0.10483271, 5.431881, 0.60770583, -0.33914968, -0.34236264, 0.6312361, 1599.6957, 1599.6957, 955.4225, 717.7911, , 
65815.044912291, 002348, 4.702889, -0.10421293, 5.430784, 0.6080489, -0.33846125, -0.3421986, 0.63136417, 1599.6957, 1599.6957, 955.42377, 717.7904, , 
65815.078250208, 002349, 4.6902018, -0.102808446, 5.4285254, 0.609218, -0.33649322, -0.34214327, 0.63131905, 1599.6957, 1599.6957, 955.42596, 717.7874, , 
65815.09491925, 002350, 4.6839094, -0.10212142, 5.427473, 0.609906, -0.33525276, -0.34238124, 0.6311857, 1599.6957, 1599.6957, 955.42737, 717.7843, , 
65815.111588291, 002351, 4.678625, -0.10156824, 5.426963, 0.61055994, -0.3339372, -0.34281787, 0.6310138, 1599.6957, 1599.6957, 955.42834, 717.7817, , 
65815.128257291, 002352, 4.6732526, -0.10109151, 5.426321, 0.6111154, -0.3326044, -0.34340352, 0.6308615, 1599.6957, 1599.6957, 955.42914, 717.779, , 
65815.161595208, 002353, 4.661368, -0.10042688, 5.4239697, 0.61182266, -0.33002794, -0.34436837, 0.6310031, 1599.2438, 1599.2438, 955.4311, 717.77423, , 
65815.178264208, 002354, 4.655265, -0.100328945, 5.4224825, 0.61178523, -0.32878554, -0.34469026, 0.63151205, 1599.2438, 1599.2438, 955.4321, 717.7735, , 
65815.194933208, 002355, 4.6491494, -0.10038343, 5.4208264, 0.6115569, -0.3276348, -0.3449485, 0.63219, 1599.2438, 1599.2438, 955.4332, 717.77356, , 
65815.228271125, 002356, 4.6379113, -0.10074687, 5.4171696, 0.61058813, -0.32570362, -0.34547228, 0.63383603, 1599.2438, 1599.2438, 955.4354, 717.77527, , 
65815.244940125, 002357, 4.63185, -0.10113563, 5.4148974, 0.6096797, -0.3247701, -0.34593195, 0.63493794, 1599.2438, 1599.2438, 955.4361, 717.777, , 
65815.261609166, 002358, 4.625661, -0.101579726, 5.4125237, 0.6085093, -0.3236932, -0.34670386, 0.6361883, 1599.2438, 1599.2438, 955.4367, 717.7796, , 
65815.278278125, 002359, 4.6193614, -0.10201086, 5.4101486, 0.607188, -0.32239497, -0.34792253, 0.6374435, 1599.2438, 1599.2438, 955.4368, 717.7814, , 
65815.311616, 002360, 4.607043, -0.102832526, 5.405621, 0.60440445, -0.31956458, -0.35154426, 0.6395236, 1599.2438, 1599.2438, 955.4354, 717.78326, , 
65815.328285041, 002361, 4.6007156, -0.10306123, 5.403332, 0.60294545, -0.3182913, -0.35395044, 0.64020807, 1599.2438, 1599.2438, 955.4339, 717.78314, , 
65815.344954083, 002362, 4.5942016, -0.10318394, 5.4009924, 0.6013333, -0.3171691, -0.35669634, 0.6407572, 1599.6957, 1599.6957, 955.4317, 717.7827, , 
65815.361623125, 002363, 4.587528, -0.103284545, 5.398582, 0.59950596, -0.31615555, -0.35964164, 0.6413237, 1599.6957, 1599.6957, 955.429, 717.7823, , 
65815.394961, 002364, 4.5736384, -0.10359521, 5.39348, 0.59540504, -0.31396097, -0.3654469, 0.6429385, 1599.6957, 1599.6957, 955.423, 717.7828, , 
65815.411629958, 002365, 4.5667396, -0.103691444, 5.390659, 0.59323454, -0.31286567, -0.36833292, 0.64383125, 1599.6957, 1599.6957, 955.42065, 717.7833, , 
65815.428299041, 002366, 4.559803, -0.10381168, 5.3878484, 0.59103787, -0.3118045, -0.37139392, 0.6446075, 1599.6957, 1599.6957, 955.4172, 717.7839, , 
65815.444968083, 002367, 4.552825, -0.10399334, 5.385114, 0.5889174, -0.31082597, -0.37468073, 0.6451186, 1599.2438, 1599.2438, 955.4141, 717.78357, , 
65815.478305875, 002368, 4.5390487, -0.104513824, 5.379614, 0.5848891, -0.3090018, -0.3819104, 0.6454201, 1599.6957, 1599.6957, 955.4059, 717.7805, , 
65815.494974958, 002369, 4.532069, -0.104861975, 5.376755, 0.58255595, -0.3078659, -0.3859938, 0.6456439, 1599.6957, 1599.6957, 955.40204, 717.7787, , 
65815.511643958, 002370, 4.5246387, -0.10552391, 5.3740497, 0.57970434, -0.30630907, -0.39024016, 0.646398, 1599.6957, 1599.6957, 955.3982, 717.7777, , 
65815.528312875, 002371, 4.5169396, -0.10611871, 5.371114, 0.57640576, -0.30388537, -0.39441267, 0.6479573, 1599.6957, 1599.6957, 955.39435, 717.77814, , 
65815.561650833, 002372, 4.5004463, -0.10712171, 5.3656025, 0.5697913, -0.29538158, -0.4018895, 0.653125, 1599.6957, 1599.6957, 955.3933, 717.781, , 
65815.578319875, 002373, 4.4920135, -0.10735834, 5.3632736, 0.56723255, -0.28992105, -0.4053156, 0.6556769, 1599.6957, 1599.6957, 955.39496, 717.7813, , 
65815.594988958, 002374, 4.483764, -0.10732559, 5.36127, 0.56519455, -0.28433552, -0.40895247, 0.6576217, 1599.6957, 1599.6957, 955.39636, 717.7796, , 
65815.611657791, 002375, 4.4759583, -0.106887884, 5.3594785, 0.56357485, -0.27911347, -0.41304964, 0.6586875, 1599.6957, 1599.6957, 955.39703, 717.776, , 
65815.644995791, 002376, 4.460892, -0.105510466, 5.3565326, 0.5601948, -0.26981917, -0.4228177, 0.6592455, 1599.6957, 1599.6957, 955.39496, 717.7627, , 
65815.661664791, 002377, 4.4534526, -0.104621485, 5.355182, 0.55816454, -0.26539266, -0.42803028, 0.6594007, 1599.6957, 1599.6957, 955.3932, 717.7567, , 
65815.678333666, 002378, 4.445909, -0.10362502, 5.3538685, 0.5559935, -0.26076528, -0.43299422, 0.6598399, 1599.6957, 1599.6957, 955.3919, 717.7512, , 
65815.695002666, 002379, 4.4382114, -0.10254903, 5.352615, 0.5537507, -0.25571954, -0.43745393, 0.6607585, 1599.6957, 1599.6957, 955.39136, 717.7454, , 
65815.72834075, 002380, 4.422362, -0.10024467, 5.349499, 0.54985553, -0.24470413, -0.44439235, 0.66354674, 1599.6957, 1599.6957, 955.3938, 717.73956, , 
65815.745009583, 002381, 4.41488, -0.09892609, 5.348453, 0.54799044, -0.23923443, -0.44759104, 0.66493285, 1599.6957, 1599.6957, 955.39636, 717.7364, , 
65815.761678583, 002382, 4.407779, -0.09755847, 5.3475585, 0.5457598, -0.23410499, -0.45116982, 0.6661734, 1599.6957, 1599.6957, 955.3975, 717.734, , 
65815.778347625, 002383, 4.40104, -0.09618163, 5.3467975, 0.54309636, -0.22924107, -0.4552654, 0.66725427, 1599.6957, 1599.6957, 955.39777, 717.73157, , 
65815.811685666, 002384, 4.3882575, -0.09351602, 5.345363, 0.53707194, -0.21962076, -0.46448657, 0.66900873, 1599.6957, 1599.6957, 955.39636, 717.7244, , 
65815.828354541, 002385, 4.3822155, -0.09217542, 5.3446765, 0.5338313, -0.21516573, -0.4693965, 0.66962284, 1599.6957, 1599.6957, 955.3952, 717.721, , 
65815.845023583, 002386, 4.3765016, -0.09071241, 5.3442736, 0.53045195, -0.21137998, -0.47452787, 0.66989744, 1599.6957, 1599.6957, 955.3925, 717.71594, , 
65815.8616925, 002387, 4.3709164, -0.08921075, 5.3439374, 0.52677554, -0.20818104, -0.47967356, 0.6701355, 1599.6957, 1599.6957, 955.3896, 717.7124, , 
65815.878361583, 002388, 4.3652635, -0.08776478, 5.3436284, 0.52285475, -0.20520596, -0.48445678, 0.6706826, 1599.2438, 1599.2438, 955.3865, 717.71, , 
65815.9116995, 002389, 4.352513, -0.08506765, 5.342986, 0.51422954, -0.19808576, -0.49258354, 0.67356634, 1599.6957, 1599.6957, 955.3816, 717.70984, , 
65815.928368458, 002390, 4.3456907, -0.08381298, 5.3427343, 0.50980073, -0.19421561, -0.49589103, 0.67562985, 1599.6957, 1599.6957, 955.38043, 717.71204, , 
65815.9450375, 002391, 4.3394513, -0.08261062, 5.342889, 0.50552285, -0.19087242, -0.4990329, 0.677481, 1599.6957, 1599.6957, 955.37915, 717.71436, , 
65815.978375458, 002392, 4.3280425, -0.08013286, 5.343711, -0.49783745, 0.18629608, 0.50535077, -0.67975897, 1599.6957, 1599.6957, 955.3744, 717.7173, , 
65815.995044416, 002393, 4.3226275, -0.07891855, 5.3443694, -0.49455506, 0.18470368, 0.5083925, -0.68032104, 1599.6957, 1599.6957, 955.37195, 717.71716, , 
65816.011713416, 002394, 4.3160706, -0.07819844, 5.3448696, -0.49151602, 0.18313263, 0.5111044, -0.68091613, 1599.6957, 1599.6957, 955.369, 717.71704, , 
65816.045051291, 002395, 4.3034434, -0.07698024, 5.346662, -0.48582473, 0.17955421, 0.51535994, -0.68274355, 1599.6957, 1599.6957, 955.3661, 717.71857, , 
65816.061720333, 002396, 4.2974043, -0.07646533, 5.347927, -0.4831756, 0.177579, 0.51705307, -0.683859, 1599.6957, 1599.6957, 955.3649, 717.7206, , 
65816.078389291, 002397, 4.291312, -0.07607098, 5.3493114, -0.48084816, 0.1755945, 0.5185032, -0.6849131, 1599.6957, 1599.6957, 955.3645, 717.72205, , 
65816.095058333, 002398, 4.285147, -0.0757685, 5.3507867, -0.47892094, 0.1736577, 0.51978797, -0.6857829, 1599.6957, 1599.6957, 955.36426, 717.72314, , 
65816.128396166, 002399, 4.269421, -0.0753668, 5.3531075, -0.47516116, 0.16969623, 0.5225378, -0.68729866, 1599.6957, 1599.6957, 955.3638, 717.7245, , 
65816.145065291, 002400, 4.262475, -0.075268924, 5.3547482, -0.47297996, 0.16771832, 0.5242891, -0.6879546, 1599.6957, 1599.6957, 955.3632, 717.7247, , 
65816.16173425, 002401, 4.25576, -0.0751862, 5.356663, -0.4705163, 0.16563733, 0.52645713, -0.6884923, 1599.6957, 1599.6957, 955.3624, 717.7245, , 
65816.195072166, 002402, 4.242365, -0.07503433, 5.3609624, -0.46531466, 0.16115513, 0.531482, -0.6892302, 1599.6957, 1599.6957, 955.35986, 717.7225, , 
65816.211741166, 002403, 4.2344832, -0.07482686, 5.3631806, -0.46297356, 0.15896207, 0.53401935, -0.6893547, 1599.6957, 1599.6957, 955.35876, 717.7208, , 
65816.228410208, 002404, 4.226682, -0.074631535, 5.3654513, -0.46078923, 0.15686074, 0.53651124, -0.6893646, 1599.6957, 1599.6957, 955.3574, 717.7183, , 
65816.245079208, 002405, 4.219387, -0.074495964, 5.3678045, -0.458705, 0.15481208, 0.5389393, -0.68932384, 1599.6957, 1599.6957, 955.35645, 717.7162, , 
65816.278417041, 002406, 4.204964, -0.07431964, 5.372624, -0.45502993, 0.15091053, 0.5433515, -0.6891611, 1599.6957, 1599.6957, 955.35474, 717.71124, , 
65818.295363833, 002497, 3.5216327, 0.09034975, 5.8864408, 0.04726852, -0.008592506, -0.7101702, 0.7023889, 1600.5995, 1600.5995, 955.32196, 717.6479, , 
65818.312032791, 002498, 3.517031, 0.09141464, 5.8900437, 0.04335335, -0.006264079, -0.7097802, 0.70306003, 1600.5995, 1600.5995, 955.32263, 717.64935, , 
65818.345370916, 002499, 3.5081482, 0.093040854, 5.8975663, 0.037180297, -0.00083370483, -0.7082826, 0.7049488, 1600.5995, 1600.5995, 955.32275, 717.65564, , 
65818.362039666, 002500, 3.5036967, 0.09345719, 5.90148, 0.035237603, 0.0023646988, -0.70762944, 0.7057005, 1600.5995, 1600.5995, 955.32184, 717.6584, , 
65818.378708708, 002501, 3.4992297, 0.093614064, 5.9053407, 0.03376395, 0.0054299766, -0.7072568, 0.7061291, 1600.5995, 1600.5995, 955.32043, 717.6605, , 
65818.412046708, 002502, 3.4901004, 0.09168102, 5.91329, 0.030979918, 0.011762075, -0.70694923, 0.70648754, 1600.5995, 1600.5995, 955.31824, 717.6617, , 
65818.428715791, 002503, 3.4853132, 0.08963525, 5.91764, 0.029913276, 0.015860036, -0.70671016, 0.7066926, 1600.5995, 1600.5995, 955.3161, 717.6625, , 
65818.462053666, 002504, 3.4753976, 0.08624951, 5.927128, -0.02880421, -0.026980221, 0.70611966, -0.70699185, 1600.5995, 1600.5995, 955.31104, 717.6643, , 
65818.478722625, 002505, 3.4702978, 0.08432338, 5.932175, -0.028774876, -0.033307523, 0.7057624, -0.7070799, 1600.5995, 1600.5995, 955.3068, 717.66565, , 
65818.512060541, 002506, 3.4598598, 0.07883029, 5.943158, -0.029435597, -0.04613436, 0.70460254, -0.70748883, 1600.1476, 1600.1476, 955.30066, 717.66907, , 
65818.5287295, 002507, 3.454633, 0.07552058, 5.94882, -0.02985004, -0.05215219, 0.7040681, -0.70758545, 1600.5995, 1600.5995, 955.2972, 717.6714, , 
65818.5620675, 002508, 3.4442112, 0.06989417, 5.9589663, -0.03051092, -0.0628264, 0.7036695, -0.7070864, 1600.1476, 1600.1476, 955.2931, 717.6727, , 
65818.578736416, 002509, 3.4390104, 0.06712087, 5.964166, -0.030308343, -0.06869058, 0.7035495, -0.7066691, 1600.5995, 1600.5995, 955.2908, 717.6732, , 
65818.612074458, 002510, 3.4285944, 0.06053339, 5.9757123, -0.028342145, -0.08346614, 0.7033869, -0.7053205, 1600.1476, 1600.1476, 955.28754, 717.6739, , 
65818.628743458, 002511, 3.423475, 0.056805678, 5.9819016, -0.027124746, -0.09201971, 0.70336264, -0.7043278, 1600.5995, 1600.5995, 955.2859, 717.67413, , 
65818.662081375, 002512, 3.4139209, 0.050237656, 5.9940157, 0.02525055, 0.1092298, -0.7033714, 0.7019258, 1600.1476, 1600.1476, 955.2831, 717.67444, , 
65818.678750333, 002513, 3.4093933, 0.04697439, 5.999798, 0.024370262, 0.11722918, -0.7034101, 0.7006266, 1600.1476, 1600.1476, 955.2823, 717.67444, , 
65818.712088333, 002514, 3.4009547, 0.039835617, 6.0112505, 0.021876413, 0.13198088, -0.70352215, 0.69796777, 1600.1476, 1600.1476, 955.2816, 717.6744, , 
65818.728757291, 002515, 3.3970106, 0.03610237, 6.0171375, 0.020341186, 0.13949786, -0.70351094, 0.69656223, 1600.1476, 1600.1476, 955.2816, 717.67444, , 
65818.74542625, 002516, 3.3930466, 0.03276418, 6.022956, 0.01878323, 0.1474318, -0.70326537, 0.6952185, 1600.1476, 1600.1476, 955.28186, 717.6751, , 
65818.778764208, 002517, 3.3853278, 0.026482157, 6.0347276, 0.015349582, 0.16400477, -0.70189077, 0.69297636, 1600.1476, 1600.1476, 955.2829, 717.6803, , 
65818.795433291, 002518, 3.3817098, 0.023508772, 6.04053, 0.01346333, 0.1720891, -0.70098263, 0.6919735, 1600.1476, 1600.1476, 955.28357, 717.68353, , 
65818.812102125, 002519, 3.37773, 0.020126805, 6.047018, 0.011564526, 0.17972396, -0.70006895, 0.6909914, 1599.6957, 1599.6957, 955.2847, 717.6879, , 
65818.845440208, 002520, 3.3711097, 0.013945878, 6.05869, 0.009450731, 0.19297516, -0.6984281, 0.6891078, 1600.1476, 1600.1476, 955.2868, 717.6941, , 
65818.862109166, 002521, 3.3684506, 0.011084214, 6.0639687, 0.009746078, 0.19880049, -0.6977306, 0.68815356, 1599.6957, 1599.6957, 955.2887, 717.6975, , 
65818.878778, 002522, 3.3660972, 0.008199021, 6.0692477, 0.010511454, 0.20469916, -0.69700426, 0.68714833, 1600.1476, 1600.1476, 955.2905, 717.7001, , 
65818.912116083, 002523, 3.3619397, 0.0023125708, 6.0800605, 0.012090962, 0.21595353, -0.6955269, 0.6851717, 1599.6957, 1599.6957, 955.2954, 717.7066, , 
65818.928785083, 002524, 3.3600574, -0.0006230064, 6.0855107, 0.0122889625, 0.22108784, -0.69487345, 0.68419296, 1600.1476, 1600.1476, 955.29755, 717.7091, , 
65818.945454083, 002525, 3.3583732, -0.0034978092, 6.090839, 0.012011389, 0.22643757, -0.6942009, 0.68313015, 1600.1476, 1600.1476, 955.2995, 717.71155, , 
65818.978792, 002526, 3.35555, -0.009290487, 6.102016, 0.010354529, 0.23893782, -0.69257355, 0.6805464, 1599.6957, 1599.6957, 955.30505, 717.7183, , 
65818.995461, 002527, 3.3543901, -0.012169823, 6.1078124, 0.009168425, 0.2455172, -0.6916968, 0.6791117, 1600.1476, 1600.1476, 955.30786, 717.72156, , 
65819.01213, 002528, 3.3536596, -0.015043624, 6.113667, 0.0077997237, 0.25172925, -0.6909111, 0.6776528, 1599.6957, 1599.6957, 955.31134, 717.7256, , 
65819.045467916, 002529, 3.3524647, -0.020493187, 6.1254277, 0.00504962, 0.26299646, -0.6895405, 0.67478985, 1599.6957, 1599.6957, 955.3162, 717.7308, , 
65819.062136875, 002530, 3.3520167, -0.023015715, 6.131436, 0.0039359448, 0.2684015, -0.6888628, 0.67335963, 1600.1476, 1600.1476, 955.3188, 717.7333, , 
65819.078805875, 002531, 3.3517168, -0.025357235, 6.1374335, 0.0029570854, 0.27336213, -0.68822783, 0.672017, 1599.6957, 1599.6957, 955.32227, 717.73645, , 
65819.112143791, 002532, 3.3515549, -0.029304568, 6.149043, 0.00019869952, 0.2821337, -0.6868649, 0.6697889, 1599.6957, 1599.6957, 955.3265, 717.74115, , 
65819.12881275, 002533, 3.3518076, -0.030875271, 6.15466, -0.0020528494, 0.2862409, -0.68625855, 0.6686636, 1599.6957, 1599.6957, 955.3284, 717.74414, , 
65819.145481833, 002534, 3.3523042, -0.03221674, 6.160184, -0.0045131035, 0.28944296, -0.6861112, 0.66742325, 1599.6957, 1599.6957, 955.3294, 717.74506, , 
65819.16215075, 002535, 3.3529725, -0.03325559, 6.165492, -0.0070336536, 0.29150432, -0.6864787, 0.66612524, 1599.6957, 1599.6957, 955.32947, 717.74414, , 
65819.195488708, 002536, 3.3547845, -0.03479338, 6.176215, -0.01227614, 0.29475972, -0.68764985, 0.6634031, 1599.6957, 1599.6957, 955.32855, 717.7392, , 
65819.212157666, 002537, 3.3555422, -0.035465218, 6.181531, -0.014925823, 0.29713717, -0.6881037, 0.66181576, 1599.6957, 1599.6957, 955.3284, 717.73737, , 
65819.22882675, 002538, 3.356465, -0.036175355, 6.1872272, -0.017541325, 0.30022708, -0.68838674, 0.6600604, 1599.6957, 1599.6957, 955.32916, 717.7356, , 
65819.24549575, 002539, 3.3576815, -0.036885917, 6.1933904, -0.02005452, 0.3034609, -0.6886939, 0.65818703, 1599.6957, 1599.6957, 955.3301, 717.73456, , 
65819.278833625, 002540, 3.360274, -0.038139552, 6.206088, -0.02499945, 0.3086261, -0.6898778, 0.65436506, 1599.6957, 1599.6957, 955.33124, 717.72955, , 
65819.295502583, 002541, 3.361566, -0.038719244, 6.2125864, -0.027547525, 0.31066644, -0.6906065, 0.6525261, 1599.6957, 1599.6957, 955.33136, 717.7268, , 
65819.312171625, 002542, 3.3623304, -0.039471846, 6.2190027, -0.030250717, 0.31277132, -0.6911633, 0.650809, 1599.6957, 1599.6957, 955.3315, 717.7243, , 
65819.3288405, 002543, 3.3631601, -0.040254906, 6.225665, -0.032965906, 0.3150426, -0.691497, 0.6492251, 1599.6957, 1599.6957, 955.3316, 717.7225, , 
65819.362178541, 002544, 3.3655899, -0.04175192, 6.2399287, -0.037647597, 0.31969282, -0.69175464, 0.6464168, 1600.1476, 1600.1476, 955.33215, 717.7203, , 
65819.3788475, 002545, 3.366991, -0.042479776, 6.247278, -0.03956521, 0.32190278, -0.6919262, 0.6450204, 1600.1476, 1600.1476, 955.33264, 717.71954, , 
65819.395516541, 002546, 3.3684692, -0.043181702, 6.2546215, -0.04130088, 0.32379517, -0.6922641, 0.64360034, 1600.1476, 1600.1476, 955.3333, 717.71783, , 
65819.412185333, 002547, 3.3698394, -0.04406531, 6.2615795, -0.042957466, 0.3250076, -0.6928934, 0.642202, 1600.1476, 1600.1476, 955.33356, 717.71564, , 
65819.428854375, 002548, 3.3712928, -0.044879388, 6.268506, -0.04465644, 0.32592878, -0.69378793, 0.64065164, 1600.1476, 1600.1476, 955.3337, 717.71246, , 
65819.462192416, 002549, 3.374896, -0.046153948, 6.282888, -0.048632514, 0.32837585, -0.6958559, 0.6368585, 1600.1476, 1600.1476, 955.33405, 717.70355, , 
65819.478861291, 002550, 3.377016, -0.046707403, 6.290376, -0.05043296, 0.3301686, -0.69693035, 0.63461274, 1599.6957, 1599.6957, 955.3346, 717.69946, , 
65819.495530333, 002551, 3.379293, -0.047219004, 6.2981277, -0.051692963, 0.3325093, -0.6978853, 0.63223547, 1599.6957, 1599.6957, 955.3359, 717.6958, , 
65819.512199333, 002552, 3.382253, -0.047815118, 6.3060584, -0.052480325, 0.33523107, -0.6986925, 0.62983704, 1599.6957, 1599.6957, 955.33856, 717.6919, , 
65819.528868291, 002553, 3.3850772, -0.048252024, 6.314062, -0.05280989, 0.33789232, -0.69943106, 0.6275636, 1599.6957, 1599.6957, 955.341, 717.6893, , 
65819.545537333, 002554, 3.3875096, -0.048450436, 6.3220963, -0.05295367, 0.34044737, -0.7000622, 0.6254633, 1599.6957, 1599.6957, 955.34357, 717.68726, , 
65819.578875166, 002555, 3.391981, -0.048493624, 6.3381586, -0.053799104, 0.3462748, -0.7004047, 0.6217979, 1599.6957, 1599.6957, 955.3491, 717.6853, , 
65819.595544208, 002556, 3.3941205, -0.04840813, 6.3460464, -0.054682426, 0.34966955, -0.7000973, 0.6201651, 1599.6957, 1599.6957, 955.35144, 717.68604, , 
65819.61221325, 002557, 3.3969336, -0.048484772, 6.354041, -0.055935223, 0.3530761, -0.6996167, 0.6186639, 1599.6957, 1599.6957, 955.35425, 717.68787, , 
65819.628882125, 002558, 3.3994465, -0.048399772, 6.361528, -0.057522517, 0.35576752, -0.69920313, 0.6174428, 1599.6957, 1599.6957, 955.3555, 717.6891, , 
65819.645551125, 002559, 3.4013293, -0.048046503, 6.3683, -0.05956071, 0.3574895, -0.6988964, 0.61660165, 1599.6957, 1599.6957, 955.356, 717.6897, , 
65819.678889083, 002560, 3.404341, -0.04707386, 6.3807383, -0.06529901, 0.3593461, -0.69800484, 0.615951, 1599.6957, 1599.6957, 955.3531, 717.69055, , 
65819.695558208, 002561, 3.4057744, -0.046583757, 6.3868127, -0.068663955, 0.36038715, -0.69720906, 0.61587816, 1599.6957, 1599.6957, 955.35126, 717.6919, , 
65819.712227, 002562, 3.4077456, -0.046465978, 6.3927956, -0.071941786, 0.36170027, -0.696254, 0.6158147, 1600.1476, 1600.1476, 955.34894, 717.69415, , 
65819.728896, 002563, 3.409373, -0.046063527, 6.398904, -0.074596606, 0.36301437, -0.6953558, 0.61574036, 1599.6957, 1599.6957, 955.34766, 717.6961, , 
65819.745565041, 002564, 3.4109125, -0.045572165, 6.405128, -0.076625146, 0.3644396, -0.694501, 0.6156142, 1599.6957, 1599.6957, 955.3468, 717.6982, , 
65819.762234041, 002565, 3.4124641, -0.04508534, 6.4114738, -0.07801395, 0.36611053, -0.69366235, 0.61539376, 1599.6957, 1599.6957, 955.3467, 717.7011, , 
65819.778902916, 002566, 3.4140632, -0.04464008, 6.417903, -0.07892157, 0.36802185, -0.69283193, 0.6150734, 1599.6957, 1599.6957, 955.3473, 717.70355, , 
65819.812240958, 002567, 3.4182622, -0.04380449, 6.431232, -0.07992412, 0.37220734, -0.69142246, 0.61401045, 1599.6957, 1599.6957, 955.34937, 717.7081, , 
65819.828909875, 002568, 3.4202588, -0.04347325, 6.437734, -0.08056892, 0.3744435, -0.69080144, 0.6132651, 1599.6957, 1599.6957, 955.351, 717.7109, , 
65819.845578916, 002569, 3.4220824, -0.04322681, 6.44408, -0.08144718, 0.37676856, -0.69021153, 0.6123887, 1599.6957, 1599.6957, 955.3522, 717.7126, , 
65819.862247791, 002570, 3.4238706, -0.04310455, 6.4504094, -0.0825272, 0.37941614, -0.68954164, 0.61136323, 1599.6957, 1599.6957, 955.35345, 717.7144, , 
65819.87891675, 002571, 3.425666, -0.043112364, 6.45679, -0.08381562, 0.38244042, -0.688776, 0.61016536, 1599.6957, 1599.6957, 955.3554, 717.7173, , 
65819.895585833, 002572, 3.427445, -0.043240298, 6.463197, -0.085334346, 0.38560933, -0.68792284, 0.6089217, 1599.6957, 1599.6957, 955.35693, 717.71967, , 
65819.92892375, 002573, 3.4309871, -0.04301366, 6.4775004, -0.08916267, 0.3914832, -0.68636125, 0.606382, 1599.6957, 1599.6957, 955.35925, 717.7245, , 
65819.945592666, 002574, 3.432662, -0.043186978, 6.484112, -0.09120133, 0.3939007, -0.6856485, 0.6053187, 1599.6957, 1599.6957, 955.35986, 717.7261, , 
65819.96226175, 002575, 3.4343097, -0.04347657, 6.490658, -0.09332271, 0.39622465, -0.6849068, 0.6043174, 1599.6957, 1599.6957, 955.36017, 717.72766, , 
65819.97893075, 002576, 3.4359515, -0.043848813, 6.497306, -0.095524125, 0.39861244, -0.6840732, 0.6033466, 1599.6957, 1599.6957, 955.36053, 717.73, , 
65819.995599583, 002577, 3.4376593, -0.044274915, 6.5041294, -0.09783774, 0.4012872, -0.6831405, 0.6022587, 1599.6957, 1599.6957, 955.3609, 717.73193, , 
65820.012268583, 002578, 3.440172, -0.044975195, 6.511847, -0.100144506, 0.40427127, -0.6822047, 0.60094315, 1599.6957, 1599.6957, 955.36145, 717.7342, , 
65820.045606625, 002579, 3.4445918, -0.045919955, 6.5268226, -0.104631804, 0.40953255, -0.68117857, 0.59777176, 1599.6957, 1599.6957, 955.3631, 717.73645, , 
65820.062275625, 002580, 3.44647, -0.04609389, 6.533937, -0.107130416, 0.4116654, -0.6811361, 0.5959097, 1599.6957, 1599.6957, 955.3636, 717.73566, , 
65820.078944458, 002581, 3.4482987, -0.04615794, 6.541012, -0.10988653, 0.41359046, -0.6812448, 0.5939473, 1599.6957, 1599.6957, 955.36365, 717.73413, , 
65820.0956135, 002582, 3.4500651, -0.046157077, 6.5480895, -0.112863496, 0.41535437, -0.68140227, 0.59197426, 1599.6957, 1599.6957, 955.36346, 717.73145, , 
65820.112282583, 002583, 3.452641, -0.046950467, 6.554504, -0.115999, 0.4167592, -0.68159944, 0.5901511, 1599.6957, 1599.6957, 955.363, 717.7292, , 
65820.145620416, 002584, 3.4565818, -0.047727577, 6.5677443, -0.12298593, 0.4186785, -0.6820965, 0.586794, 1599.6957, 1599.6957, 955.3603, 717.7226, , 
65820.162289375, 002585, 3.4580007, -0.047703642, 6.574656, -0.12700026, 0.41935992, -0.68223315, 0.58529156, 1599.6957, 1599.6957, 955.35846, 717.7196, , 
65820.178958375, 002586, 3.45931, -0.047600675, 6.5816965, -0.13138868, 0.4199273, -0.6821977, 0.5839558, 1599.6957, 1599.6957, 955.35626, 717.71674, , 
65820.195627416, 002587, 3.460626, -0.04747365, 6.588991, -0.13607003, 0.42085338, -0.6817905, 0.58269113, 1599.6957, 1599.6957, 955.35297, 717.714, , 
65820.212296416, 002588, 3.4625857, -0.047221236, 6.596007, -0.1409711, 0.42273203, -0.6809541, 0.5811423, 1599.6957, 1599.6957, 955.351, 717.71326, , 
65820.228965291, 002589, 3.464734, -0.046920672, 6.603339, -0.14595863, 0.425591, -0.6798692, 0.57909095, 1599.6957, 1599.6957, 955.3496, 717.7133, , 
65820.262303333, 002590, 3.4689577, -0.0460504, 6.618854, -0.15519452, 0.43196815, -0.6785849, 0.57344633, 1600.1476, 1600.1476, 955.34894, 717.7116, , 
65820.278972333, 002591, 3.471175, -0.045391053, 6.62647, -0.15912671, 0.43480024, -0.6787779, 0.5699896, 1599.6957, 1599.6957, 955.3495, 717.7086, , 
65822.295918375, 002686, 4.143367, -0.03724312, 7.2561917, -0.3928516, 0.60121244, -0.5851674, 0.37655056, 1599.6957, 1599.6957, 955.36346, 717.7037, , 
65822.32925625, 002687, 4.1544104, -0.038793847, 7.266867, -0.3934123, 0.6012754, -0.5835504, 0.37836963, 1599.6957, 1599.6957, 955.3609, 717.7067, , 
65822.34592525, 002688, 4.16018, -0.03942137, 7.2723737, -0.3938664, 0.6017454, -0.5825289, 0.378724, 1599.6957, 1599.6957, 955.3596, 717.7092, , 
65822.362594291, 002689, 4.16614, -0.04002784, 7.277915, -0.3942517, 0.6023379, -0.5816046, 0.37880182, 1599.6957, 1599.6957, 955.359, 717.7111, , 
65822.395932166, 002690, 4.1781282, -0.04115253, 7.2889895, -0.39467618, 0.60221434, -0.58091766, 0.3796096, 1599.6957, 1599.6957, 955.3577, 717.7127, , 
65822.412601125, 002691, 4.184565, -0.04222341, 7.2942643, -0.39470208, 0.60117936, -0.5810858, 0.38096315, 1599.6957, 1599.6957, 955.35645, 717.7121, , 
65822.429270125, 002692, 4.190979, -0.04329455, 7.2997007, -0.3946047, 0.59990644, -0.5812405, 0.38283017, 1599.6957, 1599.6957, 955.35486, 717.7113, , 
65822.445939166, 002693, 4.197283, -0.04419004, 7.305433, -0.39435288, 0.5988471, -0.58118945, 0.38482046, 1599.6957, 1599.6957, 955.3531, 717.7112, , 
65822.479277041, 002694, 4.2104278, -0.046000067, 7.317227, -0.39326814, 0.5974596, -0.5810172, 0.3883314, 1599.6957, 1599.6957, 955.3501, 717.7134, , 
65822.495946041, 002695, 4.2172794, -0.04681301, 7.323127, -0.39269426, 0.5966643, -0.58126074, 0.38976783, 1600.1476, 1600.1476, 955.34924, 717.7138, , 
65822.512615041, 002696, 4.2240553, -0.048187874, 7.328595, -0.3921468, 0.59569365, -0.58181375, 0.3909767, 1600.1476, 1600.1476, 955.3483, 717.71326, , 
65822.529284, 002697, 4.231076, -0.04903002, 7.3343716, -0.39143404, 0.5945787, -0.582736, 0.39201325, 1599.6957, 1599.6957, 955.34796, 717.7119, , 
65822.562621916, 002698, 4.245233, -0.049940605, 7.346247, -0.38978893, 0.59128636, -0.58555067, 0.3944306, 1599.6957, 1599.6957, 955.3473, 717.70593, , 
65822.579290875, 002699, 4.2522626, -0.050166253, 7.352398, -0.388797, 0.58927315, -0.586985, 0.3962862, 1599.6957, 1599.6957, 955.34656, 717.70325, , 
65822.595959875, 002700, 4.2590103, -0.05063714, 7.358562, -0.38756692, 0.5872476, -0.5882436, 0.39862466, 1599.6957, 1599.6957, 955.34564, 717.7012, , 
65822.629297791, 002701, 4.2729006, -0.051121518, 7.371432, -0.3845325, 0.58412683, -0.58992004, 0.40363982, 1599.6957, 1599.6957, 955.34344, 717.70026, , 
65822.645966791, 002702, 4.280305, -0.05089964, 7.378088, -0.38256904, 0.5832464, -0.59058595, 0.40579885, 1599.6957, 1599.6957, 955.34296, 717.7015, , 
65822.662635833, 002703, 4.287879, -0.05046621, 7.384712, -0.38023508, 0.58268744, -0.59154326, 0.40739805, 1599.6957, 1599.6957, 955.3433, 717.70337, , 
65822.679304791, 002704, 4.2954955, -0.049809057, 7.3912325, -0.37773302, 0.58209616, -0.59295803, 0.4085128, 1599.6957, 1599.6957, 955.3445, 717.7039, , 
65822.712642625, 002705, 4.310042, -0.04842759, 7.4040565, -0.37319708, 0.58005816, -0.5966157, 0.4102515, 1599.6957, 1599.6957, 955.3473, 717.7011, , 
65822.729311625, 002706, 4.317003, -0.047842856, 7.4104424, -0.37125155, 0.578864, -0.5984187, 0.41107646, 1599.6957, 1599.6957, 955.3483, 717.69904, , 
65822.745980666, 002707, 4.324135, -0.047092732, 7.4167466, -0.36954844, 0.57782245, -0.59995484, 0.41183668, 1600.1476, 1600.1476, 955.3491, 717.6973, , 
65822.7626495, 002708, 4.331246, -0.046392664, 7.4230433, -0.36779976, 0.57696104, -0.6012908, 0.4126603, 1599.6957, 1599.6957, 955.35, 717.69617, , 
65822.795987541, 002709, 4.344834, -0.045292433, 7.43561, -0.3634462, 0.57492775, -0.60399157, 0.41540247, 1599.6957, 1599.6957, 955.35156, 717.6952, , 
65822.812656541, 002710, 4.3509073, -0.04511172, 7.4421372, -0.36104426, 0.5731822, -0.60549945, 0.41770762, 1599.6957, 1599.6957, 955.35156, 717.69464, , 
65822.829325375, 002711, 4.3566585, -0.04502873, 7.448644, -0.35842514, 0.5709906, -0.60713935, 0.42057455, 1599.6957, 1599.6957, 955.35114, 717.6934, , 
65822.862663458, 002712, 4.3678613, -0.045278195, 7.4616685, -0.35204923, 0.56717724, -0.6099728, 0.4269715, 1599.6957, 1599.6957, 955.3502, 717.6941, , 
65822.879332375, 002713, 4.3732743, -0.045834847, 7.4685497, -0.3478841, 0.56600654, -0.6110426, 0.43039528, 1599.6957, 1599.6957, 955.3503, 717.6969, , 
65822.896001458, 002714, 4.3785224, -0.04663169, 7.4756827, -0.3431725, 0.56511515, -0.61203325, 0.43392718, 1599.6957, 1599.6957, 955.35114, 717.7025, , 
65822.912670291, 002715, 4.383752, -0.04796862, 7.4828486, -0.33823067, 0.5646375, -0.6129625, 0.4371059, 1599.6957, 1599.6957, 955.3522, 717.7074, , 
65822.946008333, 002716, 4.394316, -0.050802037, 7.4974437, -0.32845852, 0.5651444, -0.6152258, 0.44070846, 1599.6957, 1599.6957, 955.3577, 717.7181, , 
65822.962677333, 002717, 4.39954, -0.052144825, 7.504722, -0.32340968, 0.5657519, -0.6170197, 0.44115478, 1599.6957, 1599.6957, 955.3618, 717.7211, , 
65822.979346333, 002718, 4.404595, -0.053410634, 7.511851, -0.3181958, 0.5660811, -0.61948645, 0.44106716, 1599.2438, 1599.2438, 955.3667, 717.72266, , 
65823.012684208, 002719, 4.414099, -0.056347925, 7.525402, -0.30763218, 0.5660583, -0.62538445, 0.44026688, 1599.6957, 1599.6957, 955.3796, 717.7215, , 
65823.029353166, 002720, 4.4186473, -0.057949126, 7.5318766, -0.3028726, 0.5658663, -0.6281554, 0.43986866, 1599.2438, 1599.2438, 955.3851, 717.7203, , 
65823.046022166, 002721, 4.423106, -0.059205353, 7.5384817, -0.29861757, 0.5655007, -0.63053334, 0.43984577, 1599.6957, 1599.6957, 955.39136, 717.7188, , 
65823.079360041, 002722, 4.4317074, -0.06154405, 7.5519133, -0.29191044, 0.56475455, -0.6333962, 0.4411914, 1599.6957, 1599.6957, 955.3975, 717.71906, , 
65823.096029083, 002723, 4.4358463, -0.06274126, 7.5587773, -0.28927383, 0.56435597, -0.6340115, 0.44255224, 1599.6957, 1599.6957, 955.39935, 717.72095, , 
65823.112698083, 002724, 4.440093, -0.06425955, 7.5658755, -0.28701118, 0.56417924, -0.63415575, 0.44404146, 1599.6957, 1599.6957, 955.40027, 717.7233, , 
65823.146035875, 002725, 4.449082, -0.06705047, 7.5801105, -0.2836777, 0.5647722, -0.63377666, 0.44596684, 1599.6957, 1599.6957, 955.40216, 717.73, , 
65823.162704916, 002726, 4.4539547, -0.06817389, 7.587083, -0.2825765, 0.5654351, -0.63369626, 0.44594035, 1599.6957, 1599.6957, 955.40356, 717.73193, , 
65823.196042958, 002727, 4.464212, -0.06997481, 7.600699, -0.28203702, 0.56690145, -0.6337477, 0.44434422, 1599.2438, 1599.2438, 955.40643, 717.73346, , 
65823.21271175, 002728, 4.4693446, -0.07073018, 7.607161, -0.28279108, 0.56743544, -0.6338582, 0.44302365, 1599.2438, 1599.2438, 955.4077, 717.7323, , 
65823.22938075, 002729, 4.474595, -0.07133643, 7.6134753, -0.28417945, 0.56792915, -0.6338777, 0.441472, 1599.2438, 1599.2438, 955.4081, 717.7306, , 
65823.262718791, 002730, 4.485524, -0.0721571, 7.625908, -0.28760442, 0.5687991, -0.6336804, 0.43840665, 1599.2438, 1599.2438, 955.40796, 717.72614, , 
65823.279387625, 002731, 4.4911084, -0.07239329, 7.631946, -0.28974646, 0.56913215, -0.63336897, 0.4370119, 1599.2438, 1599.2438, 955.40753, 717.7243, , 
65823.312725666, 002732, 4.501496, -0.072266035, 7.642954, -0.29553723, 0.56860244, -0.63243616, 0.43517068, 1599.6957, 1599.6957, 955.40283, 717.71826, , 
65823.329394708, 002733, 4.506392, -0.07197133, 7.6480517, -0.29931077, 0.5679249, -0.631676, 0.43457982, 1599.6957, 1599.6957, 955.3995, 717.715, , 
65823.3627325, 002734, 4.517321, -0.07134255, 7.659007, -0.30875263, 0.56737196, -0.6289771, 0.4326068, 1599.6957, 1599.6957, 955.3903, 717.70807, , 
65823.3794015, 002735, 4.523474, -0.071095906, 7.664694, -0.31408882, 0.5686173, -0.6267392, 0.43037257, 1599.2438, 1599.2438, 955.38715, 717.7066, , 
65823.396070583, 002736, 4.530156, -0.07094734, 7.6704583, -0.3193038, 0.5712976, -0.6239589, 0.42701215, 1599.2438, 1599.2438, 955.3853, 717.70703, , 
65823.429408333, 002737, 4.5423865, -0.0703021, 7.6798344, -0.3279943, 0.5776177, -0.61938745, 0.41849333, 1599.2438, 1599.2438, 955.38586, 717.7095, , 
65823.446077416, 002738, 4.5489645, -0.06973662, 7.684594, -0.33129328, 0.57964927, -0.6187409, 0.4140183, 1599.2438, 1599.2438, 955.3875, 717.70746, , 
65823.479415416, 002739, 4.5616384, -0.06797293, 7.693673, -0.33771977, 0.58052015, -0.61963296, 0.40619797, 1599.6957, 1599.6957, 955.3906, 717.69415, , 
65823.496084458, 002740, 4.567853, -0.06697887, 7.698193, -0.34163654, 0.58068454, -0.6195498, 0.40280032, 1599.6957, 1599.6957, 955.3906, 717.68787, , 
65823.512753333, 002741, 4.5738, -0.065955706, 7.7025642, -0.34573475, 0.5819126, -0.6185194, 0.3990978, 1599.6957, 1599.6957, 955.3905, 717.68365, , 
65823.546091291, 002742, 4.5875254, -0.0643234, 7.71163, -0.35265645, 0.58883506, -0.6143716, 0.3891712, 1599.6957, 1599.6957, 955.39435, 717.6842, , 
65823.562760333, 002743, 4.5948286, -0.063546695, 7.715943, -0.35557017, 0.59343374, -0.611879, 0.38341936, 1599.6957, 1599.6957, 955.39795, 717.6877, , 
65823.579429166, 002744, 4.6015887, -0.06252976, 7.7198315, -0.3584758, 0.5969155, -0.6099413, 0.37836298, 1599.6957, 1599.6957, 955.40216, 717.69055, , 
65823.612767125, 002745, 4.612618, -0.059941404, 7.726472, -0.36576596, 0.5988567, -0.6077194, 0.37183735, 1599.6957, 1599.6957, 955.40295, 717.6864, , 
65823.629436208, 002746, 4.617328, -0.058465116, 7.7293477, -0.3700428, 0.5985674, -0.6065849, 0.36991906, 1599.6957, 1599.6957, 955.401, 717.68207, , 
65823.646105166, 002747, 4.621953, -0.057099015, 7.732121, -0.3743633, 0.598708, -0.60487413, 0.36814123, 1599.6957, 1599.6957, 955.3975, 717.67786, , 
65823.679443, 002748, 4.631467, -0.05497047, 7.7376146, -0.38282934, 0.6010243, -0.59984475, 0.36386496, 1599.6957, 1599.6957, 955.39294, 717.67676, , 
65823.696112041, 002749, 4.636328, -0.05409053, 7.74031, -0.3868671, 0.6026022, -0.59718484, 0.36135128, 1599.6957, 1599.6957, 955.3906, 717.67755, , 
65823.712781041, 002750, 4.64102, -0.053362347, 7.743209, -0.39065328, 0.6040628, -0.5948863, 0.35862043, 1599.2438, 1599.2438, 955.38934, 717.6776, , 
65823.746118875, 002751, 4.650822, -0.051917333, 7.748547, -0.39702567, 0.6069384, -0.59155595, 0.3522185, 1599.2438, 1599.2438, 955.3893, 717.67566, , 
65823.762787833, 002752, 4.655843, -0.051234126, 7.7510076, -0.39955303, 0.6084306, -0.5902821, 0.3489078, 1599.2438, 1599.2438, 955.3902, 717.67487, , 
65823.779456958, 002753, 4.6607757, -0.05060107, 7.7534294, -0.4017761, 0.60984135, -0.5890771, 0.34591573, 1599.6957, 1599.6957, 955.39124, 717.6744, , 
65823.812794791, 002754, 4.670377, -0.049596116, 7.7585535, -0.4053083, 0.6120084, -0.58692926, 0.34159186, 1599.6957, 1599.6957, 955.3925, 717.67395, , 
65823.82946375, 002755, 4.674995, -0.049176134, 7.7611604, -0.40663162, 0.61291784, -0.58585054, 0.34023756, 1599.6957, 1599.6957, 955.3925, 717.67444, , 
65823.84613275, 002756, 4.679578, -0.04883273, 7.763811, -0.40764815, 0.6139201, -0.5846812, 0.33922407, 1599.6957, 1599.6957, 955.3923, 717.676, , 
65823.879470625, 002757, 4.6890926, -0.048500173, 7.769396, -0.4088587, 0.6168565, -0.5818832, 0.33724555, 1599.6957, 1599.6957, 955.3925, 717.6816, , 
65823.896139666, 002758, 4.6940236, -0.048437186, 7.772207, -0.40957147, 0.6185492, -0.5802467, 0.33609778, 1599.6957, 1599.6957, 955.3929, 717.6861, , 
65823.912808666, 002759, 4.6990066, -0.048351284, 7.774917, -0.41059253, 0.62005764, -0.5785806, 0.3349432, 1599.6957, 1599.6957, 955.39276, 717.6891, , 
65823.946146666, 002760, 4.7089267, -0.047993988, 7.7799897, -0.4140443, 0.6218108, -0.5755513, 0.33265513, 1599.6957, 1599.6957, 955.39124, 717.6916, , 
65823.962815458, 002761, 4.713895, -0.047757607, 7.782392, -0.415935, 0.622137, -0.5744667, 0.33155945, 1599.6957, 1599.6957, 955.3901, 717.69104, , 
65823.9794845, 002762, 4.718941, -0.04752568, 7.7847652, -0.41757816, 0.6222525, -0.57370824, 0.3305889, 1599.2438, 1599.2438, 955.3893, 717.69, , 
65824.012822583, 002763, 4.729267, -0.04728799, 7.7894917, -0.41999882, 0.6226688, -0.5724635, 0.32889247, 1599.2438, 1599.2438, 955.3882, 717.6881, , 
65824.029491333, 002764, 4.734617, -0.047319293, 7.7918673, -0.4208607, 0.62310135, -0.57180554, 0.32811517, 1599.2438, 1599.2438, 955.38806, 717.6881, , 
65824.046160416, 002765, 4.7401724, -0.04737889, 7.794226, -0.4215908, 0.6233601, -0.57129693, 0.32757154, 1599.2438, 1599.2438, 955.3879, 717.6881, , 
65824.079498375, 002766, 4.7515764, -0.04754048, 7.7987905, -0.4231245, 0.62317944, -0.5705899, 0.32716995, 1599.2438, 1599.2438, 955.3866, 717.6869, , 
65824.096167416, 002767, 4.7575326, -0.047674213, 7.8009768, -0.42383063, 0.623103, -0.5702413, 0.32700947, 1599.2438, 1599.2438, 955.386, 717.68634, , 
65824.112836291, 002768, 4.762629, -0.04793908, 7.802344, -0.42439246, 0.62322205, -0.56981295, 0.32680047, 1599.6957, 1599.6957, 955.38544, 717.68616, , 
65824.14617425, 002769, 4.774296, -0.04839384, 7.8055744, -0.42577416, 0.6235058, -0.56877446, 0.32627067, 1599.6957, 1599.6957, 955.38446, 717.6863, , 
65824.162843291, 002770, 4.7808075, -0.048513673, 7.807433, -0.4267624, 0.6233743, -0.5682398, 0.32616228, 1599.6957, 1599.6957, 955.3832, 717.6856, , 
65824.179512083, 002771, 4.7875247, -0.04861393, 7.809276, -0.42783758, 0.6231858, -0.5676697, 0.32610676, 1599.6957, 1599.6957, 955.38214, 717.6848, , 
65824.212850166, 002772, 4.800704, -0.04920196, 7.8124747, -0.4298696, 0.62299025, -0.5665496, 0.32575575, 1599.6957, 1599.6957, 955.3803, 717.6836, , 
65824.229519083, 002773, 4.807249, -0.04962968, 7.8138094, -0.43092662, 0.6229023, -0.56608194, 0.32534027, 1599.6957, 1599.6957, 955.3795, 717.6825, , 
65824.246187958, 002774, 4.814381, -0.049854435, 7.815226, -0.4320785, 0.62262124, -0.56573284, 0.32495758, 1599.6957, 1599.6957, 955.3789, 717.6811, , 
65824.279525958, 002775, 4.8291607, -0.050096832, 7.817874, -0.4345232, 0.6214636, -0.5652612, 0.32473424, 1599.6957, 1599.6957, 955.3767, 717.67664, , 
65826.296471291, 002869, 5.4397025, -0.080982625, 7.9805374, -0.42847925, 0.6728875, -0.5479681, 0.25171164, 1594.2728, 1594.2728, 955.47144, 717.75244, , 
65826.313140291, 002870, 5.4396605, -0.083317176, 7.9862223, -0.42086247, 0.67233473, -0.5527933, 0.25546074, 1594.7247, 1594.7247, 955.4804, 717.7551, , 
65826.346478166, 002871, 5.439567, -0.08769388, 7.999047, -0.40492862, 0.6720999, -0.5614485, 0.26284975, 1596.5323, 1596.5323, 955.4952, 717.76263, , 
65826.363147208, 002872, 5.438954, -0.0896414, 8.00581, -0.39702484, 0.6714429, -0.5656718, 0.26749006, 1596.5323, 1596.5323, 955.5038, 717.7672, , 
65826.379816125, 002873, 5.437811, -0.0912931, 8.012724, -0.38966495, 0.6699809, -0.5697246, 0.27331427, 1596.5323, 1596.5323, 955.5076, 717.7695, , 
65826.396485125, 002874, 5.4362254, -0.09271033, 8.019757, -0.38265288, 0.6678853, -0.5735722, 0.28021583, 1599.6957, 1599.6957, 955.5092, 717.77094, , 
65826.429823, 002875, 5.432355, -0.095143974, 8.034639, -0.36699373, 0.6624174, -0.5821198, 0.29606646, 1599.6957, 1599.6957, 955.51135, 717.77325, , 
65826.446491958, 002876, 5.4299865, -0.09624255, 8.042144, -0.35766548, 0.6592848, -0.5870434, 0.30462953, 1599.2438, 1599.2438, 955.5133, 717.77423, , 
65826.463161, 002877, 5.427402, -0.09727588, 8.049695, -0.34777322, 0.6561196, -0.59186536, 0.31345874, 1601.5033, 1601.5033, 955.51575, 717.7758, , 
65826.496498875, 002878, 5.4213634, -0.09890048, 8.064653, -0.32815367, 0.64884293, -0.6009153, 0.33199242, 1601.5033, 1601.5033, 955.5196, 717.7799, , 
65826.513167791, 002879, 5.417621, -0.09946911, 8.072043, -0.31844074, 0.6445228, -0.605451, 0.3414892, 1601.5033, 1601.5033, 955.52014, 717.78076, , 
65826.529836875, 002880, 5.4134684, -0.099916354, 8.079315, -0.30853567, 0.63963497, -0.6102247, 0.35113883, 1603.7628, 1603.7628, 955.52075, 717.7806, , 
65826.546505875, 002881, 5.4090323, -0.100296855, 8.086428, -0.29852083, 0.6343989, -0.61499107, 0.3608454, 1603.7628, 1603.7628, 955.5209, 717.7797, , 
65826.579843708, 002882, 5.3993673, -0.10101034, 8.100304, -0.27887684, 0.62370175, -0.62347555, 0.38013428, 1603.7628, 1603.7628, 955.52014, 717.77856, , 
65826.596512666, 002883, 5.3941026, -0.10136498, 8.107095, -0.26921135, 0.61831313, -0.6271148, 0.38979632, 1606.0223, 1606.0223, 955.519, 717.77905, , 
65826.613181708, 002884, 5.388783, -0.10200874, 8.113684, -0.25954086, 0.61277235, -0.63044846, 0.39960384, 1606.0223, 1606.0223, 955.5177, 717.7797, , 
65826.646519583, 002885, 5.3764954, -0.10276896, 8.126662, -0.2395654, 0.6005617, -0.63673294, 0.42012545, 1606.0223, 1606.0223, 955.5133, 717.7821, , 
65826.663188541, 002886, 5.369784, -0.103098966, 8.132912, -0.22917444, 0.5939051, -0.6398869, 0.43046555, 1608.2819, 1608.2819, 955.5112, 717.7829, , 
65826.679857583, 002887, 5.36283, -0.10347605, 8.138964, -0.21846473, 0.5871276, -0.6429848, 0.44059616, 1608.2819, 1608.2819, 955.5096, 717.7835, , 
65826.696526583, 002888, 5.3557143, -0.10390529, 8.144782, -0.20753512, 0.5803728, -0.64600724, 0.4503014, 1607.83, 1607.83, 955.50854, 717.7845, , 
65826.729864416, 002889, 5.340623, -0.105019435, 8.15588, -0.18533458, 0.566602, -0.6518394, 0.46874148, 1612.349, 1612.349, 955.5083, 717.7854, , 
65826.746533458, 002890, 5.3327546, -0.10544785, 8.16083, -0.17416039, 0.5592297, -0.6548026, 0.47766504, 1612.349, 1612.349, 955.5083, 717.78485, , 
65826.763202375, 002891, 5.324595, -0.105821654, 8.165376, -0.16287686, 0.55140615, -0.65782964, 0.48650026, 1612.349, 1612.349, 955.50793, 717.7836, , 
65826.779871458, 002892, 5.3161616, -0.106161624, 8.169508, -0.15151215, 0.54325724, -0.6608197, 0.4952101, 1612.349, 1612.349, 955.5075, 717.7819, , 
65826.813209291, 002893, 5.2986712, -0.10699895, 8.176059, -0.12919782, 0.52579755, -0.6664217, 0.51256907, 1604.6666, 1604.6666, 955.5048, 717.77686, , 
65826.829878291, 002894, 5.289534, -0.107275724, 8.178817, -0.11856543, 0.51660925, -0.6688693, 0.52122074, 1604.6666, 1604.6666, 955.5024, 717.7744, , 
65826.846547333, 002895, 5.280217, -0.107467875, 8.181392, -0.10832907, 0.50751305, -0.67088294, 0.52972776, 1604.6666, 1604.6666, 955.4984, 717.77185, , 
65826.863216125, 002896, 5.2708764, -0.10766646, 8.183832, -0.09843307, 0.49897823, -0.6723302, 0.53786975, 1604.6666, 1604.6666, 955.4956, 717.7711, , 
65826.879885166, 002897, 5.2616143, -0.1078905, 8.18618, -0.088805564, 0.4912667, -0.67325634, 0.5454324, 1604.6666, 1604.6666, 955.49365, 717.77167, , 
65826.913223166, 002898, 5.24325, -0.10760983, 8.189592, -0.07040477, 0.47759387, -0.67460465, 0.55844057, 1604.6666, 1604.6666, 955.4924, 717.7743, , 
65826.929892166, 002899, 5.234246, -0.107314184, 8.1910305, -0.061943, 0.4707842, -0.6755608, 0.5640416, 1604.6666, 1604.6666, 955.4919, 717.77386, , 
65826.946560958, 002900, 5.2252765, -0.106860295, 8.192198, -0.05402643, 0.46373162, -0.67676693, 0.5692281, 1604.6666, 1604.6666, 955.49084, 717.7723, , 
65826.979899, 002901, 5.207355, -0.10558267, 8.193804, -0.03911923, 0.4492128, -0.679692, 0.5785295, 1604.6666, 1604.6666, 955.4868, 717.7648, , 
65826.996568, 002902, 5.198376, -0.10491687, 8.194404, -0.031763963, 0.44227156, -0.68101233, 0.58275986, 1604.6666, 1604.6666, 955.4854, 717.7612, , 
65827.013236833, 002903, 5.1896234, -0.10416444, 8.194345, -0.02452453, 0.4356759, -0.68202966, 0.58687365, 1604.6666, 1604.6666, 955.484, 717.7576, , 
65827.046574875, 002904, 5.1713605, -0.102847084, 8.194723, -0.010472301, 0.42272773, -0.68339753, 0.59511304, 1604.6666, 1604.6666, 955.48206, 717.754, , 
65827.063243875, 002905, 5.1618805, -0.10213214, 8.194703, -0.0036052181, 0.4158107, -0.68395084, 0.59941614, 1604.6666, 1604.6666, 955.4796, 717.75165, , 
65827.079912666, 002906, 5.1521897, -0.10140692, 8.194481, 0.0031855782, 0.40867263, -0.6843467, 0.6038594, 1604.6666, 1604.6666, 955.47723, 717.7501, , 
65827.096581625, 002907, 5.1423054, -0.100724325, 8.194091, 0.009840486, 0.40154848, -0.6844118, 0.60847557, 1605.1185, 1605.1185, 955.4746, 717.74927, , 
65827.129919666, 002908, 5.1214814, -0.09974514, 8.192737, 0.02272761, 0.3872417, -0.6836323, 0.61820245, 1604.6666, 1604.6666, 955.4677, 717.7503, , 
65827.146588666, 002909, 5.1109824, -0.099120386, 8.19176, 0.02868803, 0.37993953, -0.6830327, 0.6231286, 1604.6666, 1604.6666, 955.4641, 717.7514, , 
65827.163257541, 002910, 5.100466, -0.09843053, 8.190607, 0.034229375, 0.3726556, -0.6824292, 0.6278905, 1604.6666, 1604.6666, 955.4588, 717.7527, , 
65827.196595541, 002911, 5.0793223, -0.09702787, 8.187945, 0.04438979, 0.35856652, -0.681137, 0.6367983, 1604.6666, 1604.6666, 955.4505, 717.7547, , 
65827.213264583, 002912, 5.0687966, -0.09666087, 8.186258, 0.049209297, 0.35188052, -0.68035084, 0.6410003, 1605.1185, 1605.1185, 955.4468, 717.75604, , 
65827.229933333, 002913, 5.058208, -0.09629877, 8.184574, 0.054014474, 0.3454732, -0.6794782, 0.6450117, 1605.1185, 1605.1185, 955.44226, 717.7582, , 
65827.246602375, 002914, 5.0474725, -0.09583051, 8.182999, 0.058945857, 0.33929995, -0.6785514, 0.6488212, 1604.6666, 1604.6666, 955.43945, 717.7599, , 
65827.279940375, 002915, 5.025735, -0.09500396, 8.179821, 0.06869187, 0.32771376, -0.67669374, 0.6557215, 1604.6666, 1604.6666, 955.43445, 717.7636, , 
65827.296609416, 002916, 5.014758, -0.09471066, 8.178179, 0.07327084, 0.32229257, -0.6758262, 0.6588003, 1604.6666, 1604.6666, 955.4326, 717.765, , 
65827.313278208, 002917, 5.00327, -0.09480964, 8.176274, 0.077813394, 0.3170834, -0.67500955, 0.66163844, 1604.6666, 1604.6666, 955.43097, 717.7661, , 
65827.346616291, 002918, 4.980404, -0.09490586, 8.172694, 0.086846605, 0.3076189, -0.6731801, 0.66682595, 1604.6666, 1604.6666, 955.4288, 717.7691, , 
65827.36328525, 002919, 4.969061, -0.094793156, 8.170921, 0.09106379, 0.3031713, -0.67220646, 0.669278, 1604.6666, 1604.6666, 955.428, 717.7706, , 
65827.379954083, 002920, 4.9577518, -0.09460368, 8.169078, -0.094811276, -0.2989485, 0.6712353, -0.67162776, 1604.6666, 1604.6666, 955.42706, 717.7722, , 
65827.396623125, 002921, 4.946513, -0.0943217, 8.167159, -0.098041855, -0.29495323, 0.67031884, -0.673842, 1604.6666, 1604.6666, 955.4254, 717.77435, , 
65827.429961083, 002922, 4.9244785, -0.09400627, 8.163004, -0.1033644, -0.28703403, 0.6688692, -0.67789465, 1605.1185, 1605.1185, 955.42206, 717.7767, , 
65827.446630125, 002923, 4.91364, -0.093440495, 8.160891, -0.10571981, -0.28305984, 0.6683924, -0.67967045, 1605.1185, 1605.1185, 955.41925, 717.77734, , 
65827.463298875, 002924, 4.902996, -0.09267974, 8.158745, -0.10787635, -0.27914628, 0.6680949, -0.6812409, 1605.5704, 1605.5704, 955.4172, 717.7773, , 
65827.496636958, 002925, 4.8823867, -0.09071464, 8.154312, -0.11186228, -0.2712211, 0.66822696, -0.68366563, 1605.1185, 1605.1185, 955.41156, 717.7746, , 
65827.513305958, 002926, 4.872102, -0.09008898, 8.151984, -0.11367299, -0.26705977, 0.6685744, -0.6846647, 1605.1185, 1605.1185, 955.4089, 717.77246, , 
65827.529974833, 002927, 4.862094, -0.08934152, 8.149719, -0.11529991, -0.2628617, 0.66897637, -0.68562406, 1602.859, 1602.859, 955.4061, 717.7702, , 
65827.563312791, 002928, 4.8432665, -0.0871265, 8.145643, -0.11822467, -0.25491214, 0.6697347, -0.687385, 1603.3109, 1603.3109, 955.39935, 717.765, , 
65827.57998175, 002929, 4.834337, -0.08597015, 8.143937, -0.11942565, -0.25179216, 0.669921, -0.68814546, 1603.3109, 1603.3109, 955.39716, 717.7635, , 
65827.596650833, 002930, 4.8257303, -0.0848366, 8.142479, -0.120172724, -0.24945894, 0.6699021, -0.6888832, 1601.0514, 1601.0514, 955.3947, 717.76263, , 
65827.629988666, 002931, 4.810058, -0.08259309, 8.13975, -0.12039093, -0.24530181, 0.6699659, -0.69027436, 1601.0514, 1601.0514, 955.39087, 717.7622, , 
65827.646657666, 002932, 4.802681, -0.08122085, 8.13853, -0.12010304, -0.24314378, 0.6702164, -0.69084466, 1600.5995, 1600.5995, 955.3884, 717.7614, , 
65827.679995458, 002933, 4.789007, -0.07837441, 8.136537, -0.119084254, -0.23974468, 0.67070484, -0.69173443, 1598.7919, 1598.7919, 955.3831, 717.7598, , 
65827.6966645, 002934, 4.7826886, -0.07693801, 8.135654, -0.11839384, -0.23822865, 0.67106336, -0.69202876, 1598.7919, 1598.7919, 955.3811, 717.759, , 
65827.7133335, 002935, 4.777251, -0.07564379, 8.1349325, -0.11737535, -0.23672552, 0.67160004, -0.6921975, 1598.7919, 1598.7919, 955.378, 717.7573, , 
65827.746671458, 002936, 4.7666993, -0.07307274, 8.133774, -0.11468252, -0.23434635, 0.67251986, -0.6925653, 1596.5323, 1596.5323, 955.3731, 717.75507, , 
65827.763340333, 002937, 4.7615438, -0.07188076, 8.133461, -0.11323609, -0.23380147, 0.6727171, -0.692796, 1596.5323, 1596.5323, 955.3712, 717.7548, , 
65827.796678333, 002938, 4.751842, -0.06974181, 8.133207, -0.11117301, -0.2329135, 0.6729713, -0.69318205, 1593.8209, 1593.8209, 955.368, 717.755, , 
65827.813347375, 002939, 4.7481084, -0.06895471, 8.13351, -0.110649355, -0.23194307, 0.6734497, -0.6931266, 1593.8209, 1593.8209, 955.3666, 717.75397, , 
65827.830016166, 002940, 4.744563, -0.06817104, 8.133869, -0.110063694, -0.23077223, 0.67414767, -0.69293225, 1593.8209, 1593.8209, 955.3645, 717.7514, , 
65827.863354208, 002941, 4.7372036, -0.06666208, 8.134578, -0.108267784, -0.22904402, 0.6754054, -0.69256383, 1590.2057, 1590.2057, 955.3613, 717.7477, , 
65827.88002325, 002942, 4.7336373, -0.06605023, 8.135033, -0.107496075, -0.22817396, 0.6759001, -0.6924885, 1590.2057, 1590.2057, 955.3595, 717.74585, , 
65827.913361083, 002943, 4.726921, -0.06491715, 8.136298, -0.106343895, -0.22636333, 0.6769196, -0.6922648, 1590.2057, 1590.2057, 955.35706, 717.7428, , 
65827.930030083, 002944, 4.724648, -0.06475422, 8.137428, -0.10570952, -0.2258003, 0.6774344, -0.6920421, 1603.7628, 1603.7628, 955.3555, 717.74084, , 
65827.963368041, 002945, 4.7195764, -0.06380657, 8.139852, -0.10411385, -0.22537555, 0.6787181, -0.69116426, 1603.7628, 1603.7628, 955.3538, 717.7374, , 
65827.980036875, 002946, 4.717162, -0.063172944, 8.141011, -0.10340487, -0.2248366, 0.67962474, -0.690555, 1603.7628, 1603.7628, 955.35266, 717.73395, , 
65828.013374916, 002947, 4.712515, -0.06199619, 8.143353, -0.10117401, -0.22322041, 0.6816735, -0.68938935, 1603.7628, 1603.7628, 955.34985, 717.72766, , 
65828.030043916, 002948, 4.710297, -0.06154495, 8.144675, -0.09985024, -0.22270663, 0.68245906, -0.68897116, 1603.7628, 1603.7628, 955.34784, 717.7245, , 
65828.06338175, 002949, 4.7065363, -0.060200892, 8.147313, -0.09830143, -0.2210992, 0.68376505, -0.6884164, 1603.7628, 1603.7628, 955.34564, 717.7208, , 
65828.08005075, 002950, 4.704958, -0.059248902, 8.148561, -0.097766064, -0.2195642, 0.6846928, -0.68806183, 1603.7628, 1603.7628, 955.34424, 717.71826, , 
65828.113388791, 002951, 4.7025156, -0.057187565, 8.150995, 0.09677064, 0.2148218, -0.68737066, 0.6870288, 1603.7628, 1603.7628, 955.33984, 717.7086, , 
65828.130057541, 002952, 4.7015066, -0.05615081, 8.152232, 0.09686057, 0.21185605, -0.68894774, 0.6863572, 1603.7628, 1603.7628, 955.3379, 717.7034, , 
65828.163395583, 002953, 4.699359, -0.053493068, 8.154647, 0.09785985, 0.20476612, -0.69217783, 0.6851162, 1603.7628, 1603.7628, 955.33356, 717.69, , 
65828.180064583, 002954, 4.6981955, -0.052174553, 8.155916, 0.09838569, 0.20087817, -0.69345284, 0.6849025, 1603.7628, 1603.7628, 955.3315, 717.68494, , 
65828.213402375, 002955, 4.6957273, -0.050021205, 8.15855, 0.09929677, 0.19352596, -0.6948043, 0.68551797, 1603.7628, 1603.7628, 955.3267, 717.678, , 
65828.230071416, 002956, 4.694464, -0.049165606, 8.15998, 0.09972679, 0.19045734, -0.6949549, 0.68616205, 1603.7628, 1603.7628, 955.3248, 717.67676, , 
65828.263409416, 002957, 4.6915164, -0.04776155, 8.163213, 0.10168087, 0.18568869, -0.6941024, 0.6880426, 1603.7628, 1603.7628, 955.3221, 717.6782, , 
65828.280078291, 002958, 4.6899447, -0.047170624, 8.164762, 0.10362975, 0.18359174, -0.6934593, 0.6889624, 1603.7628, 1603.7628, 955.3217, 717.6797, , 
65830.313691875, 003042, 4.129691, -0.021761142, 7.590883, 0.52616036, -0.3566573, -0.44457245, 0.63111496, 1597.4362, 1597.4362, 955.29913, 717.8066, , 
65830.330360791, 003043, 4.123199, -0.024992049, 7.5844584, 0.5317352, -0.35953104, -0.4381243, 0.6293189, 1596.9843, 1596.9843, 955.30115, 717.80756, , 
65830.363698625, 003044, 4.110706, -0.030424155, 7.5709195, 0.54213583, -0.36481553, -0.4267442, 0.6252102, 1597.4362, 1597.4362, 955.3054, 717.8071, , 
65830.380367625, 003045, 4.105008, -0.032790817, 7.5639043, 0.5474911, -0.36777875, -0.42118448, 0.6225721, 1597.4362, 1597.4362, 955.30695, 717.8058, , 
65830.413705708, 003046, 4.0954113, -0.037971742, 7.549469, 0.55962485, -0.3754609, -0.4082737, 0.61576104, 1596.9843, 1596.9843, 955.3108, 717.8011, , 
65830.430374625, 003047, 4.0912213, -0.04079161, 7.5418477, 0.5657439, -0.37984362, -0.4008116, 0.61237466, 1597.4362, 1597.4362, 955.31287, 717.8, , 
65830.4637125, 003048, 4.0832005, -0.046261694, 7.525239, 0.5766598, -0.38862008, -0.3841378, 0.60735166, 1596.9843, 1596.9843, 955.3197, 717.80383, , 
65830.4803815, 003049, 4.0797453, -0.049116544, 7.516397, 0.58142114, -0.39338824, -0.37556508, 0.6051, 1596.9843, 1596.9843, 955.3231, 717.8076, , 
65830.513719333, 003050, 4.0742426, -0.05503839, 7.4979334, 0.5898548, -0.40404162, -0.35947987, 0.5996632, 1596.9843, 1596.9843, 955.32983, 717.81616, , 
65830.530388291, 003051, 4.0720477, -0.057983596, 7.48831, 0.5938171, -0.40959677, -0.35147697, 0.59672076, 1596.9843, 1596.9843, 955.3323, 717.81976, , 
65830.563726375, 003052, 4.0681353, -0.06368602, 7.4682493, 0.6018375, -0.41955954, -0.33343303, 0.5921012, 1596.9843, 1596.9843, 955.3411, 717.8304, , 
65830.580395333, 003053, 4.0663147, -0.06650613, 7.457959, 0.6058319, -0.42374292, -0.3236715, 0.59046286, 1596.9843, 1596.9843, 955.34656, 717.8357, , 
65830.597064166, 003054, 4.0647073, -0.06919554, 7.4476748, 0.60968506, -0.42762735, -0.31415838, 0.5888322, 1596.9843, 1596.9843, 955.3524, 717.84076, , 
65830.630402166, 003055, 4.0627685, -0.07332568, 7.426175, 0.61758906, -0.43587157, -0.2961937, 0.58384, 1596.9843, 1596.9843, 955.3644, 717.8485, , 
65830.647071166, 003056, 4.0622916, -0.07532882, 7.4158306, 0.6215145, -0.44027147, -0.2875726, 0.5806745, 1596.9843, 1596.9843, 955.36865, 717.8503, , 
65830.66374, 003057, 4.0619454, -0.07724742, 7.4055314, 0.6250792, -0.4445823, -0.2792795, 0.5776032, 1596.0804, 1596.0804, 955.37427, 717.85266, , 
65830.697078, 003058, 4.0613956, -0.080737546, 7.3848157, 0.63093656, -0.45269564, -0.26356462, 0.5722931, 1596.0804, 1596.0804, 955.3826, 717.8575, , 
65830.713746958, 003059, 4.0606203, -0.08229043, 7.373407, 0.63333005, -0.45661673, -0.25612667, 0.5699064, 1596.0804, 1596.0804, 955.38806, 717.8614, , 
65830.730416, 003060, 4.060224, -0.08368143, 7.362386, 0.6354098, -0.46055362, -0.24927863, 0.5674549, 1598.34, 1598.34, 955.3918, 717.8644, , 
65830.76375375, 003061, 4.0604086, -0.08600103, 7.3412037, 0.63900334, -0.46890306, -0.2373111, 0.5616833, 1598.34, 1598.34, 955.3968, 717.8692, , 
65830.780422833, 003062, 4.060656, -0.08704267, 7.3306966, 0.6407676, -0.4730542, -0.23163837, 0.55855215, 1598.34, 1598.34, 955.39905, 717.8715, , 
65830.797091791, 003063, 4.060826, -0.088111036, 7.320149, 0.6424882, -0.4768729, -0.2258959, 0.5556729, 1600.5995, 1600.5995, 955.40125, 717.8732, , 
65830.830429666, 003064, 4.059786, -0.0906991, 7.298559, 0.64504194, -0.48315844, -0.21622425, 0.55111337, 1600.1476, 1600.1476, 955.4061, 717.8774, , 
65830.847098708, 003065, 4.0594244, -0.091830544, 7.288072, 0.6460628, -0.4858404, -0.21253781, 0.5489897, 1600.1476, 1600.1476, 955.40753, 717.87866, , 
65830.863767666, 003066, 4.059031, -0.09288365, 7.277717, 0.6471233, -0.488272, -0.20945244, 0.5467646, 1602.4071, 1602.4071, 955.4082, 717.8791, , 
65830.897105458, 003067, 4.0578876, -0.094777994, 7.2574024, 0.64942855, -0.49232098, -0.20482464, 0.5421342, 1602.4071, 1602.4071, 955.40796, 717.8772, , 
65830.913774416, 003068, 4.0562606, -0.0954509, 7.2467794, 0.6505619, -0.4940231, -0.20327702, 0.53980434, 1602.4071, 1602.4071, 955.4069, 717.87537, , 
65830.930443458, 003069, 4.0550528, -0.09606443, 7.236817, 0.65154374, -0.49567512, -0.20231745, 0.53746134, 1604.6666, 1604.6666, 955.40497, 717.8725, , 
65830.947112458, 003070, 4.0539026, -0.096525714, 7.227131, 0.6522824, -0.49743402, -0.20190582, 0.5350898, 1604.6666, 1604.6666, 955.4027, 717.8705, , 
65830.980450291, 003071, 4.0508785, -0.09710806, 7.207885, 0.65222156, -0.5004874, -0.20278655, 0.5319746, 1604.6666, 1604.6666, 955.39703, 717.8687, , 
65830.997119291, 003072, 4.048618, -0.09732049, 7.1983013, 0.6515187, -0.5009213, -0.2035241, 0.5321459, 1606.9261, 1606.9261, 955.396, 717.87006, , 
65831.013788291, 003073, 4.0439377, -0.09785609, 7.189129, 0.6510235, -0.5006085, -0.20410413, 0.5328237, 1606.9261, 1606.9261, 955.3959, 717.8712, , 
65831.047126083, 003074, 4.0369644, -0.09696762, 7.1718416, 0.6516098, -0.5000034, -0.2064392, 0.53177464, 1606.9261, 1606.9261, 955.39294, 717.8674, , 
65831.063795083, 003075, 4.0339103, -0.09578753, 7.1637564, 0.6523903, -0.500025, -0.20838971, 0.53003365, 1610.9933, 1610.9933, 955.3897, 717.86285, , 
65831.080464166, 003076, 4.0307083, -0.0942908, 7.155876, 0.65317106, -0.5000069, -0.21062784, 0.52820134, 1610.9933, 1610.9933, 955.386, 717.8578, , 
65831.097133166, 003077, 4.027134, -0.0925916, 7.148076, 0.6537856, -0.49959564, -0.21282366, 0.5269485, 1610.9933, 1610.9933, 955.3816, 717.85144, , 
65831.130470958, 003078, 4.016313, -0.089099824, 7.1317315, 0.6542282, -0.49645737, -0.21593426, 0.52809846, 1605.1185, 1605.1185, 955.3794, 717.8457, , 
65831.147139958, 003079, 4.011161, -0.087242246, 7.124038, 0.65421563, -0.49385372, -0.21722828, 0.5300211, 1605.5704, 1605.5704, 955.38074, 717.8438, , 
65831.163809, 003080, 4.0060787, -0.085241094, 7.116767, 0.65436006, -0.49112898, -0.21876524, 0.5317396, 1605.5704, 1605.5704, 955.38184, 717.8418, , 
65831.180477916, 003081, 4.001256, -0.083071575, 7.109997, 0.65476257, -0.48879576, -0.22092332, 0.5325012, 1605.5704, 1605.5704, 955.3817, 717.83844, , 
65831.213815791, 003082, 3.9911659, -0.07928416, 7.096922, 0.6556839, -0.48537475, -0.22669125, 0.5320724, 1605.5704, 1605.5704, 955.3771, 717.827, , 
65831.23048475, 003083, 3.9862516, -0.07761048, 7.0907784, 0.6557715, -0.483704, -0.22992073, 0.53210026, 1605.1185, 1605.1185, 955.37463, 717.8225, , 
65831.24715375, 003084, 3.9813883, -0.07610712, 7.0848174, 0.65553284, -0.48186204, -0.23314258, 0.53266346, 1605.1185, 1605.1185, 955.37195, 717.8178, , 
65831.263822583, 003085, 3.9764488, -0.07482438, 7.078904, 0.655064, -0.4800191, -0.23629363, 0.53351486, 1605.1185, 1605.1185, 955.3704, 717.8152, , 
65831.280491625, 003086, 3.971382, -0.07374681, 7.0730014, 0.65442526, -0.47826692, -0.23937735, 0.53449684, 1605.1185, 1605.1185, 955.3689, 717.8131, , 
65831.313829625, 003087, 3.9597342, -0.07219565, 7.0606174, 0.65295005, -0.47432938, -0.24490921, 0.5372963, 1605.1185, 1605.1185, 955.3667, 717.8099, , 
65831.330498375, 003088, 3.9535077, -0.07170247, 7.0544853, 0.6522272, -0.47178882, -0.24715416, 0.539379, 1605.1185, 1605.1185, 955.3668, 717.80896, , 
65831.347167416, 003089, 3.9471633, -0.07140735, 7.0484285, 0.6515525, -0.46893525, -0.24882442, 0.54190916, 1605.1185, 1605.1185, 955.36786, 717.8087, , 
65831.363836458, 003090, 3.940776, -0.071258366, 7.0424256, 0.6509978, -0.46610975, -0.25001857, 0.5444578, 1605.1185, 1605.1185, 955.3703, 717.80884, , 
65831.397174416, 003091, 3.92827, -0.071217954, 7.030693, 0.64992434, -0.46183723, -0.2523703, 0.54828286, 1605.1185, 1605.1185, 955.373, 717.809, , 
65831.413843291, 003092, 3.921925, -0.071244135, 7.0245776, 0.6492997, -0.46060237, -0.2534182, 0.54957676, 1605.1185, 1605.1185, 955.37354, 717.8096, , 
65831.430512333, 003093, 3.9157145, -0.0715262, 7.0186, 0.64851433, -0.45977452, -0.2541447, 0.5508603, 1605.5704, 1605.5704, 955.374, 717.81085, , 
65831.447181291, 003094, 3.909477, -0.072012044, 7.012604, 0.6475669, -0.45922983, -0.25462425, 0.55220604, 1605.5704, 1605.5704, 955.37463, 717.81287, , 
65831.480519125, 003095, 3.896932, -0.0733934, 7.000464, 0.6453758, -0.4590749, -0.25554222, 0.55447143, 1605.5704, 1605.5704, 955.37555, 717.8192, , 
65831.497188083, 003096, 3.8906384, -0.07422018, 6.994308, 0.6441934, -0.45952794, -0.25627133, 0.55513406, 1605.5704, 1605.5704, 955.37506, 717.82184, , 
65831.513857125, 003097, 3.8840141, -0.075492375, 6.9879136, 0.6429647, -0.46010956, -0.25713605, 0.5556769, 1605.5704, 1605.5704, 955.37427, 717.82446, , 
65831.547195083, 003098, 3.8704023, -0.077854194, 6.975104, 0.6406017, -0.46044517, -0.2591683, 0.55718184, 1605.5704, 1605.5704, 955.3726, 717.82983, , 
65831.563863916, 003099, 3.8632658, -0.07905073, 6.968627, 0.63971204, -0.4601412, -0.26010832, 0.55801624, 1603.7628, 1603.7628, 955.3724, 717.8315, , 
65831.580532958, 003100, 3.8559697, -0.08022919, 6.962133, 0.6390619, -0.459737, -0.261067, 0.5586463, 1603.7628, 1603.7628, 955.3721, 717.8326, , 
65831.597201958, 003101, 3.848566, -0.08138172, 6.9556336, 0.6385542, -0.459406, -0.26217526, 0.5589801, 1603.7628, 1603.7628, 955.37134, 717.8327, , 
65831.630539708, 003102, 3.8340118, -0.084104486, 6.9431624, 0.6374256, -0.45922342, -0.2650151, 0.55907905, 1601.5033, 1601.5033, 955.36865, 717.8321, , 
65831.64720875, 003103, 3.8264334, -0.085189715, 6.936745, 0.63706386, -0.45939827, -0.2661706, 0.5587988, 1601.5033, 1601.5033, 955.3674, 717.83167, , 
65831.680546791, 003104, 3.8111923, -0.08685432, 6.924013, 0.6371724, -0.46032822, -0.26773477, 0.55716, 1601.5033, 1601.5033, 955.36414, 717.8288, , 
65831.697215791, 003105, 3.803645, -0.087371975, 6.917681, 0.6375912, -0.46125174, -0.26837832, 0.5556054, 1599.2438, 1599.2438, 955.3623, 717.82666, , 
65831.713884541, 003106, 3.79588, -0.08757196, 6.911238, 0.63800186, -0.4623897, -0.269178, 0.5537984, 1599.2438, 1599.2438, 955.36005, 717.8242, , 
65831.747222583, 003107, 3.7802413, -0.087797396, 6.897829, 0.6382863, -0.46437722, -0.2696115, 0.55159235, 1599.6957, 1599.6957, 955.35657, 717.8217, , 
65831.763891625, 003108, 3.7722023, -0.08767381, 6.8908334, 0.6383884, -0.465096, -0.2690815, 0.551127, 1596.9843, 1596.9843, 955.3563, 717.822, , 
65831.780560458, 003109, 3.7640505, -0.087316066, 6.883728, 0.6386068, -0.4656294, -0.268215, 0.550846, 1597.4362, 1597.4362, 955.35657, 717.8225, , 
65831.813898458, 003110, 3.7475061, -0.085740544, 6.869665, 0.63936937, -0.46562624, -0.26584578, 0.55111265, 1596.9843, 1596.9843, 955.35876, 717.8237, , 
65831.830567375, 003111, 3.7391052, -0.084769316, 6.862766, 0.6399283, -0.46479797, -0.2644663, 0.5518263, 1594.7247, 1594.7247, 955.36066, 717.82416, , 
65831.847236416, 003112, 3.730814, -0.08371107, 6.856112, 0.64076835, -0.4636214, -0.26320475, 0.5524441, 1594.7247, 1594.7247, 955.36346, 717.82355, , 
65831.88057425, 003113, 3.7152426, -0.08124542, 6.8438025, 0.64323914, -0.46181563, -0.2620009, 0.5516569, 1594.2728, 1594.2728, 955.36566, 717.8183, , 
65831.89724325, 003114, 3.7079744, -0.07998371, 6.838013, 0.64451677, -0.46153784, -0.26202446, 0.55038553, 1592.0132, 1592.0132, 955.36505, 717.813, , 
65831.930581041, 003115, 3.6933444, -0.07913438, 6.8276634, 0.64592457, -0.46129063, -0.26223943, 0.54883784, 1592.0132, 1592.0132, 955.364, 717.80756, , 
65831.947250041, 003116, 3.6861725, -0.0785238, 6.8216853, 0.6459116, -0.46122825, -0.26185215, 0.5490903, 1592.0132, 1592.0132, 955.3646, 717.8077, , 
65831.963919083, 003117, 3.6789784, -0.07800343, 6.815485, 0.6454523, -0.4610901, -0.2613081, 0.55000484, 1589.3019, 1589.3019, 955.36554, 717.80963, , 
65831.997257041, 003118, 3.6647122, -0.0769991, 6.8030243, 0.6442446, -0.46085036, -0.26008633, 0.5521965, 1589.3019, 1589.3019, 955.3685, 717.81586, , 
65832.013925916, 003119, 3.6572752, -0.077019215, 6.79718, 0.6437263, -0.46097836, -0.2596386, 0.5529043, 1589.3019, 1589.3019, 955.3694, 717.81805, , 
65832.030594916, 003120, 3.6503043, -0.07668262, 6.7911286, 0.6432013, -0.46131974, -0.25910464, 0.55348074, 1601.0514, 1601.0514, 955.37006, 717.82025, , 
65832.063932916, 003121, 3.6367013, -0.076018915, 6.778797, 0.6418275, -0.4621329, -0.2578746, 0.5549697, 1601.0514, 1601.0514, 955.37195, 717.82684, , 
65832.080601708, 003122, 3.6298726, -0.07583283, 6.7725897, 0.64094067, -0.46234798, -0.2574631, 0.5560056, 1601.0514, 1601.0514, 955.373, 717.8301, , 
65832.097270708, 003123, 3.6230137, -0.07577058, 6.76635, 0.63988984, -0.46245953, -0.25741315, 0.55714494, 1601.0514, 1601.0514, 955.37366, 717.8333, , 
65832.13060875, 003124, 3.6100538, -0.07608506, 6.75459, 0.6373474, -0.46234, -0.25888544, 0.5594716, 1601.0514, 1601.0514, 955.3745, 717.8404, , 
65832.147277666, 003125, 3.6029744, -0.07638595, 6.7482867, 0.6362085, -0.46179783, -0.25989312, 0.56074685, 1601.0514, 1601.0514, 955.37463, 717.8426, , 
65832.163946583, 003126, 3.5956154, -0.076800205, 6.741859, 0.635197, -0.46083817, -0.26087692, 0.5622243, 1601.0514, 1601.0514, 955.3752, 717.8449, , 
65832.197284541, 003127, 3.5803223, -0.07785896, 6.72866, 0.63355196, -0.4583314, -0.2627248, 0.565261, 1601.0514, 1601.0514, 955.37646, 717.84753, , 
65832.2139535, 003128, 3.5724058, -0.07877589, 6.7214923, 0.63275665, -0.45714155, -0.2637754, 0.5666242, 1601.0514, 1601.0514, 955.3771, 717.84845, , 
65832.230622375, 003129, 3.5644605, -0.079489626, 6.7145257, 0.6318832, -0.45591018, -0.2651858, 0.5679314, 1601.0514, 1601.0514, 955.37726, 717.84924, , 
65832.263960291, 003130, 3.548451, -0.080705374, 6.7005687, 0.6295976, -0.45379215, -0.2691239, 0.57030857, 1601.0514, 1601.0514, 955.37634, 717.85046, , 
65832.280629333, 003131, 3.540407, -0.08121456, 6.6935444, 0.6282117, -0.45288575, -0.27174014, 0.5713158, 1601.0514, 1601.0514, 955.3745, 717.8511, , 
65832.297298375, 003132, 3.532302, -0.081640236, 6.6865277, 0.6267146, -0.45194504, -0.27470025, 0.57228863, 1601.0514, 1601.0514, 955.37274, 717.8512, , 
65834.347580208, 003221, 2.4421535, -0.08564289, 6.0106425, 0.6140347, -0.39486405, -0.3336551, 0.59642106, 1600.1476, 1600.1476, 955.3596, 717.7839, , 
65834.364249166, 003222, 2.4313107, -0.08689436, 6.006558, 0.6139104, -0.3949419, -0.33489254, 0.5958036, 1600.1476, 1600.1476, 955.35785, 717.78186, , 
65834.38091825, 003223, 2.4206142, -0.087877594, 6.0026875, 0.6141926, -0.395444, -0.3364404, 0.59430575, 1600.1476, 1600.1476, 955.3559, 717.7787, , 
65834.414256, 003224, 2.3993182, -0.08908186, 5.995307, 0.61688614, -0.39758474, -0.3395114, 0.588311, 1600.5995, 1600.5995, 955.3501, 717.7665, , 
65834.430925, 003225, 2.3887203, -0.08899226, 5.9919453, 0.619169, -0.39875722, -0.3405403, 0.58451235, 1600.1476, 1600.1476, 955.3465, 717.75543, , 
65834.447594, 003226, 2.378133, -0.08840686, 5.9887047, 0.62175655, -0.3999581, -0.34128368, 0.58049786, 1600.1476, 1600.1476, 955.3441, 717.74646, , 
65834.480931833, 003227, 2.3569524, -0.08597429, 5.9820604, 0.6268714, -0.40249914, -0.34150118, 0.5730652, 1600.1476, 1600.1476, 955.3402, 717.7277, , 
65834.49760075, 003228, 2.3464906, -0.08417755, 5.9785566, 0.62946475, -0.40416422, -0.3405678, 0.56959546, 1600.1476, 1600.1476, 955.33923, 717.7215, , 
65834.514269833, 003229, 2.335375, -0.081842706, 5.97465, 0.63200164, -0.4057504, -0.33953297, 0.56626666, 1600.1476, 1600.1476, 955.33844, 717.71576, , 
65834.530938875, 003230, 2.3246913, -0.07930021, 5.9710145, 0.6342038, -0.4069607, -0.33882487, 0.5633526, 1600.1476, 1600.1476, 955.33765, 717.7081, , 
65834.564276666, 003231, 2.3040454, -0.0741481, 5.9635563, 0.63701254, -0.4095911, -0.3373299, 0.5591589, 1600.1476, 1600.1476, 955.3365, 717.70123, , 
65834.580945583, 003232, 2.2940314, -0.07171835, 5.9596276, 0.63766354, -0.41144213, -0.3362951, 0.55767924, 1600.1476, 1600.1476, 955.3356, 717.7003, , 
65834.597614666, 003233, 2.2840848, -0.06943616, 5.95562, 0.63791245, -0.4134474, -0.33534002, 0.55648535, 1600.5995, 1600.5995, 955.3346, 717.7012, , 
65834.6309525, 003234, 2.2639728, -0.065876715, 5.9464097, 0.63868684, -0.41701606, -0.3334229, 0.5540811, 1600.5995, 1600.5995, 955.33276, 717.7025, , 
65834.647621416, 003235, 2.2541983, -0.06389826, 5.942281, 0.6396987, -0.4187324, -0.33241457, 0.55222213, 1600.5995, 1600.5995, 955.33203, 717.7014, , 
65834.6642905, 003236, 2.2444475, -0.06191416, 5.9381127, 0.6411571, -0.42026278, -0.33129424, 0.55003715, 1600.1476, 1600.1476, 955.3315, 717.6991, , 
65834.69762825, 003237, 2.224203, -0.058547992, 5.9290915, 0.64375985, -0.42151102, -0.32853368, 0.5476926, 1600.1476, 1600.1476, 955.33215, 717.69446, , 
65834.714297333, 003238, 2.211687, -0.058071498, 5.923197, 0.6442864, -0.4210783, -0.3269185, 0.5483726, 1600.5995, 1600.5995, 955.33344, 717.69525, , 
65834.730966208, 003239, 2.2000837, -0.057443786, 5.917784, 0.64438975, -0.41998458, -0.3255076, 0.54992694, 1600.1476, 1600.1476, 955.3353, 717.6972, , 
65834.764304, 003240, 2.177282, -0.056344688, 5.9073105, 0.6449967, -0.41644222, -0.32325566, 0.5532278, 1600.1476, 1600.1476, 955.3409, 717.70013, , 
65834.780973, 003241, 2.1658351, -0.056052435, 5.902054, 0.6456734, -0.41418433, -0.32196042, 0.5548863, 1600.1476, 1600.1476, 955.3438, 717.7002, , 
65834.797642083, 003242, 2.1543403, -0.05598864, 5.8967543, 0.6464708, -0.41162816, -0.3204987, 0.5567032, 1599.6957, 1599.6957, 955.34845, 717.7003, , 
65834.830980041, 003243, 2.1292908, -0.056609184, 5.8847985, 0.6494092, -0.4061256, -0.31700253, 0.55932033, 1600.1476, 1600.1476, 955.35657, 717.6978, , 
65834.847648833, 003244, 2.1179967, -0.056905728, 5.879391, 0.651436, -0.40366685, -0.3148855, 0.5599387, 1600.1476, 1600.1476, 955.3624, 717.6943, , 
65834.864317833, 003245, 2.1069865, -0.05729364, 5.8739996, 0.6533214, -0.40143454, -0.31285816, 0.5604831, 1599.6957, 1599.6957, 955.3666, 717.69165, , 
65834.897655875, 003246, 2.0856016, -0.05819949, 5.863186, 0.65567255, -0.3978827, -0.31074604, 0.5614443, 1600.1476, 1600.1476, 955.373, 717.6876, , 
65834.914324666, 003247, 2.0749857, -0.058892258, 5.8573823, 0.6558773, -0.3966989, -0.31103215, 0.56188434, 1600.1476, 1600.1476, 955.37494, 717.6857, , 
65834.930993708, 003248, 2.0647779, -0.05949426, 5.8516755, 0.6553845, -0.39605293, -0.31200588, 0.56237483, 1600.1476, 1600.1476, 955.37506, 717.68536, , 
65834.964331625, 003249, 2.0453825, -0.06072238, 5.8401694, 0.6522865, -0.39664966, -0.31638736, 0.56310767, 1600.1476, 1600.1476, 955.3703, 717.6877, , 
65834.981000583, 003250, 2.0360656, -0.061376672, 5.8343344, 0.6502999, -0.39754024, -0.31931275, 0.5631262, 1600.1476, 1600.1476, 955.3667, 717.6889, , 
65834.9976695, 003251, 2.026789, -0.062100783, 5.828374, 0.6482918, -0.3983217, -0.3222139, 0.5632369, 1600.1476, 1600.1476, 955.3631, 717.6902, , 
65835.031007458, 003252, 2.0072613, -0.06338271, 5.815047, 0.6440574, -0.39887297, -0.32860854, 0.5640096, 1600.1476, 1600.1476, 955.35565, 717.6927, , 
65835.047676541, 003253, 1.9978411, -0.06393889, 5.8087244, 0.64206815, -0.3988914, -0.33246684, 0.5640035, 1600.1476, 1600.1476, 955.3524, 717.6925, , 
65835.064345291, 003254, 1.988333, -0.06436663, 5.8022633, 0.64040667, -0.3984452, -0.3361853, 0.5640038, 1600.5995, 1600.5995, 955.3483, 717.69055, , 
65835.09768325, 003255, 1.9685872, -0.06499361, 5.78876, 0.63760656, -0.3948558, -0.3419112, 0.5662539, 1600.1476, 1600.1476, 955.34625, 717.6889, , 
65835.114352208, 003256, 1.9582176, -0.06452197, 5.780985, 0.6366436, -0.39221495, -0.34432203, 0.56771004, 1600.1476, 1600.1476, 955.34656, 717.68713, , 
65835.131021333, 003257, 1.9481978, -0.0640859, 5.7739816, 0.63606346, -0.3891592, -0.34666207, 0.56903756, 1600.1476, 1600.1476, 955.3474, 717.68475, , 
65835.164359, 003258, 1.9285734, -0.06291349, 5.760839, 0.63577324, -0.38210058, -0.34996292, 0.57211655, 1600.1476, 1600.1476, 955.35077, 717.6797, , 
65835.181028041, 003259, 1.9191403, -0.062053505, 5.7546263, 0.63625365, -0.37875152, -0.35103106, 0.57315433, 1600.1476, 1600.1476, 955.3539, 717.67554, , 
65835.197697083, 003260, 1.9100252, -0.06102322, 5.748647, 0.6370928, -0.3757983, -0.35184503, 0.5736667, 1600.1476, 1600.1476, 955.35614, 717.67163, , 
65835.231034916, 003261, 1.8930051, -0.0587878, 5.73669, 0.63893586, -0.3715011, -0.3527127, 0.573883, 1600.1476, 1600.1476, 955.3609, 717.66296, , 
65835.247703916, 003262, 1.884959, -0.05762595, 5.7311463, 0.63972384, -0.3705179, -0.35324228, 0.5733147, 1600.1476, 1600.1476, 955.3618, 717.6597, , 
65835.264372916, 003263, 1.8772328, -0.056409203, 5.725794, 0.6402327, -0.3702121, -0.35434076, 0.5722655, 1600.1476, 1600.1476, 955.3617, 717.6562, , 
65835.297710708, 003264, 1.8619903, -0.054016277, 5.7154827, 0.63994443, -0.36956915, -0.3585776, 0.57036126, 1600.1476, 1600.1476, 955.3587, 717.6478, , 
65835.314379666, 003265, 1.8548923, -0.05285805, 5.710194, 0.6392198, -0.36856994, -0.3610159, 0.5702823, 1600.1476, 1600.1476, 955.35754, 717.6452, , 
65835.331048708, 003266, 1.8473378, -0.05186519, 5.7050867, 0.63863504, -0.36728057, -0.36317787, 0.5703965, 1600.1476, 1600.1476, 955.3567, 717.64215, , 
65835.3643865, 003267, 1.8320318, -0.0501581, 5.695011, 0.638587, -0.3645207, -0.36575398, 0.5705746, 1600.1476, 1600.1476, 955.3573, 717.63727, , 
65835.381055458, 003268, 1.8243599, -0.04947852, 5.689958, 0.6387825, -0.36312336, -0.36616114, 0.5709856, 1600.1476, 1600.1476, 955.3587, 717.63513, , 
65835.397724583, 003269, 1.8166816, -0.048877575, 5.6849546, 0.6387363, -0.36165035, -0.36657155, 0.5717082, 1600.1476, 1600.1476, 955.35974, 717.63434, , 
65835.431062291, 003270, 1.8003165, -0.04790771, 5.6741476, 0.6377456, -0.3596569, -0.3678978, 0.57321787, 1600.1476, 1600.1476, 955.3609, 717.6345, , 
65835.447731291, 003271, 1.7930121, -0.047376737, 5.6692905, 0.63674796, -0.35959154, -0.3688777, 0.573738, 1600.1476, 1600.1476, 955.36017, 717.6355, , 
65835.464400333, 003272, 1.7860128, -0.046841722, 5.664561, 0.6353952, -0.36020747, -0.3701331, 0.57404274, 1600.1476, 1600.1476, 955.35846, 717.6371, , 
65835.497738333, 003273, 1.7722268, -0.045692194, 5.655142, 0.63212067, -0.36264935, -0.37337086, 0.5740235, 1600.1476, 1600.1476, 955.3524, 717.64124, , 
65835.514407125, 003274, 1.765217, -0.04513367, 5.6504016, 0.6304787, -0.36392093, -0.37511402, 0.57388824, 1600.1476, 1600.1476, 955.3496, 717.6428, , 
65835.531076125, 003275, 1.7583481, -0.044775024, 5.6458864, 0.6289897, -0.3650616, -0.37670535, 0.5737552, 1600.1476, 1600.1476, 955.34705, 717.6441, , 
65835.547745083, 003276, 1.75142, -0.044596016, 5.641395, 0.6278906, -0.36597356, -0.3777874, 0.57366675, 1600.1476, 1600.1476, 955.34436, 717.64575, , 
65835.581082916, 003277, 1.7370483, -0.044754926, 5.632294, 0.62754434, -0.36677134, -0.37773648, 0.5735696, 1600.1476, 1600.1476, 955.3431, 717.64703, , 
65835.597751958, 003278, 1.7295358, -0.045076497, 5.6277204, 0.62816703, -0.36655718, -0.37686536, 0.57359797, 1600.1476, 1600.1476, 955.3438, 717.64703, , 
65835.614420916, 003279, 1.7200146, -0.045850802, 5.622203, 0.62898934, -0.3661656, -0.37573236, 0.57369006, 1600.1476, 1600.1476, 955.3454, 717.6466, , 
65835.647758833, 003280, 1.7034699, -0.047435027, 5.6127687, 0.63068944, -0.36571184, -0.37334028, 0.5736748, 1600.1476, 1600.1476, 955.34796, 717.64606, , 
65835.66442775, 003281, 1.6952567, -0.048408747, 5.608278, 0.6313126, -0.365646, -0.3722737, 0.57372445, 1600.1476, 1600.1476, 955.34924, 717.64606, , 
65835.68109675, 003282, 1.6868391, -0.04954935, 5.6038213, 0.6315563, -0.36561573, -0.37135205, 0.5740727, 1600.1476, 1600.1476, 955.3501, 717.6468, , 
65835.71443475, 003283, 1.6683367, -0.05251707, 5.593815, 0.6303858, -0.36611602, -0.37072885, 0.5754416, 1600.1476, 1600.1476, 955.3502, 717.65155, , 
65835.731103541, 003284, 1.659001, -0.05405532, 5.589057, 0.62899625, -0.36670908, -0.37103093, 0.576389, 1600.1476, 1600.1476, 955.34924, 717.6549, , 
65835.7477725, 003285, 1.649693, -0.055556614, 5.584599, 0.62729293, -0.36741433, -0.37154874, 0.5774615, 1600.1476, 1600.1476, 955.34796, 717.6587, , 
65835.781110583, 003286, 1.6307391, -0.058517125, 5.576189, 0.62278104, -0.36914742, -0.3735011, 0.579975, 1600.1476, 1600.1476, 955.34406, 717.6695, , 
65835.797779458, 003287, 1.6212513, -0.059730988, 5.572261, 0.6209647, -0.37067807, -0.37441358, 0.58035773, 1600.1476, 1600.1476, 955.3416, 717.67377, , 
65835.814448333, 003288, 1.6096016, -0.060095012, 5.567184, 0.6216404, -0.37190095, -0.3736273, 0.5793578, 1600.1476, 1600.1476, 955.34033, 717.67456, , 
65835.847786291, 003289, 1.5873996, -0.06025018, 5.5607924, 0.62478364, -0.36969608, -0.37181935, 0.57855046, 1600.1476, 1600.1476, 955.34357, 717.66833, , 
65835.864455333, 003290, 1.5754906, -0.06037849, 5.557962, 0.6246146, -0.3665601, -0.37214866, 0.5805133, 1600.1476, 1600.1476, 955.3468, 717.6675, , 
65835.881124166, 003291, 1.5633764, -0.06053885, 5.5550513, 0.6240551, -0.3629758, -0.37243813, 0.5831754, 1600.1476, 1600.1476, 955.3496, 717.6684, , 
65835.897793125, 003292, 1.5515219, -0.060680103, 5.551988, 0.6239894, -0.3596946, -0.37193027, 0.58559793, 1600.1476, 1600.1476, 955.35297, 717.6696, , 
65835.931131083, 003293, 1.5281582, -0.062014066, 5.543778, 0.62532836, -0.35659048, -0.36818108, 0.5884303, 1600.1476, 1600.1476, 955.36066, 717.67285, , 
65835.947800083, 003294, 1.5180218, -0.062201533, 5.5401344, 0.62521017, -0.356513, -0.36695766, 0.5893665, 1600.1476, 1600.1476, 955.3622, 717.6754, , 
65835.964468958, 003295, 1.5082542, -0.06206879, 5.5367937, 0.6243998, -0.35689622, -0.3669884, 0.58997416, 1600.1476, 1600.1476, 955.3622, 717.67786, , 
65835.997806916, 003296, 1.4889699, -0.06105591, 5.5307407, 0.6206281, -0.3583422, -0.3698454, 0.5912917, 1600.1476, 1600.1476, 955.3577, 717.6837, , 
65836.014475916, 003297, 1.4780791, -0.061052203, 5.526733, 0.6179068, -0.35928136, -0.3715144, 0.59252435, 1600.1476, 1600.1476, 955.3551, 717.688, , 
65836.031144666, 003298, 1.4680309, -0.060543172, 5.5233254, 0.6153181, -0.3601536, -0.37291583, 0.5938071, 1600.1476, 1600.1476, 955.3519, 717.69446, , 
65836.047813708, 003299, 1.4583303, -0.059756193, 5.5200996, 0.6133264, -0.36082432, -0.37405825, 0.5947411, 1600.1476, 1600.1476, 955.3502, 717.69824, , 
65836.081151708, 003300, 1.439226, -0.057754584, 5.51367, 0.6100133, -0.36139596, -0.37690702, 0.59600157, 1600.1476, 1600.1476, 955.3465, 717.7032, , 
65836.097820625, 003301, 1.4295942, -0.056779817, 5.5103164, 0.6080792, -0.36121586, -0.37863714, 0.59698975, 1600.1476, 1600.1476, 955.3451, 717.70514, , 
65836.114489541, 003302, 1.4185534, -0.056311473, 5.50578, 0.6059449, -0.36063203, -0.38025737, 0.5984812, 1600.1476, 1600.1476, 955.34393, 717.70776, , 
65836.1311585, 003303, 1.4082916, -0.05572427, 5.501909, 0.6041425, -0.35958913, -0.38140333, 0.6001993, 1600.1476, 1600.1476, 955.34344, 717.7117, , 
65836.164496583, 003304, 1.3882703, -0.054560825, 5.494859, 0.6022521, -0.35615778, -0.38255432, 0.6034038, 1600.1476, 1600.1476, 955.3451, 717.71497, , 
65836.181165375, 003305, 1.37835, -0.05408834, 5.4914613, 0.60164654, -0.35410365, -0.3829932, 0.6049365, 1600.1476, 1600.1476, 955.3465, 717.7158, , 
65836.197834375, 003306, 1.3685274, -0.053745292, 5.4880495, 0.60101926, -0.3521427, -0.38344413, 0.60641736, 1600.1476, 1600.1476, 955.3482, 717.7169, , 
65836.214503375, 003307, 1.3580201, -0.05350763, 5.4835124, 0.6002587, -0.35034862, -0.3841355, 0.60777074, 1600.1476, 1600.1476, 955.34924, 717.7177, , 
65836.247841333, 003308, 1.3385785, -0.05345503, 5.476077, 0.5984735, -0.34701893, -0.38612387, 0.61017686, 1600.1476, 1600.1476, 955.35077, 717.719, , 
65836.264510166, 003309, 1.3292406, -0.053625852, 5.4723964, 0.5974088, -0.34577549, -0.3873321, 0.6111595, 1600.1476, 1600.1476, 955.35077, 717.71954, , 
65836.281179083, 003310, 1.3200432, -0.053919792, 5.468599, 0.5961609, -0.34479675, -0.38874954, 0.6120304, 1600.1476, 1600.1476, 955.3504, 717.7201, , 
65836.297848166, 003311, 1.3109279, -0.054336827, 5.464651, 0.5945184, -0.34404796, -0.39057624, 0.6128857, 1600.5995, 1600.5995, 955.34924, 717.7212, , 
65836.331185958, 003312, 1.29133, -0.055862367, 5.455176, 0.5898272, -0.34331474, -0.39566967, 0.61456037, 1600.1476, 1600.1476, 955.3455, 717.72363, , 
65838.348129458, 003421, 0.18766268, -0.07519685, 5.546405, -0.30786628, -0.041519668, 0.6382143, -0.70439833, 1600.1476, 1600.1476, 955.38086, 717.6728, , 
65838.364798458, 003422, 0.18168022, -0.075555466, 5.551276, -0.30534843, -0.04290754, 0.63875717, -0.70491886, 1600.1476, 1600.1476, 955.3797, 717.6745, , 
65838.3981365, 003423, 0.169825, -0.076436624, 5.561681, -0.2996291, -0.04618159, 0.6403879, -0.7056863, 1600.1476, 1600.1476, 955.37726, 717.67786, , 
65838.414805291, 003424, 0.1634283, -0.07684966, 5.5676775, -0.2965662, -0.047661662, 0.6415753, -0.7058032, 1600.1476, 1600.1476, 955.3758, 717.6783, , 
65838.43147425, 003425, 0.15745965, -0.07732079, 5.5735054, -0.29364368, -0.048914384, 0.6427936, -0.70583093, 1600.1476, 1600.1476, 955.37415, 717.67834, , 
65838.448143208, 003426, 0.15161425, -0.07786541, 5.5794473, -0.29094407, -0.05010764, 0.6438474, -0.70590466, 1600.1476, 1600.1476, 955.3722, 717.67847, , 
65838.481481208, 003427, 0.14017491, -0.07902601, 5.591824, -0.2863492, -0.051948123, 0.64559376, -0.70605546, 1600.1476, 1600.1476, 955.36975, 717.679, , 
65838.498150083, 003428, 0.13464265, -0.07954997, 5.5981703, -0.28447118, -0.052292738, 0.64645505, -0.7060011, 1599.6957, 1599.6957, 955.368, 717.67865, , 
65838.514818958, 003429, 0.12787648, -0.0800977, 5.6052513, -0.2828579, -0.052280944, 0.6471942, -0.70597297, 1600.1476, 1600.1476, 955.36646, 717.67816, , 
65838.548157041, 003430, 0.116751574, -0.08095579, 5.618494, -0.28040454, -0.05141142, 0.6484999, -0.70581734, 1600.1476, 1600.1476, 955.36365, 717.677, , 
65838.564825833, 003431, 0.11158712, -0.0812148, 5.625011, -0.2794195, -0.050400205, 0.6491337, -0.70569825, 1600.1476, 1600.1476, 955.36145, 717.67584, , 
65838.581494833, 003432, 0.10647369, -0.08134521, 5.6315813, -0.27863088, -0.049223892, 0.6496097, -0.7056551, 1600.1476, 1600.1476, 955.35974, 717.6752, , 
65838.614832791, 003433, 0.09535362, -0.0817251, 5.6456814, -0.27801523, -0.047884695, 0.64988405, -0.7057375, 1600.1476, 1600.1476, 955.35754, 717.6746, , 
65838.63150175, 003434, 0.089972295, -0.08156649, 5.65287, -0.27824765, -0.047767863, 0.64987606, -0.7056612, 1600.1476, 1600.1476, 955.35754, 717.67444, , 
65838.648170625, 003435, 0.08483003, -0.08110808, 5.6599655, -0.2789314, -0.047636405, 0.64990616, -0.7053722, 1600.1476, 1600.1476, 955.3581, 717.6797, , 
65838.664839625, 003436, 0.07978989, -0.08042917, 5.6669807, -0.27993008, -0.047232375, 0.6500501, -0.70487106, 1600.1476, 1600.1476, 955.35876, 717.6777, , 
65838.698177541, 003437, 0.06961785, -0.07876677, 5.681071, -0.28207314, -0.046436254, 0.6502442, -0.70388997, 1600.1476, 1600.1476, 955.35974, 717.67395, , 
65838.714846375, 003438, 0.06261217, -0.07877265, 5.6889305, -0.28300405, -0.04710025, 0.65005994, -0.70364225, 1600.1476, 1600.1476, 955.3612, 717.6729, , 
65838.731515416, 003439, 0.05690299, -0.07828155, 5.6965036, -0.28399864, -0.04836753, 0.6497809, -0.70341325, 1600.1476, 1600.1476, 955.3631, 717.6726, , 
65838.764853416, 003440, 0.04690659, -0.07668868, 5.7107234, -0.2866394, -0.049430195, 0.64978606, -0.70226246, 1600.1476, 1600.1476, 955.36707, 717.6691, , 
65838.781522375, 003441, 0.04224304, -0.07570622, 5.7173243, -0.28781885, -0.04863577, 0.650239, -0.70141584, 1600.1476, 1600.1476, 955.3675, 717.66614, , 
65838.798191208, 003442, 0.037599757, -0.07473702, 5.723726, -0.28874004, -0.047444485, 0.65067554, -0.70071363, 1600.1476, 1600.1476, 955.3674, 717.6633, , 
65838.831529125, 003443, 0.025637785, -0.074532785, 5.7361894, -0.29041958, -0.046455964, 0.65055513, -0.7001973, 1600.1476, 1600.1476, 955.36774, 717.6602, , 
65838.848198208, 003444, 0.020568073, -0.074033454, 5.7427306, -0.29155195, -0.047211885, 0.64997816, -0.700212, 1599.6957, 1599.6957, 955.36914, 717.6604, , 
65838.864867, 003445, 0.015658988, -0.07354791, 5.749241, -0.29278064, -0.048453793, 0.64930075, -0.70024306, 1600.1476, 1600.1476, 955.3712, 717.661, , 
65838.881536, 003446, 0.010915234, -0.073092155, 5.755557, -0.2937954, -0.049654715, 0.64879626, -0.7002015, 1600.1476, 1600.1476, 955.37415, 717.6615, , 
65838.914874, 003447, 0.00088404556, -0.07312619, 5.767639, -0.2947298, -0.050871167, 0.6483492, -0.70013547, 1600.1476, 1600.1476, 955.37646, 717.66156, , 
65838.931542958, 003448, -0.0038895607, -0.07320366, 5.773433, -0.29472446, -0.051226057, 0.6481038, -0.70033914, 1600.1476, 1600.1476, 955.37695, 717.6623, , 
65838.948211708, 003449, -0.008482911, -0.07328725, 5.779207, -0.29449245, -0.051871356, 0.6476797, -0.7007814, 1600.1476, 1600.1476, 955.37726, 717.6637, , 
65838.98154975, 003450, -0.01762763, -0.07369615, 5.7909794, -0.2934904, -0.054327413, 0.6465174, -0.7020878, 1600.1476, 1600.1476, 955.3789, 717.6694, , 
65838.99821875, 003451, -0.022166768, -0.07396473, 5.7969084, -0.29284543, -0.055699006, 0.6460272, -0.7027005, 1600.1476, 1600.1476, 955.3796, 717.6719, , 
65839.014887541, 003452, -0.027434098, -0.073941045, 5.804094, -0.29224277, -0.05699886, 0.64569724, -0.70315033, 1600.1476, 1600.1476, 955.3803, 717.67395, , 
65839.0315565, 003453, -0.032106835, -0.074116275, 5.8105307, -0.29153118, -0.058257792, 0.6456046, -0.70342755, 1600.1476, 1600.1476, 955.38074, 717.6755, , 
65839.064894583, 003454, -0.04089988, -0.07461846, 5.823102, -0.29071376, -0.06080738, 0.6458415, -0.7033326, 1600.1476, 1600.1476, 955.3825, 717.6765, , 
65839.0815635, 003455, -0.045263663, -0.07488237, 5.8294325, -0.29084632, -0.061945014, 0.6460244, -0.70301044, 1600.1476, 1600.1476, 955.38367, 717.6759, , 
65839.098232291, 003456, -0.04969664, -0.07515937, 5.8357973, -0.29104477, -0.06297212, 0.6462418, -0.7026372, 1600.1476, 1600.1476, 955.3852, 717.6747, , 
65839.131570333, 003457, -0.06028297, -0.0761462, 5.850876, -0.29082426, -0.06489278, 0.64698195, -0.70187217, 1599.6957, 1599.6957, 955.3869, 717.6728, , 
65839.148239333, 003458, -0.06508284, -0.07652508, 5.85749, -0.2902635, -0.06564007, 0.6475814, -0.7014819, 1599.6957, 1599.6957, 955.3874, 717.6712, , 
65839.164908166, 003459, -0.06997085, -0.076906465, 5.864021, -0.28935826, -0.066327825, 0.64824975, -0.7011738, 1599.6957, 1599.6957, 955.38715, 717.6701, , 
65839.198246083, 003460, -0.080349535, -0.07775081, 5.877164, -0.2864632, -0.067734756, 0.6494097, -0.7011547, 1600.1476, 1600.1476, 955.3856, 717.6698, , 
65839.214915083, 003461, -0.08730657, -0.07840045, 5.8843355, -0.2847206, -0.06800993, 0.64992213, -0.70136297, 1600.1476, 1600.1476, 955.3844, 717.67035, , 
65839.231584083, 003462, -0.093396224, -0.07886584, 5.8910985, -0.28283945, -0.06784526, 0.65048134, -0.70162165, 1600.1476, 1600.1476, 955.3825, 717.6708, , 
65839.248252916, 003463, -0.0993077, -0.07925859, 5.897779, -0.28085035, -0.06740768, 0.65105516, -0.7019306, 1600.1476, 1600.1476, 955.3796, 717.67163, , 
65839.281590875, 003464, -0.11140492, -0.079979904, 5.9112387, -0.27622536, -0.06626507, 0.65213245, -0.702874, 1600.1476, 1600.1476, 955.3744, 717.67365, , 
65839.298259875, 003465, -0.11758808, -0.08026278, 5.9180307, -0.27366343, -0.06549169, 0.65280133, -0.7033276, 1600.1476, 1600.1476, 955.37146, 717.6747, , 
65839.314928625, 003466, -0.12478712, -0.08058439, 5.925536, -0.27121502, -0.064679645, 0.6535508, -0.70365494, 1600.1476, 1600.1476, 955.3675, 717.67554, , 
65839.348266666, 003467, -0.13788345, -0.0808342, 5.9399314, -0.26663008, -0.06306233, 0.65535766, -0.7038735, 1600.1476, 1600.1476, 955.36206, 717.6753, , 
65839.364935666, 003468, -0.14455476, -0.080829725, 5.947375, -0.2642886, -0.06276185, 0.65612954, -0.7040643, 1600.1476, 1600.1476, 955.35876, 717.67523, , 
65839.381604625, 003469, -0.15140858, -0.08077014, 5.955218, -0.2619928, -0.06360035, 0.6566223, -0.7043876, 1600.1476, 1600.1476, 955.3573, 717.67615, , 
65839.414942458, 003470, -0.16555956, -0.08021325, 5.971848, -0.2585519, -0.06797513, 0.6573183, -0.70460135, 1600.1476, 1600.1476, 955.3577, 717.6785, , 
65839.431611458, 003471, -0.17233135, -0.07964828, 5.9799747, -0.25753355, -0.069838755, 0.6580237, -0.70413333, 1600.1476, 1600.1476, 955.3586, 717.6778, , 
65839.448280416, 003472, -0.17883772, -0.078882605, 5.987685, -0.2567112, -0.07060858, 0.6590278, -0.7034174, 1600.1476, 1600.1476, 955.35876, 717.6757, , 
65839.48161825, 003473, -0.19182654, -0.07710042, 6.0024023, -0.2544943, -0.07017909, 0.6607486, -0.7026513, 1600.1476, 1600.1476, 955.35657, 717.6713, , 
65839.498287208, 003474, -0.1985476, -0.076279655, 6.009963, -0.25312907, -0.07064036, 0.6608456, -0.70300686, 1600.1476, 1600.1476, 955.35565, 717.67194, , 
65839.514956208, 003475, -0.20578703, -0.07562125, 6.017633, -0.25227925, -0.07206194, 0.6603188, -0.7036629, 1600.1476, 1600.1476, 955.3558, 717.675, , 
65839.548294, 003476, -0.2192996, -0.073941305, 6.0335374, -0.2522913, -0.07607121, 0.6589839, -0.70448744, 1600.1476, 1600.1476, 955.3589, 717.67975, , 
65839.564962958, 003477, -0.22548354, -0.07286241, 6.041146, -0.2528406, -0.07725897, 0.65884244, -0.70429355, 1600.1476, 1600.1476, 955.361, 717.6801, , 
65839.581632, 003478, -0.23128268, -0.07168785, 6.0483756, -0.25326073, -0.07762363, 0.659164, -0.70380145, 1600.1476, 1600.1476, 955.3618, 717.6787, , 
65839.614969833, 003479, -0.24111083, -0.069284245, 6.0622964, -0.25287372, -0.07766222, 0.66064596, -0.7025456, 1600.1476, 1600.1476, 955.3618, 717.67444, , 
65839.631638833, 003480, -0.24576941, -0.06832485, 6.0689735, -0.25196698, -0.07765795, 0.66178155, -0.7018026, 1600.1476, 1600.1476, 955.361, 717.671, , 
65839.648307833, 003481, -0.2504164, -0.067540854, 6.0754867, -0.25066015, -0.07756143, 0.66321826, -0.7009246, 1600.1476, 1600.1476, 955.36, 717.6679, , 
65839.681645791, 003482, -0.259724, -0.06645818, 6.088628, -0.24710804, -0.078043714, 0.6662266, -0.69927746, 1600.1476, 1600.1476, 955.3572, 717.6608, , 
65839.698314625, 003483, -0.26444387, -0.06612954, 6.095578, -0.24535072, -0.07934259, 0.6674085, -0.69862276, 1600.1476, 1600.1476, 955.3567, 717.65875, , 
65839.714983541, 003484, -0.2689718, -0.06611886, 6.103554, -0.24401188, -0.08117049, 0.66835856, -0.6979731, 1600.1476, 1600.1476, 955.35693, 717.65717, , 
65839.731652583, 003485, -0.2735684, -0.065962434, 6.1111364, -0.24318345, -0.083223306, 0.6691139, -0.6972964, 1600.1476, 1600.1476, 955.35785, 717.6557, , 
65839.764990416, 003486, -0.2824897, -0.065493904, 6.12588, -0.24317142, -0.08687121, 0.6703265, -0.69568926, 1600.1476, 1600.1476, 955.36145, 717.6515, , 
65839.781659375, 003487, -0.28672618, -0.065233216, 6.1330967, -0.24371557, -0.08818625, 0.67088825, -0.69479126, 1600.1476, 1600.1476, 955.3632, 717.6493, , 
65839.798328333, 003488, -0.29082105, -0.065020695, 6.1402187, -0.24445993, -0.08915632, 0.6714225, -0.69388926, 1600.1476, 1600.1476, 955.3654, 717.64594, , 
65839.831666166, 003489, -0.2998472, -0.06581484, 6.155481, -0.2457679, -0.09080529, 0.6720317, -0.69262254, 1600.1476, 1600.1476, 955.36835, 717.6419, , 
65839.848335125, 003490, -0.30409068, -0.06614753, 6.162799, -0.24577804, -0.092112206, 0.6719181, -0.6925566, 1600.1476, 1600.1476, 955.3698, 717.6419, , 
65839.865004125, 003491, -0.30835176, -0.06656269, 6.1700983, -0.24546994, -0.09351085, 0.67164004, -0.69274807, 1599.6957, 1599.6957, 955.3709, 717.64307, , 
65839.898342125, 003492, -0.31687212, -0.0674819, 6.18458, -0.24490045, -0.09549699, 0.67107195, -0.69322914, 1600.1476, 1600.1476, 955.37225, 717.64606, , 
65839.915010916, 003493, -0.32368392, -0.06863297, 6.193257, -0.24473894, -0.096390605, 0.6708691, -0.6933588, 1600.1476, 1600.1476, 955.37286, 717.64685, , 
65839.931679958, 003494, -0.32874495, -0.06940223, 6.201096, -0.24450001, -0.09704686, 0.67068535, -0.69352925, 1600.1476, 1600.1476, 955.3732, 717.64764, , 
65839.948348916, 003495, -0.33324403, -0.07011206, 6.208788, -0.24415834, -0.09768025, 0.67044353, -0.6937944, 1600.1476, 1600.1476, 955.37354, 717.64905, , 
65839.98168675, 003496, -0.34171042, -0.07162727, 6.2242265, -0.24366154, -0.0982431, 0.670029, -0.69429, 1600.1476, 1600.1476, 955.37366, 717.65106, , 
65839.998355625, 003497, -0.3457917, -0.07240634, 6.231988, -0.243378, -0.09794312, 0.6700333, -0.69442767, 1600.1476, 1600.1476, 955.3731, 717.6515, , 
65840.015024666, 003498, -0.35239744, -0.073667005, 6.2418747, -0.24306628, -0.097560726, 0.66999036, -0.69463193, 1600.1476, 1600.1476, 955.3724, 717.6516, , 
65840.031693708, 003499, -0.35726288, -0.07466287, 6.2506084, -0.24260749, -0.0974028, 0.6700054, -0.6948, 1600.1476, 1600.1476, 955.3718, 717.6519, , 
65840.065031541, 003500, -0.36562437, -0.07647656, 6.267524, -0.24165222, -0.09721063, 0.67041254, -0.6947671, 1599.6957, 1599.6957, 955.37067, 717.65173, , 
65840.081700458, 003501, -0.36966902, -0.07737275, 6.2760363, -0.24126351, -0.096945696, 0.6706899, -0.69467163, 1599.6957, 1599.6957, 955.37006, 717.6512, , 
65840.0983695, 003502, -0.37370023, -0.07827233, 6.2846975, -0.2408304, -0.096686706, 0.67092854, -0.6946275, 1600.1476, 1600.1476, 955.3696, 717.65076, , 
65840.13170725, 003503, -0.38513497, -0.07984513, 6.3041096, -0.24015307, -0.095627, 0.67111045, -0.69483286, 1600.1476, 1600.1476, 955.36786, 717.6503, , 
65840.14837625, 003504, -0.38946298, -0.080642655, 6.313159, -0.239735, -0.094796814, 0.6712512, -0.6949551, 1600.1476, 1600.1476, 955.3668, 717.6502, , 
65840.16504525, 003505, -0.3936065, -0.08138894, 6.322187, -0.23911934, -0.09381156, 0.6714395, -0.69511896, 1600.1476, 1600.1476, 955.36505, 717.6501, , 
65840.18171425, 003506, -0.39771497, -0.0820304, 6.331296, -0.23827204, -0.09265698, 0.67166114, -0.6953506, 1600.1476, 1600.1476, 955.36346, 717.6501, , 
65840.215052041, 003507, -0.4085977, -0.0835625, 6.352208, -0.23652966, -0.09100012, 0.6717296, -0.6960977, 1600.1476, 1600.1476, 955.35986, 717.65155, , 
65840.231721041, 003508, -0.41386133, -0.08403939, 6.3628836, -0.23618317, -0.091367, 0.67113966, -0.69673604, 1600.1476, 1600.1476, 955.3595, 717.6537, , 
65840.248390041, 003509, -0.418716, -0.08423575, 6.3734775, -0.23644905, -0.09264822, 0.6701485, -0.69743043, 1600.1476, 1600.1476, 955.3603, 717.65656, , 
65840.265059083, 003510, -0.42338192, -0.084216565, 6.384096, -0.2375109, -0.094593674, 0.66895837, -0.6979508, 1600.1476, 1600.1476, 955.3632, 717.6604, , 
65840.29839675, 003511, -0.4320423, -0.08343508, 6.4046903, -0.24048488, -0.097946145, 0.6673754, -0.69798553, 1599.6957, 1599.6957, 955.3689, 717.66315, , 
65840.315065833, 003512, -0.43908185, -0.083233885, 6.4164977, -0.24167755, -0.098192394, 0.66711676, -0.69778615, 1600.1476, 1600.1476, 955.37054, 717.66266, , 
65840.331734791, 003513, -0.44406575, -0.08256331, 6.4266715, -0.24248941, -0.098181166, 0.6669229, -0.6976913, 1600.1476, 1600.1476, 955.3716, 717.66205, , 
65842.382015541, 003606, -0.95577943, -0.086613156, 7.4850116, -0.2237886, -0.08878703, 0.66463584, -0.70731527, 1600.1476, 1600.1476, 955.3464, 717.6828, , 
65842.3986845, 003607, -0.9618509, -0.08669141, 7.4953294, -0.2221921, -0.089908384, 0.6635934, -0.70865434, 1600.1476, 1600.1476, 955.34564, 717.6873, , 
65842.4320225, 003608, -0.97375727, -0.085708484, 7.515511, -0.22065076, -0.093049146, 0.6619404, -0.7102747, 1600.1476, 1600.1476, 955.3469, 717.69666, , 
65842.448691291, 003609, -0.97928363, -0.08452061, 7.525313, -0.22045873, -0.09349849, 0.6621307, -0.7100978, 1600.1476, 1600.1476, 955.3474, 717.6969, , 
65842.465360291, 003610, -0.98459476, -0.082968615, 7.534816, -0.21981063, -0.09318267, 0.66298705, -0.709541, 1600.1476, 1600.1476, 955.34656, 717.6944, , 
65842.498698291, 003611, -0.9953035, -0.079531156, 7.553851, -0.21764788, -0.09314911, 0.6644424, -0.70885044, 1600.1476, 1600.1476, 955.3447, 717.691, , 
65842.51536725, 003612, -1.0005317, -0.078207694, 7.5639086, -0.21684115, -0.0945573, 0.6642822, -0.7090613, 1600.1476, 1600.1476, 955.3451, 717.69226, , 
65842.548705125, 003613, -1.0113978, -0.07496229, 7.5835185, -0.21569063, -0.09752401, 0.6634844, -0.70975715, 1600.1476, 1600.1476, 955.3467, 717.6963, , 
65842.565374, 003614, -1.016532, -0.07311068, 7.592673, -0.21513987, -0.097603306, 0.6636762, -0.70973396, 1600.1476, 1600.1476, 955.3467, 717.6967, , 
65842.598711833, 003615, -1.0254879, -0.069338255, 7.6093993, -0.21365401, -0.09525847, 0.66540474, -0.70888245, 1600.1476, 1600.1476, 955.3437, 717.69244, , 
65842.615380791, 003616, -1.0294814, -0.06768585, 7.617378, -0.21254149, -0.09407606, 0.66650087, -0.7083448, 1600.1476, 1600.1476, 955.34204, 717.6899, , 
65842.632049875, 003617, -1.033725, -0.06628189, 7.625543, -0.21110918, -0.093231946, 0.66761804, -0.7078326, 1600.1476, 1600.1476, 955.33984, 717.68665, , 
65842.665387625, 003618, -1.0424573, -0.06415307, 7.642337, -0.20767558, -0.09298274, 0.6697924, -0.70682615, 1600.1476, 1600.1476, 955.33716, 717.6825, , 
65842.682056666, 003619, -1.0469009, -0.06337803, 7.651098, -0.2061947, -0.09407284, 0.67062056, -0.70633, 1600.1476, 1600.1476, 955.3366, 717.6809, , 
65842.715394666, 003620, -1.0544417, -0.061998438, 7.6680737, -0.20439927, -0.09744993, 0.6718882, -0.70518845, 1600.1476, 1600.1476, 955.33765, 717.6783, , 
65842.732063625, 003621, -1.0583116, -0.0614411, 7.6766214, -0.2041404, -0.09892561, 0.67243636, -0.70453507, 1600.1476, 1600.1476, 955.33856, 717.6769, , 
65842.748732416, 003622, -1.0623729, -0.060992897, 7.6852384, -0.20423724, -0.09999337, 0.6728977, -0.70391566, 1600.1476, 1600.1476, 955.33984, 717.67474, , 
65842.782070416, 003623, -1.0706666, -0.060537975, 7.7024646, -0.20554978, -0.101368435, 0.6730224, -0.70321727, 1600.1476, 1600.1476, 955.3418, 717.6727, , 
65842.798739291, 003624, -1.074914, -0.060587876, 7.711123, -0.20662616, -0.10195783, 0.67259204, -0.7032284, 1600.1476, 1600.1476, 955.3433, 717.6731, , 
65842.832077166, 003625, -1.0827549, -0.06148556, 7.72704, -0.20883738, -0.10256211, 0.67139524, -0.7036309, 1600.1476, 1600.1476, 955.3455, 717.67487, , 
65842.848746125, 003626, -1.08698, -0.062006548, 7.735584, -0.20997046, -0.10246606, 0.6708311, -0.7038458, 1600.1476, 1600.1476, 955.3465, 717.6759, , 
65842.865415166, 003627, -1.0912867, -0.0626293, 7.7443686, -0.21122853, -0.10232494, 0.6702618, -0.7040321, 1600.1476, 1600.1476, 955.3473, 717.67664, , 
65842.898752958, 003628, -1.1000774, -0.06424464, 7.762592, -0.21391009, -0.10243807, 0.6691536, -0.70426023, 1600.1476, 1600.1476, 955.34973, 717.67786, , 
65842.915421875, 003629, -1.1038786, -0.065190405, 7.7708445, -0.21501338, -0.102622196, 0.668812, -0.7042219, 1600.1476, 1600.1476, 955.35077, 717.67804, , 
65842.948759916, 003630, -1.1122413, -0.06709888, 7.7894306, -0.21676531, -0.10272846, 0.66887647, -0.70360786, 1600.1476, 1600.1476, 955.35254, 717.67615, , 
65842.96542875, 003631, -1.1164896, -0.06806639, 7.7990885, -0.21757877, -0.10263939, 0.6691273, -0.703131, 1600.1476, 1600.1476, 955.3532, 717.6745, , 
65842.982097708, 003632, -1.120779, -0.06907242, 7.8088536, -0.2183939, -0.10242106, 0.6693471, -0.7027009, 1600.1476, 1600.1476, 955.3538, 717.6729, , 
65843.015435708, 003633, -1.1285921, -0.07152184, 7.8271194, -0.21967274, -0.10116198, 0.66942227, -0.70241296, 1600.1476, 1600.1476, 955.354, 717.6707, , 
65843.032104708, 003634, -1.1328709, -0.07269349, 7.836764, -0.22021064, -0.099995226, 0.66922295, -0.70260155, 1600.1476, 1600.1476, 955.3536, 717.67065, , 
65843.065442458, 003635, -1.141643, -0.07504747, 7.856424, -0.22121052, -0.09683895, 0.6685481, -0.7033716, 1600.1476, 1600.1476, 955.35156, 717.67175, , 
65843.082111458, 003636, -1.1459557, -0.076203294, 7.866294, -0.22181158, -0.09495881, 0.6682763, -0.70369685, 1600.5995, 1600.5995, 955.3505, 717.672, , 
65843.098780416, 003637, -1.1501693, -0.07730569, 7.8761435, -0.22245723, -0.09285633, 0.66814846, -0.70389503, 1600.1476, 1600.1476, 955.34937, 717.67175, , 
65843.132118166, 003638, -1.1572988, -0.07929273, 7.895023, -0.2232408, -0.08812886, 0.6681666, -0.7042374, 1600.1476, 1600.1476, 955.3459, 717.6706, , 
65843.148787208, 003639, -1.1615595, -0.08009325, 7.9051204, -0.22329073, -0.08629711, 0.667896, -0.70470494, 1600.1476, 1600.1476, 955.34436, 717.67084, , 
65843.182125208, 003640, -1.1709473, -0.0811349, 7.9264746, -0.22475378, -0.08523504, 0.66573673, -0.70641017, 1600.1476, 1600.1476, 955.3438, 717.6764, , 
65843.198793958, 003641, -1.1758727, -0.081278905, 7.9374866, -0.22669664, -0.08573138, 0.6640061, -0.7073575, 1600.1476, 1600.1476, 955.34534, 717.6801, , 
65843.232131958, 003642, -1.184727, -0.08104846, 7.9570446, -0.23259418, -0.0866194, 0.66082495, -0.7083131, 1600.1476, 1600.1476, 955.35126, 717.6859, , 
65843.248800916, 003643, -1.1889645, -0.08030213, 7.967013, -0.23558322, -0.08615814, 0.6598471, -0.7082932, 1600.1476, 1600.1476, 955.35345, 717.6862, , 
65843.282138708, 003644, -1.1967678, -0.078379415, 7.9858594, -0.23988177, -0.08338407, 0.6588079, -0.70814985, 1600.1476, 1600.1476, 955.3553, 717.68475, , 
65843.298807708, 003645, -1.2004542, -0.07739736, 7.994807, -0.24135664, -0.08135432, 0.6584682, -0.70820063, 1600.1476, 1600.1476, 955.355, 717.68414, , 
65843.332145708, 003646, -1.2078127, -0.07728145, 8.011374, -0.24398485, -0.07609709, 0.65765375, -0.7086412, 1600.1476, 1600.1476, 955.35266, 717.6832, , 
65843.3488145, 003647, -1.2116662, -0.07664618, 8.019796, -0.24559753, -0.07332872, 0.65699345, -0.70898825, 1600.1476, 1600.1476, 955.35156, 717.68335, , 
65843.3821525, 003648, -1.2200353, -0.07539998, 8.03683, -0.24928181, -0.069059715, 0.6547404, -0.7102143, 1600.1476, 1600.1476, 955.35077, 717.6863, , 
65843.398821541, 003649, -1.2244473, -0.07483632, 8.045483, -0.25106323, -0.06813281, 0.6533234, -0.71098083, 1600.1476, 1600.1476, 955.3514, 717.6887, , 
65843.43215925, 003650, -1.2315637, -0.07382889, 8.062588, -0.25412598, -0.06781632, 0.65116256, -0.7119047, 1600.1476, 1600.1476, 955.3536, 717.69275, , 
65843.448828291, 003651, -1.235503, -0.07305607, 8.070809, -0.2553779, -0.067554876, 0.6506567, -0.71194404, 1600.1476, 1600.1476, 955.35486, 717.69336, , 
65843.482166291, 003652, -1.2433395, -0.07148025, 8.086698, -0.2568279, -0.06690738, 0.65024346, -0.71186113, 1600.1476, 1600.1476, 955.3555, 717.69275, , 
65843.498835083, 003653, -1.2471083, -0.0711839, 8.094163, -0.25721213, -0.067085594, 0.64991194, -0.7120084, 1600.1476, 1600.1476, 955.35614, 717.6933, , 
65843.532173, 003654, -1.2549956, -0.07089327, 8.109244, -0.2576484, -0.067987144, 0.64908206, -0.7125219, 1600.1476, 1600.1476, 955.3574, 717.6953, , 
65843.548842041, 003655, -1.2591091, -0.07081785, 8.116806, -0.25764105, -0.06810759, 0.64884704, -0.7127271, 1600.1476, 1600.1476, 955.3577, 717.6965, , 
65843.582179791, 003656, -1.2675719, -0.071042836, 8.131875, -0.25758377, -0.06770324, 0.6487909, -0.71283746, 1600.1476, 1600.1476, 955.3632, 717.70154, , 
65843.598848875, 003657, -1.2720349, -0.0714624, 8.139559, -0.25747994, -0.06781491, 0.64864206, -0.71299976, 1599.6957, 1599.6957, 955.366, 717.7039, , 
65843.63218675, 003658, -1.2812747, -0.07411757, 8.154251, -0.25644377, -0.06907415, 0.6481932, -0.7136603, 1600.1476, 1600.1476, 955.3689, 717.70703, , 
65843.648855666, 003659, -1.2861558, -0.07513098, 8.162213, -0.25564438, -0.06998233, 0.648064, -0.7139758, 1600.1476, 1600.1476, 955.36914, 717.70886, , 
65843.6821935, 003660, -1.2961899, -0.07694204, 8.178665, -0.2539069, -0.07217363, 0.64820254, -0.7142519, 1600.1476, 1600.1476, 955.3696, 717.71063, , 
65843.698862583, 003661, -1.3012596, -0.077735096, 8.187033, -0.25310752, -0.073435396, 0.64853644, -0.71410394, 1600.1476, 1600.1476, 955.37006, 717.71075, , 
65843.732200375, 003662, -1.3113084, -0.08050892, 8.202451, -0.25057533, -0.0761101, 0.6497764, -0.7135895, 1600.1476, 1600.1476, 955.3703, 717.70984, , 
65843.748869375, 003663, -1.3164382, -0.08118373, 8.21066, -0.2484764, -0.077530965, 0.6507702, -0.7132647, 1600.1476, 1600.1476, 955.3698, 717.70917, , 
65843.782207291, 003664, -1.3266647, -0.081920564, 8.227284, -0.24308495, -0.079973705, 0.65352696, -0.7123317, 1599.6957, 1599.6957, 955.36707, 717.7064, , 
65843.798876166, 003665, -1.3317057, -0.08256704, 8.2351885, -0.2403661, -0.08067115, 0.6550731, -0.7117553, 1600.1476, 1600.1476, 955.3653, 717.7045, , 
65843.832214083, 003666, -1.3421154, -0.083321534, 8.25129, -0.23506643, -0.08072137, 0.6578089, -0.7109959, 1600.1476, 1600.1476, 955.36017, 717.70056, , 
65843.848883125, 003667, -1.3476552, -0.08347143, 8.259769, -0.23234011, -0.08097134, 0.6586432, -0.71109134, 1600.1476, 1600.1476, 955.35785, 717.7002, , 
65843.882220875, 003668, -1.3590965, -0.08357285, 8.277654, -0.22758694, -0.0844213, 0.6593045, -0.71161425, 1600.1476, 1600.1476, 955.356, 717.7036, , 
65843.898889833, 003669, -1.364369, -0.0836121, 8.286095, -0.22593974, -0.08688788, 0.65990263, -0.7112878, 1600.1476, 1600.1476, 955.35657, 717.70404, , 
65843.932227875, 003670, -1.3743415, -0.08268112, 8.302618, -0.22409685, -0.090585716, 0.66255885, -0.7089363, 1600.1476, 1600.1476, 955.3586, 717.6979, , 
65843.948896625, 003671, -1.3792017, -0.08176624, 8.3106365, -0.2232686, -0.09126119, 0.6644345, -0.7073538, 1600.1476, 1600.1476, 955.3586, 717.69275, , 
65843.982234666, 003672, -1.3893033, -0.07987163, 8.326542, -0.22039522, -0.092690766, 0.66726804, -0.705399, 1600.1476, 1600.1476, 955.3573, 717.68427, , 
65843.998903583, 003673, -1.3946501, -0.07899808, 8.334722, -0.21864016, -0.094463855, 0.6678511, -0.7051582, 1600.1476, 1600.1476, 955.3572, 717.68384, , 
65844.032241416, 003674, -1.4048278, -0.07802168, 8.351159, -0.21627954, -0.1000419, 0.66791856, -0.705053, 1600.1476, 1600.1476, 955.36, 717.68665, , 
65844.048910458, 003675, -1.4100623, -0.0771306, 8.359131, -0.21585053, -0.102572374, 0.66806924, -0.7046778, 1600.1476, 1600.1476, 955.3618, 717.6871, , 
65844.082248208, 003676, -1.4197763, -0.074920975, 8.373541, -0.21552084, -0.104396924, 0.66982055, -0.702846, 1600.1476, 1600.1476, 955.3638, 717.68176, , 
65844.098917208, 003677, -1.4242913, -0.073821984, 8.380111, -0.21494268, -0.10414556, 0.67123634, -0.70170873, 1600.1476, 1600.1476, 955.36346, 717.67773, , 
65844.132255208, 003678, -1.4332789, -0.073152, 8.392549, -0.21239103, -0.10292341, 0.6743738, -0.6996548, 1600.1476, 1600.1476, 955.36017, 717.6685, , 
65844.148924125, 003679, -1.4377487, -0.07276628, 8.398731, -0.21046188, -0.102408335, 0.6757891, -0.6989474, 1600.1476, 1600.1476, 955.35846, 717.66547, , 
65844.182261958, 003680, -1.4470663, -0.0722239, 8.411719, -0.20598415, -0.10262615, 0.6779401, -0.698166, 1600.1476, 1600.1476, 955.355, 717.6619, , 
65844.198930875, 003681, -1.4519327, -0.07206999, 8.418737, -0.2039949, -0.10396198, 0.6784925, -0.6980157, 1600.1476, 1600.1476, 955.3539, 717.6616, , 
65844.23226875, 003682, -1.461129, -0.072311446, 8.433482, -0.20149311, -0.108860575, 0.67865217, -0.69784033, 1600.1476, 1600.1476, 955.3554, 717.6636, , 
65844.248937708, 003683, -1.465824, -0.07227192, 8.440851, -0.20099375, -0.111242205, 0.67852294, -0.69773436, 1600.1476, 1600.1476, 955.3574, 717.6651, , 
65844.282275708, 003684, -1.4748865, -0.07215504, 8.454786, -0.20143704, -0.1137033, 0.6779938, -0.6977243, 1600.1476, 1600.1476, 955.36, 717.66656, , 
65844.298944666, 003685, -1.4793482, -0.07223073, 8.461401, -0.20221108, -0.113937214, 0.67730343, -0.6981326, 1600.1476, 1600.1476, 955.36115, 717.6683, , 
65844.332282458, 003686, -1.4892722, -0.07476346, 8.474921, -0.20459937, -0.113295935, 0.6746374, -0.7001196, 1600.1476, 1600.1476, 955.3623, 717.6741, , 
65844.348951458, 003687, -1.494091, -0.07561022, 8.48124, -0.20606518, -0.112327896, 0.6728893, -0.70152664, 1600.1476, 1600.1476, 955.36273, 717.6795, , 
65846.382563041, 003776, -1.9757472, -0.09579037, 8.35944, 0.64422435, -0.4971332, -0.22303984, 0.5367372, 1610.9933, 1610.9933, 955.36414, 717.82355, , 
65846.399231875, 003777, -1.9781054, -0.09546754, 8.356357, 0.6452392, -0.5017487, -0.219392, 0.53271174, 1610.9933, 1610.9933, 955.3623, 717.82495, , 
65846.432569791, 003778, -1.9854815, -0.09596947, 8.349553, 0.64678055, -0.5108111, -0.21194397, 0.5251921, 1610.9933, 1610.9933, 955.36017, 717.8288, , 
65846.449238791, 003779, -1.9880668, -0.095739216, 8.346397, 0.6478725, -0.5153112, -0.20787996, 0.52105814, 1610.9933, 1610.9933, 955.359, 717.8308, , 
65846.465907833, 003780, -1.9905114, -0.09539792, 8.343251, 0.64928687, -0.519547, -0.20351115, 0.5167985, 1610.9933, 1610.9933, 955.35834, 717.83154, , 
65846.482576583, 003781, -1.9929906, -0.09501132, 8.340038, 0.6509218, -0.5232356, -0.19885497, 0.5128176, 1610.5414, 1610.5414, 955.3581, 717.8318, , 
65846.515914541, 003782, -1.999343, -0.09428587, 8.332913, 0.6548132, -0.52892995, -0.18848331, 0.50589216, 1610.9933, 1610.9933, 955.36005, 717.8309, , 
65846.532583541, 003783, -2.0020628, -0.093868464, 8.329468, 0.657017, -0.53131634, -0.18295991, 0.50255084, 1610.9933, 1610.9933, 955.3616, 717.8298, , 
65846.549252333, 003784, -2.0042696, -0.09340021, 8.326233, 0.65921944, -0.533534, -0.17774723, 0.49917653, 1610.9933, 1610.9933, 955.3636, 717.8277, , 
65846.565921333, 003785, -2.0061266, -0.09290918, 8.323143, 0.66128874, -0.53568, -0.17319196, 0.49573043, 1610.9933, 1610.9933, 955.3645, 717.82574, , 
65846.599259375, 003786, -2.0088308, -0.091951385, 8.317119, 0.6649124, -0.5403509, -0.16587973, 0.48825845, 1610.9933, 1610.9933, 955.364, 717.8204, , 
65846.615928333, 003787, -2.0112398, -0.091483295, 8.313428, 0.6662743, -0.5427094, -0.16287524, 0.48478538, 1610.9933, 1610.9933, 955.36334, 717.8186, , 
65846.632597125, 003788, -2.0127454, -0.09118425, 8.309945, 0.6674052, -0.5448385, -0.15996552, 0.48180112, 1610.9933, 1610.9933, 955.36285, 717.81744, , 
65846.649266125, 003789, -2.0140207, -0.0909833, 8.306403, 0.6684312, -0.5466436, -0.15696491, 0.47931463, 1610.9933, 1610.9933, 955.363, 717.8166, , 
65846.682604125, 003790, -2.0165966, -0.0907204, 8.298986, 0.67040765, -0.54921454, -0.15132613, 0.47541288, 1610.9933, 1610.9933, 955.36414, 717.81525, , 
65846.699272875, 003791, -2.0179775, -0.09063083, 8.295153, 0.67146766, -0.55004096, -0.14886363, 0.47373608, 1610.5414, 1610.5414, 955.36475, 717.814, , 
65846.715941875, 003792, -2.0197916, -0.09067376, 8.291144, 0.67260027, -0.5506684, -0.14668062, 0.47207847, 1610.5414, 1610.5414, 955.3654, 717.81177, , 
65846.732610833, 003793, -2.0229743, -0.091177166, 8.286658, 0.673765, -0.5510943, -0.14464979, 0.4705447, 1609.1857, 1609.1857, 955.3659, 717.8099, , 
65846.765948833, 003794, -2.0270154, -0.09151354, 8.278101, 0.67585754, -0.5518237, -0.14065742, 0.4678918, 1609.1857, 1609.1857, 955.3673, 717.80554, , 
65846.782617666, 003795, -2.0288508, -0.091699705, 8.2736845, 0.6767308, -0.55216825, -0.13864969, 0.46682084, 1609.1857, 1609.1857, 955.3681, 717.8042, , 
65846.799286625, 003796, -2.0307033, -0.09196909, 8.269094, 0.6774179, -0.5525074, -0.13666786, 0.46600696, 1606.9261, 1606.9261, 955.36914, 717.8034, , 
65846.815955625, 003797, -2.0328622, -0.09251327, 8.264064, 0.67794406, -0.5528809, -0.13473295, 0.46536183, 1606.9261, 1606.9261, 955.3703, 717.803, , 
65846.849293375, 003798, -2.0379336, -0.09426477, 8.252971, 0.6786945, -0.5539247, -0.13132417, 0.4639992, 1606.9261, 1606.9261, 955.3726, 717.80316, , 
65846.865962333, 003799, -2.0398307, -0.09469589, 8.247882, 0.6790311, -0.5546171, -0.12992989, 0.46307117, 1605.1185, 1605.1185, 955.3731, 717.8031, , 
65846.882631333, 003800, -2.0417159, -0.0950313, 8.242801, 0.679261, -0.55519646, -0.1291122, 0.4622678, 1605.1185, 1605.1185, 955.3731, 717.8029, , 
65846.899300333, 003801, -2.0436535, -0.09531019, 8.237665, 0.6793866, -0.5555996, -0.1288932, 0.4616595, 1605.1185, 1605.1185, 955.37286, 717.8027, , 
65846.932638166, 003802, -2.0494735, -0.09597583, 8.225689, 0.67940164, -0.555733, -0.13039848, 0.4610537, 1602.4071, 1602.4071, 955.3708, 717.80145, , 
65846.949307166, 003803, -2.0518792, -0.09617376, 8.220125, 0.6790868, -0.55555934, -0.13216156, 0.4612248, 1602.4071, 1602.4071, 955.3695, 717.8011, , 
65846.965976125, 003804, -2.0543487, -0.09632315, 8.2144985, 0.6785934, -0.55522835, -0.13452768, 0.46166512, 1602.859, 1602.859, 955.36786, 717.8008, , 
65846.982645125, 003805, -2.0569062, -0.09641436, 8.208774, 0.6780566, -0.554819, -0.1372479, 0.46214527, 1602.859, 1602.859, 955.3654, 717.8002, , 
65847.015982791, 003806, -2.0625317, -0.096223414, 8.196763, 0.677109, -0.5539, -0.14306241, 0.46287298, 1600.5995, 1600.5995, 955.3612, 717.7986, , 
65847.032651958, 003807, -2.0659976, -0.095606014, 8.190175, 0.676721, -0.55342144, -0.14601102, 0.46309203, 1600.5995, 1600.5995, 955.35834, 717.79675, , 
65847.049320916, 003808, -2.069107, -0.09536973, 8.183852, 0.6764225, -0.5529291, -0.14900082, 0.4631639, 1600.5995, 1600.5995, 955.356, 717.79517, , 
65847.065989708, 003809, -2.0720792, -0.09522301, 8.177496, 0.6760758, -0.5526038, -0.15209348, 0.46305305, 1598.7919, 1598.7919, 955.3536, 717.79346, , 
65847.099327625, 003810, -2.0782232, -0.095001794, 8.164061, 0.674601, -0.55185664, -0.15852644, 0.46393648, 1598.34, 1598.34, 955.3482, 717.7916, , 
65847.115996666, 003811, -2.0818162, -0.0947073, 8.156595, 0.67344886, -0.5508139, -0.16165172, 0.4657675, 1598.34, 1598.34, 955.34705, 717.79236, , 
65847.132665666, 003812, -2.0858, -0.094110735, 8.148645, 0.67232156, -0.5492777, -0.1645978, 0.46817237, 1596.0804, 1596.0804, 955.34656, 717.79333, , 
65847.149334458, 003813, -2.0895584, -0.09363453, 8.141337, 0.67147475, -0.54747504, -0.1674329, 0.470488, 1596.0804, 1596.0804, 955.3464, 717.7938, , 
65847.182672375, 003814, -2.0962927, -0.09231454, 8.127891, 0.670783, -0.5443901, -0.1732711, 0.47293413, 1596.0804, 1596.0804, 955.34485, 717.791, , 
65847.199341333, 003815, -2.0992005, -0.09145931, 8.121439, 0.67057204, -0.5435521, -0.17648494, 0.47300872, 1593.8209, 1593.8209, 955.3423, 717.78754, , 
65847.216010208, 003816, -2.1024816, -0.0902551, 8.113735, 0.6700161, -0.5431471, -0.1796716, 0.47306213, 1593.8209, 1593.8209, 955.33997, 717.78577, , 
65847.232679166, 003817, -2.1053874, -0.089300856, 8.106424, 0.66895914, -0.5428165, -0.18256839, 0.47382784, 1593.8209, 1593.8209, 955.3381, 717.7855, , 
65847.266017125, 003818, -2.1114392, -0.08765747, 8.09144, 0.6659992, -0.54096985, -0.18631664, 0.47862598, 1591.5614, 1591.5614, 955.3379, 717.79114, , 
65847.282686041, 003819, -2.114538, -0.08672279, 8.084023, 0.66485035, -0.5393856, -0.18714851, 0.4816768, 1591.5614, 1591.5614, 955.3395, 717.79425, , 
65847.299354916, 003820, -2.1173725, -0.0855451, 8.077034, 0.6643274, -0.53786904, -0.18782847, 0.48382488, 1591.5614, 1591.5614, 955.3415, 717.79614, , 
65847.332692875, 003821, -2.1219332, -0.082231686, 8.063255, 0.66462994, -0.53630275, -0.19042304, 0.48413375, 1587.0424, 1587.0424, 955.34076, 717.793, , 
65847.349361875, 003822, -2.1236172, -0.080689095, 8.057415, 0.66478837, -0.53620267, -0.19228144, 0.48329195, 1587.4941, 1587.4941, 955.33844, 717.7896, , 
65847.36603075, 003823, -2.1250877, -0.07931242, 8.051717, 0.66479486, -0.53628594, -0.1941998, 0.48242247, 1587.4941, 1587.4941, 955.3365, 717.7874, , 
65847.399368625, 003824, -2.1277046, -0.07711396, 8.040243, 0.664393, -0.5366705, -0.19816022, 0.4809357, 1599.2438, 1599.2438, 955.33276, 717.7842, , 
65847.416037666, 003825, -2.1298423, -0.07642672, 8.032381, 0.66415477, -0.53687376, -0.19999017, 0.4802801, 1599.2438, 1599.2438, 955.3303, 717.7823, , 
65847.432706666, 003826, -2.1314125, -0.07577492, 8.025736, 0.66405475, -0.5369408, -0.20158826, 0.479675, 1599.2438, 1599.2438, 955.3288, 717.7807, , 
65847.449375416, 003827, -2.1328936, -0.07522559, 8.0193405, 0.66402745, -0.5367672, -0.2027522, 0.47941622, 1599.2438, 1599.2438, 955.32776, 717.77936, , 
65847.482713375, 003828, -2.136056, -0.07448784, 8.006372, 0.66407067, -0.5357531, -0.2033375, 0.48024228, 1599.2438, 1599.2438, 955.32764, 717.77795, , 
65847.499382458, 003829, -2.1376555, -0.074230246, 7.9998884, 0.66428363, -0.5351604, -0.2027868, 0.48084104, 1599.2438, 1599.2438, 955.3284, 717.7779, , 
65847.51605125, 003830, -2.1404953, -0.073956385, 7.991583, 0.66474247, -0.534895, -0.20169581, 0.4809612, 1599.2438, 1599.2438, 955.32947, 717.77734, , 
65847.532720208, 003831, -2.1421812, -0.07367144, 7.984724, 0.66539145, -0.53507036, -0.20052737, 0.48035696, 1599.2438, 1599.2438, 955.32996, 717.7765, , 
65847.566058166, 003832, -2.14432, -0.07330491, 7.9719267, 0.6662906, -0.5369096, -0.19737743, 0.4783589, 1599.2438, 1599.2438, 955.33044, 717.7761, , 
65847.582727166, 003833, -2.145134, -0.073301814, 7.9654756, 0.6662953, -0.5384596, -0.1953244, 0.47745177, 1599.2438, 1599.2438, 955.3309, 717.7785, , 
65847.599395875, 003834, -2.1458232, -0.07339594, 7.958974, 0.6660699, -0.5404289, -0.19307318, 0.4764559, 1599.2438, 1599.2438, 955.33136, 717.78143, , 
65847.616064958, 003835, -2.1471155, -0.07343434, 7.9507594, 0.66582423, -0.54281193, -0.19054388, 0.4751067, 1599.2438, 1599.2438, 955.3316, 717.78467, , 
65847.649402916, 003836, -2.148429, -0.07390568, 7.936896, 0.66553646, -0.5479316, -0.18534435, 0.47167748, 1599.2438, 1599.2438, 955.3317, 717.7922, , 
65847.66607175, 003837, -2.14907, -0.07431832, 7.930129, 0.66552764, -0.5502598, -0.18250103, 0.4700858, 1599.2438, 1599.2438, 955.33203, 717.79517, , 
65847.682740666, 003838, -2.1497996, -0.07484381, 7.923288, 0.6656508, -0.5523174, -0.17948285, 0.46865812, 1599.2438, 1599.2438, 955.333, 717.79877, , 
65847.699409666, 003839, -2.1505978, -0.075464055, 7.916377, 0.6659019, -0.5541906, -0.17642426, 0.4672492, 1599.2438, 1599.2438, 955.3338, 717.8011, , 
65847.716078625, 003840, -2.1521115, -0.07656566, 7.9067883, 0.66624635, -0.55603236, -0.17332593, 0.46572748, 1599.2438, 1599.2438, 955.3346, 717.8029, , 
65847.749416458, 003841, -2.1540718, -0.0784237, 7.891341, 0.66732335, -0.55967647, -0.16694029, 0.4621394, 1599.2438, 1599.2438, 955.33636, 717.8061, , 
65847.766085458, 003842, -2.1549575, -0.07946457, 7.883887, 0.66782314, -0.5616108, -0.16353823, 0.46028325, 1599.2438, 1599.2438, 955.33716, 717.80743, , 
65847.782754375, 003843, -2.1558433, -0.0805885, 7.876385, 0.6682973, -0.5636768, -0.1600071, 0.4583065, 1599.6957, 1599.6957, 955.3383, 717.8097, , 
65847.81609225, 003844, -2.1576946, -0.08305099, 7.8604293, 0.66941655, -0.5682207, -0.15238567, 0.45363557, 1599.6957, 1599.6957, 955.33997, 717.8129, , 
65847.832761166, 003845, -2.1586761, -0.08426264, 7.852546, 0.6700899, -0.57062805, -0.14847392, 0.45090878, 1599.6957, 1599.6957, 955.34076, 717.8147, , 
65847.84943025, 003846, -2.1596894, -0.085446365, 7.844803, 0.67079043, -0.5731323, -0.14446285, 0.4479843, 1599.6957, 1599.6957, 955.34125, 717.8158, , 
65847.866099166, 003847, -2.1607616, -0.08660911, 7.8370867, 0.671469, -0.57572323, -0.14045991, 0.44490817, 1599.6957, 1599.6957, 955.3417, 717.8169, , 
65847.882768166, 003848, -2.1619036, -0.08773249, 7.82938, 0.6721712, -0.57837003, -0.1365128, 0.44163135, 1599.6957, 1599.6957, 955.34204, 717.8178, , 
65847.916105958, 003849, -2.1638293, -0.09017486, 7.8138695, 0.6734899, -0.5837729, -0.128606, 0.43483457, 1599.6957, 1599.6957, 955.3424, 717.8197, , 
65847.932774916, 003850, -2.1650681, -0.091362044, 7.806011, 0.6740709, -0.5863887, -0.12455618, 0.4315813, 1599.6957, 1599.6957, 955.34265, 717.8206, , 
65847.949443916, 003851, -2.1665409, -0.09247385, 7.7980976, 0.6745954, -0.5889764, -0.12043971, 0.42839494, 1599.2438, 1599.2438, 955.3432, 717.8222, , 
65847.96611275, 003852, -2.1681018, -0.09349911, 7.7901454, 0.6750304, -0.59167373, -0.11631178, 0.4251208, 1599.2438, 1599.2438, 955.3437, 717.82355, , 
65847.999450666, 003853, -2.171531, -0.09527825, 7.773982, 0.6754121, -0.5970932, -0.10765449, 0.41917616, 1599.2438, 1599.2438, 955.3454, 717.8287, , 
65848.016119666, 003854, -2.172666, -0.096588954, 7.7657876, 0.6753786, -0.59974563, -0.102722615, 0.41667372, 1599.2438, 1599.2438, 955.34717, 717.8317, , 
65848.032788708, 003855, -2.1742384, -0.09732452, 7.757723, 0.67542696, -0.602338, -0.09722821, 0.41416654, 1599.2438, 1599.2438, 955.34924, 717.83484, , 
65848.0494575, 003856, -2.175858, -0.09773852, 7.7499413, 0.67561096, -0.6049971, -0.09159882, 0.4112639, 1599.2438, 1599.2438, 955.3522, 717.8386, , 
65848.066126416, 003857, -2.177326, -0.09789598, 7.74253, 0.6759855, -0.6079033, -0.086165264, 0.40752017, 1599.2438, 1599.2438, 955.3536, 717.84064, , 
65848.099464458, 003858, -2.1797452, -0.09776228, 7.7282605, 0.6766259, -0.61446357, -0.07607307, 0.39852825, 1599.2438, 1599.2438, 955.3544, 717.8441, , 
65848.11613325, 003859, -2.1809812, -0.09817846, 7.720184, 0.67631537, -0.6177679, -0.07105111, 0.39485723, 1599.2438, 1599.2438, 955.3553, 717.84717, , 
65848.132802208, 003860, -2.1822433, -0.098580584, 7.711967, 0.675577, -0.6207531, -0.06586931, 0.39232966, 1599.2438, 1599.2438, 955.3573, 717.85156, , 
65848.14947125, 003861, -2.1834836, -0.09864042, 7.704138, 0.67480576, -0.6233291, -0.06063872, 0.39041144, 1599.2438, 1599.2438, 955.36005, 717.85645, , 
65848.166140208, 003862, -2.184624, -0.09844245, 7.69669, 0.67432785, -0.6256646, -0.055554405, 0.38825157, 1599.2438, 1599.2438, 955.36365, 717.8618, , 
65848.182809166, 003863, -2.1855779, -0.09803298, 7.6897, 0.67429626, -0.6279242, -0.050643496, 0.38531914, 1599.2438, 1599.2438, 955.36566, 717.86414, , 
65848.216146916, 003864, -2.1869473, -0.09773918, 7.6760626, 0.6751185, -0.63258487, -0.041433044, 0.37727275, 1599.2438, 1599.2438, 955.3673, 717.8651, , 
65848.232815958, 003865, -2.187244, -0.09749804, 7.669795, 0.67561775, -0.635111, -0.036957536, 0.37257066, 1599.2438, 1599.2438, 955.36707, 717.8648, , 
65848.249484958, 003866, -2.1872745, -0.09719575, 7.663791, 0.67591226, -0.6378024, -0.0325701, 0.3678179, 1599.2438, 1599.2438, 955.3668, 717.8648, , 
65848.26615375, 003867, -2.1870573, -0.09697243, 7.6578245, 0.67591333, -0.64064085, -0.028221922, 0.36321348, 1599.2438, 1599.2438, 955.3667, 717.866, , 
65848.28282275, 003868, -2.1866155, -0.09683226, 7.651814, 0.6757056, -0.6435061, -0.023862807, 0.3588207, 1599.6957, 1599.6957, 955.3668, 717.8676, , 
65848.31616075, 003869, -2.1851969, -0.09721029, 7.639642, 0.67517596, -0.64890987, -0.014751075, 0.3504795, 1599.2438, 1599.2438, 955.36774, 717.8712, , 
65848.332829583, 003870, -2.1842215, -0.09752488, 7.6334786, 0.67496026, -0.6512841, -0.010049052, 0.3466363, 1599.2438, 1599.2438, 955.3689, 717.87335, , 
65848.349498541, 003871, -2.182994, -0.09752487, 7.627248, 0.674787, -0.65334255, -0.005253125, 0.3431886, 1599.2438, 1599.2438, 955.3702, 717.87463, , 
65848.3661675, 003872, -2.1815882, -0.09741807, 7.620965, 0.67467266, -0.65505075, -0.00039954486, 0.3401841, 1599.2438, 1599.2438, 955.3718, 717.87573, , 
65850.399778583, 003975, -1.5751102, -0.11751583, 7.2795296, 0.5151342, -0.7187624, 0.43771702, -0.16254567, 1599.2438, 1599.2438, 955.40985, 717.88074, , 
65850.416447583, 003976, -1.5653943, -0.117423065, 7.281006, 0.5157324, -0.71852916, 0.4374578, -0.16237786, 1598.7919, 1598.7919, 955.4089, 717.8796, , 
65850.433116416, 003977, -1.5561014, -0.117043376, 7.2818656, 0.5166889, -0.71803397, 0.4372064, -0.16220404, 1598.7919, 1598.7919, 955.40796, 717.87787, , 
65850.449785375, 003978, -1.5471009, -0.11643246, 7.2824826, 0.5180851, -0.71719724, 0.43687505, -0.16234636, 1598.7919, 1598.7919, 955.4061, 717.8751, , 
65850.483123333, 003979, -1.5292768, -0.11487231, 7.283234, 0.52152133, -0.7152555, 0.435843, -0.1626835, 1599.2438, 1599.2438, 955.4002, 717.8671, , 
65850.499792166, 003980, -1.5200497, -0.114083745, 7.2832656, 0.5229819, -0.7147829, 0.43514556, -0.16193686, 1599.2438, 1599.2438, 955.39844, 717.8645, , 
65850.516461125, 003981, -1.510935, -0.1132951, 7.283825, 0.5240335, -0.71489435, 0.4344037, -0.16002618, 1599.2438, 1599.2438, 955.3981, 717.8631, , 
65850.533130125, 003982, -1.5013365, -0.112551965, 7.2835155, 0.5245121, -0.71551156, 0.4339211, -0.1569793, 1598.7919, 1598.7919, 955.4001, 717.86285, , 
65850.566468041, 003983, -1.4824758, -0.11082861, 7.281896, 0.52503854, -0.716837, 0.433612, -0.1498665, 1599.2438, 1599.2438, 955.4061, 717.8632, , 
65850.583136875, 003984, -1.4738146, -0.10977809, 7.281029, 0.5258601, -0.7170398, 0.43317732, -0.14724973, 1599.2438, 1599.2438, 955.4083, 717.8622, , 
65850.599805833, 003985, -1.4657539, -0.10866532, 7.280225, 0.52725315, -0.71693194, 0.4322351, -0.14555204, 1599.2438, 1599.2438, 955.4083, 717.8607, , 
65850.616474875, 003986, -1.4588381, -0.107592545, 7.280317, 0.52911484, -0.7165914, 0.43085888, -0.14455082, 1599.2438, 1599.2438, 955.4068, 717.8588, , 
65850.649812625, 003987, -1.4445938, -0.1057685, 7.278798, 0.53308684, -0.7161452, 0.4272602, -0.14284012, 1598.7919, 1598.7919, 955.4017, 717.85516, , 
65850.666481583, 003988, -1.4372869, -0.10512104, 7.277578, 0.53499436, -0.7162739, 0.42513278, -0.14140359, 1598.7919, 1598.7919, 955.39984, 717.8544, , 
65850.683150541, 003989, -1.4297812, -0.10465124, 7.2760944, 0.53674424, -0.7166667, 0.42292634, -0.13938372, 1599.2438, 1599.2438, 955.3982, 717.8542, , 
65850.7164885, 003990, -1.4156083, -0.103641056, 7.272912, 0.5398599, -0.71810323, 0.41855288, -0.13301377, 1599.2438, 1599.2438, 955.3983, 717.85535, , 
65850.733157333, 003991, -1.4080765, -0.10333967, 7.270718, 0.54122454, -0.7188687, 0.41675007, -0.12893036, 1598.7919, 1598.7919, 955.4001, 717.8561, , 
65850.74982625, 003992, -1.4002652, -0.10316114, 7.268134, 0.5425093, -0.71945316, 0.41533586, -0.124767475, 1598.7919, 1598.7919, 955.4018, 717.85596, , 
65850.766495333, 003993, -1.3925121, -0.10299179, 7.265359, 0.5437373, -0.7197263, 0.41437194, -0.12099414, 1598.7919, 1598.7919, 955.40344, 717.8551, , 
65850.799833125, 003994, -1.3774062, -0.102715336, 7.2595754, 0.5460205, -0.71964294, 0.41313747, -0.115295164, 1599.2438, 1599.2438, 955.406, 717.85144, , 
65850.816502083, 003995, -1.3704615, -0.10258864, 7.2575865, 0.54694295, -0.7196957, 0.41238716, -0.11326273, 1599.2438, 1599.2438, 955.40656, 717.8502, , 
65850.833171, 003996, -1.3630434, -0.102729194, 7.254865, 0.5475992, -0.7200607, 0.4113984, -0.11135085, 1599.2438, 1599.2438, 955.40717, 717.85016, , 
65850.849840083, 003997, -1.3553699, -0.10307635, 7.2518296, 0.5479665, -0.7207637, 0.41017994, -0.10947547, 1599.2438, 1599.2438, 955.4081, 717.8517, , 
65850.883177791, 003998, -1.3396885, -0.10413124, 7.245255, 0.5486644, -0.7225609, 0.40696293, -0.10608687, 1599.2438, 1599.2438, 955.40936, 717.8563, , 
65850.899846791, 003999, -1.3317846, -0.104729116, 7.241702, 0.54941434, -0.7233155, 0.40500286, -0.10455277, 1599.2438, 1599.2438, 955.4091, 717.8589, , 
65850.91651575, 004000, -1.3223975, -0.10570024, 7.2385473, 0.5504025, -0.7240397, 0.40279573, -0.102855414, 1599.2438, 1599.2438, 955.4087, 717.8605, , 
65850.93318475, 004001, -1.3137985, -0.10653922, 7.234743, 0.5515722, -0.72466046, 0.4005678, -0.10089992, 1599.2438, 1599.2438, 955.4081, 717.86176, , 
65850.966522458, 004002, -1.2969623, -0.10819426, 7.2260237, 0.5544725, -0.72555035, 0.39607424, -0.09623865, 1599.2438, 1599.2438, 955.4069, 717.86316, , 
65850.983191541, 004003, -1.2885406, -0.10900019, 7.221324, 0.55620617, -0.7257032, 0.39389297, -0.094010554, 1599.2438, 1599.2438, 955.4061, 717.86285, , 
65850.999860541, 004004, -1.2800993, -0.10977684, 7.21647, 0.55806637, -0.7256181, 0.39187208, -0.092067756, 1598.7919, 1598.7919, 955.40497, 717.86194, , 
65851.016529458, 004005, -1.2682762, -0.110137835, 7.2118907, 0.5598374, -0.7254617, 0.39003313, -0.090340875, 1598.7919, 1598.7919, 955.40295, 717.86, , 
65851.049867291, 004006, -1.249514, -0.11149302, 7.2017775, 0.5632524, -0.724615, 0.38728192, -0.08770773, 1598.7919, 1598.7919, 955.4001, 717.85583, , 
65851.066536166, 004007, -1.240567, -0.112217136, 7.1964726, 0.56479985, -0.7239901, 0.38641727, -0.08672416, 1599.2438, 1599.2438, 955.3983, 717.85236, , 
65851.083205208, 004008, -1.2315795, -0.11294214, 7.191026, 0.5661839, -0.7233579, 0.3857887, -0.085768566, 1599.2438, 1599.2438, 955.3973, 717.8496, , 
65851.099874, 004009, -1.222535, -0.11365368, 7.185425, 0.56743777, -0.7227779, 0.385293, -0.08459253, 1599.2438, 1599.2438, 955.3965, 717.84705, , 
65851.133212, 004010, -1.2016833, -0.11636718, 7.173945, 0.5701483, -0.721591, 0.38410258, -0.08187036, 1599.2438, 1599.2438, 955.3952, 717.84064, , 
65851.149880958, 004011, -1.1926455, -0.11687736, 7.168394, 0.57210714, -0.7207287, 0.3829399, -0.081244305, 1599.2438, 1599.2438, 955.39355, 717.8373, , 
65851.16654975, 004012, -1.1837327, -0.11716345, 7.1629457, 0.57426023, -0.7199453, 0.38121304, -0.08112029, 1599.2438, 1599.2438, 955.3897, 717.83307, , 
65851.183218791, 004013, -1.1746005, -0.11733864, 7.1574607, 0.5760168, -0.7195932, 0.37929264, -0.08079176, 1599.2438, 1599.2438, 955.387, 717.831, , 
65851.21655675, 004014, -1.152514, -0.11807991, 7.1456866, 0.5766812, -0.7213284, 0.37584454, -0.076582745, 1599.2438, 1599.2438, 955.3874, 717.83496, , 
65851.23322575, 004015, -1.1412646, -0.11819611, 7.139268, 0.5755593, -0.7230707, 0.37507802, -0.07222691, 1599.2438, 1599.2438, 955.3915, 717.83966, , 
65851.249894541, 004016, -1.1305802, -0.11790686, 7.1326895, 0.574177, -0.7247143, 0.37495115, -0.06724445, 1598.7919, 1598.7919, 955.39716, 717.8445, , 
65851.2665635, 004017, -1.1205106, -0.11717658, 7.1262245, 0.5731589, -0.7257044, 0.37537307, -0.06274595, 1599.2438, 1599.2438, 955.40295, 717.84784, , 
65851.299901416, 004018, -1.102544, -0.11452533, 7.1143064, 0.57371026, -0.72528046, 0.37617746, -0.057577386, 1599.2438, 1599.2438, 955.4103, 717.8469, , 
65851.31657025, 004019, -1.0929762, -0.11379974, 7.1100683, 0.5752273, -0.72421426, 0.37595475, -0.05731789, 1599.2438, 1599.2438, 955.4095, 717.8432, , 
65851.33323925, 004020, -1.0846759, -0.11247157, 7.1054635, 0.5769041, -0.7230699, 0.37547436, -0.058056798, 1599.2438, 1599.2438, 955.40625, 717.8377, , 
65851.349908166, 004021, -1.0766815, -0.111071415, 7.1008196, 0.5783546, -0.7221703, 0.37479576, -0.059195787, 1599.2438, 1599.2438, 955.4032, 717.8343, , 
65851.383246208, 004022, -1.0602357, -0.10861011, 7.091631, 0.57993996, -0.72173566, 0.37283456, -0.06133224, 1598.7919, 1598.7919, 955.3975, 717.8318, , 
65851.399914958, 004023, -1.0516037, -0.10755059, 7.0870495, 0.5801192, -0.7222101, 0.37153974, -0.06190756, 1598.7919, 1598.7919, 955.396, 717.8332, , 
65851.416583958, 004024, -1.0429846, -0.10663022, 7.0813117, 0.58006763, -0.72306246, 0.3700068, -0.061620522, 1599.2438, 1599.2438, 955.3952, 717.83563, , 
65851.433252958, 004025, -1.0341444, -0.10571712, 7.076266, 0.57983667, -0.7240682, 0.3685431, -0.060750954, 1599.2438, 1599.2438, 955.3952, 717.83984, , 
65851.46659075, 004026, -1.0166137, -0.10391776, 7.066835, 0.5795612, -0.72587574, 0.36586142, -0.05795462, 1599.2438, 1599.2438, 955.39667, 717.84564, , 
65851.483259666, 004027, -1.008107, -0.10303009, 7.0623727, 0.5797145, -0.7265411, 0.36449555, -0.056676026, 1599.2438, 1599.2438, 955.39716, 717.84845, , 
65851.499928625, 004028, -0.9997628, -0.1022106, 7.0580425, 0.5800061, -0.72711277, 0.36304313, -0.055673774, 1599.2438, 1599.2438, 955.39703, 717.85016, , 
65851.516597625, 004029, -0.99285084, -0.101758875, 7.0526886, 0.5804453, -0.7276323, 0.36143225, -0.05478315, 1599.2438, 1599.2438, 955.39667, 717.85187, , 
65851.549935416, 004030, -0.9769551, -0.101147726, 7.043661, 0.5804423, -0.7290604, 0.35882783, -0.052916564, 1599.2438, 1599.2438, 955.39703, 717.857, , 
65851.566604416, 004031, -0.96862954, -0.10113057, 7.0391674, 0.5801837, -0.729909, 0.3577197, -0.051538896, 1599.2438, 1599.2438, 955.3978, 717.85974, , 
65851.583273458, 004032, -0.9601897, -0.101283625, 7.0345902, 0.57995063, -0.7306741, 0.35676047, -0.049947165, 1599.2438, 1599.2438, 955.39905, 717.8623, , 
65851.599942375, 004033, -0.9516894, -0.10156954, 7.0299253, 0.5799594, -0.7312287, 0.3558427, -0.048245657, 1599.2438, 1599.2438, 955.4005, 717.86475, , 
65851.633280166, 004034, -0.935629, -0.1034883, 7.019697, 0.5812922, -0.73150253, 0.3535975, -0.044412315, 1598.7919, 1598.7919, 955.4017, 717.86566, , 
65851.649949125, 004035, -0.926995, -0.10420625, 7.014716, 0.58232915, -0.7315091, 0.35213643, -0.04227419, 1598.7919, 1598.7919, 955.4018, 717.86505, , 
65851.666618125, 004036, -0.91811466, -0.104997866, 7.00969, 0.5834748, -0.73160845, 0.35030055, -0.03994681, 1598.7919, 1598.7919, 955.4017, 717.86487, , 
65851.683287125, 004037, -0.9090254, -0.1058789, 7.0045977, 0.5846615, -0.73182756, 0.34813198, -0.037463203, 1599.2438, 1599.2438, 955.4015, 717.86505, , 
65851.716624875, 004038, -0.89050794, -0.108126104, 6.99392, 0.5875384, -0.73220307, 0.34298167, -0.032261632, 1599.2438, 1599.2438, 955.40027, 717.8657, , 
65851.733293791, 004039, -0.8812473, -0.10915892, 6.988562, 0.5893598, -0.73211366, 0.3402465, -0.0299466, 1599.2438, 1599.2438, 955.39905, 717.8652, , 
65851.749962916, 004040, -0.87199104, -0.11011392, 6.9831786, 0.59134984, -0.7318962, 0.3374413, -0.027686646, 1599.2438, 1599.2438, 955.3974, 717.8641, , 
65851.766631666, 004041, -0.8627221, -0.111077204, 6.9777083, 0.593369, -0.7316414, 0.3346263, -0.025284063, 1599.2438, 1599.2438, 955.3953, 717.86237, , 
65851.799969583, 004042, -0.8443407, -0.11293116, 6.9665074, 0.5977488, -0.7310136, 0.3284856, -0.020314118, 1599.2438, 1599.2438, 955.3919, 717.8595, , 
65851.816638583, 004043, -0.83717614, -0.11413906, 6.960979, 0.60041803, -0.7305859, 0.3246706, -0.018205214, 1599.2438, 1599.2438, 955.3884, 717.85706, , 
65851.8333075, 004044, -0.82871586, -0.11488706, 6.955103, 0.6029621, -0.730252, 0.3208125, -0.015746154, 1599.2438, 1599.2438, 955.3856, 717.8554, , 
65851.849976333, 004045, -0.8198246, -0.11543818, 6.9486947, 0.60508794, -0.7300943, 0.3173179, -0.01184102, 1599.2438, 1599.2438, 955.3843, 717.8543, , 
65851.883314291, 004046, -0.80246776, -0.11579862, 6.9351, 0.60904247, -0.7291451, 0.31210795, -0.0017929567, 1599.2438, 1599.2438, 955.38586, 717.8512, , 
65851.899983333, 004047, -0.79449165, -0.115453474, 6.9285955, 0.61184055, -0.7279589, 0.30939212, 0.001856007, 1599.2438, 1599.2438, 955.3853, 717.8474, , 
65851.916652125, 004048, -0.78659314, -0.11494796, 6.9215593, 0.6152487, -0.7265661, 0.3058627, 0.0043353084, 1599.2438, 1599.2438, 955.3817, 717.8407, , 
65851.933321041, 004049, -0.7786957, -0.11429115, 6.914234, 0.61881155, -0.7253475, 0.30150026, 0.0063905115, 1599.2438, 1599.2438, 955.37775, 717.8359, , 
65851.949990083, 004050, -0.77100515, -0.11338668, 6.9072394, 0.6219724, -0.7244471, 0.29706165, 0.009011614, 1599.2438, 1599.2438, 955.37415, 717.83203, , 
65851.983328041, 004051, -0.7552353, -0.11151309, 6.891626, 0.6249396, -0.7241679, 0.29089707, 0.020251336, 1598.7919, 1598.7919, 955.3752, 717.83075, , 
65851.99999675, 004052, -0.74745727, -0.110530734, 6.8830924, 0.6249965, -0.7242687, 0.2898554, 0.028250828, 1599.2438, 1599.2438, 955.38074, 717.83264, , 
65852.016665791, 004053, -0.7405537, -0.10959785, 6.874303, 0.62530756, -0.7239023, 0.28932682, 0.03529882, 1599.2438, 1599.2438, 955.3867, 717.8337, , 
65852.03333475, 004054, -0.73446125, -0.10853797, 6.866022, 0.62646115, -0.7230718, 0.28826833, 0.04018719, 1599.2438, 1599.2438, 955.39136, 717.83203, , 
65852.050003791, 004055, -0.7287456, -0.10717259, 6.8588667, 0.6284487, -0.7220153, 0.28617254, 0.04302693, 1599.2438, 1599.2438, 955.39136, 717.82916, , 
65852.066672583, 004056, -0.72335523, -0.10586718, 6.852282, 0.6308397, -0.7210088, 0.28316557, 0.044776693, 1599.2438, 1599.2438, 955.3893, 717.82574, , 
65852.100010541, 004057, -0.71277934, -0.10417129, 6.839213, 0.6350773, -0.7199382, 0.2756302, 0.04892845, 1599.2438, 1599.2438, 955.3831, 717.82086, , 
65852.116679458, 004058, -0.70709825, -0.10395577, 6.8306293, 0.63657534, -0.71985143, 0.27177522, 0.052191254, 1599.2438, 1599.2438, 955.3816, 717.82086, , 
65852.133348458, 004059, -0.7015698, -0.103806034, 6.822668, 0.6378606, -0.719775, 0.26807672, 0.056503415, 1599.2438, 1599.2438, 955.3812, 717.82184, , 
65852.150017291, 004060, -0.69619286, -0.103654504, 6.814595, 0.639109, -0.7195381, 0.2645666, 0.061718624, 1599.2438, 1599.2438, 955.382, 717.8226, , 
65852.166686166, 004061, -0.6910395, -0.10343663, 6.806264, 0.6404426, -0.7190526, 0.2612391, 0.067458674, 1599.2438, 1599.2438, 955.3834, 717.823, , 
65852.183355166, 004062, -0.68614787, -0.10313685, 6.7977386, 0.64181536, -0.718344, 0.25821987, 0.07333164, 1599.2438, 1599.2438, 955.38574, 717.82263, , 
65852.216693041, 004063, -0.678087, -0.10219219, 6.7806687, 0.6445222, -0.71655, 0.25309357, 0.08420762, 1599.2438, 1599.2438, 955.3896, 717.8209, , 
65852.233361958, 004064, -0.6749897, -0.10156979, 6.772325, 0.6458651, -0.7157223, 0.25050083, 0.08859618, 1599.2438, 1599.2438, 955.39124, 717.81964, , 
65852.250031, 004065, -0.67138964, -0.10116698, 6.7639656, 0.64716166, -0.7150988, 0.24763353, 0.09215757, 1599.2438, 1599.2438, 955.39136, 717.81885, , 
65852.266699916, 004066, -0.66765845, -0.10094177, 6.7556043, 0.64826834, -0.7147789, 0.2445478, 0.09505635, 1599.2438, 1599.2438, 955.39087, 717.8187, , 
65852.283368958, 004067, -0.6638678, -0.10091317, 6.747146, 0.6490811, -0.7147794, 0.2413376, 0.09767424, 1599.2438, 1599.2438, 955.3901, 717.8195, , 
65852.30003775, 004068, -0.66004723, -0.1010536, 6.7385273, 0.6496852, -0.71498334, 0.23807421, 0.10014378, 1599.2438, 1599.2438, 955.38904, 717.8216, , 
65852.31670675, 004069, -0.65559125, -0.10132823, 6.7306795, 0.65011096, -0.7153486, 0.23473778, 0.10261763, 1599.2438, 1599.2438, 955.3882, 717.82355, , 
65852.350044625, 004070, -0.6475585, -0.10230735, 6.7127514, 0.6509493, -0.7160503, 0.22790635, 0.10768327, 1599.2438, 1599.2438, 955.38635, 717.82916, , 
65852.366713458, 004071, -0.643741, -0.10291126, 6.7033086, 0.65158075, -0.7161452, 0.22460075, 0.11014997, 1599.2438, 1599.2438, 955.38544, 717.83075, , 
65852.383382458, 004072, -0.640063, -0.103532806, 6.6936812, 0.6524945, -0.7159708, 0.22135647, 0.11241956, 1599.2438, 1599.2438, 955.3844, 717.8315, , 
65854.400323958, 004172, -0.37314823, -0.10426588, 5.491699, 0.6875589, -0.667016, 0.0743831, 0.27716315, 1599.2438, 1599.2438, 955.3848, 717.80817, , 
65854.433661916, 004173, -0.38550985, -0.10513618, 5.4702616, 0.6879559, -0.6600238, 0.06285196, 0.29518622, 1598.7919, 1598.7919, 955.3923, 717.81085, , 
65854.450330791, 004174, -0.39197248, -0.10580826, 5.460876, 0.68813604, -0.656299, 0.056114487, 0.30428874, 1598.7919, 1598.7919, 955.3947, 717.81177, , 
65854.466999708, 004175, -0.39866945, -0.106672786, 5.4519353, 0.68807083, -0.6525105, 0.048626654, 0.31372604, 1599.2438, 1599.2438, 955.3968, 717.81323, , 
65854.483668708, 004176, -0.40559328, -0.10775125, 5.4433274, 0.6877502, -0.6485654, 0.04069804, 0.32358348, 1599.2438, 1599.2438, 955.3989, 717.8154, , 
65854.517006666, 004177, -0.4197175, -0.110140845, 5.425514, 0.6866689, -0.63988197, 0.023965493, 0.34418398, 1599.2438, 1599.2438, 955.404, 717.8213, , 
65854.533675375, 004178, -0.42711335, -0.11165576, 5.4172072, 0.6859974, -0.6351305, 0.015367357, 0.35465562, 1599.2438, 1599.2438, 955.40625, 717.82385, , 
65854.550344416, 004179, -0.434713, -0.11338994, 5.409382, 0.6852318, -0.6301304, 0.006842832, 0.36516616, 1599.2438, 1599.2438, 955.4095, 717.8271, , 
65854.567013458, 004180, -0.4424197, -0.11522639, 5.401814, 0.6843623, -0.6249152, -0.0015649258, 0.37566844, 1599.2438, 1599.2438, 955.4122, 717.8295, , 
65854.600351208, 004181, -0.4574569, -0.11869469, 5.385881, 0.68250906, -0.61426044, -0.018060021, 0.39565054, 1598.7919, 1598.7919, 955.41797, 717.8345, , 
65854.617020166, 004182, -0.46481147, -0.12032506, 5.3777757, 0.6813157, -0.6089019, -0.026491128, 0.40539548, 1598.7919, 1598.7919, 955.42004, 717.8368, , 
65854.650358125, 004183, -0.47969285, -0.12351148, 5.363724, 0.67821556, -0.5978434, -0.04424365, 0.42502868, 1598.7919, 1598.7919, 955.42377, 717.8424, , 
65854.667027083, 004184, -0.48694813, -0.12484857, 5.3572454, 0.6765619, -0.59217244, -0.053670578, 0.4344138, 1598.7919, 1598.7919, 955.4253, 717.84595, , 
65854.683695875, 004185, -0.49397314, -0.12590906, 5.351102, 0.6749889, -0.5864578, -0.06348863, 0.44320026, 1598.7919, 1598.7919, 955.4253, 717.84766, , 
65854.717033833, 004186, -0.50655377, -0.12742004, 5.337464, 0.67195916, -0.575058, -0.08383386, 0.45907637, 1598.7919, 1598.7919, 955.42206, 717.84875, , 
65854.733702791, 004187, -0.51242495, -0.12780637, 5.331396, 0.6705064, -0.5693849, -0.09400044, 0.46624672, 1598.7919, 1598.7919, 955.4198, 717.8482, , 
65854.750371583, 004188, -0.51802534, -0.12792419, 5.326074, 0.66915804, -0.5638314, -0.104170606, 0.47272637, 1599.2438, 1599.2438, 955.4172, 717.8469, , 
65854.783709583, 004189, -0.52802455, -0.12742521, 5.3163013, 0.6664992, -0.5535319, -0.12490189, 0.48350874, 1599.2438, 1599.2438, 955.4076, 717.8411, , 
65854.800378583, 004190, -0.5327379, -0.12690914, 5.31141, 0.6650102, -0.5480783, -0.13525996, 0.4889543, 1599.2438, 1599.2438, 955.4033, 717.83826, , 
65854.833716333, 004191, -0.5419181, -0.12549342, 5.297935, 0.662605, -0.5345835, -0.15364423, 0.5015662, 1599.2438, 1599.2438, 955.3989, 717.83026, , 
65854.850385291, 004192, -0.54634196, -0.124412306, 5.292912, 0.6621245, -0.52719617, -0.16182296, 0.5074136, 1599.2438, 1599.2438, 955.39856, 717.82513, , 
65854.883723291, 004193, -0.5539226, -0.121687084, 5.2839622, 0.66154325, -0.513452, -0.17805682, 0.516743, 1599.2438, 1599.2438, 955.39636, 717.81, , 
65854.900392041, 004194, -0.5570386, -0.12016618, 5.279684, 0.6608572, -0.50744075, -0.18649787, 0.52056706, 1598.7919, 1598.7919, 955.39404, 717.80365, , 
65854.917061041, 004195, -0.55903286, -0.11922166, 5.273159, 0.6596883, -0.50159943, -0.19498284, 0.5245865, 1598.7919, 1598.7919, 955.3916, 717.7982, , 
65854.950398916, 004196, -0.5639062, -0.11668892, 5.263002, 0.65660584, -0.48963293, -0.20898823, 0.5342774, 1598.7919, 1598.7919, 955.3901, 717.7909, , 
65854.967068, 004197, -0.5662281, -0.11546916, 5.258219, 0.6548951, -0.48354876, -0.21464705, 0.5396478, 1598.7919, 1598.7919, 955.3916, 717.7897, , 
65854.983736708, 004198, -0.5681265, -0.11429432, 5.253579, 0.6531719, -0.47802314, -0.21995877, 0.54449844, 1599.2438, 1599.2438, 955.3937, 717.78894, , 
65855.000405708, 004199, -0.56948555, -0.113188446, 5.2490783, 0.65136594, -0.4733994, -0.22532284, 0.54849344, 1599.2438, 1599.2438, 955.39404, 717.78827, , 
65855.033743625, 004200, -0.57129055, -0.11361771, 5.237456, 0.6476234, -0.46627456, -0.23505469, 0.55490655, 1599.2438, 1599.2438, 955.39264, 717.78784, , 
65855.050412416, 004201, -0.5717852, -0.11345133, 5.232653, 0.6456396, -0.46298784, -0.23936555, 0.55811816, 1598.7919, 1598.7919, 955.3923, 717.7885, , 
65855.067081416, 004202, -0.5721682, -0.113449425, 5.227909, 0.6436731, -0.45973775, -0.24333312, 0.5613511, 1598.7919, 1598.7919, 955.39215, 717.7895, , 
65855.100419416, 004203, -0.5727508, -0.11394218, 5.2183733, 0.6404977, -0.45292178, -0.25039548, 0.56738585, 1599.2438, 1599.2438, 955.3932, 717.7908, , 
65855.117088333, 004204, -0.57438755, -0.1163915, 5.2112293, 0.6395993, -0.44954976, -0.25347462, 0.56970906, 1599.2438, 1599.2438, 955.3937, 717.79, , 
65855.150426125, 004205, -0.57512563, -0.11826377, 5.200064, 0.6380081, -0.44349644, -0.2596009, 0.57346654, 1599.2438, 1599.2438, 955.3939, 717.78613, , 
65855.167095083, 004206, -0.57538575, -0.11900524, 5.194469, 0.636902, -0.44057792, -0.26204884, 0.5758277, 1599.2438, 1599.2438, 955.3946, 717.7857, , 
65855.183764083, 004207, -0.5757139, -0.11976985, 5.1886353, 0.6356376, -0.4378246, -0.2637492, 0.5785419, 1599.2438, 1599.2438, 955.3961, 717.78687, , 
65855.217101833, 004208, -0.5772534, -0.122062385, 5.1744633, 0.634016, -0.434564, -0.26481566, 0.58228046, 1599.2438, 1599.2438, 955.4002, 717.79126, , 
65855.233770791, 004209, -0.5780884, -0.12341449, 5.166456, 0.6337021, -0.43447798, -0.26447588, 0.5828405, 1599.2438, 1599.2438, 955.401, 717.7927, , 
65855.250439833, 004210, -0.57794636, -0.124181904, 5.159309, 0.63341665, -0.43511775, -0.26379663, 0.58298135, 1599.2438, 1599.2438, 955.4015, 717.7949, , 
65855.267108833, 004211, -0.57749295, -0.12482096, 5.1522136, 0.6330776, -0.4361775, -0.26267293, 0.58306503, 1599.2438, 1599.2438, 955.4018, 717.7973, , 
65855.300446583, 004212, -0.5762424, -0.12615542, 5.137339, 0.63217634, -0.43943158, -0.2593374, 0.5830926, 1599.2438, 1599.2438, 955.4031, 717.8053, , 
65855.317115583, 004213, -0.5771706, -0.12740052, 5.126851, 0.63186365, -0.4417199, -0.25727612, 0.5826155, 1599.2438, 1599.2438, 955.4033, 717.8091, , 
65855.350453375, 004214, -0.57617265, -0.12891427, 5.1091623, 0.6315025, -0.44701928, -0.25307176, 0.5808038, 1599.2438, 1599.2438, 955.4031, 717.81586, , 
65855.367122208, 004215, -0.57530963, -0.12963033, 5.1002655, 0.6314309, -0.4499285, -0.25086907, 0.5795896, 1599.2438, 1599.2438, 955.4025, 717.8199, , 
65855.38379125, 004216, -0.57439995, -0.13038853, 5.091049, 0.6314439, -0.45294058, -0.24859917, 0.57820565, 1599.2438, 1599.2438, 955.40204, 717.8228, , 
65855.417129041, 004217, -0.57318044, -0.13230605, 5.069344, 0.63191617, -0.45961046, -0.24321568, 0.5747055, 1599.2438, 1599.2438, 955.4009, 717.82916, , 
65855.433798041, 004218, -0.572748, -0.133435, 5.0571947, 0.63250303, -0.46333376, -0.23975082, 0.57252187, 1599.2438, 1599.2438, 955.40076, 717.83185, , 
65855.450467041, 004219, -0.57173645, -0.13449375, 5.0459065, 0.6333988, -0.46747342, -0.23575395, 0.5698198, 1599.2438, 1599.2438, 955.40063, 717.8342, , 
65855.483804958, 004220, -0.56868666, -0.13654685, 5.023456, 0.6362718, -0.47742406, -0.2264296, 0.5620981, 1598.7919, 1598.7919, 955.39935, 717.8376, , 
65855.500473791, 004221, -0.56738675, -0.13748676, 5.0104527, 0.6382325, -0.48316506, -0.22137474, 0.55695975, 1598.7919, 1598.7919, 955.39795, 717.83777, , 
65855.53381175, 004222, -0.5635762, -0.13918674, 4.98557, 0.6429745, -0.49564546, -0.21041685, 0.54465055, 1599.2438, 1599.2438, 955.39307, 717.83545, , 
65855.550480708, 004223, -0.5612599, -0.13992648, 4.9734926, 0.64561445, -0.50207096, -0.20444551, 0.53787434, 1599.2438, 1599.2438, 955.39075, 717.8338, , 
65855.583818375, 004224, -0.55641675, -0.14107354, 4.9490576, 0.65150917, -0.5145669, -0.19110784, 0.5236741, 1599.2438, 1599.2438, 955.3866, 717.8288, , 
65855.600487375, 004225, -0.5538369, -0.14137523, 4.9368277, 0.65489674, -0.52063775, -0.18397379, 0.51594585, 1599.2438, 1599.2438, 955.38495, 717.8255, , 
65855.633825375, 004226, -0.5490178, -0.14157854, 4.9092565, 0.661774, -0.5332861, -0.16940375, 0.49896228, 1599.2438, 1599.2438, 955.38007, 717.8157, , 
65855.650494208, 004227, -0.5461361, -0.14149678, 4.896504, 0.6644919, -0.5398403, -0.1616011, 0.49082392, 1599.2438, 1599.2438, 955.37823, 717.8133, , 
65855.667163125, 004228, -0.5431319, -0.14134249, 4.8837395, 0.66663414, -0.54650474, -0.15316598, 0.48318902, 1599.2438, 1599.2438, 955.37726, 717.81287, , 
65855.683832166, 004229, -0.5399684, -0.14105044, 4.871017, 0.6684551, -0.5532082, -0.1441625, 0.47575805, 1599.2438, 1599.2438, 955.37714, 717.8144, , 
65855.717169916, 004230, -0.5337841, -0.13952543, 4.844398, 0.6718866, -0.56633407, -0.12555265, 0.4605113, 1599.2438, 1599.2438, 955.37787, 717.8172, , 
65855.733838833, 004231, -0.5302474, -0.13851523, 4.831788, 0.6736269, -0.57251555, -0.11610426, 0.4527389, 1599.2438, 1599.2438, 955.3784, 717.8181, , 
65855.767176791, 004232, -0.522443, -0.13635968, 4.8080378, 0.6764402, -0.5839052, -0.09675794, 0.4383164, 1599.2438, 1599.2438, 955.38074, 717.82025, , 
65855.783845708, 004233, -0.5183735, -0.13521738, 4.7966022, 0.677472, -0.5891877, -0.08676742, 0.43169552, 1599.2438, 1599.2438, 955.3838, 717.8229, , 
65855.817183541, 004234, -0.50950223, -0.13315523, 4.774707, 0.67962754, -0.5998783, -0.06633947, 0.41695514, 1599.2438, 1599.2438, 955.38806, 717.8256, , 
65855.833852541, 004235, -0.5046094, -0.13216355, 4.7645636, 0.6808542, -0.6055294, -0.0563759, 0.40815854, 1599.2438, 1599.2438, 955.38904, 717.8256, , 
65855.850521541, 004236, -0.49946302, -0.13088807, 4.755346, 0.6821253, -0.6114184, -0.04669575, 0.39836186, 1599.2438, 1599.2438, 955.38855, 717.82446, , 
65855.883859291, 004237, -0.48843563, -0.12841564, 4.7384567, 0.68392545, -0.6239289, -0.027741732, 0.37707984, 1599.2438, 1599.2438, 955.3852, 717.8226, , 
65855.900528208, 004238, -0.48265988, -0.12743524, 4.73031, 0.68395674, -0.6304359, -0.018321604, 0.36663076, 1599.2438, 1599.2438, 955.383, 717.82385, , 
65855.91719725, 004239, -0.4756633, -0.12685025, 4.722115, 0.6831325, -0.63699627, -0.008843848, 0.35705385, 1599.2438, 1599.2438, 955.38214, 717.82715, , 
65855.933866166, 004240, -0.4687341, -0.1264686, 4.713915, 0.68154716, -0.64350176, 0.0006436462, 0.34842286, 1599.2438, 1599.2438, 955.3826, 717.83264, , 
65855.967204, 004241, -0.45606044, -0.12575905, 4.6982, 0.67774117, -0.65574276, 0.019269548, 0.33211023, 1599.2438, 1599.2438, 955.3856, 717.84796, , 
65855.983872958, 004242, -0.44988132, -0.12535256, 4.690882, 0.6762144, -0.66112894, 0.02843113, 0.3237814, 1599.2438, 1599.2438, 955.3869, 717.85315, , 
65856.000541958, 004243, -0.44381416, -0.1249133, 4.683883, 0.67515737, -0.66579527, 0.037682146, 0.31537166, 1599.2438, 1599.2438, 955.38855, 717.8574, , 
65856.033879708, 004244, -0.43115568, -0.12399414, 4.6714296, 0.6736639, -0.6731714, 0.056193836, 0.29976574, 1599.2438, 1599.2438, 955.3918, 717.8597, , 
65856.050548666, 004245, -0.4251485, -0.123860374, 4.6649613, 0.67271835, -0.676309, 0.06486061, 0.29300058, 1599.2438, 1599.2438, 955.3947, 717.86115, , 
65856.067217708, 004246, -0.41921115, -0.12385239, 4.65853, 0.671667, -0.67934614, 0.07269853, 0.28647387, 1599.2438, 1599.2438, 955.39667, 717.8624, , 
65856.100555416, 004247, -0.40741986, -0.123884544, 4.646155, 0.66980284, -0.685114, 0.08627231, 0.27302018, 1599.2438, 1599.2438, 955.3982, 717.86456, , 
65856.117224416, 004248, -0.4018005, -0.12374038, 4.6410413, 0.6691496, -0.6876136, 0.092509575, 0.266211, 1599.2438, 1599.2438, 955.3981, 717.86456, , 
65856.133893333, 004249, -0.39628285, -0.12361109, 4.6357136, 0.6686162, -0.6897439, 0.098702155, 0.25973776, 1599.2438, 1599.2438, 955.3981, 717.86383, , 
65856.167231125, 004250, -0.38539064, -0.12354767, 4.6233535, 0.66755706, -0.69312006, 0.110645205, 0.24841444, 1599.2438, 1599.2438, 955.39923, 717.8615, , 
65856.183900083, 004251, -0.38002908, -0.123503536, 4.6168685, 0.66702074, -0.6945385, 0.116431266, 0.24319413, 1598.7919, 1598.7919, 955.4001, 717.8605, , 
65856.200569041, 004252, -0.37467974, -0.123378545, 4.6103516, 0.66662246, -0.69578654, 0.12229283, 0.23778154, 1598.7919, 1598.7919, 955.40076, 717.85895, , 
65856.233907, 004253, -0.364753, -0.12177199, 4.5985994, 0.66643906, -0.6975451, 0.13450858, 0.226268, 1598.7919, 1598.7919, 955.4017, 717.8524, , 
65856.250575833, 004254, -0.3594971, -0.12128245, 4.5922303, 0.6665263, -0.69814634, 0.1405657, 0.22039878, 1598.7919, 1598.7919, 955.4018, 717.84845, , 
65856.267244833, 004255, -0.3540861, -0.1209371, 4.5856347, 0.6665339, -0.6987033, 0.14632182, 0.21479325, 1599.2438, 1599.2438, 955.4018, 717.8432, , 
65856.30058275, 004256, -0.342871, -0.12055369, 4.5718594, 0.6658654, -0.7001674, 0.15602711, 0.20504716, 1599.2438, 1599.2438, 955.40204, 717.83813, , 
65856.317251625, 004257, -0.3383972, -0.12008831, 4.564618, 0.66523623, -0.7011274, 0.15973283, 0.2009143, 1599.2438, 1599.2438, 955.4018, 717.837, , 
65856.333920541, 004258, -0.33374196, -0.11975554, 4.5573425, 0.6644374, -0.7023306, 0.162699, 0.1969361, 1599.2438, 1599.2438, 955.40125, 717.83716, , 
65856.3672585, 004259, -0.32304475, -0.119741686, 4.543205, 0.6624397, -0.7055912, 0.16705526, 0.18816805, 1598.7919, 1598.7919, 955.39777, 717.8403, , 
65856.3839275, 004260, -0.31778473, -0.119858734, 4.536283, 0.6612578, -0.7075511, 0.16867425, 0.18346256, 1599.2438, 1599.2438, 955.3955, 717.8425, , 
65858.400868416, 004356, -0.4303463, -0.10495186, 3.4860919, 0.68064004, -0.5147672, -0.1683384, 0.49336204, 1599.2438, 1599.2438, 955.391, 717.74243, , 
65858.41753725, 004357, -0.43766916, -0.10623017, 3.479535, 0.6786971, -0.51124203, -0.17309687, 0.49803552, 1599.2438, 1599.2438, 955.392, 717.7446, , 
65858.450875291, 004358, -0.45169944, -0.10840064, 3.4680235, 0.6742922, -0.5060607, -0.18217742, 0.5060079, 1599.2438, 1599.2438, 955.3917, 717.7501, , 
65858.467544208, 004359, -0.4584669, -0.10920636, 3.4631677, 0.67214537, -0.5039219, -0.1866207, 0.5093682, 1599.2438, 1599.2438, 955.3906, 717.7538, , 
65858.484213041, 004360, -0.46537316, -0.10991374, 3.4585755, 0.6701432, -0.5017507, -0.19137973, 0.512375, 1598.7919, 1598.7919, 955.38934, 717.7556, , 
65858.517551041, 004361, -0.48080212, -0.11149855, 3.44931, 0.6665775, -0.49654013, -0.20206587, 0.51796883, 1599.2438, 1599.2438, 955.3852, 717.7564, , 
65858.53422, 004362, -0.4891932, -0.11233655, 3.4446924, 0.66500276, -0.4935264, -0.20779702, 0.5205992, 1599.2438, 1599.2438, 955.3833, 717.7555, , 
65858.550888791, 004363, -0.4973228, -0.11291367, 3.4405828, 0.66340095, -0.49037132, -0.21373929, 0.523212, 1599.2438, 1599.2438, 955.38135, 717.754, , 
65858.567557666, 004364, -0.5054204, -0.11339466, 3.43673, 0.66170454, -0.4871481, -0.21985438, 0.52583057, 1599.2438, 1599.2438, 955.37854, 717.75195, , 
65858.600895708, 004365, -0.52151215, -0.11402339, 3.4294834, 0.65791106, -0.4813221, -0.23273067, 0.53039473, 1599.2438, 1599.2438, 955.3732, 717.74866, , 
65858.617564625, 004366, -0.53020126, -0.11419886, 3.4251096, 0.6555607, -0.47907957, -0.23953035, 0.53230464, 1599.2438, 1599.2438, 955.3695, 717.7472, , 
65858.650902333, 004367, -0.5484651, -0.11413544, 3.416803, 0.65034366, -0.4731408, -0.2502119, 0.53905934, 1599.2438, 1599.2438, 955.36487, 717.74927, , 
65858.667571416, 004368, -0.557795, -0.11377522, 3.413316, 0.64846873, -0.4691926, -0.2535624, 0.54318756, 1598.7919, 1598.7919, 955.3662, 717.7513, , 
65858.684240375, 004369, -0.5669775, -0.113154106, 3.4103184, 0.6471095, -0.46533602, -0.25673983, 0.54662263, 1598.7919, 1598.7919, 955.36835, 717.7519, , 
65858.717578166, 004370, -0.58566165, -0.1118698, 3.404952, 0.6446895, -0.4579728, -0.2649812, 0.55174404, 1599.2438, 1599.2438, 955.3688, 717.7491, , 
65858.734247166, 004371, -0.59479696, -0.11099178, 3.4028935, 0.6434953, -0.4541344, -0.26964787, 0.55404484, 1599.2438, 1599.2438, 955.3681, 717.74554, , 
65858.750916083, 004372, -0.6038529, -0.11005914, 3.4011736, 0.64221627, -0.44987315, -0.27410862, 0.55680954, 1599.2438, 1599.2438, 955.3682, 717.7432, , 
65858.784253791, 004373, -0.6220603, -0.1084517, 3.3983667, 0.63912046, -0.44003078, -0.2830851, 0.5637027, 1599.2438, 1599.2438, 955.37006, 717.74, , 
65858.80092275, 004374, -0.6311193, -0.10774854, 3.3972926, 0.63740593, -0.43463755, -0.28813407, 0.56725895, 1599.2438, 1599.2438, 955.37146, 717.7376, , 
65858.817591833, 004375, -0.6400482, -0.108011626, 3.3961012, 0.63573956, -0.42923003, -0.29363975, 0.57041425, 1599.2438, 1599.2438, 955.3721, 717.7348, , 
65858.850929583, 004376, -0.6573765, -0.107882135, 3.3942406, 0.6321597, -0.41884822, -0.30512455, 0.57605493, 1599.2438, 1599.2438, 955.3721, 717.72705, , 
65858.867598541, 004377, -0.66599125, -0.107571155, 3.3934374, 0.6298492, -0.413606, -0.31059858, 0.5794382, 1599.2438, 1599.2438, 955.37225, 717.7251, , 
65858.8842675, 004378, -0.6746856, -0.10740276, 3.3926435, 0.6269417, -0.40804437, -0.31572986, 0.5837453, 1599.2438, 1599.2438, 955.3731, 717.72504, , 
65858.917605416, 004379, -0.6911907, -0.10786289, 3.391114, 0.61984855, -0.39654666, -0.32557428, 0.5937507, 1599.2438, 1599.2438, 955.3766, 717.7308, , 
65858.934274291, 004380, -0.69897443, -0.10797669, 3.390672, 0.61601037, -0.39109376, -0.3307665, 0.5984736, 1599.2438, 1599.2438, 955.3776, 717.7336, , 
65858.95094325, 004381, -0.70646757, -0.10793486, 3.3904567, 0.61190116, -0.38585562, -0.33636418, 0.6029524, 1599.2438, 1599.2438, 955.378, 717.73724, , 
65858.96761225, 004382, -0.7136535, -0.107853495, 3.3903716, 0.6075478, -0.38060683, -0.34231782, 0.6073242, 1599.2438, 1599.2438, 955.3776, 717.7398, , 
65858.984281125, 004383, -0.7205978, -0.10780189, 3.3903651, 0.60300857, -0.37509537, -0.3484813, 0.61175567, 1599.2438, 1599.2438, 955.37714, 717.7423, , 
65859.017618916, 004384, -0.7344646, -0.1082364, 3.3910437, 0.59386355, -0.36326486, -0.3613267, 0.62032884, 1599.2438, 1599.2438, 955.3761, 717.74664, , 
65859.034287875, 004385, -0.74118453, -0.108419426, 3.3914082, 0.5893726, -0.35691363, -0.36790994, 0.6244155, 1599.2438, 1599.2438, 955.3758, 717.7475, , 
65859.067625875, 004386, -0.7546819, -0.10892369, 3.3918998, 0.580678, -0.3426473, -0.38025513, 0.63309705, 1599.2438, 1599.2438, 955.37695, 717.7491, , 
65859.084294583, 004387, -0.7616719, -0.10935285, 3.3921373, 0.57630044, -0.33463076, -0.38604724, 0.63786167, 1599.2438, 1599.2438, 955.37866, 717.75024, , 
65859.100963541, 004388, -0.7687553, -0.10987772, 3.3924212, 0.5718772, -0.3262506, -0.39165366, 0.6427476, 1599.2438, 1599.2438, 955.381, 717.7517, , 
65859.1343015, 004389, -0.78223985, -0.11073387, 3.3928206, 0.5632647, -0.3107977, -0.4025676, 0.6512119, 1598.7919, 1598.7919, 955.38556, 717.75433, , 
65859.150970333, 004390, -0.78885216, -0.11109343, 3.3930757, 0.5588493, -0.30388835, -0.40802592, 0.65486956, 1598.7919, 1598.7919, 955.3866, 717.75525, , 
65859.16763925, 004391, -0.79533225, -0.1113843, 3.3933053, 0.5542341, -0.29762986, -0.4135254, 0.6582081, 1598.7919, 1598.7919, 955.38684, 717.7567, , 
65859.184308333, 004392, -0.80176884, -0.111641355, 3.39355, 0.54929173, -0.29166415, -0.41908687, 0.6614959, 1598.7919, 1598.7919, 955.3862, 717.7582, , 
65859.217646208, 004393, -0.81526315, -0.11175144, 3.394146, 0.5387232, -0.27979565, -0.43021795, 0.668135, 1599.2438, 1599.2438, 955.38446, 717.76306, , 
65859.234315, 004394, -0.82199347, -0.11186546, 3.3946545, 0.5332078, -0.27378684, -0.43588227, 0.6713693, 1599.2438, 1599.2438, 955.38367, 717.76514, , 
65859.250983958, 004395, -0.8286071, -0.112048306, 3.3952851, 0.52763253, -0.2679052, -0.44171792, 0.6743263, 1599.2438, 1599.2438, 955.3824, 717.7669, , 
65859.284321875, 004396, -0.84188414, -0.11252859, 3.39683, 0.5164638, -0.25630853, -0.4538542, 0.6794023, 1599.2438, 1599.2438, 955.3783, 717.7684, , 
65859.300990708, 004397, -0.84875786, -0.1128871, 3.3977802, 0.51089007, -0.25008953, -0.45999563, 0.6817996, 1599.2438, 1599.2438, 955.3767, 717.7684, , 
65859.31765975, 004398, -0.8564326, -0.11332114, 3.398872, 0.5052965, -0.24337517, -0.46612382, 0.68423146, 1599.2438, 1599.2438, 955.37506, 717.76794, , 
65859.350997625, 004399, -0.87188315, -0.114443004, 3.401557, -0.49414882, 0.22839697, 0.47836763, -0.68906915, 1599.2438, 1599.2438, 955.374, 717.7665, , 
65859.367666625, 004400, -0.8794902, -0.11508765, 3.4031522, -0.48866495, 0.22030446, 0.4845913, -0.6912624, 1599.2438, 1599.2438, 955.3739, 717.76495, , 
65859.384335375, 004401, -0.8870426, -0.115740284, 3.4049356, -0.48316786, 0.21188414, 0.49096403, -0.69325924, 1599.2438, 1599.2438, 955.3739, 717.7621, , 
65859.401004333, 004402, -0.8944691, -0.11637218, 3.4069195, -0.477618, 0.2032091, 0.4974726, -0.69505984, 1599.2438, 1599.2438, 955.374, 717.7594, , 
65859.43434225, 004403, -0.90850276, -0.11766527, 3.411978, -0.46657935, 0.18536927, 0.510993, -0.6977307, 1599.2438, 1599.2438, 955.37415, 717.75055, , 
65859.451011125, 004404, -0.9148839, -0.11810605, 3.4146042, -0.46132562, 0.17655647, 0.5178656, -0.6984424, 1599.2438, 1599.2438, 955.37427, 717.74536, , 
65859.467680083, 004405, -0.92066455, -0.118415296, 3.4171832, -0.45624828, 0.16841325, 0.52486134, -0.6985665, 1599.2438, 1599.2438, 955.374, 717.73914, , 
65859.501018041, 004406, -0.93093073, -0.11860913, 3.4218152, -0.44472378, 0.15483609, 0.5397628, -0.69778407, 1599.2438, 1599.2438, 955.3694, 717.7228, , 
65859.517686958, 004407, -0.93665916, -0.118911184, 3.4242475, -0.43816668, 0.14779358, 0.5470041, -0.6978205, 1598.7919, 1598.7919, 955.3668, 717.71716, , 
65859.534355833, 004408, -0.94258493, -0.11898252, 3.426794, -0.43214393, 0.13969368, 0.5532845, -0.6982933, 1599.2438, 1599.2438, 955.3659, 717.7126, , 
65859.56769375, 004409, -0.95433444, -0.11795236, 3.4318962, -0.42245373, 0.121438086, 0.562912, -0.6999398, 1599.2438, 1599.2438, 955.37006, 717.7054, , 
65859.584362708, 004410, -0.9600776, -0.117107004, 3.434715, -0.41809294, 0.11118182, 0.5671277, -0.7008588, 1599.2438, 1599.2438, 955.3739, 717.70306, , 
65859.601031541, 004411, -0.965479, -0.11617464, 3.437737, -0.41382188, 0.100340255, 0.571437, -0.701529, 1599.2438, 1599.2438, 955.38007, 717.6995, , 
65859.634369458, 004412, -0.97482836, -0.1149887, 3.4439683, -0.40478265, 0.0787675, 0.58062637, -0.7020112, 1598.7919, 1598.7919, 955.3896, 717.69275, , 
65859.651038416, 004413, -0.9789687, -0.114394054, 3.4467523, -0.39981604, 0.06864831, 0.5852291, -0.70209795, 1599.2438, 1599.2438, 955.3951, 717.6886, , 
65859.667707208, 004414, -0.98278147, -0.11385382, 3.4492922, -0.39445698, 0.059317734, 0.5897421, -0.7022032, 1599.2438, 1599.2438, 955.3981, 717.6862, , 
65859.701045125, 004415, -0.98962027, -0.11293878, 3.4535644, -0.38306344, 0.044093292, 0.5980244, -0.7026272, 1599.2438, 1599.2438, 955.4011, 717.68335, , 
65859.734383166, 004416, -0.9959118, -0.11271899, 3.4565122, -0.37123203, 0.03232509, 0.60485464, -0.70377034, 1599.2438, 1599.2438, 955.4001, 717.6847, , 
65859.751051916, 004417, -0.99887854, -0.11260362, 3.4581509, -0.3655995, 0.026977299, 0.60776126, -0.70443976, 1599.2438, 1599.2438, 955.3991, 717.68665, , 
65859.784389875, 004418, -1.0044737, -0.11242633, 3.46184, -0.3549522, 0.016524354, 0.6127763, -0.70586205, 1599.2438, 1599.2438, 955.3981, 717.6903, , 
65859.801058791, 004419, -1.0071626, -0.112359814, 3.4639063, -0.35014394, 0.011265768, 0.6148312, -0.7065797, 1599.2438, 1599.2438, 955.3982, 717.69257, , 
65859.817727625, 004420, -1.0105851, -0.11226696, 3.466049, -0.34575328, 0.006108788, 0.6165718, -0.7072882, 1599.2438, 1599.2438, 955.3988, 717.69556, , 
65859.851065583, 004421, -1.0170176, -0.1123033, 3.470537, -0.33689067, -0.003999032, 0.6191667, -0.7093104, 1599.2438, 1599.2438, 955.4001, 717.7023, , 
65859.867734541, 004422, -1.0198966, -0.11235135, 3.4727578, -0.33237502, -0.008694176, 0.62023395, -0.71046543, 1599.2438, 1599.2438, 955.40063, 717.7079, , 
65859.901072291, 004423, -1.0251975, -0.11209502, 3.4769158, -0.3232511, -0.01594183, 0.6228586, -0.7122512, 1599.2438, 1599.2438, 955.3991, 717.7148, , 
65859.917741208, 004424, -1.030488, -0.11165416, 3.4792097, -0.31904936, -0.018440112, 0.62414414, -0.71295965, 1599.2438, 1599.2438, 955.3968, 717.71826, , 
65859.93441025, 004425, -1.0340201, -0.11131034, 3.4815052, -0.31520268, -0.02084571, 0.62520665, -0.71367306, 1599.2438, 1599.2438, 955.3952, 717.7207, , 
65859.95107925, 004426, -1.0370331, -0.11097412, 3.4839847, -0.311683, -0.0233435, 0.6260515, -0.7144007, 1599.2438, 1599.2438, 955.39417, 717.7234, , 
65859.984417, 004427, -1.0427556, -0.1101109, 3.4893997, -0.30536917, -0.028036162, 0.6275219, -0.7156675, 1599.2438, 1599.2438, 955.3924, 717.7294, , 
65860.001085958, 004428, -1.0456604, -0.10955347, 3.4921951, -0.30267456, -0.029828958, 0.6282797, -0.7160747, 1599.2438, 1599.2438, 955.3915, 717.73114, , 
65860.034423875, 004429, -1.0548726, -0.10861736, 3.4985538, -0.29704085, -0.032954272, 0.63048774, -0.71635604, 1598.7919, 1598.7919, 955.3884, 717.73303, , 
65860.051092708, 004430, -1.0583478, -0.10802601, 3.501936, -0.2938447, -0.034700826, 0.63213485, -0.7161401, 1598.7919, 1598.7919, 955.38684, 717.73267, , 
65860.067761666, 004431, -1.0615281, -0.107383095, 3.5054054, -0.2907026, -0.036402993, 0.6340501, -0.7156447, 1599.2438, 1599.2438, 955.3844, 717.7309, , 
65860.101099541, 004432, -1.0677483, -0.106069505, 3.5125222, -0.28431, -0.03885497, 0.63840204, -0.71421355, 1599.2438, 1599.2438, 955.3798, 717.7261, , 
65860.117768375, 004433, -1.0731189, -0.10629485, 3.5167031, -0.281028, -0.03982193, 0.6404282, -0.7136449, 1599.2438, 1599.2438, 955.37726, 717.72375, , 
65860.151106333, 004434, -1.0812618, -0.10588211, 3.5247529, -0.2742339, -0.04180407, 0.6437563, -0.7131803, 1599.2438, 1599.2438, 955.3717, 717.7212, , 
65860.167775333, 004435, -1.0851939, -0.105594575, 3.5287604, -0.27079147, -0.042234246, 0.64523757, -0.7131316, 1599.2438, 1599.2438, 955.369, 717.72095, , 
65860.201113083, 004436, -1.0932688, -0.10491066, 3.5369594, -0.264547, -0.041842096, 0.64805233, -0.71294624, 1599.2438, 1599.2438, 955.36194, 717.71967, , 
65860.217782041, 004437, -1.0985428, -0.10481158, 3.541916, -0.26209354, -0.041533634, 0.64925927, -0.71277237, 1599.2438, 1599.2438, 955.3594, 717.71875, , 
65860.234451, 004438, -1.1035362, -0.104607455, 3.5468497, -0.25982705, -0.041436326, 0.65046686, -0.7125068, 1599.2438, 1599.2438, 955.3572, 717.71765, , 
65860.267788833, 004439, -1.1123047, -0.10366321, 3.5563834, -0.2549272, -0.04108368, 0.65373814, -0.71130204, 1599.2438, 1599.2438, 955.3519, 717.713, , 
65860.28445775, 004440, -1.1164995, -0.10298194, 3.5611775, -0.25227448, -0.040642012, 0.6558329, -0.7103443, 1599.6957, 1599.6957, 955.34924, 717.7096, , 
65860.31779575, 004441, -1.1244524, -0.102164224, 3.5708709, -0.24755941, -0.04065684, 0.65993595, -0.708199, 1599.2438, 1599.2438, 955.34406, 717.70044, , 
65860.334464708, 004442, -1.1287374, -0.10162359, 3.5761714, -0.2462322, -0.041605577, 0.6614049, -0.7072356, 1599.2438, 1599.2438, 955.3432, 717.697, , 
65860.367802458, 004443, -1.1377757, -0.10038389, 3.5875812, -0.24594124, -0.045624234, 0.6632215, -0.70538545, 1599.2438, 1599.2438, 955.3455, 717.69073, , 
65860.384471416, 004444, -1.1422082, -0.099824876, 3.5932505, -0.24653281, -0.04766477, 0.66393214, -0.70437473, 1599.2438, 1599.2438, 955.34766, 717.6881, , 
65862.418081, 004528, -1.6667297, -0.09238819, 3.9838917, -0.4876799, 0.26143485, 0.48846978, -0.67469805, 1599.2438, 1599.2438, 955.32983, 717.74713, , 
65862.434749791, 004529, -1.6682732, -0.09231694, 3.9813359, -0.49148574, 0.26522052, 0.48521784, -0.6728027, 1599.2438, 1599.2438, 955.3302, 717.74585, , 
65862.468087666, 004530, -1.6696616, -0.09210839, 3.9754755, -0.4987963, 0.27316853, 0.47844824, -0.6690803, 1599.2438, 1599.2438, 955.3311, 717.744, , 
65862.484756708, 004531, -1.6699034, -0.09199752, 3.9722784, 0.50245404, -0.2776295, -0.47483853, 0.6670757, 1599.2438, 1599.2438, 955.33124, 717.7436, , 
65862.5014255, 004532, -1.6699448, -0.091883086, 3.968931, 0.5060964, -0.28241614, -0.47107726, 0.6649765, 1599.2438, 1599.2438, 955.33124, 717.7434, , 
65862.534763458, 004533, -1.6713359, -0.092459574, 3.9623673, 0.5132477, -0.29262286, -0.4630199, 0.6607277, 1599.2438, 1599.2438, 955.331, 717.744, , 
65862.551432416, 004534, -1.6711661, -0.09244451, 3.9587264, 0.51643246, -0.29765508, -0.45903668, 0.6587748, 1599.2438, 1599.2438, 955.33075, 717.7454, , 
65862.584770208, 004535, -1.6703395, -0.092223674, 3.9513032, 0.52190065, -0.30720624, -0.4518775, 0.65501976, 1599.2438, 1599.2438, 955.3302, 717.74786, , 
65862.601439208, 004536, -1.6697272, -0.092038706, 3.947538, 0.52444535, -0.3118565, -0.44860736, 0.65303445, 1599.2438, 1599.2438, 955.32947, 717.7491, , 
65862.634777125, 004537, -1.6682725, -0.092396, 3.9401133, 0.52962464, -0.32101148, -0.44222894, 0.6487548, 1599.2438, 1599.2438, 955.32825, 717.7501, , 
65862.651445875, 004538, -1.6674268, -0.092251696, 3.9362226, 0.53218216, -0.32554942, -0.4390531, 0.646554, 1599.2438, 1599.2438, 955.3275, 717.7506, , 
65862.684783791, 004539, -1.6656905, -0.09198631, 3.9282336, 0.5371993, -0.33441323, -0.432564, 0.6422406, 1599.2438, 1599.2438, 955.3265, 717.7515, , 
65862.701452791, 004540, -1.6648575, -0.09193051, 3.9241061, 0.5397425, -0.3386784, -0.42905527, 0.64022386, 1599.2438, 1599.2438, 955.3261, 717.7527, , 
65862.7347905, 004541, -1.6630081, -0.092528105, 3.9161916, 0.54483837, -0.3467257, -0.42170095, 0.6364752, 1599.2438, 1599.2438, 955.32623, 717.7549, , 
65862.751459541, 004542, -1.6621021, -0.092625804, 3.9120064, 0.547549, -0.35075548, -0.41796497, 0.6344021, 1599.2438, 1599.2438, 955.32635, 717.7556, , 
65862.784797458, 004543, -1.6600844, -0.09286928, 3.9034839, 0.5533422, -0.35929114, -0.41005406, 0.6297443, 1599.2438, 1599.2438, 955.3265, 717.75684, , 
65862.801466208, 004544, -1.6590499, -0.09307233, 3.89913, 0.55648804, -0.3636558, -0.4056293, 0.6273279, 1599.2438, 1599.2438, 955.3267, 717.75745, , 
65862.834804208, 004545, -1.6568465, -0.09372327, 3.8906813, 0.5625839, -0.3718623, -0.39640707, 0.6229599, 1599.2438, 1599.2438, 955.3281, 717.75977, , 
65862.851473125, 004546, -1.6558046, -0.09412121, 3.886305, 0.56557083, -0.3756976, -0.39175093, 0.6208963, 1599.2438, 1599.2438, 955.3289, 717.7609, , 
65862.884810875, 004547, -1.6536345, -0.09501233, 3.877407, 0.5713945, -0.38325262, -0.38253313, 0.61667985, 1599.2438, 1599.2438, 955.3309, 717.76337, , 
65862.901479875, 004548, -1.6525772, -0.095501915, 3.8729603, 0.57410824, -0.38684148, -0.37802958, 0.6146927, 1599.2438, 1599.2438, 955.3317, 717.7645, , 
65862.934817833, 004549, -1.6508367, -0.096455954, 3.8662362, 0.57947713, -0.39344004, -0.3690635, 0.6109037, 1599.6957, 1599.6957, 955.33417, 717.7673, , 
65862.951486625, 004550, -1.6497424, -0.09699099, 3.8620484, 0.5819962, -0.3968059, -0.36460415, 0.60900676, 1599.6957, 1599.6957, 955.3351, 717.7685, , 
65862.968155583, 004551, -1.648563, -0.09753785, 3.8577743, 0.5843478, -0.40022743, -0.36022532, 0.6071188, 1599.6957, 1599.6957, 955.336, 717.76984, , 
65863.001493541, 004552, -1.6461767, -0.098649375, 3.8492215, 0.58850247, -0.40673766, -0.35160312, 0.603825, 1599.2438, 1599.2438, 955.3382, 717.77405, , 
65863.0181625, 004553, -1.6451956, -0.09936351, 3.8449218, 0.5901671, -0.40971974, -0.34739017, 0.6026214, 1599.2438, 1599.2438, 955.33936, 717.7765, , 
65863.05150025, 004554, -1.6424428, -0.10034849, 3.8366306, 0.5934425, -0.41598767, -0.33942863, 0.5996403, 1599.2438, 1599.2438, 955.3416, 717.7819, , 
65863.06816925, 004555, -1.640813, -0.10064982, 3.8326702, 0.5950554, -0.41930667, -0.33586144, 0.59773576, 1599.2438, 1599.2438, 955.34204, 717.78357, , 
65863.101507, 004556, -1.6373729, -0.101019576, 3.8250573, 0.5981782, -0.42601433, -0.3291449, 0.5935977, 1599.2438, 1599.2438, 955.34216, 717.78644, , 
65863.118175875, 004557, -1.6353317, -0.1011377, 3.8221781, 0.5997759, -0.42938453, -0.32574964, 0.59142625, 1599.2438, 1599.2438, 955.34216, 717.7874, , 
65863.151513875, 004558, -1.6314713, -0.10114959, 3.815395, 0.6031755, -0.4362264, -0.3188572, 0.5866993, 1599.2438, 1599.2438, 955.34216, 717.7891, , 
65863.168182833, 004559, -1.6295192, -0.101023145, 3.8119388, 0.6048248, -0.43964106, -0.31554934, 0.5842356, 1599.2438, 1599.2438, 955.34204, 717.7897, , 
65863.184851625, 004560, -1.6275356, -0.10081041, 3.808506, 0.6064786, -0.4429608, -0.31243196, 0.5816837, 1599.2438, 1599.2438, 955.3417, 717.79, , 
65863.218189625, 004561, -1.6235036, -0.099861994, 3.8027406, 0.6099112, -0.4493411, -0.30635834, 0.5764075, 1599.2438, 1599.2438, 955.341, 717.7894, , 
65863.251527333, 004562, -1.6194352, -0.09913134, 3.796184, 0.61337775, -0.45492062, -0.3002724, 0.5715344, 1599.2438, 1599.2438, 955.34064, 717.7884, , 
65863.268196291, 004563, -1.6174247, -0.0988664, 3.7926278, 0.61506, -0.45744127, -0.29706654, 0.56938595, 1599.2438, 1599.2438, 955.3409, 717.78827, , 
65863.284865291, 004564, -1.6153738, -0.098639436, 3.788969, 0.61668587, -0.4599724, -0.29373547, 0.5673124, 1599.2438, 1599.2438, 955.3414, 717.7884, , 
65863.31820325, 004565, -1.6112646, -0.097930565, 3.7822087, 0.61973375, -0.46529248, -0.2871066, 0.56302994, 1599.2438, 1599.2438, 955.34204, 717.7893, , 
65863.334872, 004566, -1.6090525, -0.09766595, 3.7786567, 0.6211698, -0.4680544, -0.2839522, 0.5607533, 1599.2438, 1599.2438, 955.34216, 717.7896, , 
65863.368209958, 004567, -1.6043948, -0.09742435, 3.7710128, 0.62396014, -0.47373068, -0.27737683, 0.55616087, 1599.2438, 1599.2438, 955.3424, 717.7908, , 
65863.384878916, 004568, -1.6020691, -0.09737347, 3.7670627, 0.62527955, -0.47653732, -0.27394286, 0.5539792, 1599.2438, 1599.2438, 955.34265, 717.7916, , 
65863.418216708, 004569, -1.597465, -0.09733887, 3.7594955, 0.62777746, -0.48176575, -0.2671584, 0.5499306, 1599.2438, 1599.2438, 955.34357, 717.794, , 
65863.434885583, 004570, -1.5952022, -0.09738504, 3.7557924, 0.6289985, -0.48416412, -0.26357505, 0.5481552, 1599.2438, 1599.2438, 955.34424, 717.79517, , 
65863.468223583, 004571, -1.5909857, -0.09767772, 3.7476184, 0.631114, -0.4885112, -0.25597078, 0.5454639, 1599.2438, 1599.2438, 955.34717, 717.7994, , 
65863.484892416, 004572, -1.5888727, -0.097901165, 3.7433777, 0.6319019, -0.49057803, -0.25240657, 0.54435664, 1599.2438, 1599.2438, 955.3486, 717.8017, , 
65863.518230333, 004573, -1.5841169, -0.098417, 3.734543, 0.63318783, -0.4948331, -0.2464449, 0.5417364, 1599.2438, 1599.2438, 955.35065, 717.8064, , 
65863.534899333, 004574, -1.5816642, -0.09868273, 3.7301483, 0.6338055, -0.49716502, -0.24380662, 0.5400703, 1599.2438, 1599.2438, 955.35077, 717.8079, , 
65863.551568125, 004575, -1.5792716, -0.09898041, 3.725729, 0.6344183, -0.49953565, -0.24108489, 0.5383824, 1599.2438, 1599.2438, 955.351, 717.8094, , 
65863.584906041, 004576, -1.574652, -0.09965174, 3.7165573, 0.6355835, -0.5041129, -0.23527232, 0.5353043, 1599.2438, 1599.2438, 955.35205, 717.8136, , 
65863.601575, 004577, -1.5723844, -0.09994379, 3.7117884, 0.63627326, -0.50628626, -0.2322619, 0.5337462, 1599.2438, 1599.2438, 955.3527, 717.81525, , 
65863.634912708, 004578, -1.5677054, -0.100177124, 3.7016287, 0.6377679, -0.51014525, -0.22664598, 0.5306935, 1599.2438, 1599.2438, 955.35425, 717.81793, , 
65863.65158175, 004579, -1.5652908, -0.10019736, 3.6965935, 0.6387697, -0.5121163, -0.22399427, 0.5287124, 1599.2438, 1599.2438, 955.3545, 717.81824, , 
65863.68491975, 004580, -1.5601891, -0.09998039, 3.6864302, 0.6411684, -0.51636124, -0.21903852, 0.52373296, 1599.2438, 1599.2438, 955.3538, 717.8164, , 
65863.701588416, 004581, -1.5575776, -0.099828415, 3.6811984, 0.64242804, -0.5184563, -0.2165691, 0.5211403, 1599.2438, 1599.2438, 955.35345, 717.8153, , 
65863.734926375, 004582, -1.5528675, -0.099448994, 3.6708798, 0.64486283, -0.52216035, -0.21164635, 0.51643616, 1599.2438, 1599.2438, 955.35284, 717.8129, , 
65863.751595375, 004583, -1.5502834, -0.09927128, 3.6652813, 0.6462615, -0.5239622, -0.20886837, 0.51398796, 1599.2438, 1599.2438, 955.35284, 717.81177, , 
65863.768264375, 004584, -1.5475391, -0.09905887, 3.659512, 0.6478376, -0.52591634, -0.2056854, 0.5112846, 1599.2438, 1599.2438, 955.35297, 717.8103, , 
65863.784933125, 004585, -1.5446076, -0.09882324, 3.6535814, 0.6494069, -0.52813584, -0.20230955, 0.5083444, 1599.2438, 1599.2438, 955.3531, 717.80853, , 
65863.818271041, 004586, -1.5383472, -0.09840113, 3.6415641, 0.6518844, -0.5333637, -0.19571069, 0.50226223, 1599.2438, 1599.2438, 955.35266, 717.8075, , 
65863.834940083, 004587, -1.5351955, -0.09819871, 3.635372, 0.652745, -0.53599083, -0.19249631, 0.4995829, 1599.2438, 1599.2438, 955.35254, 717.8082, , 
65863.86827775, 004588, -1.5290048, -0.097536355, 3.6219172, 0.65428644, -0.5403508, -0.18556611, 0.4954751, 1599.2438, 1599.2438, 955.3538, 717.81036, , 
65863.884946791, 004589, -1.5258769, -0.09704051, 3.6150775, 0.65519345, -0.54231834, -0.18210065, 0.49340823, 1599.2438, 1599.2438, 955.35486, 717.81134, , 
65863.901615708, 004590, -1.5226293, -0.096414834, 3.6083138, 0.65620595, -0.5444562, -0.17891513, 0.49086738, 1599.6957, 1599.6957, 955.35516, 717.8113, , 
65863.918284583, 004591, -1.5189842, -0.09565527, 3.6017828, 0.6571633, -0.546749, -0.1761816, 0.48801833, 1599.6957, 1599.6957, 955.35486, 717.8109, , 
65863.951622541, 004592, -1.5121137, -0.09427378, 3.5884073, 0.6581691, -0.5518819, -0.17122766, 0.48261878, 1599.2438, 1599.2438, 955.35345, 717.8121, , 
65863.968291375, 004593, -1.5087414, -0.09360534, 3.581662, 0.65828866, -0.554659, -0.16898137, 0.48005703, 1599.2438, 1599.2438, 955.35266, 717.8136, , 
65863.984960458, 004594, -1.5054082, -0.09291758, 3.5749316, 0.658346, -0.55749863, -0.16677125, 0.47745496, 1599.2438, 1599.2438, 955.3518, 717.81537, , 
65864.018298166, 004595, -1.49851, -0.09112656, 3.5618808, 0.6589146, -0.56295377, -0.16244674, 0.47172636, 1599.2438, 1599.2438, 955.3496, 717.8181, , 
65864.034967083, 004596, -1.4952232, -0.09018819, 3.5554748, 0.65954405, -0.5654478, -0.1603562, 0.46856835, 1599.2438, 1599.2438, 955.34845, 717.8182, , 
65864.068304916, 004597, -1.4890802, -0.08839481, 3.5427306, 0.66118675, -0.56976837, -0.15637043, 0.46232495, 1599.2438, 1599.2438, 955.34576, 717.81616, , 
65864.084973833, 004598, -1.4861273, -0.08756901, 3.5364, 0.662026, -0.57162815, -0.1545656, 0.4594262, 1599.2438, 1599.2438, 955.3447, 717.815, , 
65864.101642791, 004599, -1.483228, -0.08679815, 3.5301144, 0.6628573, -0.57329917, -0.15287629, 0.4567024, 1599.2438, 1599.2438, 955.3433, 717.81335, , 
65864.13498075, 004600, -1.4777153, -0.08486549, 3.5184023, 0.66465443, -0.5761219, -0.14960311, 0.45159385, 1599.2438, 1599.2438, 955.3417, 717.81024, , 
65864.151649541, 004601, -1.4747605, -0.08413638, 3.5124514, 0.66561997, -0.577543, -0.14797474, 0.4488849, 1599.6957, 1599.6957, 955.34045, 717.808, , 
65864.184987541, 004602, -1.4684535, -0.082780406, 3.5007896, 0.66757494, -0.5806503, -0.14464296, 0.44302052, 1599.6957, 1599.6957, 955.3383, 717.80414, , 
65864.201656458, 004603, -1.4651731, -0.08218202, 3.4950137, 0.6683632, -0.58221275, -0.14294127, 0.44032583, 1599.6957, 1599.6957, 955.3374, 717.8027, , 
65864.21832525, 004604, -1.4621791, -0.08159612, 3.4893107, 0.6689325, -0.5837054, -0.14125311, 0.43802375, 1599.2438, 1599.2438, 955.3365, 717.80164, , 
65864.251663208, 004605, -1.4557242, -0.08057812, 3.4782104, 0.6701332, -0.5864866, -0.1377079, 0.43357998, 1599.2438, 1599.2438, 955.33545, 717.80054, , 
65864.268332166, 004606, -1.4522225, -0.08009902, 3.4728549, 0.67097837, -0.5878426, -0.13554089, 0.43111217, 1599.2438, 1599.2438, 955.33484, 717.7991, , 
65864.285001125, 004607, -1.4486192, -0.079646006, 3.46761, 0.67193955, -0.5892026, -0.13304093, 0.42852968, 1599.2438, 1599.2438, 955.3347, 717.79785, , 
65864.318338875, 004608, -1.4410756, -0.07885014, 3.4579635, 0.6737142, -0.5922429, -0.12759309, 0.4231754, 1599.2438, 1599.2438, 955.33435, 717.7956, , 
65864.335007875, 004609, -1.4370414, -0.07859344, 3.4532905, 0.67439556, -0.5941606, -0.12507866, 0.42014176, 1599.2438, 1599.2438, 955.3339, 717.7951, , 
65864.351676875, 004610, -1.4328673, -0.07845137, 3.4486644, 0.67491335, -0.5963363, -0.12280511, 0.41688594, 1599.2438, 1599.2438, 955.3331, 717.79486, , 
65864.385014583, 004611, -1.4243988, -0.07848829, 3.4395452, 0.67565244, -0.60097206, -0.11796561, 0.4103784, 1599.2438, 1599.2438, 955.3311, 717.7956, , 
65864.401683583, 004612, -1.4201002, -0.07861978, 3.4344985, 0.67599034, -0.6031687, -0.11510881, 0.40739968, 1599.2438, 1599.2438, 955.3307, 717.7963, , 
65866.418623833, 004702, -0.90309036, -0.11300731, 3.3551528, 0.5046142, -0.72006893, 0.44004133, -0.1822877, 1605.1185, 1605.1185, 955.3924, 717.89703, , 
65866.43529275, 004703, -0.8957496, -0.11257685, 3.3579788, 0.50219625, -0.7194373, 0.44183215, -0.18706538, 1604.6666, 1604.6666, 955.3918, 717.89886, , 
65866.468630583, 004704, -0.88104326, -0.111422434, 3.3627465, -0.4975602, 0.7186072, -0.4450092, 0.19494726, 1606.9261, 1606.9261, 955.3915, 717.9037, , 
65866.4852995, 004705, -0.8736472, -0.11076831, 3.3646233, -0.49515185, 0.71854347, -0.44661453, 0.19762449, 1606.9261, 1606.9261, 955.3925, 717.906, , 
65866.5019685, 004706, -0.8665003, -0.11004993, 3.3661153, -0.49277484, 0.71847034, -0.44836292, 0.19985977, 1606.9261, 1606.9261, 955.39404, 717.90814, , 
65866.535306166, 004707, -0.8533679, -0.10832903, 3.3691888, -0.48927793, 0.7169132, -0.4520779, 0.20559222, 1611.4452, 1611.4452, 955.39496, 717.9092, , 
65866.55197525, 004708, -0.84735614, -0.1074169, 3.3708093, -0.48837912, 0.7153411, -0.45377114, 0.20943905, 1611.4452, 1611.4452, 955.3933, 717.9076, , 
65866.568644166, 004709, -0.841425, -0.106623314, 3.3723679, -0.48757565, 0.7136582, -0.4554739, 0.2133201, 1611.4452, 1611.4452, 955.3911, 717.90546, , 
65866.601982083, 004710, -0.82867825, -0.105806366, 3.3746164, -0.48482987, 0.7111902, -0.4594411, 0.21923149, 1608.7338, 1608.7338, 955.3887, 717.9019, , 
65866.618650875, 004711, -0.8217703, -0.10573422, 3.3753715, -0.48285526, 0.7106108, -0.46163154, 0.22086069, 1608.7338, 1608.7338, 955.38947, 717.9015, , 
65866.635319833, 004712, -0.81476, -0.10572927, 3.3761485, -0.48074672, 0.71030563, -0.46379784, 0.22190113, 1608.7338, 1608.7338, 955.3919, 717.9017, , 
65866.66865775, 004713, -0.8008067, -0.10577763, 3.377638, -0.47696114, 0.7094931, -0.4680339, 0.2237676, 1609.1857, 1609.1857, 955.3956, 717.90137, , 
65866.685326583, 004714, -0.7939176, -0.10583424, 3.3783786, -0.47525814, 0.70887357, -0.47015128, 0.22491302, 1608.7338, 1608.7338, 955.3974, 717.9003, , 
65866.701995583, 004715, -0.7869561, -0.10548132, 3.378955, -0.47358024, 0.70823884, -0.47221822, 0.22611822, 1608.7338, 1608.7338, 955.3987, 717.8995, , 
65866.735333458, 004716, -0.77279013, -0.10567595, 3.3800054, -0.46972504, 0.7074317, -0.47630093, 0.2281145, 1608.7338, 1608.7338, 955.4025, 717.8987, , 
65866.75200225, 004717, -0.76547426, -0.106159866, 3.3804288, -0.46741512, 0.7073831, -0.47831228, 0.22880018, 1608.7338, 1608.7338, 955.4051, 717.8993, , 
65866.768671166, 004718, -0.7580439, -0.10678356, 3.3807864, -0.46496215, 0.70741826, -0.48029032, 0.2295446, 1608.7338, 1608.7338, 955.40784, 717.9003, , 
65866.785340208, 004719, -0.750564, -0.10749403, 3.3810692, -0.46256417, 0.70737296, -0.482175, 0.23057579, 1608.7338, 1608.7338, 955.41125, 717.90186, , 
65866.818678125, 004720, -0.7363276, -0.10939407, 3.3812947, -0.45844525, 0.70694524, -0.48531073, 0.23351626, 1608.7338, 1608.7338, 955.41473, 717.90393, , 
65866.835346916, 004721, -0.7288186, -0.11040135, 3.381039, -0.45664084, 0.7067394, -0.4865629, 0.23506403, 1608.7338, 1608.7338, 955.4162, 717.9054, , 
65866.868684875, 004722, -0.71267545, -0.112503454, 3.3796895, -0.45313856, 0.706497, -0.4889433, 0.23761706, 1608.7338, 1608.7338, 955.4189, 717.9076, , 
65866.885353875, 004723, -0.7042949, -0.1135827, 3.3786426, -0.4516961, 0.70629793, -0.49003682, 0.23870045, 1608.7338, 1608.7338, 955.42017, 717.90845, , 
65866.902022791, 004724, -0.69606405, -0.115138166, 3.3772073, -0.45081627, 0.70585287, -0.49094692, 0.23980726, 1608.7338, 1608.7338, 955.4208, 717.90845, , 
65866.935360583, 004725, -0.6793739, -0.11749816, 3.3739984, -0.4508124, 0.7041606, -0.49199012, 0.24263525, 1609.1857, 1609.1857, 955.4186, 717.9059, , 
65866.952029541, 004726, -0.6708987, -0.11846766, 3.3722785, -0.45135713, 0.7031541, -0.49210784, 0.24429694, 1609.1857, 1609.1857, 955.4154, 717.90356, , 
65866.9686985, 004727, -0.6623167, -0.119408906, 3.3704784, -0.45202368, 0.7022008, -0.49202776, 0.24596234, 1607.83, 1607.83, 955.41284, 717.90204, , 
65866.985367291, 004728, -0.65366083, -0.12029402, 3.3686194, -0.45272806, 0.7011751, -0.49196753, 0.24770683, 1607.83, 1607.83, 955.41016, 717.90045, , 
65867.018705208, 004729, -0.63416004, -0.12253681, 3.3645186, -0.45395666, 0.698867, -0.49236786, 0.25116172, 1607.83, 1607.83, 955.4041, 717.8955, , 
65867.035374166, 004730, -0.62499774, -0.12316708, 3.362523, -0.45475253, 0.69769967, -0.49248666, 0.25272948, 1606.0223, 1606.0223, 955.40155, 717.8931, , 
65867.052042958, 004731, -0.6158253, -0.12353191, 3.3605661, -0.4557439, 0.69672817, -0.49220067, 0.25417688, 1606.0223, 1606.0223, 955.3988, 717.8911, , 
65867.068711916, 004732, -0.6064595, -0.123658285, 3.3585422, -0.45681956, 0.69616634, -0.49149698, 0.25514522, 1606.0223, 1606.0223, 955.3955, 717.88947, , 
65867.102049833, 004733, -0.58653784, -0.12319584, 3.3543205, -0.4576696, 0.6961081, -0.4909171, 0.25489685, 1603.7628, 1603.7628, 955.3937, 717.8888, , 
65867.118718833, 004734, -0.57661545, -0.12243925, 3.352207, -0.45738396, 0.6958256, -0.49168324, 0.2547044, 1603.7628, 1603.7628, 955.39435, 717.8876, , 
65867.135387583, 004735, -0.56733143, -0.12121709, 3.3501692, -0.45710793, 0.69486946, -0.49287397, 0.25550756, 1603.7628, 1603.7628, 955.39417, 717.8855, , 
65867.152056541, 004736, -0.55842084, -0.11963968, 3.3483062, -0.45702913, 0.69335604, -0.49419928, 0.25719416, 1603.7628, 1603.7628, 955.3929, 717.8825, , 
65867.1853945, 004737, -0.54074895, -0.1162293, 3.3448238, -0.45618293, 0.6908498, -0.49708664, 0.25986242, 1601.5033, 1601.5033, 955.39044, 717.8758, , 
65867.202063291, 004738, -0.5321427, -0.11458, 3.3433802, -0.4554121, 0.69050044, -0.49829313, 0.25983256, 1601.5033, 1601.5033, 955.3911, 717.8744, , 
65867.21873225, 004739, -0.5237101, -0.11299114, 3.3417382, -0.45510295, 0.69023705, -0.49908677, 0.25955066, 1601.5033, 1601.5033, 955.39215, 717.87286, , 
65867.23540125, 004740, -0.5156024, -0.11143349, 3.3399255, -0.455585, 0.6895877, -0.49950597, 0.25962436, 1599.2438, 1599.2438, 955.3917, 717.8709, , 
65867.268739125, 004741, -0.50051266, -0.10848013, 3.3363872, -0.45846307, 0.6870986, -0.49939635, 0.26136252, 1599.2438, 1599.2438, 955.38586, 717.86346, , 
65867.285407958, 004742, -0.49324238, -0.10723086, 3.3347526, -0.46020147, 0.6857585, -0.4989574, 0.26266217, 1599.6957, 1599.6957, 955.3824, 717.8601, , 
65867.302076916, 004743, -0.48581368, -0.10626096, 3.3332152, -0.46157527, 0.6849965, -0.49820656, 0.2636635, 1596.9843, 1596.9843, 955.3795, 717.85803, , 
65867.335414791, 004744, -0.46897036, -0.10521418, 3.3309145, -0.46197343, 0.68636656, -0.49614966, 0.26328132, 1596.9843, 1596.9843, 955.3783, 717.8611, , 
65867.352083625, 004745, -0.46046472, -0.105070956, 3.3295128, -0.46107343, 0.6880412, -0.49536872, 0.26195496, 1596.9843, 1596.9843, 955.38043, 717.8649, , 
65867.368752541, 004746, -0.45199472, -0.1049937, 3.3280296, -0.45979628, 0.689714, -0.49505267, 0.2603938, 1594.2728, 1594.2728, 955.3832, 717.8689, , 
65867.3854215, 004747, -0.44368637, -0.10490878, 3.3264854, -0.45841324, 0.6911291, -0.49518454, 0.25882456, 1594.7247, 1594.7247, 955.3875, 717.8733, , 
65867.418759458, 004748, -0.4256807, -0.105243474, 3.323404, -0.45613214, 0.69286525, -0.49635017, 0.25596428, 1594.2728, 1594.2728, 955.3932, 717.87634, , 
65867.435428291, 004749, -0.41773087, -0.10511349, 3.3216543, -0.45572218, 0.6933819, -0.49676394, 0.25448856, 1592.0132, 1592.0132, 955.396, 717.8765, , 
65867.452097208, 004750, -0.41006646, -0.104946256, 3.3198345, -0.45582816, 0.6938552, -0.49683025, 0.25287387, 1592.0132, 1592.0132, 955.3974, 717.8762, , 
65867.485435208, 004751, -0.39486563, -0.10473834, 3.3161402, -0.4573281, 0.6949897, -0.49576533, 0.2491126, 1592.0132, 1592.0132, 955.3991, 717.8754, , 
65867.502103916, 004752, -0.3864959, -0.10531635, 3.3147452, -0.45850357, 0.6956987, -0.494693, 0.24709645, 1589.7538, 1589.7538, 955.39935, 717.8753, , 
65867.518772916, 004753, -0.3782062, -0.10577436, 3.313259, -0.45991513, 0.6964773, -0.49333638, 0.24498302, 1589.7538, 1589.7538, 955.39935, 717.8753, , 
65867.535441875, 004754, -0.36996913, -0.10610673, 3.3116343, -0.4614496, 0.6974564, -0.49167413, 0.24264228, 1589.7538, 1589.7538, 955.3995, 717.87585, , 
65867.568779791, 004755, -0.35289562, -0.10695273, 3.3082516, -0.464614, 0.70001316, -0.48778123, 0.2370335, 1587.0424, 1587.0424, 955.4002, 717.878, , 
65867.585448625, 004756, -0.3440346, -0.10751091, 3.3064618, -0.46636644, 0.7014707, -0.48561424, 0.23370934, 1587.0424, 1587.0424, 955.40076, 717.8792, , 
65867.602117541, 004757, -0.33434898, -0.10843696, 3.304593, -0.46837208, 0.7029127, -0.48328564, 0.23016573, 1587.0424, 1587.0424, 955.40155, 717.88055, , 
65867.635455541, 004758, -0.31547832, -0.11011759, 3.3004422, -0.47363585, 0.705423, -0.47802302, 0.22257921, 1600.5995, 1600.5995, 955.40137, 717.881, , 
65867.652124291, 004759, -0.3060909, -0.11096185, 3.2981362, -0.4767602, 0.7066529, -0.47501674, 0.21840468, 1600.5995, 1600.5995, 955.4005, 717.8806, , 
65867.668793291, 004760, -0.29656446, -0.111859135, 3.2956798, -0.48009133, 0.70800215, -0.47168437, 0.21391411, 1600.5995, 1600.5995, 955.39984, 717.8805, , 
65867.68546225, 004761, -0.28692693, -0.112772174, 3.2930777, -0.48363316, 0.7093649, -0.4681195, 0.20919971, 1600.5995, 1600.5995, 955.3991, 717.8804, , 
65867.718800166, 004762, -0.26625168, -0.114939794, 3.2872124, -0.49161008, 0.7118072, -0.46039554, 0.19921324, 1600.5995, 1600.5995, 955.3965, 717.8787, , 
65867.735468916, 004763, -0.25625834, -0.1156907, 3.2841282, -0.49604306, 0.71285313, -0.4562699, 0.19390583, 1600.5995, 1600.5995, 955.39484, 717.8773, , 
65867.752137916, 004764, -0.24632765, -0.11624209, 3.2809515, 0.5007365, -0.71370476, 0.45206377, -0.18848555, 1600.5995, 1600.5995, 955.39307, 717.8755, , 
65867.768806916, 004765, -0.23638284, -0.11656883, 3.2777, 0.5057383, -0.7143523, 0.4476735, -0.18307956, 1600.5995, 1600.5995, 955.3901, 717.87195, , 
65867.802144625, 004766, -0.21556532, -0.11681634, 3.2708008, 0.51570153, -0.7159511, 0.43848008, -0.17088364, 1600.5995, 1600.5995, 955.38574, 717.86646, , 
65867.818813625, 004767, -0.20491974, -0.11672141, 3.2669654, 0.52011794, -0.7171535, 0.43412235, -0.1634195, 1600.5995, 1600.5995, 955.3852, 717.8638, , 
65867.835482541, 004768, -0.19459616, -0.11635253, 3.2628868, 0.5242458, -0.71839255, 0.4300535, -0.15534656, 1600.5995, 1600.5995, 955.38586, 717.862, , 
65867.868820458, 004769, -0.17538936, -0.11483968, 3.2546928, 0.5330799, -0.7199663, 0.42175013, -0.14000411, 1600.5995, 1600.5995, 955.38684, 717.8561, , 
65867.885489291, 004770, -0.16661127, -0.11369802, 3.2508454, 0.5381215, -0.7200571, 0.41722032, -0.13368018, 1600.5995, 1600.5995, 955.3853, 717.8522, , 
65867.902158291, 004771, -0.15794453, -0.11267053, 3.246928, 0.54338115, -0.7198702, 0.41251165, -0.12789883, 1600.5995, 1600.5995, 955.3829, 717.8477, , 
65867.918827208, 004772, -0.14946154, -0.111388996, 3.2430518, 0.5484964, -0.7196719, 0.40783197, -0.12205335, 1600.5995, 1600.5995, 955.3796, 717.8416, , 
65867.952164958, 004773, -0.13273384, -0.108117394, 3.2350862, 0.55740565, -0.7197615, 0.39915502, -0.1091683, 1600.1476, 1600.1476, 955.3771, 717.834, , 
65867.968833958, 004774, -0.12441569, -0.10629039, 3.2308125, 0.56100863, -0.7201417, 0.39535567, -0.10178029, 1600.5995, 1600.5995, 955.37787, 717.8305, , 
65867.985502916, 004775, -0.116241455, -0.10437592, 3.2263663, 0.5641287, -0.7206658, 0.39191088, -0.0938379, 1600.5995, 1600.5995, 955.3797, 717.82855, , 
65868.018840833, 004776, -0.09990131, -0.10086419, 3.2174044, 0.570325, -0.72145367, 0.38493216, -0.07785398, 1600.5995, 1600.5995, 955.3846, 717.82416, , 
65868.035509583, 004777, -0.092807174, -0.0988244, 3.2130392, 0.5738724, -0.72145796, 0.381055, -0.07047042, 1600.5995, 1600.5995, 955.38574, 717.82153, , 
65868.052178583, 004778, -0.086279005, -0.0968145, 3.2088058, 0.57763606, -0.72127366, 0.37690678, -0.063578285, 1600.5995, 1600.5995, 955.3861, 717.8186, , 
65868.068847583, 004779, -0.08024061, -0.09491819, 3.204724, 0.5815584, -0.72091776, 0.37253344, -0.057325374, 1600.5995, 1600.5995, 955.38586, 717.81537, , 
65868.102185333, 004780, -0.06845639, -0.0920205, 3.196231, 0.58945996, -0.7202837, 0.36270633, -0.046610154, 1600.5995, 1600.5995, 955.3824, 717.80853, , 
65868.118854291, 004781, -0.06266946, -0.090939075, 3.1918, 0.5931296, -0.7200332, 0.357806, -0.04152482, 1600.5995, 1600.5995, 955.3807, 717.8062, , 
65868.135523166, 004782, -0.057166114, -0.08992983, 3.187348, 0.5965089, -0.71983033, 0.35316816, -0.03596912, 1600.5995, 1600.5995, 955.37915, 717.8034, , 
65868.152192166, 004783, -0.051758647, -0.08908989, 3.1826448, 0.5995791, -0.7196501, 0.34888932, -0.02974543, 1600.5995, 1600.5995, 955.37915, 717.8016, , 
65868.168860958, 004784, -0.046425775, -0.08842711, 3.177704, 0.6023802, -0.71945095, 0.34496057, -0.0230336, 1600.5995, 1600.5995, 955.38007, 717.79987, , 
65868.202198958, 004785, -0.03615432, -0.087454595, 3.1676557, 0.60776275, -0.7188982, 0.33720437, -0.010152743, 1600.5995, 1600.5995, 955.3826, 717.79614, , 
65868.218867916, 004786, -0.029403375, -0.08735112, 3.1618898, 0.6104272, -0.71867174, 0.3329643, -0.0049261716, 1600.5995, 1600.5995, 955.3826, 717.7947, , 
65868.235536791, 004787, -0.023963492, -0.087186776, 3.1569085, 0.6129901, -0.71858484, 0.32844898, -0.0005328892, 1600.5995, 1600.5995, 955.38135, 717.79346, , 
65868.252205666, 004788, -0.018913526, -0.08711566, 3.1521394, 0.6152457, -0.7187799, 0.32375348, 0.0034415808, 1600.5995, 1600.5995, 955.37994, 717.7937, , 
65868.268874541, 004789, -0.0139149465, -0.08720097, 3.147347, 0.6169814, -0.7193141, 0.31916746, 0.007297466, 1600.5995, 1600.5995, 955.3789, 717.795, , 
65868.285543583, 004790, -0.008846983, -0.08744222, 3.14244, 0.6181998, -0.72015065, 0.31478205, 0.011141489, 1600.5995, 1600.5995, 955.378, 717.79846, , 
65868.318881458, 004791, 0.0029768809, -0.08905497, 3.1308506, 0.6197626, -0.7222108, 0.30654493, 0.018328043, 1600.5995, 1600.5995, 955.3775, 717.80554, , 
65868.33555025, 004792, 0.00860595, -0.089761436, 3.1252174, 0.6204677, -0.72307897, 0.3028596, 0.02127492, 1600.5995, 1600.5995, 955.3771, 717.8088, , 
65868.35221925, 004793, 0.013875713, -0.09030546, 3.1198056, 0.62129945, -0.7237865, 0.29925066, 0.0238579, 1600.5995, 1600.5995, 955.3761, 717.8124, , 
65868.368888208, 004794, 0.019031433, -0.09083131, 3.114347, 0.6222741, -0.72434795, 0.29564375, 0.026265366, 1600.5995, 1600.5995, 955.37506, 717.81445, , 
65868.385557125, 004795, 0.024198316, -0.09140098, 3.108699, 0.6232956, -0.7248087, 0.29210594, 0.028794289, 1600.1476, 1600.1476, 955.374, 717.81616, , 
65870.4191655, 004899, 0.32042333, -0.08910017, 2.2749197, 0.70356005, -0.6002203, -0.055214062, 0.37641776, 1601.9552, 1601.9552, 955.36554, 717.7206, , 
65870.4358345, 004900, 0.31861943, -0.088995576, 2.2680955, 0.70298404, -0.59916747, -0.056337018, 0.37899584, 1601.9552, 1601.9552, 955.36707, 717.7224, , 
65870.452503458, 004901, 0.31673378, -0.08899791, 2.2611105, 0.70218706, -0.5980046, -0.05733091, 0.382148, 1602.4071, 1602.4071, 955.3689, 717.7247, , 
65870.469172458, 004902, 0.31486255, -0.08903526, 2.2541463, 0.70121735, -0.59691936, -0.058401957, 0.38544872, 1602.4071, 1602.4071, 955.3709, 717.7276, , 
65870.502510125, 004903, 0.31140524, -0.08911356, 2.2405715, 0.6989855, -0.5954765, -0.060840707, 0.39131233, 1600.1476, 1600.1476, 955.3745, 717.73535, , 
65870.519179125, 004904, 0.3098533, -0.089680046, 2.2336714, 0.6977019, -0.59497684, -0.062411156, 0.39410597, 1600.1476, 1600.1476, 955.3754, 717.73895, , 
65870.535848083, 004905, 0.3081903, -0.09025175, 2.2267694, 0.69629616, -0.5944035, -0.06420363, 0.39715722, 1600.1476, 1600.1476, 955.3762, 717.74286, , 
65870.552516958, 004906, 0.30628777, -0.09057193, 2.219976, 0.69493127, -0.5935791, -0.066100426, 0.40045625, 1597.8881, 1597.8881, 955.3776, 717.7481, , 
65870.569185833, 004907, 0.30419436, -0.09077498, 2.2132432, 0.69375694, -0.59249556, -0.068056665, 0.40375566, 1597.8881, 1597.8881, 955.3789, 717.7515, , 
65870.602523708, 004908, 0.29948252, -0.09098834, 2.1998758, 0.6921851, -0.58940816, -0.072084546, 0.4102213, 1597.8881, 1597.8881, 955.382, 717.7562, , 
65870.619192708, 004909, 0.29690903, -0.091366544, 2.1932511, 0.6916338, -0.5873804, -0.07420649, 0.4136669, 1595.1766, 1595.1766, 955.38367, 717.7573, , 
65870.6358615, 004910, 0.29420063, -0.09173247, 2.1866217, 0.69106215, -0.5851286, -0.07669095, 0.41734412, 1595.1766, 1595.1766, 955.3853, 717.75824, , 
65870.652530458, 004911, 0.29143834, -0.09193964, 2.180056, 0.69044214, -0.5828727, -0.079821825, 0.42092457, 1595.1766, 1595.1766, 955.38684, 717.7592, , 
65870.669199458, 004912, 0.28871286, -0.09209029, 2.1735978, 0.6898028, -0.58077747, -0.08362102, 0.42411926, 1595.1766, 1595.1766, 955.3869, 717.7596, , 
65870.702537291, 004913, 0.28320125, -0.09247091, 2.1601963, 0.68851936, -0.57686067, -0.092336394, 0.42970568, 1592.9171, 1592.9171, 955.3851, 717.75946, , 
65870.719206166, 004914, 0.28025603, -0.09277549, 2.1532252, 0.68771887, -0.57476413, -0.09688909, 0.4327835, 1592.9171, 1592.9171, 955.3838, 717.7596, , 
65870.735875083, 004915, 0.27721494, -0.09311326, 2.1463296, 0.68685853, -0.57257783, -0.101311766, 0.43602285, 1592.9171, 1592.9171, 955.3831, 717.7599, , 
65870.752543958, 004916, 0.27414298, -0.09343101, 2.1394677, 0.6860041, -0.5704684, -0.10572807, 0.4390738, 1590.6576, 1590.6576, 955.3825, 717.7602, , 
65870.78588175, 004917, 0.2681291, -0.09384687, 2.1259215, 0.6843062, -0.56679237, -0.11541634, 0.44401622, 1590.6576, 1590.6576, 955.3789, 717.75995, , 
65870.80255075, 004918, 0.26524085, -0.093980044, 2.119181, 0.68341446, -0.5651089, -0.12086565, 0.44608083, 1590.6576, 1590.6576, 955.37646, 717.75946, , 
65870.819219625, 004919, 0.26230568, -0.0940115, 2.1125817, 0.68255687, -0.56344754, -0.12673578, 0.44786265, 1586.5905, 1586.5905, 955.3725, 717.75806, , 
65870.835888666, 004920, 0.25930926, -0.09388628, 2.1060421, 0.681717, -0.56190705, -0.13313563, 0.44921863, 1586.5905, 1586.5905, 955.36865, 717.7562, , 
65870.852557583, 004921, 0.25608617, -0.09362371, 2.0993547, 0.6808463, -0.5601559, -0.13978915, 0.45070246, 1586.5905, 1586.5905, 955.3646, 717.75415, , 
65870.885895333, 004922, 0.24815963, -0.092877336, 2.085086, 0.6794978, -0.55374646, -0.15091258, 0.45702627, 1597.8881, 1597.8881, 955.36066, 717.74927, , 
65870.902564333, 004923, 0.24355535, -0.09226826, 2.0777097, 0.6795275, -0.5489784, -0.15493765, 0.46136698, 1597.8881, 1597.8881, 955.3622, 717.74646, , 
65870.919233291, 004924, 0.23874187, -0.09116237, 2.0702102, 0.67997324, -0.54378194, -0.15900005, 0.4654639, 1597.8881, 1597.8881, 955.3649, 717.74066, , 
65870.952570958, 004925, 0.22947516, -0.088287495, 2.0560486, 0.6808776, -0.5343273, -0.16898252, 0.4715345, 1597.8881, 1597.8881, 955.36646, 717.7293, , 
65870.96924, 004926, 0.22512718, -0.0867685, 2.0491242, 0.6806122, -0.5306959, -0.17472917, 0.47391823, 1597.8881, 1597.8881, 955.36554, 717.7243, , 
65870.985908958, 004927, 0.22086893, -0.08529895, 2.0419996, 0.6796648, -0.5277725, -0.1802661, 0.47646213, 1597.8881, 1597.8881, 955.36365, 717.7205, , 
65871.002577708, 004928, 0.21655016, -0.08395918, 2.0346022, 0.6779941, -0.5252076, -0.18525523, 0.4797515, 1597.8881, 1597.8881, 955.3626, 717.7206, , 
65871.035915625, 004929, 0.20723258, -0.08094646, 2.0180142, 0.674604, -0.52006435, -0.19254851, 0.48720396, 1597.8881, 1597.8881, 955.36334, 717.7251, , 
65871.052584541, 004930, 0.20289709, -0.07955205, 2.0107684, 0.67371863, -0.5175244, -0.19535072, 0.49001002, 1597.8881, 1597.8881, 955.36414, 717.72565, , 
65871.069253541, 004931, 0.19881295, -0.078205094, 2.0041234, 0.67334926, -0.5150759, -0.19816487, 0.49196368, 1597.8881, 1597.8881, 955.3645, 717.7245, , 
65871.102591333, 004932, 0.19118811, -0.07603665, 1.9920057, 0.67280585, -0.5105203, -0.20489153, 0.49469253, 1597.8881, 1597.8881, 955.3636, 717.7184, , 
65871.11926025, 004933, 0.18685897, -0.07563749, 1.9856279, 0.67179304, -0.5082838, -0.20922768, 0.4965536, 1597.8881, 1597.8881, 955.3625, 717.7166, , 
65871.135929166, 004934, 0.18291958, -0.07544381, 1.9796641, 0.6701254, -0.5061911, -0.21403372, 0.49889088, 1597.8881, 1597.8881, 955.36053, 717.71625, , 
65871.169266958, 004935, 0.1751811, -0.075495794, 1.9679725, 0.6659363, -0.5025178, -0.2238285, 0.5038904, 1597.8881, 1597.8881, 955.35706, 717.71844, , 
65871.185935958, 004936, 0.1710563, -0.075612746, 1.9620656, 0.6638555, -0.50058997, -0.22831616, 0.5065347, 1597.8881, 1597.8881, 955.3551, 717.72034, , 
65871.202604875, 004937, 0.16656469, -0.07573195, 1.9560965, 0.661948, -0.49831617, -0.23230256, 0.509452, 1597.8881, 1597.8881, 955.3545, 717.72174, , 
65871.235942583, 004938, 0.15538073, -0.07644189, 1.9428807, 0.6595887, -0.49313748, -0.23706755, 0.5153225, 1597.8881, 1597.8881, 955.35645, 717.7241, , 
65871.2526115, 004939, 0.1501235, -0.07636886, 1.9369934, 0.659192, -0.49083972, -0.23807262, 0.51755536, 1597.8881, 1597.8881, 955.3581, 717.72437, , 
65871.269280541, 004940, 0.14507851, -0.07612786, 1.9313928, 0.65911376, -0.48924556, -0.23868786, 0.51887935, 1597.8881, 1597.8881, 955.3596, 717.724, , 
65871.285949458, 004941, 0.14030127, -0.0758185, 1.9259914, 0.65895146, -0.48859182, -0.23940326, 0.5193718, 1597.8881, 1597.8881, 955.36005, 717.72345, , 
65871.31928725, 004942, 0.1299073, -0.075773634, 1.9132786, 0.6576316, -0.4897319, -0.24162392, 0.5189424, 1597.8881, 1597.8881, 955.3572, 717.7242, , 
65871.335956166, 004943, 0.12514079, -0.07590726, 1.9078714, 0.65640396, -0.49074975, -0.24296302, 0.51890975, 1597.8881, 1597.8881, 955.35516, 717.726, , 
65871.352625166, 004944, 0.12026899, -0.07618539, 1.9027591, 0.65506005, -0.49171385, -0.2444113, 0.5190152, 1597.8881, 1597.8881, 955.35266, 717.7291, , 
65871.385962875, 004945, 0.10966524, -0.07712567, 1.8930881, 0.6530331, -0.49279255, -0.24750446, 0.5190808, 1598.34, 1598.34, 955.3491, 717.73175, , 
65871.402631791, 004946, 0.103764474, -0.077845424, 1.8883044, 0.6524544, -0.4927173, -0.24864854, 0.51933306, 1597.8881, 1597.8881, 955.34784, 717.7322, , 
65871.43596975, 004947, 0.08834396, -0.08073736, 1.8758112, 0.6514648, -0.49107966, -0.2505629, 0.521203, 1597.8881, 1597.8881, 955.34784, 717.7328, , 
65871.4526385, 004948, 0.080960624, -0.082100466, 1.8705808, 0.6509413, -0.48965073, -0.25146663, 0.52276397, 1598.34, 1598.34, 955.34845, 717.7333, , 
65871.469307541, 004949, 0.0734089, -0.08350918, 1.865494, 0.6504557, -0.48797265, -0.25256062, 0.5244076, 1597.8881, 1597.8881, 955.34973, 717.7337, , 
65871.502645416, 004950, 0.05664459, -0.08697052, 1.8535995, 0.6499354, -0.48473662, -0.25497812, 0.52687824, 1597.8881, 1597.8881, 955.35114, 717.7326, , 
65871.519314291, 004951, 0.04791843, -0.08873541, 1.8475444, 0.6499024, -0.48337, -0.25639835, 0.5274849, 1597.8881, 1597.8881, 955.35126, 717.7305, , 
65871.552652125, 004952, 0.031130992, -0.09165273, 1.8373983, 0.6506236, -0.48095945, -0.25867006, 0.52768993, 1597.8881, 1597.8881, 955.35114, 717.72546, , 
65871.569321125, 004953, 0.022632848, -0.09305216, 1.8325169, 0.65128195, -0.47976717, -0.2592304, 0.5276882, 1597.8881, 1597.8881, 955.3517, 717.7217, , 
65871.602658833, 004954, 0.004212597, -0.09565868, 1.8196608, 0.6524112, -0.47814867, -0.26023367, 0.5272683, 1597.8881, 1597.8881, 955.3523, 717.7165, , 
65871.61932775, 004955, -0.0052690567, -0.09671891, 1.8127009, 0.6525295, -0.47751167, -0.26150665, 0.5270693, 1597.8881, 1597.8881, 955.35156, 717.7135, , 
65871.635996666, 004956, -0.014407632, -0.09759015, 1.8067032, 0.6525142, -0.4766137, -0.2628417, 0.52723706, 1597.8881, 1597.8881, 955.35114, 717.7116, , 
65871.669334666, 004957, -0.032779727, -0.09863718, 1.7951274, 0.65313935, -0.4738697, -0.26376286, 0.52847487, 1597.8881, 1597.8881, 955.35297, 717.70795, , 
65871.6860035, 004958, -0.041755684, -0.09868616, 1.7893467, 0.65408456, -0.47275922, -0.26336315, 0.5284997, 1597.8881, 1597.8881, 955.35425, 717.7056, , 
65871.719341375, 004959, -0.0601476, -0.09768942, 1.7738242, 0.65605044, -0.47139406, -0.26249492, 0.52771384, 1597.8881, 1597.8881, 955.35614, 717.7003, , 
65871.736010333, 004960, -0.06897724, -0.097059235, 1.7671448, 0.65648204, -0.47044507, -0.2620946, 0.5282227, 1597.8881, 1597.8881, 955.35754, 717.6986, , 
65871.769348083, 004961, -0.08664121, -0.09570634, 1.7540009, 0.65663433, -0.46705848, -0.25955614, 0.5322767, 1597.8881, 1597.8881, 955.3631, 717.7011, , 
65871.802686, 004962, -0.10384942, -0.09408581, 1.7393506, 0.6574799, -0.4645821, -0.2559989, 0.53511524, 1597.8881, 1597.8881, 955.3712, 717.7045, , 
65871.819354916, 004963, -0.11131831, -0.09305959, 1.7322253, 0.6583924, -0.46494412, -0.25464675, 0.5343233, 1597.8881, 1597.8881, 955.3725, 717.70374, , 
65871.836023708, 004964, -0.117534205, -0.0918984, 1.7260967, 0.65942, -0.46627203, -0.25348943, 0.532446, 1597.8881, 1597.8881, 955.37195, 717.7013, , 
65871.869361666, 004965, -0.12828201, -0.08981222, 1.7139144, 0.66130817, -0.47038957, -0.25055984, 0.5278494, 1597.8881, 1597.8881, 955.3695, 717.69824, , 
65871.886030625, 004966, -0.13329223, -0.08911669, 1.7072661, 0.6617994, -0.47260153, -0.24840964, 0.5262719, 1597.8881, 1597.8881, 955.36865, 717.6985, , 
65871.919368291, 004967, -0.1454214, -0.089304104, 1.6887404, 0.6617104, -0.4761808, -0.2422174, 0.52604365, 1597.8881, 1597.8881, 955.3702, 717.70593, , 
65871.936037291, 004968, -0.1504308, -0.089606054, 1.6804577, 0.66136944, -0.47777733, -0.23835233, 0.5267897, 1597.8881, 1597.8881, 955.37225, 717.7114, , 
65871.969375166, 004969, -0.15918215, -0.09067143, 1.66429, 0.66049635, -0.48126316, -0.23028222, 0.52829957, 1597.8881, 1597.8881, 955.3781, 717.7258, , 
65871.986043958, 004970, -0.16308816, -0.09142185, 1.6562507, 0.65996534, -0.4830992, -0.22647431, 0.528933, 1597.8881, 1597.8881, 955.38055, 717.7321, , 
65872.019381916, 004971, -0.17104542, -0.093383804, 1.6387699, 0.65936905, -0.48660094, -0.2192813, 0.5294976, 1597.4362, 1597.4362, 955.3856, 717.7446, , 
65872.036050875, 004972, -0.17451757, -0.09435838, 1.6306432, 0.6595791, -0.48820877, -0.21569218, 0.5292301, 1597.4362, 1597.4362, 955.3879, 717.7483, , 
65872.069388625, 004973, -0.18105167, -0.09639399, 1.6144714, 0.6609634, -0.49125788, -0.2082696, 0.5276522, 1597.8881, 1597.8881, 955.39264, 717.75323, , 
65872.086057541, 004974, -0.18422514, -0.097533226, 1.6061761, 0.66180253, -0.49274236, -0.20447406, 0.5266997, 1597.8881, 1597.8881, 955.39484, 717.75464, , 
65872.102726458, 004975, -0.18803531, -0.09946642, 1.5970961, 0.6625964, -0.4942581, -0.20065156, 0.5257508, 1597.8881, 1597.8881, 955.39764, 717.75653, , 
65872.119395416, 004976, -0.19144665, -0.10119481, 1.5880803, 0.6633313, -0.49593854, -0.19690216, 0.52465814, 1597.8881, 1597.8881, 955.3996, 717.75806, , 
65872.152733166, 004977, -0.19710591, -0.104064375, 1.570009, 0.66466707, -0.5001141, -0.18994191, 0.52156085, 1597.8881, 1597.8881, 955.40204, 717.76074, , 
65872.169402166, 004978, -0.199688, -0.10543935, 1.5606946, 0.66530645, -0.50232935, -0.18678755, 0.5197529, 1597.8881, 1597.8881, 955.4027, 717.7621, , 
65872.186071125, 004979, -0.20224574, -0.10680164, 1.5511683, 0.665967, -0.5043313, -0.18390945, 0.51799166, 1597.8881, 1597.8881, 955.4031, 717.7628, , 
65872.202739916, 004980, -0.20484474, -0.10814804, 1.5414653, 0.66665965, -0.505963, -0.18136151, 0.5164052, 1597.8881, 1597.8881, 955.40344, 717.7632, , 
65872.236077833, 004981, -0.21134666, -0.11117129, 1.5207214, 0.6680224, -0.5079787, -0.17742524, 0.51402724, 1597.8881, 1597.8881, 955.4047, 717.7625, , 
65872.25274675, 004982, -0.21409748, -0.11236958, 1.5106758, 0.6687552, -0.50872326, -0.17595127, 0.51284343, 1597.8881, 1597.8881, 955.4051, 717.76166, , 
65872.2860845, 004983, -0.21916674, -0.11434586, 1.4906317, 0.6703105, -0.51034164, -0.17385258, 0.5099123, 1597.8881, 1597.8881, 955.40436, 717.7581, , 
65872.302753458, 004984, -0.2219494, -0.11493314, 1.4797978, 0.6710456, -0.5115262, -0.1732702, 0.507953, 1597.8881, 1597.8881, 955.4031, 717.7562, , 
65872.319422375, 004985, -0.22435157, -0.115359776, 1.4691296, 0.67160714, -0.51323736, -0.17302953, 0.5055611, 1597.8881, 1597.8881, 955.4001, 717.75366, , 
65872.352760166, 004986, -0.228938, -0.11601442, 1.4474922, 0.6714007, -0.5168036, -0.17200561, 0.50254273, 1597.8881, 1597.8881, 955.39575, 717.75385, , 
65872.369429125, 004987, -0.23142134, -0.11617966, 1.4362729, 0.67093647, -0.5181329, -0.17026585, 0.5023864, 1597.8881, 1597.8881, 955.3961, 717.75757, , 
65872.402767041, 004988, -0.23613442, -0.11567071, 1.4141102, 0.6707983, -0.52078944, -0.16530108, 0.5014814, 1597.8881, 1597.8881, 955.3989, 717.7629, , 
65874.436374958, 005079, -0.19345099, -0.06349264, 0.3758116, 0.7064913, -0.6645285, 0.059097573, 0.23617671, 1597.8881, 1597.8881, 955.3296, 717.70355, , 
65874.453043875, 005080, -0.1913552, -0.063058086, 0.36942932, 0.7056435, -0.66602373, 0.05945615, 0.23440287, 1597.8881, 1597.8881, 955.3284, 717.7063, , 
65874.486381791, 005081, -0.18753783, -0.062406197, 0.35634547, 0.7043275, -0.6686368, 0.06012779, 0.23072115, 1597.8881, 1597.8881, 955.3257, 717.71155, , 
65874.50305075, 005082, -0.18582864, -0.062182084, 0.3495099, 0.70389605, -0.66961896, 0.06066466, 0.22904314, 1597.8881, 1597.8881, 955.3247, 717.71295, , 
65874.519719541, 005083, -0.1842099, -0.06270154, 0.34203872, 0.70356715, -0.67035556, 0.06147834, 0.22767754, 1597.8881, 1597.8881, 955.32404, 717.71423, , 
65874.553057458, 005084, -0.18131903, -0.06281707, 0.326984, 0.70342696, -0.67115, 0.0637179, 0.2251402, 1597.8881, 1597.8881, 955.32367, 717.7144, , 
65874.569726416, 005085, -0.18001863, -0.06276118, 0.31937954, 0.70365125, -0.671316, 0.06472221, 0.22365336, 1597.8881, 1597.8881, 955.32336, 717.71326, , 
65874.603064, 005086, -0.17759414, -0.06279488, 0.30428496, 0.7044773, -0.6718083, 0.066161275, 0.2191073, 1598.34, 1598.34, 955.3217, 717.7099, , 
65874.619733125, 005087, -0.17637268, -0.062715165, 0.29676354, 0.70488876, -0.67227834, 0.06696723, 0.21607615, 1598.34, 1598.34, 955.31995, 717.70764, , 
65874.636402041, 005088, -0.17512065, -0.062397953, 0.28926194, 0.7052332, -0.6728873, 0.067925185, 0.2127322, 1598.34, 1598.34, 955.31854, 717.70605, , 
65874.66973975, 005089, -0.1725167, -0.061454315, 0.2745527, 0.7053852, -0.67489296, 0.07000013, 0.20506367, 1597.8881, 1597.8881, 955.3154, 717.70447, , 
65874.686408666, 005090, -0.1711416, -0.06087299, 0.26747715, 0.7052363, -0.67634875, 0.07062948, 0.20051318, 1597.8881, 1597.8881, 955.31274, 717.7045, , 
65874.719746625, 005091, -0.16837963, -0.060256463, 0.2545077, 0.70470375, -0.6799147, 0.07079265, 0.1899922, 1598.34, 1598.34, 955.30743, 717.7056, , 
65874.736415375, 005092, -0.16695765, -0.0598015, 0.24764952, 0.7042298, -0.6817079, 0.07089229, 0.18522711, 1597.8881, 1597.8881, 955.304, 717.7074, , 
65874.753084416, 005093, -0.16559024, -0.059203044, 0.24018659, 0.70356005, -0.6832586, 0.07168704, 0.18171933, 1597.8881, 1597.8881, 955.30255, 717.7092, , 
65874.786422291, 005094, -0.16319981, -0.057911295, 0.22420722, 0.7021818, -0.68532395, 0.075256445, 0.17778681, 1598.34, 1598.34, 955.30194, 717.7136, , 
65874.80309125, 005095, -0.16219644, -0.057189945, 0.21629669, 0.70190656, -0.6858874, 0.07747541, 0.17573602, 1598.34, 1598.34, 955.30206, 717.7141, , 
65874.836429, 005096, -0.16009052, -0.056121435, 0.20184708, 0.702049, -0.6868856, 0.08117925, 0.16948526, 1598.34, 1598.34, 955.30115, 717.71246, , 
65874.853098, 005097, -0.15918735, -0.055336706, 0.19437629, 0.70197207, -0.68755525, 0.08314881, 0.1661002, 1598.34, 1598.34, 955.3002, 717.7115, , 
65874.886435708, 005098, -0.1574401, -0.053960823, 0.17842945, 0.7006525, -0.6890615, 0.08960892, 0.16202009, 1598.34, 1598.34, 955.30054, 717.7133, , 
65874.903104625, 005099, -0.1566436, -0.05333263, 0.17028472, 0.6998245, -0.6895881, 0.09402727, 0.16085036, 1597.8881, 1597.8881, 955.3023, 717.7152, , 
65874.936442583, 005100, -0.15526088, -0.052121166, 0.15701482, 0.6990939, -0.6900746, 0.102487125, 0.15671988, 1597.8881, 1597.8881, 955.3045, 717.7147, , 
65874.953111458, 005101, -0.15446219, -0.051566888, 0.15057178, 0.699131, -0.6902063, 0.105996355, 0.1536095, 1597.8881, 1597.8881, 955.305, 717.7126, , 
65874.969780291, 005102, -0.15347046, -0.051195804, 0.14423628, 0.6990425, -0.6905158, 0.10902296, 0.15047085, 1597.8881, 1597.8881, 955.3049, 717.7113, , 
65875.003118208, 005103, -0.15058592, -0.051239245, 0.13176356, 0.69752586, -0.69224876, 0.11374014, 0.14598797, 1597.8881, 1597.8881, 955.305, 717.71375, , 
65875.019787125, 005104, -0.14859834, -0.051717795, 0.12749842, 0.6960497, -0.6937221, 0.11540863, 0.14472482, 1597.8881, 1597.8881, 955.30505, 717.71747, , 
65875.053124916, 005105, -0.14404051, -0.052735187, 0.1164907, 0.69290096, -0.6967915, 0.11803682, 0.14295816, 1597.8881, 1597.8881, 955.30554, 717.72815, , 
65875.069793875, 005106, -0.1416072, -0.053230923, 0.11082322, 0.69150037, -0.69804645, 0.11962893, 0.1422929, 1597.8881, 1597.8881, 955.306, 717.73224, , 
65875.086462791, 005107, -0.13916707, -0.053681713, 0.10513559, 0.69028544, -0.69895554, 0.121845566, 0.14184736, 1598.34, 1598.34, 955.3068, 717.7355, , 
65875.119800541, 005108, -0.13497752, -0.054495376, 0.0957926, 0.6883117, -0.6998757, 0.12774888, 0.1417084, 1598.34, 1598.34, 955.31006, 717.7401, , 
65875.136469458, 005109, -0.13285962, -0.05486016, 0.09085738, 0.6875794, -0.70002407, 0.13080792, 0.14174014, 1597.8881, 1597.8881, 955.3118, 717.7411, , 
65875.1531385, 005110, -0.13061683, -0.05522399, 0.08559766, 0.6869661, -0.7001065, 0.1336462, 0.14165871, 1597.8881, 1597.8881, 955.31335, 717.74164, , 
65875.186476166, 005111, -0.12567541, -0.056055807, 0.07512443, 0.6858105, -0.70037115, 0.13895537, 0.14083926, 1597.8881, 1597.8881, 955.31647, 717.7426, , 
65875.203145125, 005112, -0.12330949, -0.056071516, 0.069978625, 0.6852705, -0.7005366, 0.14130431, 0.14030641, 1597.8881, 1597.8881, 955.3175, 717.74304, , 
65875.236483041, 005113, -0.11759788, -0.056825586, 0.059522633, 0.68402106, -0.7011034, 0.14540887, 0.13937515, 1598.34, 1598.34, 955.3198, 717.74493, , 
65875.253151875, 005114, -0.11433238, -0.057430126, 0.054238465, 0.6832721, -0.70151544, 0.1471929, 0.13910252, 1598.34, 1598.34, 955.3208, 717.74615, , 
65875.269820833, 005115, -0.110837474, -0.05810277, 0.04897272, 0.6824522, -0.70204175, 0.14866565, 0.13890605, 1598.34, 1598.34, 955.32196, 717.7484, , 
65875.303158708, 005116, -0.10341838, -0.059443317, 0.03858221, 0.6811362, -0.70310634, 0.14999299, 0.13855362, 1598.34, 1598.34, 955.3229, 717.752, , 
65875.319827666, 005117, -0.099860266, -0.060360372, 0.03357213, 0.680864, -0.7033488, 0.14991729, 0.13874233, 1598.34, 1598.34, 955.323, 717.75354, , 
65875.336496416, 005118, -0.09618872, -0.060993757, 0.028333101, 0.6808272, -0.7033684, 0.14961572, 0.13914873, 1598.34, 1598.34, 955.323, 717.7539, , 
65875.369834375, 005119, -0.08866782, -0.061891157, 0.017593715, 0.68124735, -0.70296484, 0.14872481, 0.14008315, 1598.34, 1598.34, 955.3231, 717.75323, , 
65875.386503291, 005120, -0.084776476, -0.062235784, 0.0121993255, 0.681567, -0.70274293, 0.14806248, 0.14034349, 1598.34, 1598.34, 955.32275, 717.7523, , 
65875.419841041, 005121, -0.076717965, -0.061960183, 0.0017427432, 0.68222487, -0.7023854, 0.14690101, 0.14015709, 1598.34, 1598.34, 955.32184, 717.75073, , 
65875.436510041, 005122, -0.07253486, -0.06205961, -0.003627727, 0.68252534, -0.70227677, 0.14638074, 0.1397821, 1598.34, 1598.34, 955.3211, 717.7497, , 
65875.453179, 005123, -0.06827886, -0.062158894, -0.009011339, 0.6828385, -0.70221347, 0.14566056, 0.13932288, 1598.34, 1598.34, 955.32043, 717.74896, , 
65875.486516708, 005124, -0.0595743, -0.06210645, -0.019744135, 0.68364596, -0.7022868, 0.14267516, 0.13807756, 1597.8881, 1597.8881, 955.31775, 717.7477, , 
65875.503185666, 005125, -0.05511039, -0.061923537, -0.025259653, 0.68407094, -0.7023501, 0.14066145, 0.13771568, 1597.8881, 1597.8881, 955.3162, 717.7473, , 
65875.519854625, 005126, -0.050795026, -0.061180487, -0.031162694, 0.68444496, -0.7022692, 0.13877344, 0.13818501, 1597.8881, 1597.8881, 955.3153, 717.747, , 
65875.553192416, 005127, -0.042120684, -0.05966008, -0.043464843, 0.68554485, -0.70141506, 0.1348516, 0.14092658, 1597.8881, 1597.8881, 955.3143, 717.74554, , 
65875.569861333, 005128, -0.03783667, -0.058866788, -0.04942334, 0.6865283, -0.70061016, 0.13271442, 0.14216588, 1597.8881, 1597.8881, 955.31366, 717.7437, , 
65875.603199208, 005129, -0.02944234, -0.05700158, -0.06020152, 0.6892933, -0.69871163, 0.12874997, 0.1417754, 1598.34, 1598.34, 955.31116, 717.73566, , 
65875.619868166, 005130, -0.02512554, -0.055878174, -0.065250985, 0.6906226, -0.6980381, 0.12699322, 0.14019996, 1598.34, 1598.34, 955.3094, 717.7318, , 
65875.636537, 005131, -0.02068925, -0.054952916, -0.07017798, 0.69150126, -0.69779646, 0.12556352, 0.13834667, 1598.34, 1598.34, 955.3076, 717.729, , 
65875.669874833, 005132, -0.011349027, -0.05336284, -0.080347784, 0.69176185, -0.69845897, 0.12340957, 0.13561215, 1597.8881, 1597.8881, 955.3046, 717.728, , 
65875.686543833, 005133, -0.006555998, -0.05252918, -0.08568302, 0.69150084, -0.6989929, 0.122503966, 0.1350124, 1597.8881, 1597.8881, 955.3039, 717.7292, , 
65875.703212541, 005134, -0.0015816942, -0.051445972, -0.091562964, 0.691219, -0.69935095, 0.121878795, 0.13516712, 1597.8881, 1597.8881, 955.30347, 717.7309, , 
65875.7365505, 005135, 0.007937595, -0.049220767, -0.10300621, 0.69079375, -0.69929224, 0.122335665, 0.13721682, 1597.8881, 1597.8881, 955.3044, 717.7325, , 
65875.753219458, 005136, 0.012475781, -0.048032403, -0.108225115, 0.6908737, -0.6988794, 0.123193465, 0.13814695, 1597.8881, 1597.8881, 955.3054, 717.7318, , 
65875.769888416, 005137, 0.016915837, -0.04681677, -0.11293673, 0.69113034, -0.69844013, 0.12397306, 0.13838674, 1597.8881, 1597.8881, 955.306, 717.7306, , 
65875.803226166, 005138, 0.025642825, -0.044534087, -0.12083637, 0.69200116, -0.6979174, 0.12429436, 0.13636906, 1597.8881, 1597.8881, 955.3052, 717.72687, , 
65875.819895166, 005139, 0.030151274, -0.04416964, -0.124519534, 0.6924707, -0.69779, 0.12417512, 0.13473663, 1597.8881, 1597.8881, 955.3044, 717.7254, , 
65875.853232875, 005140, 0.03903924, -0.043324016, -0.13167438, 0.69339395, -0.6974049, 0.12458385, 0.13156801, 1597.8881, 1597.8881, 955.303, 717.72205, , 
65875.86990175, 005141, 0.043455064, -0.042789545, -0.13528684, 0.6938079, -0.69714844, 0.12509288, 0.13025506, 1597.8881, 1597.8881, 955.30255, 717.7198, , 
65875.88657075, 005142, 0.047874182, -0.04231855, -0.13905933, 0.6941785, -0.69685835, 0.12559839, 0.12934344, 1597.8881, 1597.8881, 955.3023, 717.71826, , 
65875.919908708, 005143, 0.05691094, -0.04268693, -0.14716966, 0.6946287, -0.6961583, 0.1272119, 0.1291195, 1597.8881, 1597.8881, 955.30273, 717.7151, , 
65875.936577458, 005144, 0.061498333, -0.042928357, -0.15135582, 0.694666, -0.6957895, 0.12876867, 0.129363, 1597.8881, 1597.8881, 955.30347, 717.714, , 
65875.953246375, 005145, 0.066162616, -0.043142315, -0.15554297, 0.6945169, -0.6955166, 0.13083115, 0.12956159, 1597.8881, 1597.8881, 955.3045, 717.71326, , 
65875.986584333, 005146, 0.07579775, -0.044009782, -0.16380772, 0.69335055, -0.6956529, 0.13617495, 0.12957002, 1598.34, 1598.34, 955.3073, 717.7136, , 
65876.003253083, 005147, 0.0807724, -0.04472225, -0.16777909, 0.6921514, -0.69626147, 0.13944621, 0.12923281, 1598.34, 1598.34, 955.3088, 717.7155, , 
65876.019922041, 005148, 0.086172335, -0.04586598, -0.17184477, 0.6906001, -0.697276, 0.14294462, 0.1282364, 1598.34, 1598.34, 955.31055, 717.71924, , 
65876.053259958, 005149, 0.09687871, -0.04804434, -0.17892823, 0.6869775, -0.7001996, 0.14983335, 0.1238236, 1597.8881, 1597.8881, 955.3122, 717.7268, , 
65876.069928958, 005150, 0.102091976, -0.049001154, -0.18206246, 0.6851473, -0.7017961, 0.15332985, 0.1206046, 1597.8881, 1597.8881, 955.3125, 717.73193, , 
65876.086597625, 005151, 0.10729425, -0.049936563, -0.18518552, 0.6833705, -0.70329183, 0.15711288, 0.11705085, 1597.8881, 1597.8881, 955.31287, 717.7354, , 
65876.119935583, 005152, 0.09914914, -0.05191285, -0.17846733, 0.68007106, -0.705641, 0.16529319, 0.11069025, 1597.8881, 1597.8881, 955.3139, 717.74097, , 
65876.136604583, 005153, 0.08900714, -0.05289865, -0.17102328, 0.6785913, -0.70644855, 0.16964686, 0.10799983, 1597.8881, 1597.8881, 955.3152, 717.7435, , 
65876.153273375, 005154, 0.089457445, -0.0537211, -0.17131926, 0.67724174, -0.7070223, 0.17443576, 0.10504805, 1597.8881, 1597.8881, 955.31635, 717.7446, , 
65876.18661125, 005155, 0.098076016, -0.055013597, -0.17736539, 0.6750872, -0.707516, 0.18461098, 0.09796541, 1598.34, 1598.34, 955.31866, 717.744, , 
65876.20328025, 005156, 0.103318766, -0.055515904, -0.18079206, 0.67410606, -0.7076431, 0.18991834, 0.093559295, 1598.34, 1598.34, 955.3194, 717.74286, , 
65876.219949208, 005157, 0.10898287, -0.05704132, -0.18524407, 0.67310715, -0.7077986, 0.19521622, 0.08853558, 1598.34, 1598.34, 955.3197, 717.7417, , 
65876.253286958, 005158, 0.120312884, -0.05822233, -0.19213086, 0.6707284, -0.70858395, 0.20508893, 0.07727115, 1598.34, 1598.34, 955.31915, 717.7403, , 
65876.269955916, 005159, 0.12604392, -0.05853758, -0.19525594, 0.6693647, -0.70906895, 0.21003424, 0.071117535, 1598.34, 1598.34, 955.31866, 717.7402, , 
65876.286624833, 005160, 0.13178171, -0.05873011, -0.19825673, 0.66797763, -0.7095005, 0.2150716, 0.06449144, 1598.34, 1598.34, 955.318, 717.74, , 
65876.319962625, 005161, 0.14353135, -0.059525892, -0.20495886, 0.6653707, -0.70983887, 0.22571783, 0.049620096, 1597.8881, 1597.8881, 955.3158, 717.73804, , 
65876.3366315, 005162, 0.1493073, -0.059608795, -0.20805144, 0.6639561, -0.70985484, 0.23138762, 0.04157275, 1597.8881, 1597.8881, 955.31464, 717.73676, , 
65876.3533005, 005163, 0.15503305, -0.05942553, -0.21094176, 0.6623623, -0.7099028, 0.23707177, 0.03333653, 1597.8881, 1597.8881, 955.313, 717.7355, , 
65876.386638166, 005164, 0.16686144, -0.058781665, -0.21687722, 0.65798634, -0.71062875, 0.24852836, 0.017160209, 1598.34, 1598.34, 955.3109, 717.73615, , 
65876.403307208, 005165, 0.17301992, -0.05837687, -0.22017318, 0.6549831, -0.7112696, 0.2549327, 0.010103726, 1598.34, 1598.34, 955.3108, 717.7391, , 
65876.419976125, 005166, 0.17952211, -0.058029264, -0.22357857, 0.65161115, -0.7118164, 0.26212102, 0.0036144762, 1597.8881, 1597.8881, 955.31146, 717.74146, , 
65878.453583958, 005257, 0.4436941, 0.15851153, -0.08575254, 0.42347822, -0.21089964, 0.5973909, -0.6475428, 1600.1476, 1600.1476, 955.6048, 717.64606, , 
65878.470252708, 005258, 0.44348568, 0.15947533, -0.08480268, 0.41730368, -0.20463182, 0.602176, -0.64912826, 1600.1476, 1600.1476, 955.603, 717.64453, , 
65878.503590625, 005259, 0.4439748, 0.16196212, -0.08286361, 0.40551448, -0.1926324, 0.6110744, -0.65195006, 1600.1476, 1600.1476, 955.59955, 717.641, , 
65878.520259583, 005260, 0.4440542, 0.16315837, -0.0816603, 0.399712, -0.18696153, 0.61514413, -0.6533555, 1600.1476, 1600.1476, 955.59796, 717.64, , 
65878.553597291, 005261, 0.4425253, 0.16476177, -0.07847747, 0.3884523, -0.1760022, 0.6227816, -0.65595055, 1600.1476, 1600.1476, 955.5944, 717.6378, , 
65878.57026625, 005262, 0.44137183, 0.16538967, -0.07672045, 0.38332966, -0.17057867, 0.6263361, -0.65701175, 1600.1476, 1600.1476, 955.5936, 717.6366, , 
65878.586935125, 005263, 0.44002485, 0.16593894, -0.07492912, 0.37845862, -0.1650163, 0.62972635, -0.6580148, 1600.1476, 1600.1476, 955.5934, 717.6351, , 
65878.620272958, 005264, 0.43969834, 0.1676378, -0.07161808, 0.36911538, -0.15393263, 0.63627833, -0.6597034, 1600.1476, 1600.1476, 955.59436, 717.6313, , 
65878.636941833, 005265, 0.43850285, 0.16820839, -0.069500566, 0.36446834, -0.1489887, 0.6395016, -0.6603052, 1600.1476, 1600.1476, 955.594, 717.62946, , 
65878.670279791, 005266, 0.43554422, 0.16927288, -0.064551726, 0.35539517, -0.14026016, 0.6458081, -0.66102445, 1600.1476, 1600.1476, 955.5913, 717.6244, , 
65878.686948583, 005267, 0.43380702, 0.16971245, -0.06178671, 0.35071167, -0.13610901, 0.6488276, -0.66143656, 1599.6957, 1599.6957, 955.5898, 717.6226, , 
65878.720286458, 005268, 0.43120265, 0.17042018, -0.056686252, 0.34094656, -0.12767743, 0.65473425, -0.66240245, 1599.6957, 1599.6957, 955.58575, 717.61945, , 
65878.736955458, 005269, 0.42911673, 0.17060146, -0.05351256, 0.33574757, -0.12385014, 0.6575304, -0.66301465, 1599.6957, 1599.6957, 955.5832, 717.6186, , 
65878.770293166, 005270, 0.42384768, 0.17052825, -0.046397872, 0.3252693, -0.116259076, 0.6623575, -0.6648055, 1599.6957, 1599.6957, 955.5769, 717.61914, , 
65878.786962083, 005271, 0.4206465, 0.17021836, -0.04263373, 0.32055664, -0.111930676, 0.6641363, -0.66606164, 1599.6957, 1599.6957, 955.57574, 717.6202, , 
65878.820300041, 005272, 0.41429222, 0.16941462, -0.034926306, 0.31186995, -0.10183497, 0.66630876, -0.6696263, 1599.6957, 1599.6957, 955.5785, 717.62683, , 
65878.836968875, 005273, 0.410527, 0.16893105, -0.030595735, 0.3072987, -0.09741805, 0.66695666, -0.6717486, 1599.6957, 1599.6957, 955.579, 717.6312, , 
65878.870306708, 005274, 0.402714, 0.16825385, -0.020962974, 0.2975863, -0.09017836, 0.66782355, -0.6762559, 1599.6957, 1599.6957, 955.5762, 717.6437, , 
65878.886975666, 005275, 0.3987951, 0.16804539, -0.015858172, 0.29278338, -0.087249145, 0.668176, -0.67838514, 1599.6957, 1599.6957, 955.574, 717.6491, , 
65878.920313416, 005276, 0.39218676, 0.16730052, -0.0049198773, 0.28371397, -0.08133052, 0.6688908, -0.6822586, 1600.1476, 1600.1476, 955.5697, 717.6594, , 
65878.936982333, 005277, 0.3884955, 0.16722031, 5.4506585e-05, 0.27969202, -0.077833414, 0.66937476, -0.68385077, 1600.1476, 1600.1476, 955.5684, 717.6648, , 
65878.953651291, 005278, 0.3847357, 0.1672607, 0.004839845, 0.2763168, -0.07425372, 0.6699762, -0.6850309, 1600.1476, 1600.1476, 955.56866, 717.6676, , 
65878.986989, 005279, 0.37742174, 0.16767061, 0.014227757, 0.2717236, -0.067916654, 0.6721763, -0.68537045, 1599.6957, 1599.6957, 955.57086, 717.66724, , 
65879.003658041, 005280, 0.37391704, 0.16800831, 0.01878937, 0.26990324, -0.064638965, 0.67383385, -0.68477875, 1599.6957, 1599.6957, 955.5726, 717.6644, , 
65879.036995958, 005281, 0.36881906, 0.16758908, 0.029026806, 0.265655, -0.058271326, 0.6777647, -0.6831302, 1599.6957, 1599.6957, 955.57513, 717.65564, , 
65879.053664833, 005282, 0.36560386, 0.16774967, 0.03371788, 0.2633174, -0.055086695, 0.6794682, -0.68260705, 1599.6957, 1599.6957, 955.576, 717.65265, , 
65879.087002583, 005283, 0.35886833, 0.16781875, 0.04311114, 0.2594213, -0.048904963, 0.6814977, -0.6825465, 1599.6957, 1599.6957, 955.57947, 717.6497, , 
65879.1036715, 005284, 0.35552186, 0.16771165, 0.047842655, 0.25777295, -0.045944784, 0.6820721, -0.682803, 1599.6957, 1599.6957, 955.5814, 717.6497, , 
65879.1203405, 005285, 0.35301355, 0.16675502, 0.052760396, 0.2561881, -0.04321001, 0.68267184, -0.68297863, 1599.6957, 1599.6957, 955.5833, 717.64984, , 
65879.153678291, 005286, 0.34744358, 0.1661375, 0.06251693, -0.2518357, 0.03838491, -0.68445843, 0.68309736, 1599.6957, 1599.6957, 955.5845, 717.64923, , 
65879.170347166, 005287, 0.34485042, 0.16608119, 0.06757574, -0.24898233, 0.036378447, -0.6858288, 0.6828786, 1599.6957, 1599.6957, 955.5833, 717.6481, , 
65879.203685083, 005288, 0.34114945, 0.16483115, 0.07853578, -0.24207017, 0.034153767, -0.68906385, 0.68222165, 1599.6957, 1599.6957, 955.575, 717.6448, , 
65879.220353916, 005289, 0.3396364, 0.16405682, 0.08424867, -0.23844656, 0.033735387, -0.690631, 0.68193406, 1600.1476, 1600.1476, 955.5698, 717.64355, , 
65879.237022875, 005290, 0.33794516, 0.16364661, 0.08985086, -0.23512053, 0.033040676, -0.6920656, 0.6816684, 1600.1476, 1600.1476, 955.56506, 717.6424, , 
65879.27036075, 005291, 0.33455396, 0.16282153, 0.100652315, -0.22937343, 0.030336402, -0.6945855, 0.68118906, 1599.6957, 1599.6957, 955.55865, 717.6395, , 
65879.2870295, 005292, 0.33295882, 0.162387, 0.10608555, -0.22627342, 0.02901488, -0.69578075, 0.68106353, 1599.6957, 1599.6957, 955.5562, 717.63855, , 
65879.320367458, 005293, 0.33096856, 0.16030505, 0.11695291, -0.21867663, 0.027175607, -0.69842994, 0.68090945, 1599.6957, 1599.6957, 955.5463, 717.6373, , 
65879.337036333, 005294, 0.3300183, 0.15951627, 0.12239328, -0.21439452, 0.026273964, -0.69981647, 0.68088293, 1599.6957, 1599.6957, 955.5412, 717.63696, , 
65879.353705333, 005295, 0.32895893, 0.1590016, 0.12776047, -0.20999588, 0.02497689, -0.70119315, 0.68088615, 1600.1476, 1600.1476, 955.5348, 717.6365, , 
65879.387043083, 005296, 0.32672244, 0.15821858, 0.1381354, -0.20143248, 0.020969363, -0.7037854, 0.6809342, 1599.6957, 1599.6957, 955.52783, 717.63556, , 
65879.403712, 005297, 0.3266151, 0.15701813, 0.14269803, -0.19769213, 0.018578146, -0.7051453, 0.68069285, 1599.6957, 1599.6957, 955.5247, 717.6346, , 
65879.43704975, 005298, 0.32535404, 0.15611938, 0.1528647, -0.19067283, 0.014705128, -0.70767593, 0.68016356, 1599.6957, 1599.6957, 955.52026, 717.63226, , 
65879.453718708, 005299, 0.32448995, 0.15609115, 0.1584219, -0.18746999, 0.013470315, -0.70878613, 0.6799234, 1599.6957, 1599.6957, 955.51666, 717.6308, , 
65879.487056625, 005300, 0.3228085, 0.15616477, 0.16979271, -0.18213314, 0.011064852, -0.7106323, 0.67949015, 1599.6957, 1599.6957, 955.5124, 717.6287, , 
65879.503725458, 005301, 0.32201862, 0.15612572, 0.17544305, -0.17980604, 0.009404754, -0.7113569, 0.67937666, 1599.6957, 1599.6957, 955.5112, 717.62805, , 
65879.520394375, 005302, 0.32268655, 0.15574244, 0.1795196, -0.17772888, 0.007455554, -0.7121107, 0.6791577, 1599.6957, 1599.6957, 955.5105, 717.6273, , 
65879.55373225, 005303, 0.32248527, 0.15533938, 0.19013217, -0.17358792, 0.003762473, -0.71358365, 0.6787131, 1600.1476, 1600.1476, 955.5097, 717.6257, , 
65879.570401166, 005304, 0.32234913, 0.15508738, 0.19559816, -0.17161103, 0.0013520567, -0.7142862, 0.67848593, 1599.6957, 1599.6957, 955.5104, 717.6244, , 
65879.603739, 005305, 0.32303867, 0.1539861, 0.20605981, -0.16747394, -0.004810863, -0.71581495, 0.67789257, 1599.6957, 1599.6957, 955.51306, 717.6223, , 
65879.620407875, 005306, 0.3236016, 0.15334776, 0.21134976, -0.16553725, -0.007898583, -0.71657866, 0.6775323, 1599.6957, 1599.6957, 955.51514, 717.62085, , 
65879.637076875, 005307, 0.3240763, 0.15282059, 0.21681497, -0.16385442, -0.0109713245, -0.71738017, 0.67705023, 1599.6957, 1599.6957, 955.51715, 717.6194, , 
65879.670414583, 005308, 0.3251521, 0.15163703, 0.22789195, -0.16079402, -0.01757477, -0.7190243, 0.6758998, 1599.6957, 1599.6957, 955.52234, 717.61584, , 
65879.687083583, 005309, 0.3257468, 0.15095371, 0.23356186, -0.15940171, -0.020790529, -0.7198046, 0.6753075, 1599.6957, 1599.6957, 955.52606, 717.61346, , 
65879.720421416, 005310, 0.32736027, 0.14846541, 0.24505499, -0.15689892, -0.027336663, -0.7213668, 0.67399216, 1599.6957, 1599.6957, 955.5321, 717.60974, , 
65879.737090291, 005311, 0.32822284, 0.14732817, 0.25098863, -0.15531196, -0.030622948, -0.72196203, 0.6735808, 1600.1476, 1600.1476, 955.53577, 717.60803, , 
65879.770428166, 005312, 0.32995903, 0.14557134, 0.263394, -0.15167, -0.03644276, -0.72279185, 0.67323107, 1600.1476, 1600.1476, 955.53937, 717.6073, , 
65879.787097083, 005313, 0.33085814, 0.14481574, 0.2698469, -0.15016165, -0.039176214, -0.7230307, 0.67315924, 1600.1476, 1600.1476, 955.5419, 717.60736, , 
65879.803765916, 005314, 0.33154255, 0.1439986, 0.27677956, -0.14854068, -0.04154175, -0.7232244, 0.673169, 1600.1476, 1600.1476, 955.5434, 717.60754, , 
65879.837103791, 005315, 0.33356106, 0.14288676, 0.29120782, -0.14362761, -0.04456857, -0.72372335, 0.67350525, 1600.1476, 1600.1476, 955.5412, 717.60876, , 
65879.853772666, 005316, 0.33485812, 0.1424367, 0.29857486, -0.1400598, -0.045711573, -0.72411954, 0.67375416, 1600.1476, 1600.1476, 955.5381, 717.6096, , 
65879.8871105, 005317, 0.3379298, 0.14153688, 0.31316516, -0.1317581, -0.048748128, -0.72528183, 0.67396563, 1599.6957, 1599.6957, 955.5295, 717.61053, , 
65879.903779416, 005318, 0.33943465, 0.14079626, 0.31986484, -0.12751715, -0.051131934, -0.72586256, 0.67397964, 1599.6957, 1599.6957, 955.5268, 717.6108, , 
65879.920448375, 005319, 0.34098375, 0.14014418, 0.32668936, -0.12299175, -0.05368787, -0.7264094, 0.67403275, 1599.6957, 1599.6957, 955.5241, 717.61115, , 
65879.953786125, 005320, 0.34409064, 0.13923733, 0.3410554, -0.11287636, -0.057184212, -0.727657, 0.6741693, 1599.6957, 1599.6957, 955.5147, 717.61194, , 
65879.970455041, 005321, 0.34551156, 0.13891613, 0.34839332, -0.107570164, -0.058349326, -0.7283175, 0.6742237, 1599.6957, 1599.6957, 955.5092, 717.6121, , 
65880.003792958, 005322, 0.34790552, 0.1384267, 0.36286128, -0.09726804, -0.0607963, -0.7297457, 0.6740282, 1599.6957, 1599.6957, 955.4975, 717.61145, , 
65880.020461958, 005323, 0.34823054, 0.13809521, 0.36980262, -0.09225499, -0.062089045, -0.7304529, 0.67384905, 1599.6957, 1599.6957, 955.49286, 717.61084, , 
65880.037130708, 005324, 0.3487435, 0.1378227, 0.3767904, -0.08722702, -0.06318446, -0.7310373, 0.673783, 1599.6957, 1599.6957, 955.4881, 717.6105, , 
65880.070468583, 005325, 0.3495037, 0.1373965, 0.39100054, -0.07765828, -0.06323614, -0.7319524, 0.67395544, 1599.6957, 1599.6957, 955.4749, 717.61035, , 
65880.087137583, 005326, 0.34967855, 0.1371923, 0.398001, -0.07373778, -0.06255589, -0.73236895, 0.6740068, 1599.2438, 1599.2438, 955.469, 717.61017, , 
65880.103806375, 005327, 0.34983855, 0.13678023, 0.40496033, -0.07061751, -0.06203997, -0.73284465, 0.67387164, 1599.2438, 1599.2438, 955.46295, 717.60925, , 
65880.137144291, 005328, 0.34996736, 0.1360827, 0.41765252, -0.06633773, -0.06207053, -0.7337118, 0.67335993, 1599.2438, 1599.2438, 955.45795, 717.6071, , 
65880.153813166, 005329, 0.34990674, 0.13571219, 0.42363372, -0.0643707, -0.062345386, -0.7339209, 0.67329764, 1599.6957, 1599.6957, 955.4555, 717.60657, , 
65880.170482166, 005330, 0.3498026, 0.1353379, 0.42957807, -0.06231777, -0.062314827, -0.7340762, 0.6733242, 1599.6957, 1599.6957, 955.4532, 717.60657, , 
65880.203819916, 005331, 0.34955838, 0.1346191, 0.441293, -0.057925284, -0.062006187, -0.734509, 0.67327297, 1599.2438, 1599.2438, 955.447, 717.6059, , 
65880.220488833, 005332, 0.3494789, 0.1336748, 0.44688815, -0.055665433, -0.0621971, -0.734811, 0.67311645, 1599.2438, 1599.2438, 955.4448, 717.60516, , 
65880.237157833, 005333, 0.34932852, 0.1331095, 0.45243087, -0.053585295, -0.06253741, -0.7352059, 0.67282236, 1599.2438, 1599.2438, 955.44305, 717.6042, , 
65880.253826583, 005334, 0.3491194, 0.13267, 0.45796168, -0.05172942, -0.06276809, -0.73570883, 0.67239624, 1599.2438, 1599.2438, 955.44147, 717.60284, , 
65880.287164541, 005335, 0.348391, 0.13183342, 0.46911302, -0.04834485, -0.06254608, -0.7367734, 0.6715026, 1599.2438, 1599.2438, 955.4376, 717.5991, , 
65880.303833458, 005336, 0.34810752, 0.13096264, 0.47613412, -0.046509698, -0.062215995, -0.737253, 0.6711363, 1599.2438, 1599.2438, 955.4357, 717.59753, , 
65880.320502416, 005337, 0.3476227, 0.13031219, 0.48262647, -0.044879258, -0.061608814, -0.7377602, 0.67074597, 1599.6957, 1599.6957, 955.4331, 717.5953, , 
65880.353840166, 005338, 0.3460247, 0.12926228, 0.49460524, -0.04257027, -0.05989801, -0.73849577, 0.6702418, 1599.2438, 1599.2438, 955.429, 717.59265, , 
65880.370509041, 005339, 0.34498298, 0.12868612, 0.5005067, -0.042017553, -0.058959, -0.73873913, 0.6700917, 1599.2438, 1599.2438, 955.42737, 717.59186, , 
65880.387178083, 005340, 0.34382665, 0.12808183, 0.5064417, -0.041700944, -0.05797618, -0.7389632, 0.6699501, 1599.2438, 1599.2438, 955.42554, 717.5909, , 
65880.420515791, 005341, 0.3402461, 0.12762019, 0.5196737, -0.040880494, -0.055758215, -0.7394428, 0.6696596, 1599.2438, 1599.2438, 955.42285, 717.5891, , 
65880.437184708, 005342, 0.3386843, 0.12702957, 0.52597356, -0.040384952, -0.05464224, -0.7397274, 0.66946733, 1599.2438, 1599.2438, 955.4208, 717.5878, , 
65882.487461333, 005430, 0.12277028, 0.064662606, 1.4645832, -0.081787966, 0.10042808, -0.7218552, 0.6798161, 1598.7919, 1598.7919, 955.31323, 717.64374, , 
65882.520799083, 005431, 0.11724082, 0.063982725, 1.4812574, -0.08488166, 0.10320804, -0.72192043, 0.6789507, 1598.7919, 1598.7919, 955.3136, 717.6421, , 
65882.537468041, 005432, 0.11458638, 0.0640029, 1.4899639, -0.08627978, 0.10475466, -0.7221981, 0.67824197, 1598.7919, 1598.7919, 955.3135, 717.64075, , 
65882.57080575, 005433, 0.10923582, 0.064284, 1.5069456, -0.08905966, 0.10620739, -0.72330916, 0.6764704, 1598.7919, 1598.7919, 955.3144, 717.6352, , 
65882.587474708, 005434, 0.10647984, 0.064459205, 1.5152373, -0.090486, 0.10639057, -0.7238461, 0.6756776, 1598.7919, 1598.7919, 955.3152, 717.6326, , 
65882.620812583, 005435, 0.10103777, 0.06490104, 1.5306302, -0.09325811, 0.10763552, -0.7243406, 0.6745726, 1598.7919, 1598.7919, 955.31635, 717.6292, , 
65882.637481416, 005436, 0.098374166, 0.065265715, 1.5389581, -0.09427085, 0.10879521, -0.7243747, 0.6742091, 1598.7919, 1598.7919, 955.31635, 717.62823, , 
65882.670819375, 005437, 0.09335185, 0.0663775, 1.5558127, -0.09507464, 0.11177267, -0.7245355, 0.673436, 1598.7919, 1598.7919, 955.3154, 717.62756, , 
65882.704157208, 005438, 0.08857104, 0.067658454, 1.5725147, -0.0953262, 0.11436023, -0.7252084, 0.6722407, 1598.7919, 1598.7919, 955.314, 717.62506, , 
65882.720826041, 005439, 0.086225614, 0.06823842, 1.5804477, -0.096166514, 0.115322076, -0.7255572, 0.67157984, 1598.7919, 1598.7919, 955.3139, 717.62354, , 
65882.754163958, 005440, 0.08177413, 0.06917906, 1.595082, -0.101207964, 0.11685789, -0.72591263, 0.67018807, 1598.7919, 1598.7919, 955.3158, 717.61945, , 
65882.770832875, 005441, 0.079628065, 0.069475494, 1.6021546, -0.10457631, 0.1176482, -0.72585845, 0.66959095, 1598.7919, 1598.7919, 955.3171, 717.6179, , 
65882.804170625, 005442, 0.075157955, 0.0697664, 1.6177447, -0.10991217, 0.119476475, -0.7256761, 0.6686097, 1598.7919, 1598.7919, 955.31964, 717.61536, , 
65882.820839625, 005443, 0.07319101, 0.06991213, 1.625793, -0.11159177, 0.120938316, -0.7257033, 0.6680389, 1598.7919, 1598.7919, 955.3198, 717.6145, , 
65882.854177416, 005444, 0.07032056, 0.07040693, 1.6411589, -0.11338245, 0.124865234, -0.7263254, 0.6663368, 1598.7919, 1598.7919, 955.3189, 717.6113, , 
65882.870846291, 005445, 0.06917718, 0.07066265, 1.6486698, -0.11370996, 0.12671056, -0.7269445, 0.66525644, 1598.7919, 1598.7919, 955.31836, 717.6092, , 
65882.904184083, 005446, 0.06591119, 0.070641086, 1.6653177, -0.11507472, 0.12914811, -0.72789556, 0.66351074, 1598.7919, 1598.7919, 955.31775, 717.60406, , 
65882.937521916, 005447, 0.062745355, 0.07059317, 1.6805264, -0.118181095, 0.12935966, -0.72818595, 0.6626043, 1598.7919, 1598.7919, 955.3193, 717.6011, , 
65882.954190875, 005448, 0.061486006, 0.07068023, 1.6873516, -0.119765244, 0.1289232, -0.72822285, 0.6623645, 1598.7919, 1598.7919, 955.3208, 717.5995, , 
65882.987528708, 005449, 0.05927588, 0.07108368, 1.7005669, -0.12253282, 0.12730545, -0.7282145, 0.6621803, 1598.7919, 1598.7919, 955.3231, 717.59784, , 
65883.004197708, 005450, 0.057973318, 0.07106852, 1.7086467, -0.12395784, 0.12546451, -0.7282752, 0.6621996, 1599.2438, 1599.2438, 955.32556, 717.5963, , 
65883.037535458, 005451, 0.055854328, 0.07158647, 1.7219273, -0.12814778, 0.12013394, -0.7284409, 0.6622083, 1598.7919, 1598.7919, 955.33124, 717.59296, , 
65883.054204416, 005452, 0.054935522, 0.07191158, 1.7280046, -0.13092038, 0.11714904, -0.7284452, 0.66219604, 1599.2438, 1599.2438, 955.33496, 717.591, , 
65883.087542166, 005453, 0.053354785, 0.072500154, 1.7404865, -0.1368769, 0.11200884, -0.727963, 0.66241133, 1598.7919, 1598.7919, 955.3437, 717.5878, , 
65883.120880041, 005454, 0.052086264, 0.07156314, 1.7555643, -0.14398378, 0.10508727, -0.72677773, 0.6633397, 1599.2438, 1599.2438, 955.3551, 717.5867, , 
65883.137548958, 005455, 0.051452376, 0.07154644, 1.7621865, -0.14782347, 0.101576105, -0.7260326, 0.66385776, 1599.2438, 1599.2438, 955.3609, 717.5864, , 
65883.17088675, 005456, 0.050845843, 0.07171275, 1.7762809, -0.15436189, 0.09766173, -0.72454655, 0.6645803, 1599.2438, 1599.2438, 955.37134, 717.58673, , 
65883.187555625, 005457, 0.05094032, 0.0718135, 1.783905, -0.15639134, 0.09682807, -0.72396564, 0.6648608, 1598.7919, 1598.7919, 955.374, 717.5872, , 
65883.220893583, 005458, 0.05279495, 0.07041274, 1.803339, -0.15683736, 0.09641611, -0.72316515, 0.6656862, 1598.7919, 1598.7919, 955.37555, 717.58984, , 
65883.237562375, 005459, 0.05370459, 0.070197806, 1.8124322, -0.15632312, 0.09721201, -0.72301835, 0.6658509, 1598.7919, 1598.7919, 955.3744, 717.5909, , 
65883.254231291, 005460, 0.054715298, 0.06999438, 1.8213212, -0.15605895, 0.09778378, -0.7230424, 0.665803, 1598.7919, 1598.7919, 955.3734, 717.5911, , 
65883.27090025, 005461, 0.05572234, 0.069707975, 1.8299414, -0.15608399, 0.09732109, -0.72308767, 0.6658158, 1598.7919, 1598.7919, 955.37354, 717.5909, , 
65883.304238125, 005462, 0.05730974, 0.0687209, 1.8480942, -0.1565209, 0.09362505, -0.72292787, 0.66641647, 1599.2438, 1599.2438, 955.3771, 717.59076, , 
65883.320906958, 005463, 0.05823394, 0.06831252, 1.857219, -0.1570571, 0.09166726, -0.7228888, 0.66660464, 1599.2438, 1599.2438, 955.37915, 717.5906, , 
65883.337575875, 005464, 0.05952162, 0.06814857, 1.8659258, -0.15832709, 0.09004587, -0.7229807, 0.6664257, 1599.2438, 1599.2438, 955.3826, 717.5892, , 
65883.354244833, 005465, 0.061095275, 0.068231754, 1.874545, -0.16000003, 0.088470176, -0.723192, 0.6660078, 1599.2438, 1599.2438, 955.3856, 717.5872, , 
65883.370913833, 005466, 0.06292394, 0.06859003, 1.8833133, -0.161528, 0.08718906, -0.7234317, 0.6655475, 1599.2438, 1599.2438, 955.3887, 717.58514, , 
65883.404251541, 005467, 0.06669305, 0.069890395, 1.9030728, -0.16214798, 0.08654041, -0.72373456, 0.66515195, 1599.2438, 1599.2438, 955.39136, 717.5824, , 
65883.420920458, 005468, 0.06875575, 0.07078068, 1.9132724, -0.1618199, 0.08675566, -0.7238291, 0.66510093, 1599.2438, 1599.2438, 955.391, 717.5822, , 
65883.437589416, 005469, 0.071093835, 0.07181156, 1.9230605, -0.16178448, 0.08721392, -0.7239241, 0.66494614, 1599.2438, 1599.2438, 955.3915, 717.5846, , 
65883.454258375, 005470, 0.07353705, 0.07293098, 1.9326714, -0.16208468, 0.08775296, -0.7239721, 0.66474986, 1599.2438, 1599.2438, 955.39124, 717.58417, , 
65883.470927166, 005471, 0.07602086, 0.07412248, 1.942195, -0.16218658, 0.088318534, -0.72405356, 0.6645614, 1599.2438, 1599.2438, 955.391, 717.5838, , 
65883.487596125, 005472, 0.07854614, 0.07533309, 1.9516797, -0.16178732, 0.08903681, -0.7242356, 0.6643644, 1599.2438, 1599.2438, 955.38983, 717.5833, , 
65883.520934, 005473, 0.083403185, 0.07766886, 1.9716926, -0.16014466, 0.08981919, -0.7247568, 0.6640887, 1599.2438, 1599.2438, 955.3875, 717.5825, , 
65883.537602791, 005474, 0.08577377, 0.078466065, 1.9805948, -0.15928663, 0.08896807, -0.72486603, 0.66429037, 1599.2438, 1599.2438, 955.38727, 717.5826, , 
65883.554271791, 005475, 0.08801676, 0.079017475, 1.9890417, -0.15842885, 0.087250896, -0.724773, 0.66482466, 1599.2438, 1599.2438, 955.388, 717.5833, , 
65883.57094075, 005476, 0.09011749, 0.07932565, 1.9972761, -0.15764394, 0.085211486, -0.7243897, 0.66569287, 1599.2438, 1599.2438, 955.38904, 717.5848, , 
65883.587609625, 005477, 0.09209385, 0.079433165, 2.0054853, -0.15689774, 0.08330529, -0.72373974, 0.66681635, 1599.2438, 1599.2438, 955.39044, 717.58813, , 
65883.604278625, 005478, 0.0939652, 0.07950091, 2.0142195, -0.15604146, 0.08146113, -0.72277683, 0.66828793, 1599.2438, 1599.2438, 955.39124, 717.5917, , 
65883.637616375, 005479, 0.097045034, 0.07928541, 2.0318182, -0.15376973, 0.079202496, -0.7201983, 0.6718603, 1598.7919, 1598.7919, 955.39136, 717.6018, , 
65883.654285291, 005480, 0.098600395, 0.07916359, 2.041077, -0.15283531, 0.08007266, -0.7191069, 0.6731381, 1598.7919, 1598.7919, 955.38916, 717.60815, , 
65883.670954291, 005481, 0.100279555, 0.07903382, 2.0505586, -0.15226056, 0.082008086, -0.7182303, 0.67397076, 1599.2438, 1599.2438, 955.3866, 717.6118, , 
65883.687623041, 005482, 0.10227244, 0.07888035, 2.06002, -0.15203586, 0.084179215, -0.71774775, 0.6742679, 1599.2438, 1599.2438, 955.3843, 717.61426, , 
65883.704292, 005483, 0.104376964, 0.07810524, 2.0689921, -0.15180454, 0.0864243, -0.7177373, 0.674047, 1599.2438, 1599.2438, 955.3811, 717.615, , 
65883.737629916, 005484, 0.110079505, 0.07653577, 2.0867007, -0.1512411, 0.09105508, -0.71821356, 0.673056, 1599.2438, 1599.2438, 955.37634, 717.614, , 
65883.754298708, 005485, 0.113684885, 0.07548217, 2.0951385, -0.15133345, 0.09330766, -0.71871644, 0.6721894, 1598.7919, 1598.7919, 955.3738, 717.612, , 
65883.770967625, 005486, 0.11783415, 0.07423124, 2.1032922, -0.15152898, 0.09587013, -0.7194956, 0.6709501, 1598.7919, 1598.7919, 955.37195, 717.6094, , 
65883.787636625, 005487, 0.12250142, 0.07284804, 2.1112974, -0.1519862, 0.09939191, -0.720463, 0.6692942, 1599.2438, 1599.2438, 955.3696, 717.606, , 
65883.804305541, 005488, 0.12750964, 0.07075043, 2.1186156, -0.15305997, 0.10355641, -0.7214301, 0.6673734, 1599.2438, 1599.2438, 955.36694, 717.6021, , 
65883.8209745, 005489, 0.13244314, 0.068920925, 2.1260006, -0.1550032, 0.10792211, -0.7224161, 0.6651629, 1599.2438, 1599.2438, 955.36414, 717.5962, , 
65883.85431225, 005490, 0.14144671, 0.066035695, 2.1407208, -0.16084082, 0.11572754, -0.72459584, 0.6600744, 1598.7919, 1598.7919, 955.3625, 717.585, , 
65883.870981166, 005491, 0.14534947, 0.06486461, 2.1478333, -0.16394807, 0.118011095, -0.7258337, 0.6575406, 1598.7919, 1598.7919, 955.3636, 717.5763, , 
65883.887650083, 005492, 0.14879309, 0.06383726, 2.154814, -0.16652896, 0.11871516, -0.72707176, 0.6553942, 1599.2438, 1599.2438, 955.3654, 717.56976, , 
65883.920987875, 005493, 0.15373571, 0.060837924, 2.1673875, -0.16862945, 0.11613583, -0.72841656, 0.65382415, 1599.2438, 1599.2438, 955.37067, 717.56085, , 
65883.937656833, 005494, 0.1551105, 0.05983486, 2.1743422, -0.16889757, 0.11399087, -0.72794944, 0.6546521, 1599.2438, 1599.2438, 955.3726, 717.5614, , 
65883.970994708, 005495, 0.15586175, 0.058360174, 2.1892915, -0.16985168, 0.11138494, -0.7245626, 0.65859914, 1599.2438, 1599.2438, 955.3752, 717.573, , 
65883.9876635, 005496, 0.15559202, 0.058010854, 2.1971898, -0.17107327, 0.111491986, -0.7222947, 0.6607525, 1598.7919, 1598.7919, 955.37555, 717.5799, , 
65884.021001416, 005497, 0.15396185, 0.057843197, 2.211045, -0.1747955, 0.113654725, -0.7184035, 0.6636457, 1598.7919, 1598.7919, 955.376, 717.5925, , 
65884.037670375, 005498, 0.15290509, 0.057950296, 2.2178197, -0.17613985, 0.11394431, -0.7171211, 0.6646268, 1599.2438, 1599.2438, 955.37646, 717.59595, , 
65884.054339166, 005499, 0.15169646, 0.05802287, 2.224502, -0.1769555, 0.11297972, -0.71619177, 0.6655762, 1599.2438, 1599.2438, 955.37775, 717.5986, , 
65884.071008125, 005500, 0.1502799, 0.057970032, 2.2309253, -0.17746381, 0.11091801, -0.7153822, 0.66665745, 1599.2438, 1599.2438, 955.3796, 717.60077, , 
65884.087677041, 005501, 0.14869161, 0.057798274, 2.237128, -0.17774495, 0.107794255, -0.7145554, 0.6679804, 1599.2438, 1599.2438, 955.3834, 717.60394, , 
65884.104345958, 005502, 0.14651574, 0.056775928, 2.2420275, -0.17747398, 0.10396555, -0.71368706, 0.66958565, 1599.2438, 1599.2438, 955.38684, 717.60675, , 
65884.137683708, 005503, 0.14310747, 0.055645056, 2.2547007, -0.17402698, 0.098052345, -0.7120363, 0.67313045, 1599.2438, 1599.2438, 955.3905, 717.61566, , 
65884.154352708, 005504, 0.14184381, 0.05526208, 2.2622604, -0.17076083, 0.09698755, -0.7111836, 0.67502, 1598.7919, 1598.7919, 955.38904, 717.62085, , 
65884.171021583, 005505, 0.14075191, 0.05483201, 2.2702765, -0.16669226, 0.09684488, -0.71031237, 0.6769719, 1599.2438, 1599.2438, 955.3856, 717.62683, , 
65884.187690583, 005506, 0.13977945, 0.05429467, 2.278432, -0.16231686, 0.0969728, -0.7095048, 0.67886114, 1599.2438, 1599.2438, 955.3803, 717.6349, , 
65884.221028375, 005507, 0.13716921, 0.052483276, 2.2922022, -0.1537553, 0.09648065, -0.7085273, 0.6819383, 1599.2438, 1599.2438, 955.37286, 717.64484, , 
65884.23769725, 005508, 0.13638346, 0.051673643, 2.2995768, -0.14945048, 0.0954937, -0.70848274, 0.6830796, 1598.7919, 1598.7919, 955.3689, 717.64923, , 
65884.254366208, 005509, 0.1357864, 0.050902344, 2.306904, -0.14502671, 0.09414148, -0.7086756, 0.68402004, 1598.7919, 1598.7919, 955.36633, 717.65155, , 
65884.271035166, 005510, 0.13535169, 0.050212644, 2.3141575, -0.14059302, 0.092690036, -0.7090844, 0.68472004, 1599.2438, 1599.2438, 955.3639, 717.6532, , 
65884.304372916, 005511, 0.13415031, 0.049283028, 2.3276248, -0.13214669, 0.0897183, -0.71017534, 0.68566674, 1599.2438, 1599.2438, 955.3587, 717.6549, , 
65884.321041875, 005512, 0.13348399, 0.04897961, 2.3342824, -0.12801352, 0.088149786, -0.71076244, 0.6860458, 1599.2438, 1599.2438, 955.3567, 717.6553, , 
65884.337710791, 005513, 0.13289024, 0.048722994, 2.341161, -0.12370693, 0.086291775, -0.71133745, 0.686476, 1599.2438, 1599.2438, 955.3541, 717.65576, , 
65884.354379541, 005514, 0.13224985, 0.04852414, 2.3480053, -0.119288936, 0.08398257, -0.7119468, 0.68691254, 1598.7919, 1598.7919, 955.35254, 717.65607, , 
65884.371048541, 005515, 0.13152036, 0.048329443, 2.3547666, -0.114924915, 0.08136048, -0.71253604, 0.68736106, 1598.7919, 1598.7919, 955.35126, 717.6561, , 
65884.404386458, 005516, 0.12946312, 0.04780765, 2.3678913, -0.10667412, 0.07556585, -0.7132928, 0.68856645, 1598.7919, 1598.7919, 955.3491, 717.65735, , 
65884.421055375, 005517, 0.12742363, 0.047692113, 2.3739238, -0.10275082, 0.072753206, -0.7133221, 0.68943506, 1598.7919, 1598.7919, 955.34845, 717.65857, , 
65884.43772425, 005518, 0.12614834, 0.047231942, 2.38051, -0.0987459, 0.070154145, -0.7132155, 0.6903994, 1599.2438, 1599.2438, 955.34753, 717.66034, , 
65884.454393125, 005519, 0.12521654, 0.04659491, 2.3874016, -0.09472063, 0.06798216, -0.71300226, 0.6914002, 1599.2438, 1599.2438, 955.3459, 717.6633, , 
65884.471062083, 005520, 0.12448349, 0.045839354, 2.39449, -0.09072856, 0.06616221, -0.71268487, 0.6924386, 1599.2438, 1599.2438, 955.34424, 717.6659, , 
65886.504669541, 005621, -0.055129282, 0.034651205, 3.3502953, 0.005300919, -0.020604007, -0.72523934, 0.68816805, 1599.2438, 1599.2438, 955.34753, 717.61597, , 
65886.521338375, 005622, -0.05578436, 0.036616378, 3.3581321, 0.0044681523, -0.022474559, -0.7259403, 0.6873759, 1599.2438, 1599.2438, 955.34973, 717.61334, , 
65886.538007291, 005623, -0.05670058, 0.038262174, 3.366237, 0.0031083114, -0.02470064, -0.7264035, 0.6868175, 1599.2438, 1599.2438, 955.35345, 717.61084, , 
65886.571345208, 005624, -0.059266392, 0.040838443, 3.382379, -0.0005372199, -0.029713616, -0.72616714, 0.6868756, 1599.2438, 1599.2438, 955.36005, 717.611, , 
65886.588013958, 005625, -0.060875937, 0.041903883, 3.3905325, -0.0024767488, -0.03173916, -0.7256318, 0.68734634, 1599.2438, 1599.2438, 955.3632, 717.6127, , 
65886.604682875, 005626, -0.06205543, 0.04305539, 3.3968983, -0.00430574, -0.03277171, -0.7250347, 0.6879187, 1599.2438, 1599.2438, 955.3662, 717.61536, , 
65886.621351833, 005627, -0.063624, 0.044141486, 3.4045, -0.0056774467, -0.032785848, -0.7244969, 0.6884745, 1599.2438, 1599.2438, 955.3673, 717.6172, , 
65886.638020791, 005628, -0.065425195, 0.045220345, 3.4129028, -0.006516206, -0.032179296, -0.72410065, 0.68891233, 1599.2438, 1599.2438, 955.3675, 717.6187, , 
65886.671358541, 005629, -0.069065265, 0.047298357, 3.429797, -0.008207729, -0.031284027, -0.72394437, 0.68909985, 1599.2438, 1599.2438, 955.3676, 717.61975, , 
65886.688027458, 005630, -0.07086239, 0.048225004, 3.4379263, -0.00983408, -0.03153046, -0.7240899, 0.68891424, 1598.7919, 1598.7919, 955.3689, 717.61926, , 
65886.704696416, 005631, -0.072714165, 0.048119724, 3.4433422, -0.012182826, -0.03225904, -0.72425795, 0.68866634, 1598.7919, 1598.7919, 955.3711, 717.6186, , 
65886.721365333, 005632, -0.0746598, 0.048448198, 3.4498885, -0.014786524, -0.033183593, -0.72433686, 0.6884884, 1599.2438, 1599.2438, 955.3747, 717.618, , 
65886.738034291, 005633, -0.07667177, 0.04907073, 3.4572194, -0.017440196, -0.03429791, -0.72430664, 0.68840355, 1599.2438, 1599.2438, 955.37787, 717.6178, , 
65886.754703125, 005634, -0.078742914, 0.04976899, 3.4648323, -0.019964559, -0.035501502, -0.724181, 0.6884061, 1599.2438, 1599.2438, 955.3811, 717.6179, , 
65886.788041, 005635, -0.08295702, 0.051153604, 3.4801822, -0.025467731, -0.038292468, -0.72386694, 0.6884052, 1599.2438, 1599.2438, 955.38934, 717.6185, , 
65886.804709958, 005636, -0.08466364, 0.05186838, 3.4863102, -0.029075345, -0.040466234, -0.7236711, 0.6883439, 1599.2438, 1599.2438, 955.3942, 717.6188, , 
65886.821378708, 005637, -0.08669817, 0.052392863, 3.4930081, -0.03304915, -0.042935494, -0.7234361, 0.6882619, 1599.2438, 1599.2438, 955.40216, 717.61914, , 
65886.838047625, 005638, -0.08898437, 0.052770674, 3.5002165, -0.037024565, -0.0452196, -0.7232525, 0.6881063, 1599.6957, 1599.6957, 955.40845, 717.61926, , 
65886.854716583, 005639, -0.091406405, 0.053057402, 3.5078053, -0.040866703, -0.046753287, -0.72319305, 0.6878486, 1599.2438, 1599.2438, 955.41425, 717.61896, , 
65886.871385583, 005640, -0.09397104, 0.053272523, 3.515751, -0.044566244, -0.047381744, -0.7231942, 0.68757474, 1599.2438, 1599.2438, 955.42065, 717.6181, , 
65886.888054375, 005641, -0.09667056, 0.053436413, 3.5239816, -0.048120197, -0.04725188, -0.72327703, 0.6872568, 1599.2438, 1599.2438, 955.4244, 717.6171, , 
65886.921392291, 005642, -0.10200512, 0.05374661, 3.538441, -0.05555337, -0.04603005, -0.72358596, 0.68645346, 1599.6957, 1599.6957, 955.4321, 717.6142, , 
65886.938061208, 005643, -0.105091035, 0.053648554, 3.546672, -0.05962096, -0.045248244, -0.72364557, 0.68610144, 1599.2438, 1599.2438, 955.4357, 717.6129, , 
65886.954730166, 005644, -0.10836536, 0.05342111, 3.5551026, -0.06384128, -0.044377424, -0.72357863, 0.685849, 1599.2438, 1599.2438, 955.43933, 717.61194, , 
65886.971398916, 005645, -0.1118161, 0.05310666, 3.5635953, -0.06814313, -0.043499507, -0.723359, 0.68572307, 1599.2438, 1599.2438, 955.4442, 717.61115, , 
65886.988067875, 005646, -0.11544071, 0.052751288, 3.572083, -0.07263878, -0.042733688, -0.7229739, 0.6857158, 1599.6957, 1599.6957, 955.4482, 717.611, , 
65887.004736875, 005647, -0.119026914, 0.052569836, 3.579474, -0.07745423, -0.042091206, -0.72244877, 0.685782, 1599.6957, 1599.6957, 955.45264, 717.61127, , 
65887.038074541, 005648, -0.1265957, 0.0519894, 3.5954175, -0.08801461, -0.041505303, -0.72125596, 0.6857993, 1599.2438, 1599.2438, 955.4653, 717.61176, , 
65887.0547435, 005649, -0.13044795, 0.051770598, 3.6035898, -0.093813114, -0.04170903, -0.7205815, 0.6857271, 1599.6957, 1599.6957, 955.4723, 717.61176, , 
65887.071412458, 005650, -0.13432038, 0.05176265, 3.6120255, -0.09958968, -0.04144246, -0.7199212, 0.6856222, 1599.6957, 1599.6957, 955.4794, 717.6117, , 
65887.088081416, 005651, -0.13816273, 0.052087616, 3.6208613, -0.10487233, -0.040136736, -0.71939135, 0.6854684, 1599.6957, 1599.6957, 955.4866, 717.611, , 
65887.121419166, 005652, -0.14648665, 0.051821154, 3.6379762, -0.113142036, -0.03552145, -0.71901643, 0.6848011, 1599.6957, 1599.6957, 955.4916, 717.60846, , 
65887.138088083, 005653, -0.15018064, 0.052681863, 3.647, -0.11643686, -0.03366999, -0.71913874, 0.6842136, 1599.6957, 1599.6957, 955.4939, 717.6057, , 
65887.154757041, 005654, -0.15381783, 0.05376176, 3.6560242, -0.119642586, -0.032156773, -0.71929955, 0.683564, 1599.6957, 1599.6957, 955.496, 717.60345, , 
65887.188094791, 005655, -0.16122858, 0.05616095, 3.6744268, -0.12599319, -0.02846474, -0.7193544, 0.68252814, 1599.6957, 1599.6957, 955.5003, 717.59894, , 
65887.204763666, 005656, -0.16507223, 0.057186738, 3.6831374, -0.12884288, -0.025679015, -0.71909475, 0.68238026, 1599.6957, 1599.6957, 955.5003, 717.598, , 
65887.221432625, 005657, -0.16899566, 0.05843562, 3.6925867, -0.13116896, -0.022097807, -0.71869254, 0.6824861, 1599.6957, 1599.6957, 955.49854, 717.5979, , 
65887.254770541, 005658, -0.17670324, 0.061389126, 3.712465, -0.1355118, -0.013501617, -0.71779674, 0.6828046, 1599.6957, 1599.6957, 955.4912, 717.59845, , 
65887.271439333, 005659, -0.1804037, 0.06288541, 3.7222142, -0.13793035, -0.009533705, -0.71725893, 0.6829524, 1599.6957, 1599.6957, 955.48865, 717.59875, , 
65887.288108291, 005660, -0.18396677, 0.06430384, 3.7316253, -0.14052925, -0.006173701, -0.7166957, 0.6830524, 1599.6957, 1599.6957, 955.48694, 717.5991, , 
65887.321446166, 005661, -0.19108914, 0.06665745, 3.747714, -0.14638358, -0.0014664121, -0.7156339, 0.6829625, 1599.6957, 1599.6957, 955.48694, 717.59894, , 
65887.338114958, 005662, -0.1942585, 0.067785144, 3.75584, -0.14964929, 2.0413607e-05, -0.7151804, 0.68273133, 1599.6957, 1599.6957, 955.48865, 717.5984, , 
65887.354783875, 005663, -0.19728146, 0.06885096, 3.763744, -0.15321411, 0.00087368453, -0.7146868, 0.6824569, 1599.6957, 1599.6957, 955.4926, 717.5974, , 
65887.388121833, 005664, -0.20295854, 0.07103063, 3.77905, -0.1615144, 0.001556861, -0.7133718, 0.6819173, 1599.6957, 1599.6957, 955.50214, 717.5959, , 
65887.404790708, 005665, -0.20587645, 0.07244747, 3.7856605, -0.16583419, 0.0020725152, -0.71236914, 0.6819274, 1599.6957, 1599.6957, 955.5089, 717.5957, , 
65887.4214595, 005666, -0.20856686, 0.073833674, 3.7929668, -0.1698294, 0.0029742953, -0.71125436, 0.68210435, 1600.1476, 1600.1476, 955.51294, 717.5963, , 
65887.454797416, 005667, -0.2132306, 0.07646785, 3.8086913, -0.17719375, 0.0056932555, -0.7090807, 0.6824767, 1599.6957, 1599.6957, 955.519, 717.59796, , 
65887.471466375, 005668, -0.21530148, 0.07758789, 3.8165152, -0.18103927, 0.0067419577, -0.707998, 0.68258196, 1599.6957, 1599.6957, 955.52344, 717.59875, , 
65887.488135208, 005669, -0.21727031, 0.07848565, 3.8242042, -0.18510154, 0.007314687, -0.7068163, 0.68271124, 1599.6957, 1599.6957, 955.52783, 717.59937, , 
65887.521473041, 005670, -0.22059754, 0.07963115, 3.8379672, -0.19323123, 0.009112916, -0.7041186, 0.6832244, 1600.1476, 1600.1476, 955.5382, 717.60156, , 
65887.538142, 005671, -0.22216284, 0.07981947, 3.8460977, -0.19703992, 0.01119616, -0.7027036, 0.68356246, 1600.1476, 1600.1476, 955.5407, 717.60284, , 
65887.57147975, 005672, -0.22486852, 0.07929593, 3.8638399, -0.20397116, 0.01745376, -0.6995314, 0.68465096, 1600.1476, 1600.1476, 955.5419, 717.6077, , 
65887.588148666, 005673, -0.22591104, 0.078623086, 3.8733575, -0.20704769, 0.02172148, -0.6978949, 0.6852753, 1600.1476, 1600.1476, 955.54016, 717.6102, , 
65887.604817625, 005674, -0.22653969, 0.07786443, 3.8829865, -0.2096573, 0.026695581, -0.6962218, 0.6860075, 1600.1476, 1600.1476, 955.5369, 717.6131, , 
65887.638155375, 005675, -0.22747417, 0.07529623, 3.9034824, -0.21321766, 0.037436258, -0.69279486, 0.68787503, 1599.6957, 1599.6957, 955.525, 717.62195, , 
65887.654824333, 005676, -0.22771977, 0.07354548, 3.9141285, -0.2141212, 0.042814717, -0.6910594, 0.6890254, 1599.6957, 1599.6957, 955.51886, 717.6266, , 
65887.671493208, 005677, -0.22781183, 0.07152127, 3.9249926, 0.21438074, -0.048177127, 0.6892978, -0.6903539, 1599.6957, 1599.6957, 955.5097, 717.63385, , 
65887.704831166, 005678, -0.22810867, 0.06687549, 3.9481487, 0.21262705, -0.059993587, 0.6857082, -0.6935378, 1599.6957, 1599.6957, 955.4924, 717.64703, , 
65887.721499875, 005679, -0.22797067, 0.06438312, 3.9600651, 0.21139832, -0.06661231, 0.68407726, -0.69491863, 1599.2438, 1599.2438, 955.4791, 717.656, , 
65887.754837833, 005680, -0.22670771, 0.05927927, 3.9828527, 0.2095803, -0.078168176, 0.6818219, -0.6964802, 1599.2438, 1599.2438, 955.46216, 717.66583, , 
65887.77150675, 005681, -0.22581343, 0.05683463, 3.9935787, 0.20886818, -0.082231335, 0.68126124, -0.6967749, 1599.2438, 1599.2438, 955.4559, 717.66876, , 
65887.788175583, 005682, -0.22474173, 0.05463676, 4.003914, 0.20853058, -0.08521045, 0.68104297, -0.69673145, 1599.2438, 1599.2438, 955.44995, 717.6708, , 
65887.821513458, 005683, -0.22370683, 0.051394753, 4.025977, 0.2078011, -0.08910104, 0.68125015, -0.69626, 1599.6957, 1599.6957, 955.44434, 717.67065, , 
65887.838182375, 005684, -0.22255072, 0.05034037, 4.0362697, 0.20662087, -0.091404594, 0.6815068, -0.69606143, 1599.2438, 1599.2438, 955.4396, 717.6708, , 
65887.854851375, 005685, -0.22120641, 0.049640827, 4.0466113, 0.20485938, -0.094788186, 0.6818889, -0.69575524, 1599.2438, 1599.2438, 955.4339, 717.6712, , 
65887.888189041, 005686, -0.21835071, 0.048924357, 4.067124, 0.20124353, -0.103151, 0.68279237, -0.69473404, 1599.2438, 1599.2438, 955.41833, 717.67175, , 
65887.904858041, 005687, -0.2187396, 0.04869549, 4.07993, 0.19975074, -0.10738038, 0.6830603, -0.69426054, 1599.2438, 1599.2438, 955.4122, 717.672, , 
65887.921527, 005688, -0.21833625, 0.048310198, 4.09098, 0.19827665, -0.1111803, 0.6832414, -0.69390666, 1599.2438, 1599.2438, 955.40643, 717.6726, , 
65887.954864666, 005689, -0.21626809, 0.04699722, 4.1097875, 0.19644418, -0.11716935, 0.68342155, -0.6932648, 1599.2438, 1599.2438, 955.3965, 717.6741, , 
65887.971533666, 005690, -0.21500668, 0.046190687, 4.118501, 0.19625618, -0.11965858, 0.6835529, -0.69276315, 1599.2438, 1599.2438, 955.3937, 717.674, , 
65887.988202541, 005691, -0.21360451, 0.04533758, 4.1270504, 0.19635092, -0.12231158, 0.68374217, -0.6920859, 1599.2438, 1599.2438, 955.3911, 717.6734, , 
65888.021540333, 005692, -0.21584345, 0.043726638, 4.1529565, 0.19613867, -0.13040864, 0.68336195, -0.6910424, 1598.7919, 1598.7919, 955.38275, 717.6737, , 
65888.038209208, 005693, -0.21475513, 0.042709246, 4.163024, 0.19612171, -0.13589849, 0.68281424, -0.69053066, 1599.2438, 1599.2438, 955.37787, 717.67535, , 
65888.071547208, 005694, -0.21136607, 0.040183112, 4.1823354, 0.196258, -0.1495438, 0.68088955, -0.68957144, 1598.7919, 1598.7919, 955.36475, 717.6822, , 
65888.088215958, 005695, -0.20941006, 0.038523816, 4.1920156, 0.19615452, -0.15747905, 0.67949426, -0.6892106, 1599.2438, 1599.2438, 955.35846, 717.6867, , 
65888.121553833, 005696, -0.20899534, 0.034629628, 4.216384, 0.1962345, -0.1741303, 0.6758941, -0.6887219, 1599.2438, 1599.2438, 955.3441, 717.70026, , 
65888.138222791, 005697, -0.2070565, 0.032165356, 4.2266626, 0.19659942, -0.18262005, 0.67389715, -0.6883758, 1598.7919, 1598.7919, 955.3388, 717.70654, , 
65888.171560541, 005698, -0.20187087, 0.026752762, 4.246939, 0.1966302, -0.20106941, 0.6700493, -0.6869801, 1598.7919, 1598.7919, 955.3261, 717.72205, , 
65888.188229458, 005699, -0.19878429, 0.023966052, 4.257149, 0.19644836, -0.2107892, 0.66846144, -0.6856641, 1598.7919, 1598.7919, 955.3207, 717.7281, , 
65888.204898416, 005700, -0.19737603, 0.021390311, 4.268872, 0.19671774, -0.22019891, 0.66706294, -0.6839894, 1598.7919, 1598.7919, 955.3157, 717.7331, , 
65888.238236166, 005701, -0.19170582, 0.016000986, 4.289562, 0.19829018, -0.23706669, 0.6649123, -0.67997956, 1598.7919, 1598.7919, 955.3068, 717.7413, , 
65888.254905041, 005702, -0.18821582, 0.013284028, 4.29927, 0.19929442, -0.24497661, 0.66411394, -0.67765844, 1598.7919, 1598.7919, 955.30383, 717.7435, , 
65888.288242958, 005703, -0.18089452, 0.007956669, 4.318247, 0.2018863, -0.26027077, 0.66273534, -0.67251974, 1598.7919, 1598.7919, 955.29767, 717.74713, , 
65888.30491175, 005704, -0.17863677, 0.005558893, 4.3298087, 0.20387596, -0.2675601, 0.6618164, -0.669959, 1598.7919, 1598.7919, 955.29565, 717.7484, , 
65888.338249666, 005705, -0.17238593, 0.0007699691, 4.349722, 0.20934296, -0.2823841, 0.6598792, -0.66407394, 1598.34, 1598.34, 955.29205, 717.7505, , 
65888.354918583, 005706, -0.16893207, -0.0015158355, 4.3588314, 0.2130787, -0.28975475, 0.6588537, -0.66072047, 1598.7919, 1598.7919, 955.2908, 717.75073, , 
65888.371587541, 005707, -0.16557369, -0.0036678016, 4.367597, -0.21744283, 0.29653445, -0.6577728, 0.65735894, 1598.7919, 1598.7919, 955.2896, 717.7501, , 
65888.404925333, 005708, -0.1599068, -0.006498065, 4.3854756, -0.22795811, 0.3092295, -0.65503615, 0.65064573, 1598.7919, 1598.7919, 955.2886, 717.7484, , 
65888.421594208, 005709, -0.15723832, -0.0076618567, 4.3942213, -0.23380707, 0.31543538, -0.65342844, 0.6471986, 1598.7919, 1598.7919, 955.2882, 717.7472, , 
65888.454931958, 005710, -0.15177491, -0.010159992, 4.410211, -0.2466602, 0.32661062, -0.6500313, 0.6402683, 1598.7919, 1598.7919, 955.2881, 717.7442, , 
65888.471600875, 005711, -0.14925669, -0.011156142, 4.4176493, -0.25366783, 0.3311818, -0.6481328, 0.637099, 1598.7919, 1598.7919, 955.2883, 717.7422, , 
65890.505207875, 005805, 0.53765166, 0.048900783, 4.7936378, 0.6529933, -0.6464077, 0.3049253, -0.25055408, 1598.7919, 1598.7919, 955.3002, 717.68536, , 
65890.538545791, 005806, 0.5505465, 0.05009558, 4.791311, 0.6560373, -0.6493996, 0.29681146, -0.24453689, 1598.7919, 1598.7919, 955.301, 717.6875, , 
65890.555214541, 005807, 0.55625254, 0.050531484, 4.7899294, 0.6572893, -0.6509231, 0.29256117, -0.24223536, 1598.7919, 1598.7919, 955.3016, 717.68945, , 
65890.5718835, 005808, 0.5618356, 0.050874136, 4.7884836, 0.65852374, -0.6524469, 0.28792164, -0.2403343, 1598.7919, 1598.7919, 955.30273, 717.69293, , 
65890.605221375, 005809, 0.5729901, 0.05147273, 4.785349, 0.66121167, -0.6552629, 0.27773935, -0.23725635, 1599.2438, 1599.2438, 955.30554, 717.6985, , 
65890.621890166, 005810, 0.5792812, 0.0516517, 4.784308, 0.6626967, -0.6563364, 0.27255923, -0.23615058, 1598.7919, 1598.7919, 955.30786, 717.70135, , 
65890.638559125, 005811, 0.5847846, 0.05202528, 4.782559, 0.66448665, -0.6568664, 0.26767296, -0.23523466, 1598.7919, 1598.7919, 955.30994, 717.7022, , 
65890.655228041, 005812, 0.589918, 0.052518897, 4.7804294, 0.6666681, -0.6568826, 0.26288816, -0.23441154, 1598.7919, 1598.7919, 955.3122, 717.70166, , 
65890.688565958, 005813, 0.59960943, 0.053770125, 4.775552, 0.6716357, -0.6557723, 0.25360605, -0.23356403, 1598.7919, 1598.7919, 955.31854, 717.6969, , 
65890.705234666, 005814, 0.604399, 0.0544535, 4.7730217, 0.6741493, -0.6548603, 0.24904828, -0.23378558, 1598.7919, 1598.7919, 955.32184, 717.6942, , 
65890.721903625, 005815, 0.6097272, 0.054989293, 4.7709312, 0.6765922, -0.65388566, 0.24438144, -0.23438092, 1599.2438, 1599.2438, 955.32556, 717.6916, , 
65890.755241541, 005816, 0.6194805, 0.05626066, 4.7652345, 0.6809413, -0.65218544, 0.23525675, -0.23585443, 1598.7919, 1598.7919, 955.33484, 717.6869, , 
65890.771910333, 005817, 0.62436604, 0.056917503, 4.7619314, 0.68282425, -0.6515925, 0.2307828, -0.2364687, 1599.2438, 1599.2438, 955.3388, 717.6856, , 
65890.78857925, 005818, 0.6293275, 0.0575822, 4.7584205, 0.6845102, -0.6511635, 0.22625767, -0.23714827, 1599.2438, 1599.2438, 955.3441, 717.68463, , 
65890.821917208, 005819, 0.6397502, 0.059506133, 4.751468, 0.68800515, -0.6507531, 0.21609522, -0.23763855, 1599.2438, 1599.2438, 955.3527, 717.6841, , 
65890.838585958, 005820, 0.64500725, 0.060394928, 4.747436, 0.69022644, -0.6505458, 0.21013875, -0.23710619, 1599.2438, 1599.2438, 955.3574, 717.68317, , 
65890.855254875, 005821, 0.650192, 0.06120395, 4.743097, 0.6928673, -0.65014553, 0.2035283, -0.23626655, 1598.7919, 1598.7919, 955.3644, 717.6808, , 
65890.88859275, 005822, 0.6604708, 0.06282664, 4.734103, 0.69875586, -0.6486356, 0.18955539, -0.23469293, 1599.2438, 1599.2438, 955.37683, 717.6749, , 
65890.905261708, 005823, 0.6658335, 0.06374174, 4.729516, 0.7014726, -0.64780885, 0.18324128, -0.2338857, 1599.2438, 1599.2438, 955.3851, 717.67035, , 
65890.921930541, 005824, 0.67200446, 0.06477873, 4.725185, 0.70367074, -0.6472538, 0.17771652, -0.2330813, 1599.2438, 1599.2438, 955.3905, 717.6675, , 
65890.955268375, 005825, 0.68365204, 0.06695035, 4.715648, 0.7067874, -0.6467313, 0.16884588, -0.23169218, 1599.2438, 1599.2438, 955.4005, 717.66345, , 
65890.971937375, 005826, 0.6896075, 0.06812022, 4.7107153, 0.7077341, -0.6468229, 0.16536501, -0.2310558, 1599.6957, 1599.6957, 955.4037, 717.66296, , 
65891.005275041, 005827, 0.70199484, 0.07059497, 4.700694, 0.70901453, -0.6476223, 0.15940689, -0.22907038, 1599.2438, 1599.2438, 955.4087, 717.6633, , 
65891.021944041, 005828, 0.70847726, 0.0714297, 4.6965117, 0.70952266, -0.6481115, 0.15692206, -0.22782561, 1599.2438, 1599.2438, 955.40985, 717.6635, , 
65891.038612958, 005829, 0.71464646, 0.0727089, 4.6916957, 0.71004915, -0.6484768, 0.1547359, -0.22663815, 1599.2438, 1599.2438, 955.41077, 717.6635, , 
65891.071950666, 005830, 0.72626805, 0.0757717, 4.6818485, 0.7115253, -0.6483824, 0.15055464, -0.22508931, 1599.2438, 1599.2438, 955.4141, 717.6616, , 
65891.088619625, 005831, 0.73184115, 0.07739911, 4.6770864, 0.7123255, -0.64804053, 0.14862949, -0.2248224, 1599.2438, 1599.2438, 955.4162, 717.6603, , 
65891.1219575, 005832, 0.7435999, 0.079887345, 4.668887, 0.7138986, -0.6471216, 0.14473002, -0.22502376, 1599.6957, 1599.6957, 955.42194, 717.65704, , 
65891.13862625, 005833, 0.7492652, 0.08119798, 4.664886, 0.7146731, -0.6466271, 0.14255255, -0.2253762, 1599.6957, 1599.6957, 955.4248, 717.65576, , 
65891.155295208, 005834, 0.7548221, 0.08256604, 4.6608753, 0.7153749, -0.6462426, 0.14007527, -0.22580548, 1599.2438, 1599.2438, 955.4282, 717.65485, , 
65891.188633125, 005835, 0.7661552, 0.08513992, 4.6528625, 0.7163422, -0.6462682, 0.13448665, -0.22606313, 1599.2438, 1599.2438, 955.436, 717.6548, , 
65891.205302083, 005836, 0.7720709, 0.086324975, 4.6488285, 0.71656966, -0.6467986, 0.13147423, -0.22559708, 1599.2438, 1599.2438, 955.4388, 717.65576, , 
65891.238639791, 005837, 0.7846728, 0.08858806, 4.640841, 0.7164772, -0.6489139, 0.12509169, -0.22343513, 1599.6957, 1599.6957, 955.4433, 717.6602, , 
65891.25530875, 005838, 0.7910463, 0.08952162, 4.636615, 0.71632326, -0.6502712, 0.12179578, -0.22179763, 1599.6957, 1599.6957, 955.4447, 717.6628, , 
65891.2886465, 005839, 0.8039096, 0.091166005, 4.6279087, 0.716197, -0.65290004, 0.11524078, -0.21795142, 1599.6957, 1599.6957, 955.44714, 717.6681, , 
65891.305315333, 005840, 0.81035167, 0.09189294, 4.6234694, 0.7162261, -0.65409976, 0.112263076, -0.21580264, 1599.6957, 1599.6957, 955.44775, 717.6696, , 
65891.338653291, 005841, 0.8233093, 0.09303251, 4.614845, 0.71606, -0.65651065, 0.107115716, -0.2116083, 1599.6957, 1599.6957, 955.44775, 717.67334, , 
65891.35532225, 005842, 0.8298805, 0.09346806, 4.6104755, 0.71588224, -0.6576771, 0.10465586, -0.20981087, 1599.6957, 1599.6957, 955.4479, 717.6753, , 
65891.371991041, 005843, 0.83643043, 0.09378399, 4.6062136, 0.71589464, -0.65857494, 0.10182111, -0.20834197, 1599.6957, 1599.6957, 955.4492, 717.67737, , 
65891.405328875, 005844, 0.8495374, 0.09418729, 4.597947, 0.71665555, -0.6594752, 0.095192105, -0.2059993, 1599.2438, 1599.2438, 955.454, 717.67816, , 
65891.421997875, 005845, 0.8566445, 0.094373025, 4.5938883, 0.7171768, -0.65971667, 0.09192394, -0.2048933, 1599.2438, 1599.2438, 955.45667, 717.678, , 
65891.455335583, 005846, 0.8702302, 0.09457897, 4.5856743, 0.718553, -0.6600751, 0.0852681, -0.20177175, 1599.2438, 1599.2438, 955.46216, 717.676, , 
65891.472004458, 005847, 0.87707955, 0.094655745, 4.5815096, 0.7194077, -0.6602325, 0.08151379, -0.19975273, 1599.6957, 1599.6957, 955.46436, 717.6747, , 
65891.505342416, 005848, 0.89118713, 0.09481368, 4.5734406, 0.72105163, -0.66052264, 0.073574804, -0.19591118, 1599.6957, 1599.6957, 955.4705, 717.67163, , 
65891.522011166, 005849, 0.89892733, 0.09512807, 4.569809, 0.7218373, -0.6605185, 0.06952988, -0.1945042, 1599.6957, 1599.6957, 955.4739, 717.67035, , 
65891.555349041, 005850, 0.91359365, 0.09540118, 4.56242, 0.7235164, -0.66011286, 0.061358, -0.19238049, 1599.6957, 1599.6957, 955.4835, 717.6668, , 
65891.572018041, 005851, 0.9209098, 0.0955439, 4.5587015, 0.7243483, -0.65984684, 0.057542004, -0.19133885, 1599.6957, 1599.6957, 955.4875, 717.665, , 
65891.60535575, 005852, 0.9357246, 0.09589987, 4.551299, 0.72591794, -0.65939385, 0.049955767, -0.18906938, 1599.6957, 1599.6957, 955.4962, 717.6611, , 
65891.622024666, 005853, 0.9432275, 0.09600629, 4.5475526, 0.7267401, -0.65914243, 0.045506787, -0.18790743, 1600.1476, 1600.1476, 955.50073, 717.65936, , 
65891.655362583, 005854, 0.95841575, 0.09669324, 4.5399294, 0.72857296, -0.6585237, 0.036806505, -0.18486036, 1599.6957, 1599.6957, 955.51086, 717.6542, , 
65891.672031291, 005855, 0.9659176, 0.097261116, 4.5359774, 0.72959185, -0.65811706, 0.033132996, -0.18297535, 1599.6957, 1599.6957, 955.514, 717.6514, , 
65891.705369208, 005856, 0.9804146, 0.098567024, 4.5280375, 0.73190165, -0.6568678, 0.026613787, -0.17926624, 1599.6957, 1599.6957, 955.51984, 717.6434, , 
65891.722038208, 005857, 0.9873972, 0.098993585, 4.524134, 0.73306954, -0.65597594, 0.023406787, -0.17820427, 1599.6957, 1599.6957, 955.52344, 717.6397, , 
65891.755375875, 005858, 1.0012484, 0.10015287, 4.5169463, 0.73516196, -0.65415543, 0.016282417, -0.17706604, 1600.1476, 1600.1476, 955.53455, 717.6319, , 
65891.772044833, 005859, 1.0082941, 0.100879624, 4.5132766, 0.7360053, -0.653499, 0.012872896, -0.17626558, 1600.1476, 1600.1476, 955.53925, 717.6292, , 
65891.805382708, 005860, 1.0225384, 0.10302329, 4.5052857, 0.7372339, -0.6533758, 0.007867282, -0.1718267, 1599.6957, 1599.6957, 955.5419, 717.62427, , 
65891.8220515, 005861, 1.029019, 0.10455772, 4.501448, 0.73765725, -0.65389705, 0.0062111164, -0.1680531, 1600.1476, 1600.1476, 955.5391, 717.6228, , 
65891.855389333, 005862, 1.043182, 0.10720734, 4.4925747, 0.7382356, -0.65512383, 0.0024878613, -0.16066983, 1599.6957, 1599.6957, 955.53284, 717.6206, , 
65891.872058291, 005863, 1.0501304, 0.108226284, 4.488287, 0.7383846, -0.655574, 0.00024042347, -0.15814796, 1599.6957, 1599.6957, 955.53156, 717.61975, , 
65891.905396, 005864, 1.063355, 0.1098006, 4.4798913, 0.7388464, -0.65601677, -0.0047356416, -0.15403126, 1600.1476, 1600.1476, 955.5325, 717.6183, , 
65891.922064958, 005865, 1.069572, 0.1104343, 4.475736, 0.7393124, -0.6559198, -0.007252091, -0.15209836, 1600.1476, 1600.1476, 955.5336, 717.61633, , 
65891.955402875, 005866, 1.0814453, 0.111645214, 4.4669867, 0.7404733, -0.65534663, -0.012016937, -0.14857855, 1600.1476, 1600.1476, 955.5362, 717.6122, , 
65891.972071583, 005867, 1.0871991, 0.11231634, 4.4622726, 0.74113107, -0.65504646, -0.013966588, -0.14643697, 1600.1476, 1600.1476, 955.5367, 717.6089, , 
65892.005409541, 005868, 1.0985236, 0.11417336, 4.4521723, 0.7423445, -0.6548343, -0.016686443, -0.14084873, 1599.6957, 1599.6957, 955.5336, 717.6041, , 
65892.0220785, 005869, 1.1041634, 0.11552927, 4.447023, 0.74280965, -0.65495074, -0.017587766, -0.13771008, 1599.6957, 1599.6957, 955.52966, 717.6014, , 
65892.055416125, 005870, 1.1151226, 0.117559, 4.436532, 0.7434424, -0.65524507, -0.019597061, -0.1325264, 1599.6957, 1599.6957, 955.5248, 717.5986, , 
65892.072085166, 005871, 1.1204696, 0.118350685, 4.431417, 0.74353915, -0.6554204, -0.021260066, -0.13084966, 1599.6957, 1599.6957, 955.52423, 717.59753, , 
65892.105423041, 005872, 1.1310657, 0.119574055, 4.4211926, 0.7429091, -0.65638703, -0.025342481, -0.12884116, 1599.6957, 1599.6957, 955.5263, 717.5989, , 
65892.12209175, 005873, 1.1375121, 0.1196978, 4.4158683, 0.7420907, -0.6573746, -0.027374065, -0.12810434, 1599.6957, 1599.6957, 955.52783, 717.60205, , 
65892.15542975, 005874, 1.1483305, 0.12045665, 4.404734, 0.7405561, -0.65917575, -0.031514507, -0.12677112, 1599.6957, 1599.6957, 955.5304, 717.60706, , 
65892.172098625, 005875, 1.1533037, 0.12090013, 4.3988934, 0.7401247, -0.65968895, -0.03353245, -0.12610097, 1599.6957, 1599.6957, 955.5318, 717.6086, , 
65892.188767333, 005876, 1.1580809, 0.12135915, 4.392879, 0.7399558, -0.65989757, -0.035444926, -0.12547648, 1600.1476, 1600.1476, 955.534, 717.60925, , 
65892.222105333, 005877, 1.1688278, 0.12178506, 4.379983, 0.7400986, -0.6597142, -0.03836536, -0.12473709, 1600.1476, 1600.1476, 955.53723, 717.6084, , 
65892.238774208, 005878, 1.1735376, 0.122058205, 4.3734083, 0.74045515, -0.6592966, -0.039546948, -0.124460146, 1600.1476, 1600.1476, 955.53937, 717.60657, , 
65892.255443, 005879, 1.1779351, 0.122334555, 4.3666797, 0.74094373, -0.6587464, -0.04079725, -0.12406102, 1600.1476, 1600.1476, 955.54083, 717.60455, , 
65892.288780875, 005880, 1.1865295, 0.12267995, 4.352665, 0.74176157, -0.65787613, -0.04345253, -0.12288449, 1600.1476, 1600.1476, 955.544, 717.60034, , 
65892.305449875, 005881, 1.1916435, 0.122454315, 4.3452325, 0.7420468, -0.6575862, -0.04507513, -0.122127764, 1599.6957, 1599.6957, 955.5454, 717.5988, , 
65892.322118833, 005882, 1.1971643, 0.12197643, 4.337656, 0.7422915, -0.6572876, -0.04682514, -0.12158877, 1599.6957, 1599.6957, 955.5471, 717.5975, , 
65892.355456458, 005883, 1.2060814, 0.121243075, 4.3228784, 0.74274385, -0.65650856, -0.05028263, -0.12165416, 1599.6957, 1599.6957, 955.55316, 717.59454, , 
65892.3721255, 005884, 1.2102714, 0.12079543, 4.315488, 0.74295837, -0.65606475, -0.051686704, -0.1221494, 1599.6957, 1599.6957, 955.55634, 717.5934, , 
65892.388794416, 005885, 1.2144254, 0.120275, 4.308048, 0.74315137, -0.65563405, -0.052746248, -0.12283305, 1599.6957, 1599.6957, 955.5591, 717.5924, , 
65892.405463208, 005886, 1.2196901, 0.119388826, 4.3004236, 0.7432808, -0.65527076, -0.053684466, -0.12357896, 1599.6957, 1599.6957, 955.5627, 717.5913, , 
65892.438801041, 005887, 1.2303047, 0.11752784, 4.2849274, 0.7429416, -0.65526944, -0.054767244, -0.12514058, 1600.1476, 1600.1476, 955.56714, 717.5916, , 
65892.45547, 005888, 1.2348564, 0.11684404, 4.277072, 0.7425369, -0.6556329, -0.054553606, -0.12573162, 1600.1476, 1600.1476, 955.56793, 717.5934, , 
65892.472139, 005889, 1.2392578, 0.116258204, 4.2691994, 0.7421706, -0.65595037, -0.053961094, -0.12649184, 1600.1476, 1600.1476, 955.5678, 717.59485, , 
65894.505745125, 005977, 1.825776, 0.24679448, 3.510093, 0.74905175, -0.49291342, 0.13930339, -0.4201812, 1600.5995, 1600.5995, 955.9458, 717.52014, , 
65894.522414083, 005978, 1.8305312, 0.2470981, 3.506866, 0.7481556, -0.49059713, 0.1425271, -0.42339554, 1600.1476, 1600.1476, 955.9479, 717.5211, , 
65894.539083083, 005979, 1.8351051, 0.24753831, 3.503981, 0.7473192, -0.48811767, 0.14554542, -0.4266985, 1600.1476, 1600.1476, 955.95087, 717.52203, , 
65894.57242075, 005980, 1.8443094, 0.24838059, 3.498477, 0.74572307, -0.48297086, 0.15139922, -0.43326047, 1600.5995, 1600.5995, 955.95905, 717.5237, , 
65894.589089666, 005981, 1.8489412, 0.24871247, 3.49578, 0.74472165, -0.4803578, 0.1544153, -0.43680862, 1600.5995, 1600.5995, 955.96265, 717.5249, , 
65894.605758666, 005982, 1.8542626, 0.24771444, 3.4939148, 0.7435542, -0.4777189, 0.15757088, -0.44054884, 1600.5995, 1600.5995, 955.9678, 717.52704, , 
65894.6390965, 005983, 1.8641894, 0.24735631, 3.4889734, 0.7414475, -0.47256693, 0.16368519, -0.44737378, 1600.5995, 1600.5995, 955.9746, 717.5299, , 
65894.65576525, 005984, 1.8691574, 0.24750052, 3.486257, 0.74064606, -0.47011006, 0.16651233, -0.4502372, 1600.5995, 1600.5995, 955.97845, 717.5308, , 
65894.672434208, 005985, 1.8741871, 0.24770243, 3.4834867, 0.7400161, -0.4676855, 0.16916062, -0.45280364, 1600.5995, 1600.5995, 955.98126, 717.53094, , 
65894.689103166, 005986, 1.8791775, 0.24791147, 3.4807053, 0.73948246, -0.46508002, 0.17172334, -0.45538712, 1600.5995, 1600.5995, 955.9844, 717.53076, , 
65894.722440875, 005987, 1.8899994, 0.24692215, 3.4749393, 0.7386396, -0.45907754, 0.17664507, -0.46092936, 1600.5995, 1600.5995, 955.9953, 717.52966, , 
65894.739109833, 005988, 1.8949813, 0.24704634, 3.472201, 0.73814833, -0.4558404, 0.17918082, -0.46394053, 1600.1476, 1600.1476, 956.0008, 717.5292, , 
65894.75577875, 005989, 1.899886, 0.24735133, 3.4695609, 0.7374366, -0.4525721, 0.18183713, -0.46722704, 1600.5995, 1600.5995, 956.0081, 717.52924, , 
65894.77244775, 005990, 1.9047991, 0.2477917, 3.4670262, 0.7364089, -0.44949034, 0.18463899, -0.470711, 1600.5995, 1600.5995, 956.01306, 717.5303, , 
65894.789116666, 005991, 1.9097307, 0.24832992, 3.4645677, 0.73500556, -0.44674927, 0.18773766, -0.47427478, 1600.5995, 1600.5995, 956.0169, 717.53217, , 
65894.822454333, 005992, 1.92197, 0.24805324, 3.4595175, 0.73160034, -0.4418678, 0.19418949, -0.4814605, 1600.5995, 1600.5995, 956.02277, 717.53876, , 
65894.839123333, 005993, 1.9269891, 0.24819495, 3.4573514, 0.7297814, -0.43943754, 0.19701308, -0.48528305, 1600.5995, 1600.5995, 956.02563, 717.5424, , 
65894.855792291, 005994, 1.9317279, 0.24824966, 3.4553216, 0.7279963, -0.43689916, 0.19952197, -0.48921522, 1600.5995, 1600.5995, 956.0296, 717.54626, , 
65894.872461041, 005995, 1.9363832, 0.24822433, 3.4533453, 0.72628856, -0.43443617, 0.2018618, -0.49297264, 1600.5995, 1600.5995, 956.0354, 717.5512, , 
65894.905798875, 005996, 1.9463408, 0.24768029, 3.4485395, 0.723151, -0.43013546, 0.2068338, -0.49925533, 1600.5995, 1600.5995, 956.041, 717.55774, , 
65894.922467833, 005997, 1.9513268, 0.24759077, 3.4460118, 0.7218376, -0.42828104, 0.20948967, -0.5016372, 1600.5995, 1600.5995, 956.0423, 717.56055, , 
65894.939136833, 005998, 1.95609, 0.2478341, 3.4435673, 0.72059333, -0.4265704, 0.21244071, -0.50363857, 1600.5995, 1600.5995, 956.0418, 717.5618, , 
65894.9558055, 005999, 1.9606714, 0.24825095, 3.441066, 0.71926296, -0.4248449, 0.21566929, -0.5056228, 1600.5995, 1600.5995, 956.0405, 717.56287, , 
65894.989143416, 006000, 1.9694583, 0.24923594, 3.4359665, 0.71624494, -0.42137483, 0.2221539, -0.5099844, 1600.5995, 1600.5995, 956.0373, 717.56635, , 
65895.005812416, 006001, 1.9742422, 0.2487774, 3.4330268, 0.7147257, -0.41982946, 0.2252222, -0.51204044, 1600.5995, 1600.5995, 956.036, 717.56824, , 
65895.022481083, 006002, 1.9787748, 0.24884756, 3.430208, 0.71315044, -0.41852504, 0.22832744, -0.51392585, 1600.5995, 1600.5995, 956.034, 717.5702, , 
65895.039150083, 006003, 1.9831119, 0.24922349, 3.4274118, 0.7115968, -0.41727054, 0.23155095, -0.5156544, 1600.5995, 1600.5995, 956.03015, 717.5723, , 
65895.072488, 006004, 1.9913568, 0.25008678, 3.4216747, 0.7087147, -0.41424373, 0.23815165, -0.51904655, 1600.5995, 1600.5995, 956.0247, 717.5744, , 
65895.089156791, 006005, 1.9952774, 0.25046462, 3.4187021, 0.7074382, -0.4123904, 0.24141076, -0.52075535, 1600.5995, 1600.5995, 956.0224, 717.57513, , 
65895.105825625, 006006, 1.9995134, 0.25041813, 3.4149697, 0.7063897, -0.4104525, 0.24451378, -0.5222598, 1600.5995, 1600.5995, 956.02124, 717.57513, , 
65895.139163625, 006007, 2.0074737, 0.25089157, 3.4082105, 0.70429814, -0.40675753, 0.2506849, -0.52504236, 1600.5995, 1600.5995, 956.0182, 717.5744, , 
65895.155832541, 006008, 2.0114975, 0.2512953, 3.4049065, 0.7032978, -0.40519017, 0.25377095, -0.52611166, 1600.5995, 1600.5995, 956.016, 717.574, , 
65895.17250125, 006009, 2.0156438, 0.25175112, 3.4015293, 0.7023442, -0.4039351, 0.2568626, -0.5268498, 1600.5995, 1600.5995, 956.013, 717.5732, , 
65895.18917025, 006010, 2.0198834, 0.2522173, 3.3980508, 0.70134914, -0.40298218, 0.26004714, -0.5273425, 1600.5995, 1600.5995, 956.00714, 717.57196, , 
65895.222508041, 006011, 2.028994, 0.25311434, 3.3903403, 0.6990111, -0.40175578, 0.26669794, -0.5280607, 1600.5995, 1600.5995, 955.9959, 717.5707, , 
65895.239177083, 006012, 2.03332, 0.25336498, 3.3864243, 0.6975733, -0.4014539, 0.27016878, -0.5284268, 1600.1476, 1600.1476, 955.98926, 717.5705, , 
65895.255845791, 006013, 2.037612, 0.25349104, 3.3824, 0.6960693, -0.4013311, 0.27363974, -0.5287174, 1600.5995, 1600.5995, 955.9795, 717.5707, , 
65895.289183666, 006014, 2.0461597, 0.25332743, 3.3738525, 0.69327474, -0.40154335, 0.2800983, -0.5288459, 1600.5995, 1600.5995, 955.96405, 717.5708, , 
65895.305852666, 006015, 2.0512953, 0.25483954, 3.367913, 0.6921564, -0.4017214, 0.28288057, -0.5286946, 1600.5995, 1600.5995, 955.9547, 717.5705, , 
65895.322521375, 006016, 2.05587, 0.25525266, 3.3624713, 0.69096875, -0.4019449, 0.28558183, -0.52862597, 1600.5995, 1600.5995, 955.948, 717.5704, , 
65895.339190333, 006017, 2.0601225, 0.2549957, 3.357246, 0.68957454, -0.4022075, 0.28826532, -0.52879006, 1600.1476, 1600.1476, 955.94135, 717.5707, , 
65895.372528208, 006018, 2.068417, 0.25374168, 3.346642, 0.6861055, -0.40278444, 0.29350144, -0.5299818, 1600.5995, 1600.5995, 955.9264, 717.57434, , 
65895.389197041, 006019, 2.0726187, 0.2529761, 3.3411272, 0.68407935, -0.4032391, 0.29611135, -0.53080285, 1600.5995, 1600.5995, 955.9196, 717.57684, , 
65895.405865916, 006020, 2.077475, 0.25312716, 3.334221, 0.68207574, -0.40371594, 0.29860282, -0.5316224, 1600.5995, 1600.5995, 955.9109, 717.5805, , 
65895.439203875, 006021, 2.086376, 0.2520054, 3.3213878, 0.67868465, -0.40431648, 0.30291936, -0.53306216, 1600.5995, 1600.5995, 955.89984, 717.5851, , 
65895.45587275, 006022, 2.0907338, 0.2511803, 3.3149266, 0.6771747, -0.4045162, 0.30498263, -0.5336541, 1600.1476, 1600.1476, 955.89343, 717.58734, , 
65895.472541541, 006023, 2.0952134, 0.25033477, 3.3082979, 0.67556, -0.40498903, 0.30722368, -0.53405637, 1600.1476, 1600.1476, 955.88763, 717.5889, , 
65895.5058795, 006024, 2.1045675, 0.24848844, 3.2940092, 0.67163074, -0.40641803, 0.312951, -0.53460103, 1600.5995, 1600.5995, 955.86926, 717.59296, , 
65895.522548416, 006025, 2.1092517, 0.24757074, 3.286538, 0.6693817, -0.40710843, 0.31643277, -0.53484696, 1600.5995, 1600.5995, 955.86, 717.59454, , 
65895.539217125, 006026, 2.1137938, 0.24663956, 3.279032, 0.66694134, -0.40755662, 0.3200742, -0.5353869, 1600.1476, 1600.1476, 955.8509, 717.5963, , 
65895.572555, 006027, 2.1227076, 0.24459077, 3.263931, 0.66180044, -0.40813425, 0.32712668, -0.5370611, 1600.1476, 1600.1476, 955.8316, 717.6017, , 
65895.589223916, 006028, 2.1270819, 0.24354465, 3.2563488, 0.6590034, -0.4082844, 0.33075425, -0.5381636, 1600.1476, 1600.1476, 955.8236, 717.6044, , 
65895.605892916, 006029, 2.1309116, 0.24239047, 3.2481318, 0.6558571, -0.4080697, 0.3346701, -0.5397467, 1600.5995, 1600.5995, 955.8159, 717.6074, , 
65895.639230541, 006030, 2.138903, 0.24043389, 3.2325552, 0.648141, -0.40717843, 0.34385127, -0.5439533, 1600.1476, 1600.1476, 955.797, 717.6169, , 
65895.655899583, 006031, 2.1430652, 0.2396958, 3.2249587, 0.64375496, -0.40688255, 0.34910402, -0.5460334, 1600.1476, 1600.1476, 955.787, 717.62134, , 
65895.6725685, 006032, 2.1472938, 0.23912884, 3.217365, 0.63924605, -0.4065885, 0.35466164, -0.54796475, 1600.1476, 1600.1476, 955.77625, 717.6255, , 
65895.689237291, 006033, 2.1515236, 0.23871703, 3.2097244, 0.6346686, -0.4060835, 0.36049068, -0.5498531, 1600.1476, 1600.1476, 955.76154, 717.6303, , 
65895.722575166, 006034, 2.158521, 0.23738049, 3.1942105, 0.6252971, -0.40434235, 0.3725238, -0.5538382, 1600.1476, 1600.1476, 955.74023, 717.6366, , 
65895.739244083, 006035, 2.162855, 0.2371269, 3.1866338, 0.6203572, -0.40375662, 0.37877896, -0.55557555, 1599.6957, 1599.6957, 955.7252, 717.6406, , 
65895.772581791, 006036, 2.1725364, 0.23697855, 3.1716998, 0.6105447, -0.40421516, 0.39171052, -0.557143, 1600.1476, 1600.1476, 955.6977, 717.6449, , 
65895.78925075, 006037, 2.177623, 0.23690076, 3.1643689, 0.6058929, -0.40495065, 0.3979083, -0.5572951, 1600.1476, 1600.1476, 955.6783, 717.6466, , 
65895.805919666, 006038, 2.1839702, 0.23657565, 3.1562808, 0.60159993, -0.4057604, 0.40361828, -0.55725074, 1600.1476, 1600.1476, 955.66455, 717.6476, , 
65895.839257416, 006039, 2.1944852, 0.23557104, 3.1419938, 0.59372425, -0.40655652, 0.41317263, -0.55811435, 1600.1476, 1600.1476, 955.639, 717.6509, , 
65895.855926375, 006040, 2.199145, 0.23481657, 3.1354427, 0.59024364, -0.4065405, 0.4167895, -0.55912775, 1600.1476, 1600.1476, 955.63116, 717.6531, , 
65895.87259525, 006041, 2.2036562, 0.23391707, 3.1291738, 0.5871432, -0.40644118, 0.41961965, -0.56034607, 1600.1476, 1600.1476, 955.6251, 717.6558, , 
65895.905933208, 006042, 2.2129643, 0.23199569, 3.1172636, 0.5823147, -0.40715927, 0.4237585, -0.5617469, 1599.6957, 1599.6957, 955.6138, 717.6617, , 
65895.922601958, 006043, 2.2205412, 0.23134746, 3.1103985, 0.58040726, -0.40817472, 0.42572397, -0.56149787, 1599.6957, 1599.6957, 955.60815, 717.6631, , 
65895.939270916, 006044, 2.226533, 0.230612, 3.1042793, 0.5788665, -0.40923676, 0.42787144, -0.5606826, 1600.1476, 1600.1476, 955.5999, 717.6631, , 
65895.97260875, 006045, 2.2375824, 0.22932397, 3.0924144, 0.5769695, -0.41089606, 0.4325778, -0.55780566, 1599.6957, 1599.6957, 955.5876, 717.65857, , 
65895.989277458, 006046, 2.2430732, 0.22869204, 3.0865664, 0.57625794, -0.41132575, 0.4349886, -0.5563478, 1599.6957, 1599.6957, 955.58215, 717.6553, , 
65896.022615458, 006047, 2.2565734, 0.22588004, 3.0723894, 0.5737814, -0.41202295, 0.4404571, -0.55408436, 1600.1476, 1600.1476, 955.56934, 717.6489, , 
65896.039284333, 006048, 2.263207, 0.22451438, 3.0660548, 0.57193154, -0.41261193, 0.44348034, -0.5531462, 1600.1476, 1600.1476, 955.5629, 717.6472, , 
65896.055953291, 006049, 2.269615, 0.2233199, 3.0605092, 0.5698059, -0.41349727, 0.44670793, -0.55208105, 1599.6957, 1599.6957, 955.55316, 717.64545, , 
65896.089291041, 006050, 2.2826576, 0.2207184, 3.050423, 0.56518805, -0.4158057, 0.45348683, -0.54956156, 1600.1476, 1600.1476, 955.5369, 717.64276, , 
65896.105959958, 006051, 2.2893434, 0.21917735, 3.045677, 0.56304175, -0.41698575, 0.45690185, -0.5480398, 1599.6957, 1599.6957, 955.52606, 717.64044, , 
65896.139297583, 006052, 2.3072693, 0.2135654, 3.033186, 0.5593253, -0.4193721, 0.46377957, -0.5442342, 1599.6957, 1599.6957, 955.51025, 717.63513, , 
65896.155966625, 006053, 2.314757, 0.21125166, 3.0285814, 0.5574239, -0.42080054, 0.46709117, -0.54224664, 1599.6957, 1599.6957, 955.49994, 717.6316, , 
65896.1893045, 006054, 2.3298469, 0.20625408, 3.0204165, 0.5532726, -0.42463538, 0.47310787, -0.53827786, 1599.2438, 1599.2438, 955.48364, 717.62823, , 
65896.205973416, 006055, 2.340634, 0.2026829, 3.0133445, 0.55097574, -0.42676467, 0.47562152, -0.53673255, 1599.6957, 1599.6957, 955.47345, 717.6283, , 
65896.222642208, 006056, 2.349764, 0.19927059, 3.008494, 0.5482924, -0.4289079, 0.47776294, -0.5358694, 1599.2438, 1599.2438, 955.4662, 717.6301, , 
65896.255980083, 006057, 2.3659194, 0.1923558, 3.0021954, 0.5418461, -0.43279308, 0.4814481, -0.53600436, 1599.2438, 1599.2438, 955.4533, 717.6376, , 
65896.272649041, 006058, 2.3737366, 0.18881811, 2.9997642, 0.5381556, -0.43434402, 0.48334712, -0.53675824, 1599.2438, 1599.2438, 955.4456, 717.64404, , 
65896.305986666, 006059, 2.389372, 0.1818969, 2.99582, 0.5304095, -0.4371237, 0.48724556, -0.538684, 1599.2438, 1599.2438, 955.4347, 717.65454, , 
65896.322655708, 006060, 2.3991647, 0.17854813, 2.9921093, 0.5264586, -0.43877044, 0.48933357, -0.53932786, 1599.2438, 1599.2438, 955.42694, 717.66113, , 
65896.3559935, 006061, 2.417375, 0.17230156, 2.9869778, 0.5176382, -0.44314006, 0.49377534, -0.540244, 1599.2438, 1599.2438, 955.4136, 717.672, , 
65896.372662291, 006062, 2.4253807, 0.16932744, 2.9856777, 0.51260966, -0.44537053, 0.49580044, -0.54134864, 1599.2438, 1599.2438, 955.40485, 717.6816, , 
65896.406000208, 006063, 2.4425724, 0.16314165, 2.9807599, 0.50412357, -0.4484676, 0.49829856, -0.5444583, 1599.2438, 1599.2438, 955.3956, 717.69666, , 
65896.439337875, 006064, 2.4579446, 0.15800233, 2.9763365, 0.49874234, -0.4503577, 0.49928182, -0.5469478, 1599.2438, 1599.2438, 955.39044, 717.7097, , 
65896.456006875, 006065, 2.4649408, 0.15593693, 2.9746675, 0.4965618, -0.45121, 0.49991247, -0.54765266, 1599.2438, 1599.2438, 955.3883, 717.7137, , 
65896.489344708, 006066, 2.4787512, 0.1524372, 2.9709651, 0.49293113, -0.4527155, 0.50232863, -0.5474793, 1598.7919, 1598.7919, 955.3825, 717.7176, , 
65898.522950625, 006149, 3.151985, 0.094184294, 2.9055467, -0.12862, 0.042949773, -0.7181809, 0.68251634, 1599.2438, 1599.2438, 955.423, 717.59753, , 
65898.539619583, 006150, 3.1589456, 0.09400153, 2.9083323, -0.12348872, 0.039646458, -0.71879584, 0.6830163, 1599.2438, 1599.2438, 955.42145, 717.59845, , 
65898.572957458, 006151, 3.1729958, 0.093636185, 2.9140074, -0.112314485, 0.033879068, -0.7195647, 0.68444467, 1599.2438, 1599.2438, 955.41565, 717.60223, , 
65898.589626375, 006152, 3.1798382, 0.09342523, 2.9166427, -0.10662095, 0.030507917, -0.71955, 0.6855283, 1599.2438, 1599.2438, 955.4132, 717.6051, , 
65898.606295166, 006153, 3.18592, 0.09337676, 2.9199789, -0.1012464, 0.02657983, -0.7193588, 0.68670624, 1599.2438, 1599.2438, 955.4117, 717.60834, , 
65898.639632916, 006154, 3.1986406, 0.09352321, 2.9253569, -0.090989865, 0.018317387, -0.718944, 0.688843, 1599.2438, 1599.2438, 955.4097, 717.61566, , 
65898.656301875, 006155, 3.2049809, 0.09396205, 2.9281495, -0.08542433, 0.01504283, -0.7189101, 0.6896699, 1599.2438, 1599.2438, 955.40796, 717.61816, , 
65898.67297075, 006156, 3.2111824, 0.09465985, 2.9311075, -0.07932835, 0.0124321245, -0.7190357, 0.6903188, 1599.2438, 1599.2438, 955.40497, 717.6203, , 
65898.689639708, 006157, 3.2171688, 0.09553835, 2.934076, -0.07282732, 0.010029202, -0.71929806, 0.6908009, 1599.2438, 1599.2438, 955.39996, 717.62244, , 
65898.722977541, 006158, 3.2276146, 0.09690192, 2.9409304, -0.0601482, 0.0045905155, -0.71997434, 0.69137406, 1599.2438, 1599.2438, 955.3932, 717.6242, , 
65898.739646458, 006159, 3.232702, 0.09776898, 2.9435105, -0.054800022, 0.0013627015, -0.72040564, 0.69138336, 1599.2438, 1599.2438, 955.3906, 717.6244, , 
65898.75631525, 006160, 3.2376158, 0.09865059, 2.9458406, -0.050170332, -0.0020143483, -0.7209669, 0.6911481, 1599.2438, 1599.2438, 955.3897, 717.6238, , 
65898.772984208, 006161, 3.2423565, 0.09952104, 2.9480433, -0.045984015, -0.0053466116, -0.7216632, 0.6906947, 1599.2438, 1599.2438, 955.3893, 717.6225, , 
65898.806322083, 006162, 3.251225, 0.100589946, 2.9522, -0.037633423, -0.011199213, -0.7229851, 0.689747, 1598.7919, 1598.7919, 955.388, 717.6189, , 
65898.822990833, 006163, 3.255268, 0.10109647, 2.9543636, -0.033449218, -0.013639134, -0.72346216, 0.6894183, 1599.2438, 1599.2438, 955.38684, 717.6178, , 
65898.83965975, 006164, 3.2590961, 0.10168388, 2.95661, -0.029559469, -0.015826229, -0.72388595, 0.68910444, 1599.2438, 1599.2438, 955.3852, 717.61664, , 
65898.856328666, 006165, 3.26279, 0.102206275, 2.958809, -0.026002312, -0.018122401, -0.7243349, 0.68871945, 1599.2438, 1599.2438, 955.3843, 717.6156, , 
65898.889666541, 006166, 3.2698855, 0.102935776, 2.9630373, -0.019146357, -0.02361085, -0.7253369, 0.68772256, 1599.2438, 1599.2438, 955.3838, 717.613, , 
65898.906335333, 006167, 3.2754953, 0.10285547, 2.9648497, -0.015553278, -0.026654596, -0.72591615, 0.6870905, 1599.2438, 1599.2438, 955.3838, 717.61096, , 
65898.93967325, 006168, 3.283186, 0.10296962, 2.9695814, -0.007794209, -0.032017604, -0.7270087, 0.685837, 1599.2438, 1599.2438, 955.3831, 717.60785, , 
65898.956342166, 006169, 3.286293, 0.10303595, 2.9723682, -0.003820034, -0.034040794, -0.7275987, 0.6851471, 1599.2438, 1599.2438, 955.3816, 717.6054, , 
65898.989679875, 006170, 3.2919552, 0.10304544, 2.978168, 0.0033099302, -0.037769224, -0.7288653, 0.68360645, 1599.2438, 1599.2438, 955.3796, 717.6011, , 
65899.006348791, 006171, 3.2965379, 0.10227512, 2.9816754, 0.006551411, -0.039990358, -0.7294981, 0.6827813, 1599.2438, 1599.2438, 955.379, 717.5983, , 
65899.039686666, 006172, 3.302454, 0.101557404, 2.9879549, 0.012790719, -0.043736935, -0.7304763, 0.68141603, 1599.2438, 1599.2438, 955.37823, 717.5948, , 
65899.056355375, 006173, 3.304721, 0.10130598, 2.9911509, 0.015881818, -0.04501909, -0.7309156, 0.680796, 1598.7919, 1598.7919, 955.37695, 717.59247, , 
65899.089693333, 006174, 3.3087702, 0.100639656, 2.9978902, 0.021763097, -0.04691021, -0.73178303, 0.679573, 1598.7919, 1598.7919, 955.37463, 717.5888, , 
65899.106362291, 006175, 3.3105385, 0.10016449, 3.0013783, 0.024376122, -0.047854926, -0.73208445, 0.6790936, 1598.7919, 1598.7919, 955.37354, 717.58734, , 
65899.1397, 006176, 3.3183398, 0.098955035, 3.0074825, 0.028166763, -0.049540892, -0.7325336, 0.67834127, 1599.2438, 1599.2438, 955.3721, 717.58527, , 
65899.156368916, 006177, 3.3200603, 0.09822594, 3.011412, 0.029692218, -0.050059706, -0.7324332, 0.6783465, 1599.2438, 1599.2438, 955.37134, 717.5851, , 
65899.189706833, 006178, 3.3226185, 0.09655668, 3.0201817, 0.033432856, -0.05063337, -0.7317774, 0.67883754, 1599.2438, 1599.2438, 955.3685, 717.58673, , 
65899.206375541, 006179, 3.3272846, 0.09531474, 3.0243337, 0.035937954, -0.050780337, -0.7314712, 0.6790285, 1599.2438, 1599.2438, 955.3666, 717.5879, , 
65899.239713416, 006180, 3.3315277, 0.09299898, 3.034186, 0.041248344, -0.050125632, -0.7304291, 0.6798966, 1598.7919, 1598.7919, 955.3608, 717.59125, , 
65899.256382416, 006181, 3.3327463, 0.0917498, 3.0393593, 0.043999553, -0.050078984, -0.7297941, 0.6804092, 1598.7919, 1598.7919, 955.35834, 717.5929, , 
65899.289720041, 006182, 3.3348687, 0.08895727, 3.0497162, 0.048990194, -0.05124714, -0.72862375, 0.681235, 1599.2438, 1599.2438, 955.35425, 717.5963, , 
65899.306389, 006183, 3.335774, 0.08741961, 3.0548778, 0.051384132, -0.052594665, -0.7279024, 0.681727, 1599.2438, 1599.2438, 955.3532, 717.5981, , 
65899.339726708, 006184, 3.3396902, 0.08413428, 3.0646296, 0.055943716, -0.05579143, -0.72608995, 0.6830453, 1599.2438, 1599.2438, 955.35114, 717.6042, , 
65899.356395666, 006185, 3.34042, 0.08240141, 3.0700922, 0.057734247, -0.05717434, -0.725137, 0.68379396, 1599.2438, 1599.2438, 955.3503, 717.60706, , 
65899.373064625, 006186, 3.3409028, 0.080668405, 3.0757315, 0.05945249, -0.058597613, -0.7241443, 0.6845779, 1599.2438, 1599.2438, 955.34973, 717.60986, , 
65899.406402458, 006187, 3.3413403, 0.07721584, 3.0873702, 0.06287313, -0.0612713, -0.72184813, 0.6864606, 1599.2438, 1599.2438, 955.34784, 717.6177, , 
65899.42307125, 006188, 3.3423152, 0.075559705, 3.0921586, 0.0642652, -0.06289517, -0.72061163, 0.68748313, 1599.2438, 1599.2438, 955.3474, 717.6215, , 
65899.456409125, 006189, 3.3427584, 0.073004566, 3.104447, 0.0657051, -0.06412936, -0.71814644, 0.6898086, 1599.2438, 1599.2438, 955.3461, 717.63074, , 
65899.473078083, 006190, 3.3426986, 0.072117165, 3.1113799, 0.06646303, -0.06311816, -0.7168667, 0.6911592, 1599.2438, 1599.2438, 955.3446, 717.6349, , 
65899.506415791, 006191, 3.3429859, 0.07087215, 3.124908, 0.069526136, -0.060722023, -0.7145053, 0.6935136, 1598.7919, 1598.7919, 955.33905, 717.6437, , 
65899.523084708, 006192, 3.3431509, 0.07052823, 3.1314044, 0.071398325, -0.06054558, -0.7135299, 0.69434255, 1598.7919, 1598.7919, 955.33704, 717.64655, , 
65899.556422625, 006193, 3.3433762, 0.07026194, 3.1442645, 0.07483595, -0.061595175, -0.71193486, 0.69552445, 1598.7919, 1598.7919, 955.3345, 717.6518, , 
65899.573091375, 006194, 3.343622, 0.070222095, 3.15081, 0.07615752, -0.06158971, -0.7112873, 0.69604385, 1598.7919, 1598.7919, 955.33356, 717.6536, , 
65899.589760333, 006195, 3.3439722, 0.07023276, 3.1575336, 0.07708927, -0.060819764, -0.71076345, 0.6965439, 1599.2438, 1599.2438, 955.3319, 717.6555, , 
65899.623098166, 006196, 3.3448162, 0.07001313, 3.1706004, 0.07820871, -0.057785757, -0.7098047, 0.69765425, 1599.2438, 1599.2438, 955.3289, 717.6584, , 
65899.639766916, 006197, 3.3453135, 0.06993024, 3.1771882, 0.07859031, -0.056130216, -0.70936, 0.69819856, 1598.7919, 1598.7919, 955.3274, 717.6598, , 
65899.656435916, 006198, 3.3459127, 0.06982142, 3.1837757, 0.07910517, -0.054709602, -0.70900136, 0.69861746, 1598.7919, 1598.7919, 955.3257, 717.6612, , 
65899.68977375, 006199, 3.3473158, 0.069232315, 3.1966066, 0.08015255, -0.052355394, -0.7086383, 0.69904655, 1598.7919, 1598.7919, 955.3234, 717.6621, , 
65899.70644275, 006200, 3.3479714, 0.06870817, 3.2028909, 0.08014557, -0.051153004, -0.7085356, 0.69924057, 1598.7919, 1598.7919, 955.3224, 717.6624, , 
65899.739780458, 006201, 3.3501282, 0.06705456, 3.2149556, 0.07939142, -0.049328126, -0.70857453, 0.6994183, 1598.7919, 1598.7919, 955.3216, 717.66266, , 
65899.756449416, 006202, 3.3509054, 0.06628863, 3.2211623, 0.079257995, -0.048409525, -0.7087565, 0.6993132, 1598.7919, 1598.7919, 955.3211, 717.6621, , 
65899.789787041, 006203, 3.3523567, 0.06471812, 3.233953, 0.08000228, -0.045386318, -0.7094707, 0.69870675, 1599.2438, 1599.2438, 955.3194, 717.6595, , 
65899.806456041, 006204, 3.353068, 0.06392103, 3.2403712, 0.08053347, -0.043731816, -0.7100019, 0.69821143, 1599.2438, 1599.2438, 955.31824, 717.65753, , 
65899.839793875, 006205, 3.3553498, 0.0619606, 3.2514534, 0.08153977, -0.04164579, -0.71126497, 0.6969355, 1598.7919, 1598.7919, 955.3166, 717.65204, , 
65899.856462791, 006206, 3.3561378, 0.06123618, 3.2574039, 0.08193275, -0.04070096, -0.7118624, 0.696335, 1598.7919, 1598.7919, 955.3161, 717.6497, , 
65899.889800583, 006207, 3.3575191, 0.060011357, 3.2693572, 0.08260901, -0.038402148, -0.71282923, 0.69539595, 1598.7919, 1598.7919, 955.3148, 717.6452, , 
65899.9064695, 006208, 3.3581262, 0.05951251, 3.275361, 0.08310631, -0.03691046, -0.713212, 0.6950249, 1598.7919, 1598.7919, 955.31415, 717.6437, , 
65899.939807208, 006209, 3.3598697, 0.059137493, 3.2866647, 0.08507146, -0.033066865, -0.7136273, 0.69455427, 1598.7919, 1598.7919, 955.31134, 717.6407, , 
65899.956476083, 006210, 3.360313, 0.05889953, 3.2926795, 0.0865196, -0.031115383, -0.713708, 0.6943824, 1598.7919, 1598.7919, 955.3099, 717.6398, , 
65899.989814041, 006211, 3.3611653, 0.05836007, 3.304483, 0.08891059, -0.028390441, -0.7137288, 0.6941759, 1598.7919, 1598.7919, 955.30707, 717.63824, , 
65900.006482916, 006212, 3.3613656, 0.0572979, 3.3096066, 0.08963484, -0.027895717, -0.7136441, 0.69418985, 1598.7919, 1598.7919, 955.30634, 717.63806, , 
65900.039820625, 006213, 3.3623075, 0.05614145, 3.320604, 0.091366336, -0.027943948, -0.71322274, 0.6943952, 1598.7919, 1598.7919, 955.3054, 717.63873, , 
65900.056489583, 006214, 3.3629239, 0.055710368, 3.3263576, 0.09276556, -0.028083794, -0.7130154, 0.694417, 1598.7919, 1598.7919, 955.305, 717.639, , 
65900.08982725, 006215, 3.3644204, 0.05491408, 3.3381763, 0.096257836, -0.028468018, -0.71296847, 0.6939741, 1598.7919, 1598.7919, 955.3037, 717.63763, , 
65900.10649625, 006216, 3.3652778, 0.054346412, 3.3437634, 0.09795278, -0.028887078, -0.7130893, 0.6935953, 1598.7919, 1598.7919, 955.3032, 717.63654, , 
65900.139834125, 006217, 3.367047, 0.05312565, 3.3557565, 0.10053107, -0.029372817, -0.7133931, 0.69289315, 1598.7919, 1598.7919, 955.3026, 717.634, , 
65900.173171833, 006218, 3.3689058, 0.051600277, 3.3684735, 0.10218242, -0.029262882, -0.7136151, 0.6924275, 1598.34, 1598.34, 955.3022, 717.6321, , 
65900.189840791, 006219, 3.3698194, 0.050726086, 3.3750167, 0.102811635, -0.029215354, -0.7135666, 0.69238645, 1598.7919, 1598.7919, 955.3018, 717.6317, , 
65900.223178583, 006220, 3.3718023, 0.048669927, 3.3868854, 0.103570946, -0.02929088, -0.7135987, 0.6922369, 1598.7919, 1598.7919, 955.3016, 717.6312, , 
65900.239847416, 006221, 3.3729608, 0.0476453, 3.3936114, 0.10400519, -0.02947918, -0.7136259, 0.69213575, 1598.7919, 1598.7919, 955.3016, 717.6307, , 
65900.273185291, 006222, 3.3754735, 0.045691907, 3.4078016, 0.1062052, -0.030094516, -0.7133447, 0.69206506, 1598.7919, 1598.7919, 955.30115, 717.6305, , 
65900.289854166, 006223, 3.3768823, 0.044801496, 3.4151578, 0.10781766, -0.030482795, -0.71313846, 0.69201136, 1598.7919, 1598.7919, 955.30054, 717.63043, , 
65900.323191916, 006224, 3.3801734, 0.0433136, 3.4281313, 0.11070337, -0.032507133, -0.7128613, 0.6917491, 1598.7919, 1598.7919, 955.3003, 717.6297, , 
65900.339860875, 006225, 3.3819056, 0.042695455, 3.4353113, 0.111717425, -0.034117896, -0.7128215, 0.69154966, 1598.7919, 1598.7919, 955.30066, 717.6291, , 
65900.37319875, 006226, 3.3854177, 0.041747354, 3.450201, 0.113012075, -0.03748483, -0.7126893, 0.6913011, 1598.7919, 1598.7919, 955.3016, 717.6286, , 
65900.389867541, 006227, 3.387165, 0.041450143, 3.457961, 0.11334188, -0.038783155, -0.7124877, 0.69138324, 1598.7919, 1598.7919, 955.30194, 717.6289, , 
65900.423205375, 006228, 3.3910384, 0.041323766, 3.4735575, 0.11352489, -0.041955296, -0.7116136, 0.69206786, 1598.7919, 1598.7919, 955.30273, 717.6317, , 
65900.439874291, 006229, 3.3929892, 0.041652728, 3.4813564, 0.1134243, -0.044387974, -0.71107864, 0.69248235, 1598.7919, 1598.7919, 955.30347, 717.6335, , 
65900.473212041, 006230, 3.396916, 0.043181412, 3.4966204, 0.113872476, -0.05105424, -0.7097963, 0.69326454, 1598.7919, 1598.7919, 955.3059, 717.63806, , 
65900.506549875, 006231, 3.4010706, 0.045576334, 3.5109975, 0.114857726, -0.058962103, -0.70855993, 0.6937392, 1599.2438, 1599.2438, 955.3086, 717.6418, , 
65902.523486625, 006316, 3.115562, 0.0491302, 4.4263353, -0.13354093, 0.13815641, 0.69112027, -0.69672984, 1599.2438, 1599.2438, 955.345, 717.6889, , 
65902.556824375, 006317, 3.1082218, 0.051628068, 4.4438252, -0.13250372, 0.1430927, 0.6907771, -0.69627166, 1598.7919, 1598.7919, 955.3504, 717.69055, , 
65902.573493333, 006318, 3.104094, 0.052848577, 4.452846, -0.13212043, 0.14414327, 0.69044256, -0.6964596, 1599.2438, 1599.2438, 955.35156, 717.6919, , 
65902.590162208, 006319, 3.09978, 0.054053545, 4.4619565, -0.13191001, 0.14456628, 0.6902829, -0.6965701, 1599.2438, 1599.2438, 955.3522, 717.6928, , 
65902.606831083, 006320, 3.0953803, 0.054928273, 4.471451, -0.1317164, 0.1449647, 0.690435, -0.69637316, 1599.2438, 1599.2438, 955.3527, 717.6926, , 
65902.623499916, 006321, 3.090969, 0.0558443, 4.4805555, -0.13140605, 0.1456118, 0.69088674, -0.6958485, 1599.2438, 1599.2438, 955.3536, 717.69147, , 
65902.656837791, 006322, 3.0819302, 0.05737239, 4.49836, -0.13069701, 0.14716023, 0.69226265, -0.6942871, 1599.2438, 1599.2438, 955.35626, 717.68665, , 
65902.67350675, 006323, 3.077103, 0.057941742, 4.5074124, -0.1303548, 0.14744644, 0.69291925, -0.6936354, 1599.2438, 1599.2438, 955.3572, 717.6845, , 
65902.690175583, 006324, 3.0719824, 0.058367774, 4.5166264, 0.13000357, -0.14736935, -0.6933532, 0.69328403, 1599.2438, 1599.2438, 955.3576, 717.683, , 
65902.706844458, 006325, 3.0665853, 0.058631252, 4.5259285, 0.12968749, -0.14724213, -0.6935375, 0.6931858, 1599.2438, 1599.2438, 955.35785, 717.6822, , 
65902.74018225, 006326, 3.0547059, 0.05812075, 4.545655, -0.1288365, 0.14751694, 0.6932205, -0.6936031, 1599.2438, 1599.2438, 955.3586, 717.6831, , 
65902.756851166, 006327, 3.0486667, 0.05778744, 4.5549684, -0.12806709, 0.14795052, 0.69307816, -0.6937955, 1599.2438, 1599.2438, 955.35925, 717.6842, , 
65902.773519958, 006328, 3.0426118, 0.05736815, 4.5641713, -0.12662442, 0.14851189, 0.69324833, -0.69377023, 1599.2438, 1599.2438, 955.36115, 717.68475, , 
65902.806857833, 006329, 3.0306268, 0.05569756, 4.5832715, 0.12235736, -0.15064663, -0.69422287, 0.69310087, 1599.2438, 1599.2438, 955.3661, 717.684, , 
65902.823526791, 006330, 3.0244257, 0.05484537, 4.592708, 0.11963202, -0.15164776, -0.69485635, 0.6927235, 1599.2438, 1599.2438, 955.37054, 717.6831, , 
65902.84019575, 006331, 3.0180087, 0.054171935, 4.601942, 0.11656183, -0.15219148, -0.695578, 0.6924033, 1599.2438, 1599.2438, 955.3738, 717.68243, , 
65902.8568645, 006332, 3.0114706, 0.053596973, 4.6111045, 0.11309039, -0.1524664, -0.69648355, 0.6920081, 1599.2438, 1599.2438, 955.37714, 717.6814, , 
65902.890202375, 006333, 2.998355, 0.052572444, 4.628937, 0.10540449, -0.1536243, -0.69885695, 0.6905712, 1599.2438, 1599.2438, 955.387, 717.67694, , 
65902.906871291, 006334, 2.991745, 0.052187573, 4.637891, 0.10133184, -0.15468693, -0.70021033, 0.6895718, 1599.2438, 1599.2438, 955.39215, 717.6744, , 
65902.940208958, 006335, 2.97853, 0.051723816, 4.65487, 0.09171807, -0.15766905, -0.7031203, 0.6872774, 1599.2438, 1599.2438, 955.40717, 717.6679, , 
65902.956877916, 006336, 2.9717185, 0.05197753, 4.6634307, 0.08616754, -0.15882878, -0.70468223, 0.68612796, 1599.2438, 1599.2438, 955.41473, 717.6649, , 
65902.973546875, 006337, 2.9646542, 0.052709572, 4.672302, 0.080801785, -0.15904419, -0.7061768, 0.68519366, 1599.6957, 1599.6957, 955.42377, 717.66095, , 
65903.006884541, 006338, 2.9494674, 0.055980496, 4.6917033, 0.07240079, -0.15630881, -0.70897967, 0.6838666, 1599.2438, 1599.2438, 955.4317, 717.65436, , 
65903.023553458, 006339, 2.9416926, 0.058248572, 4.701685, 0.069330685, -0.15399694, -0.71032387, 0.6833141, 1599.2438, 1599.2438, 955.4334, 717.6506, , 
65903.040222416, 006340, 2.9339225, 0.06070278, 4.7115335, 0.06688606, -0.15150201, -0.7114525, 0.68294126, 1599.2438, 1599.2438, 955.43427, 717.64606, , 
65903.073560083, 006341, 2.9182215, 0.06567675, 4.730691, 0.06376706, -0.1469686, -0.7126465, 0.6829854, 1599.2438, 1599.2438, 955.4331, 717.6421, , 
65903.090229083, 006342, 2.9104745, 0.067981586, 4.7398667, 0.062388863, -0.14504607, -0.7130011, 0.68315357, 1599.2438, 1599.2438, 955.432, 717.6408, , 
65903.106897958, 006343, 2.9026546, 0.070070915, 4.7494345, 0.06088701, -0.14365652, -0.71345663, 0.6831071, 1599.2438, 1599.2438, 955.432, 717.6397, , 
65903.123566875, 006344, 2.8954084, 0.07191933, 4.75806, 0.058874097, -0.14295815, -0.7141729, 0.6826815, 1599.2438, 1599.2438, 955.4332, 717.63806, , 
65903.156904583, 006345, 2.8823106, 0.07486756, 4.7735896, 0.052845348, -0.14323767, -0.7165528, 0.6806192, 1599.2438, 1599.2438, 955.4419, 717.6309, , 
65903.173573583, 006346, 2.8761988, 0.07606771, 4.7809534, 0.04927559, -0.14374335, -0.7179512, 0.6793055, 1599.6957, 1599.6957, 955.44727, 717.62695, , 
65903.1902425, 006347, 2.8701866, 0.077168584, 4.7882795, 0.045802195, -0.14416376, -0.7192806, 0.6780518, 1599.6957, 1599.6957, 955.45435, 717.6218, , 
65903.206911375, 006348, 2.863645, 0.078242525, 4.796281, 0.04267468, -0.14401099, -0.72049916, 0.6769939, 1599.2438, 1599.2438, 955.45886, 717.61816, , 
65903.240249125, 006349, 2.8508434, 0.08049337, 4.8126163, 0.03762601, -0.14082238, -0.7226584, 0.6756614, 1599.2438, 1599.2438, 955.46344, 717.6102, , 
65903.256918041, 006350, 2.8446329, 0.08163879, 4.8207884, 0.035625454, -0.13828033, -0.72358525, 0.67530274, 1599.2438, 1599.2438, 955.4633, 717.6072, , 
65903.273586958, 006351, 2.8384738, 0.08273816, 4.8289676, 0.0336262, -0.13556226, -0.7244104, 0.6750717, 1599.2438, 1599.2438, 955.4626, 717.60443, , 
65903.306924625, 006352, 2.826549, 0.08526241, 4.8442006, 0.029403126, -0.13088346, -0.72553104, 0.6749886, 1599.2438, 1599.2438, 955.4619, 717.5999, , 
65903.323593666, 006353, 2.8206258, 0.086328015, 4.8516994, 0.0274431, -0.12913713, -0.72576416, 0.675157, 1599.2438, 1599.2438, 955.46204, 717.59906, , 
65903.340262541, 006354, 2.814686, 0.0871132, 4.859361, 0.025601488, -0.12766631, -0.72578144, 0.6754904, 1599.2438, 1599.2438, 955.46216, 717.5989, , 
65903.37360025, 006355, 2.8029277, 0.08811599, 4.874694, 0.022056561, -0.12551297, -0.72512007, 0.676728, 1599.2438, 1599.2438, 955.4628, 717.6012, , 
65903.39026925, 006356, 2.797134, 0.08838044, 4.882383, 0.02009945, -0.12461636, -0.7244479, 0.67767394, 1599.2438, 1599.2438, 955.4633, 717.60345, , 
65903.406938125, 006357, 2.7914293, 0.088753805, 4.889803, 0.018015293, -0.12390109, -0.7236193, 0.67874825, 1599.2438, 1599.2438, 955.46423, 717.6073, , 
65903.440275958, 006358, 2.7803972, 0.089089125, 4.9052043, 0.014301817, -0.12259501, -0.72226727, 0.68051153, 1599.2438, 1599.2438, 955.466, 717.6124, , 
65903.45694475, 006359, 2.7751572, 0.08909512, 4.9132257, 0.012986797, -0.1219468, -0.721981, 0.68095803, 1599.2438, 1599.2438, 955.46643, 717.61383, , 
65903.490282625, 006360, 2.7651467, 0.08897082, 4.929528, 0.010617511, -0.12101835, -0.7223529, 0.6807702, 1599.2438, 1599.2438, 955.4682, 717.6133, , 
65903.506951541, 006361, 2.7605371, 0.088983536, 4.937127, 0.009131657, -0.12037012, -0.72291416, 0.6803107, 1599.2438, 1599.2438, 955.4695, 717.6115, , 
65903.523620375, 006362, 2.755848, 0.08882069, 4.9452853, 0.007492224, -0.119560115, -0.72347677, 0.6798754, 1599.6957, 1599.6957, 955.47107, 717.6089, , 
65903.556958166, 006363, 2.7462704, 0.08801809, 4.962274, 0.0039176764, -0.1184686, -0.7240326, 0.6795047, 1599.6957, 1599.6957, 955.4741, 717.60657, , 
65903.573627125, 006364, 2.7414138, 0.08744012, 4.971015, 0.0019214673, -0.11782956, -0.724037, 0.6796197, 1599.6957, 1599.6957, 955.4762, 717.6063, , 
65903.590295958, 006365, 2.7365835, 0.086805135, 4.9799347, -0.00015940433, -0.11696231, -0.7239814, 0.67983145, 1599.6957, 1599.6957, 955.4776, 717.6064, , 
65903.623633791, 006366, 2.727719, 0.08511855, 4.99761, -0.0044300114, -0.11526132, -0.723928, 0.6801643, 1599.6957, 1599.6957, 955.4808, 717.60645, , 
65903.640302708, 006367, 2.7233534, 0.08428463, 5.0064926, -0.0063410993, -0.114904046, -0.7239316, 0.68020564, 1599.6957, 1599.6957, 955.4825, 717.60626, , 
65903.673640416, 006368, 2.7147202, 0.082778506, 5.0242267, -0.01035105, -0.115358196, -0.7240708, 0.67993146, 1599.6957, 1599.6957, 955.48865, 717.6055, , 
65903.69030925, 006369, 2.7104757, 0.0821551, 5.033041, -0.012777742, -0.1159506, -0.7241303, 0.67972606, 1599.6957, 1599.6957, 955.4924, 717.60516, , 
65903.70697825, 006370, 2.7067392, 0.08163313, 5.0411286, -0.015644893, -0.116708785, -0.7240833, 0.6795863, 1599.6957, 1599.6957, 955.49677, 717.60504, , 
65903.740315958, 006371, 2.6989355, 0.08156799, 5.0582395, -0.022162452, -0.11736369, -0.72403884, 0.67933965, 1600.1476, 1600.1476, 955.5078, 717.60474, , 
65903.756984875, 006372, 2.694869, 0.08212387, 5.067459, -0.02518597, -0.1164728, -0.7241372, 0.6792827, 1600.1476, 1600.1476, 955.511, 717.6041, , 
65903.79032275, 006373, 2.6868098, 0.08404722, 5.0864863, -0.030213833, -0.11236327, -0.72431946, 0.6795755, 1600.1476, 1600.1476, 955.5126, 717.6023, , 
65903.806991708, 006374, 2.683436, 0.08504564, 5.095706, -0.032634158, -0.10961989, -0.7243334, 0.6798966, 1600.1476, 1600.1476, 955.5119, 717.6018, , 
65903.823660458, 006375, 2.6800888, 0.086073086, 5.10505, -0.035141356, -0.10651945, -0.7243014, 0.6802986, 1600.1476, 1600.1476, 955.51086, 717.6013, , 
65903.856998333, 006376, 2.6730833, 0.08804392, 5.12444, -0.039318442, -0.09952406, -0.72383255, 0.68162715, 1599.6957, 1599.6957, 955.50586, 717.6016, , 
65903.87366725, 006377, 2.6696925, 0.08887584, 5.134237, -0.040840942, -0.0959275, -0.723323, 0.6825934, 1599.6957, 1599.6957, 955.5025, 717.6027, , 
65903.907004916, 006378, 2.6635363, 0.09029555, 5.1531115, -0.043469638, -0.08918175, -0.72214645, 0.6845886, 1599.6957, 1599.6957, 955.49445, 717.60657, , 
65903.923673875, 006379, 2.660714, 0.09094797, 5.162193, -0.04461201, -0.08595242, -0.72173697, 0.68535954, 1599.6957, 1599.6957, 955.4911, 717.6077, , 
65903.957011708, 006380, 2.654456, 0.09218253, 5.180672, -0.046936616, -0.080457814, -0.7216096, 0.68600523, 1599.6957, 1599.6957, 955.4853, 717.60803, , 
65903.9736805, 006381, 2.6512072, 0.09282129, 5.189833, -0.04843336, -0.07792381, -0.72178495, 0.68600917, 1599.2438, 1599.2438, 955.48376, 717.60706, , 
65903.9903495, 006382, 2.6478229, 0.09349048, 5.198988, -0.04989412, -0.075279914, -0.72182906, 0.6861533, 1599.6957, 1599.6957, 955.48157, 717.6061, , 
65904.023687333, 006383, 2.6411252, 0.09545504, 5.2153974, -0.05292527, -0.06908116, -0.72144103, 0.68698585, 1599.6957, 1599.6957, 955.4769, 717.60626, , 
65904.040356083, 006384, 2.637466, 0.09625116, 5.224485, -0.054692656, -0.065546006, -0.7211311, 0.687519, 1599.6957, 1599.6957, 955.47424, 717.6067, , 
65904.073693958, 006385, 2.6299264, 0.09775325, 5.2426577, -0.05830774, -0.059148923, -0.7202095, 0.688767, 1599.2438, 1599.2438, 955.46875, 717.60876, , 
65904.090362833, 006386, 2.6261072, 0.09847864, 5.251481, -0.06011, -0.05663647, -0.7196707, 0.689386, 1599.2438, 1599.2438, 955.46716, 717.61, , 
65904.10703175, 006387, 2.6228871, 0.098557666, 5.2598767, -0.062075805, -0.05462643, -0.71916157, 0.68990517, 1599.2438, 1599.2438, 955.4662, 717.61163, , 
65904.140369541, 006388, 2.6155248, 0.099734515, 5.276688, -0.06672257, -0.050703496, -0.7182199, 0.6907514, 1599.2438, 1599.2438, 955.4663, 717.61346, , 
65904.157038458, 006389, 2.6116333, 0.100561544, 5.2850914, -0.06928032, -0.048471477, -0.7177777, 0.69111925, 1599.2438, 1599.2438, 955.4663, 717.6144, , 
65904.190376125, 006390, 2.6037278, 0.102248296, 5.301375, -0.07541222, -0.044727556, -0.7170026, 0.6915344, 1599.2438, 1599.2438, 955.4681, 717.6149, , 
65904.207045083, 006391, 2.5997283, 0.10296166, 5.3091497, -0.07905214, -0.04358479, -0.7165769, 0.6916421, 1599.6957, 1599.6957, 955.4705, 717.61505, , 
65904.240382958, 006392, 2.5915754, 0.104063526, 5.3237615, -0.08764366, -0.041342143, -0.7152256, 0.6921429, 1599.6957, 1599.6957, 955.47864, 717.6161, , 
65904.257051875, 006393, 2.587186, 0.10440044, 5.3314896, -0.092750505, -0.0395286, -0.71430147, 0.69253755, 1600.1476, 1600.1476, 955.48224, 717.61707, , 
65904.290389541, 006394, 2.578011, 0.104798414, 5.347386, -0.10482221, -0.034897227, -0.71224785, 0.69317925, 1599.6957, 1599.6957, 955.4919, 717.6189, , 
65904.3070585, 006395, 2.5737092, 0.10462659, 5.3550234, -0.11149839, -0.032168463, -0.7111765, 0.69336957, 1599.6957, 1599.6957, 955.4966, 717.6192, , 
65904.340396166, 006396, 2.564347, 0.104609564, 5.371682, -0.1251989, -0.025352232, -0.70943314, 0.6930997, 1600.1476, 1600.1476, 955.5065, 717.61774, , 
65904.357065125, 006397, 2.5596433, 0.10464112, 5.380448, -0.13168922, -0.021266712, -0.7088656, 0.6926148, 1600.1476, 1600.1476, 955.5097, 717.61584, , 
65904.373734041, 006398, 2.5549536, 0.104675375, 5.38953, -0.13762514, -0.016526176, -0.70831496, 0.6921533, 1599.6957, 1599.6957, 955.5119, 717.61316, , 
65904.407071958, 006399, 2.5455353, 0.10484333, 5.4087267, -0.14817448, -0.004766544, -0.70651215, 0.6919987, 1600.1476, 1600.1476, 955.50946, 717.6114, , 
65904.423740708, 006400, 2.541424, 0.1047666, 5.4177527, -0.15361957, 0.0013611121, -0.7050127, 0.69235563, 1599.6957, 1599.6957, 955.50714, 717.61255, , 
65904.457078541, 006401, 2.5321941, 0.10499501, 5.4371495, -0.16519764, 0.013567257, -0.7014122, 0.6932146, 1599.6957, 1599.6957, 955.5046, 717.61584, , 
65904.473747458, 006402, 2.5275908, 0.105271414, 5.4466147, -0.17112803, 0.018880984, -0.69971746, 0.6933643, 1599.6957, 1599.6957, 955.50433, 717.6171, , 
65904.507085208, 006403, 2.5188122, 0.10631874, 5.464396, -0.18434045, 0.026976487, -0.69699866, 0.6924476, 1600.1476, 1600.1476, 955.5101, 717.6159, , 
65906.54069025, 006493, 2.906888, 0.1480441, 6.2176313, 0.6628999, -0.56522536, 0.28702042, -0.39837596, 1599.2438, 1599.2438, 955.4624, 717.66595, , 
65906.557359125, 006494, 2.9121408, 0.14790146, 6.2200327, 0.66372, -0.5681155, 0.28271875, -0.39596796, 1599.2438, 1599.2438, 955.4631, 717.66956, , 
65906.574027916, 006495, 2.9176266, 0.1476952, 6.2221866, 0.6645004, -0.5712372, 0.27835092, -0.39325312, 1599.2438, 1599.2438, 955.4633, 717.6747, , 
65906.60736575, 006496, 2.9283016, 0.14705333, 6.225484, 0.6660477, -0.57732934, 0.2695655, -0.38782185, 1599.2438, 1599.2438, 955.46375, 717.68207, , 
65906.624034666, 006497, 2.9336064, 0.14662692, 6.226907, 0.6667227, -0.5799196, 0.2653182, -0.38572058, 1599.6957, 1599.6957, 955.465, 717.687, , 
65906.640703541, 006498, 2.9389904, 0.14617862, 6.2281847, 0.6675633, -0.58214414, 0.26105765, -0.383818, 1599.6957, 1599.6957, 955.4667, 717.69025, , 
65906.674041291, 006499, 2.949972, 0.14518951, 6.230032, 0.66947263, -0.58626246, 0.25258648, -0.37987205, 1599.6957, 1599.6957, 955.4705, 717.6954, , 
65906.690710291, 006500, 2.955587, 0.14462312, 6.2306104, 0.6703076, -0.5883358, 0.24847096, -0.37790334, 1599.6957, 1599.6957, 955.47284, 717.69885, , 
65906.707379166, 006501, 2.9609475, 0.14369415, 6.2326617, 0.67102, -0.5904436, 0.2442663, -0.37608838, 1599.6957, 1599.6957, 955.4746, 717.70184, , 
65906.724047958, 006502, 2.9666114, 0.14290844, 6.2334795, 0.67182827, -0.592572, 0.23996529, -0.3740614, 1599.6957, 1599.6957, 955.4763, 717.7048, , 
65906.75738575, 006503, 2.9784706, 0.14142151, 6.2330837, 0.674388, -0.59657675, 0.23085667, -0.36878467, 1599.6957, 1599.6957, 955.4808, 717.7089, , 
65906.774054708, 006504, 2.9845607, 0.14066793, 6.2322917, 0.6760494, -0.5983851, 0.22628163, -0.3656354, 1599.6957, 1599.6957, 955.4825, 717.7093, , 
65906.790723666, 006505, 2.9907937, 0.13993064, 6.2312026, 0.6778006, -0.6001705, 0.22186007, -0.36216003, 1599.6957, 1599.6957, 955.4844, 717.7088, , 
65906.824061333, 006506, 3.003201, 0.13864823, 6.231173, 0.6810002, -0.6046033, 0.21388257, -0.35347965, 1599.6957, 1599.6957, 955.4834, 717.7074, , 
65906.840730291, 006507, 3.009935, 0.1380587, 6.22965, 0.6824313, -0.60700274, 0.21024327, -0.34875935, 1599.6957, 1599.6957, 955.4817, 717.707, , 
65906.857399208, 006508, 3.016636, 0.13749173, 6.2278957, 0.6838383, -0.60904664, 0.20666459, -0.34455347, 1599.6957, 1599.6957, 955.4799, 717.7061, , 
65906.874067958, 006509, 3.0231836, 0.13695998, 6.2261086, 0.68527925, -0.6105238, 0.2030936, -0.34118333, 1599.6957, 1599.6957, 955.4799, 717.7053, , 
65906.907405791, 006510, 3.0356536, 0.1360478, 6.2237, 0.68814856, -0.6118132, 0.19674751, -0.33678865, 1599.6957, 1599.6957, 955.4833, 717.7022, , 
65906.92407475, 006511, 3.0418017, 0.13585804, 6.2223296, 0.68943346, -0.61194104, 0.19452192, -0.335218, 1599.6957, 1599.6957, 955.4848, 717.70013, , 
65906.940743708, 006512, 3.0480793, 0.1359, 6.220548, 0.69048065, -0.61206937, 0.19303541, -0.33368355, 1599.6957, 1599.6957, 955.48566, 717.6982, , 
65906.957412416, 006513, 3.0545697, 0.13614945, 6.2184963, 0.69130003, -0.6124081, 0.19222492, -0.33182853, 1599.6957, 1599.6957, 955.4849, 717.69556, , 
65906.990750291, 006514, 3.06837, 0.13724568, 6.2136297, 0.692967, -0.6140603, 0.19111098, -0.3258885, 1599.6957, 1599.6957, 955.4797, 717.6915, , 
65907.00741925, 006515, 3.0759735, 0.13822836, 6.212222, 0.69412726, -0.61510056, 0.19017982, -0.32197857, 1599.6957, 1599.6957, 955.47516, 717.68787, , 
65907.024088, 006516, 3.0832908, 0.13909799, 6.2100134, 0.69534856, -0.6161, 0.18898751, -0.31811148, 1599.6957, 1599.6957, 955.47217, 717.68494, , 
65907.040756916, 006517, 3.0903718, 0.13985331, 6.2075396, 0.6965032, -0.6169884, 0.1875558, -0.3146925, 1599.6957, 1599.6957, 955.4697, 717.6824, , 
65907.057425791, 006518, 3.0972729, 0.14051802, 6.2050514, 0.6976065, -0.6177724, 0.18570246, -0.3117966, 1599.6957, 1599.6957, 955.4681, 717.67975, , 
65907.09076375, 006519, 3.110773, 0.14172855, 6.2001486, 0.6996996, -0.61927193, 0.18060648, -0.30708975, 1599.6957, 1599.6957, 955.46857, 717.67737, , 
65907.1074325, 006520, 3.1172643, 0.14222652, 6.198769, 0.7005254, -0.6202219, 0.17770313, -0.3049764, 1599.6957, 1599.6957, 955.46936, 717.677, , 
65907.124101375, 006521, 3.1239696, 0.14286765, 6.196759, 0.70109725, -0.6213869, 0.17498596, -0.3028546, 1599.6957, 1599.6957, 955.47015, 717.6775, , 
65907.140770333, 006522, 3.1307755, 0.1435812, 6.194483, 0.70142543, -0.62268955, 0.1726191, -0.30077004, 1599.6957, 1599.6957, 955.47015, 717.67847, , 
65907.174108041, 006523, 3.1443245, 0.14518994, 6.189838, 0.7018446, -0.62503487, 0.168587, -0.2971938, 1599.6957, 1599.6957, 955.4697, 717.681, , 
65907.190777, 006524, 3.1511254, 0.14608023, 6.187517, 0.70196, -0.6261567, 0.16687115, -0.2955231, 1599.6957, 1599.6957, 955.4695, 717.6821, , 
65907.207445833, 006525, 3.158031, 0.14703313, 6.185137, 0.7020103, -0.6274187, 0.16541259, -0.29354057, 1599.6957, 1599.6957, 955.46857, 717.6833, , 
65907.240783791, 006526, 3.1708207, 0.14813533, 6.1824074, 0.70193446, -0.6303456, 0.1625322, -0.28902566, 1599.6957, 1599.6957, 955.46484, 717.6862, , 
65907.257452416, 006527, 3.1778572, 0.14907585, 6.180369, 0.70183665, -0.6319048, 0.16052996, -0.28697023, 1599.2438, 1599.2438, 955.4637, 717.6881, , 
65907.274121458, 006528, 3.1849635, 0.1500092, 6.178352, 0.70183223, -0.63335556, 0.15795049, -0.2852086, 1599.2438, 1599.2438, 955.46375, 717.69104, , 
65907.307459333, 006529, 3.1991165, 0.15124196, 6.1757092, 0.7015393, -0.63586766, 0.15250741, -0.28329563, 1599.6957, 1599.6957, 955.46655, 717.69604, , 
65907.324128083, 006530, 3.2062168, 0.15163843, 6.1744456, 0.7010633, -0.6370733, 0.15005139, -0.28307682, 1599.6957, 1599.6957, 955.46924, 717.70044, , 
65907.340797, 006531, 3.2134085, 0.15199022, 6.1728306, 0.7006024, -0.6382844, 0.14775713, -0.28269637, 1599.6957, 1599.6957, 955.471, 717.70386, , 
65907.357465958, 006532, 3.220703, 0.152301, 6.170932, 0.70037466, -0.63943034, 0.14556113, -0.28180873, 1599.6957, 1599.6957, 955.47217, 717.70654, , 
65907.39080375, 006533, 3.2356834, 0.15267839, 6.1666927, 0.7002889, -0.64159065, 0.1413764, -0.2792304, 1599.6957, 1599.6957, 955.47375, 717.7108, , 
65907.407472541, 006534, 3.2428453, 0.15253514, 6.1650267, 0.70028424, -0.64271986, 0.13937928, -0.27764475, 1599.6957, 1599.6957, 955.474, 717.7122, , 
65907.4241415, 006535, 3.250502, 0.15244621, 6.16289, 0.7004363, -0.6438384, 0.13729092, -0.27570307, 1599.6957, 1599.6957, 955.4739, 717.71326, , 
65907.457479333, 006536, 3.266816, 0.15214266, 6.1581216, 0.70048934, -0.6466445, 0.13278574, -0.27117062, 1599.6957, 1599.6957, 955.4731, 717.7164, , 
65907.474148083, 006537, 3.2752593, 0.15188952, 6.155757, 0.7003691, -0.64816886, 0.1303687, -0.26900584, 1599.6957, 1599.6957, 955.4727, 717.71844, , 
65907.490817041, 006538, 3.2837238, 0.1515941, 6.1534567, 0.70043164, -0.6494144, 0.12766589, -0.26712894, 1599.6957, 1599.6957, 955.4733, 717.7209, , 
65907.524154875, 006539, 3.2990057, 0.14961547, 6.149643, 0.7010256, -0.65082806, 0.12182342, -0.26484877, 1599.6957, 1599.6957, 955.4772, 717.7229, , 
65907.540823791, 006540, 3.3073006, 0.14906989, 6.1477137, 0.70140153, -0.651096, 0.119097814, -0.26443446, 1599.6957, 1599.6957, 955.48096, 717.7236, , 
65907.557492583, 006541, 3.315761, 0.14861628, 6.1457615, 0.70182717, -0.65118474, 0.11664039, -0.26418182, 1599.6957, 1599.6957, 955.484, 717.7237, , 
65907.590830375, 006542, 3.333118, 0.14785926, 6.141503, 0.7028785, -0.6512903, 0.11238976, -0.2629662, 1599.6957, 1599.6957, 955.4888, 717.72296, , 
65907.60749925, 006543, 3.3412628, 0.14707366, 6.139258, 0.703475, -0.651465, 0.11041115, -0.26177394, 1599.6957, 1599.6957, 955.4904, 717.72205, , 
65907.624168125, 006544, 3.3499024, 0.14654082, 6.136985, 0.7042209, -0.6515707, 0.10807689, -0.2604764, 1599.6957, 1599.6957, 955.4917, 717.7209, , 
65907.657506, 006545, 3.3675878, 0.14563973, 6.132749, 0.70643264, -0.6509027, 0.10104855, -0.2589746, 1600.1476, 1600.1476, 955.50037, 717.7171, , 
65907.674174875, 006546, 3.376511, 0.14518204, 6.1306906, 0.70770365, -0.6502872, 0.097016126, -0.25859243, 1599.6957, 1599.6957, 955.506, 717.7149, , 
65907.690843833, 006547, 3.385514, 0.1448026, 6.12847, 0.7088681, -0.6497939, 0.09354444, -0.25792107, 1599.6957, 1599.6957, 955.511, 717.7127, , 
65907.724181541, 006548, 3.4031744, 0.14338371, 6.1226687, 0.7107205, -0.64947575, 0.089543015, -0.25502887, 1599.6957, 1599.6957, 955.51526, 717.7076, , 
65907.740850416, 006549, 3.4124024, 0.14334488, 6.1196733, 0.71152765, -0.64954966, 0.08868942, -0.25287908, 1599.6957, 1599.6957, 955.5142, 717.7053, , 
65907.757519333, 006550, 3.4217587, 0.14351083, 6.116558, 0.712339, -0.649694, 0.088070385, -0.2504286, 1599.6957, 1599.6957, 955.51154, 717.702, , 
65907.790857041, 006551, 3.4406147, 0.14431457, 6.1100426, 0.7140915, -0.6500162, 0.086665235, -0.24503359, 1599.6957, 1599.6957, 955.5068, 717.6967, , 
65907.807525958, 006552, 3.4500866, 0.14426081, 6.106666, 0.71499217, -0.6501522, 0.08559078, -0.24240975, 1600.1476, 1600.1476, 955.5041, 717.69305, , 
65907.824194875, 006553, 3.4594736, 0.14461522, 6.1033115, 0.7158237, -0.6503196, 0.08441674, -0.23990571, 1600.1476, 1600.1476, 955.5026, 717.69073, , 
65907.857532625, 006554, 3.4779847, 0.14581168, 6.09629, 0.7170225, -0.6511674, 0.08224482, -0.23472431, 1599.6957, 1599.6957, 955.49915, 717.6872, , 
65907.874201541, 006555, 3.4870563, 0.14647277, 6.0925956, 0.7172765, -0.6518978, 0.081536025, -0.23215416, 1599.6957, 1599.6957, 955.49585, 717.6862, , 
65907.907539333, 006556, 3.5039465, 0.1470839, 6.085373, 0.7176938, -0.65344334, 0.07946062, -0.2271858, 1599.6957, 1599.6957, 955.49133, 717.6857, , 
65907.924208125, 006557, 3.512094, 0.14734618, 6.0815954, 0.71797985, -0.6540731, 0.07818909, -0.2248995, 1599.6957, 1599.6957, 955.48926, 717.6852, , 
65907.957546, 006558, 3.5280626, 0.14802982, 6.0735693, 0.7186669, -0.65491533, 0.075228624, -0.22123389, 1599.6957, 1599.6957, 955.488, 717.68414, , 
65907.974214916, 006559, 3.5357733, 0.14839365, 6.0693283, 0.7191354, -0.65512425, 0.073566146, -0.21964641, 1599.6957, 1599.6957, 955.48816, 717.683, , 
65907.990883833, 006560, 3.5432923, 0.14879346, 6.064887, 0.71963584, -0.6552753, 0.07215842, -0.21801773, 1599.6957, 1599.6957, 955.48816, 717.6819, , 
65908.024221458, 006561, 3.5573885, 0.14906147, 6.0554967, 0.7205562, -0.6556528, 0.07032253, -0.21441294, 1599.6957, 1599.6957, 955.4861, 717.67896, , 
65908.040890416, 006562, 3.564323, 0.14932656, 6.050503, 0.7209081, -0.6559744, 0.0696922, -0.212443, 1599.6957, 1599.6957, 955.4845, 717.67786, , 
65908.074228166, 006563, 3.5782285, 0.14993997, 6.040122, 0.7212607, -0.6569951, 0.06796355, -0.20861773, 1599.6957, 1599.6957, 955.48096, 717.67694, , 
65908.090897125, 006564, 3.5851269, 0.15006053, 6.03484, 0.72127324, -0.6576125, 0.06671221, -0.20702694, 1599.6957, 1599.6957, 955.4803, 717.67725, , 
65908.124234875, 006565, 3.5982, 0.14828077, 6.0246496, 0.72103834, -0.65877706, 0.063645005, -0.20509933, 1599.6957, 1599.6957, 955.4811, 717.6792, , 
65908.140903708, 006566, 3.604892, 0.14777564, 6.0191464, 0.72077274, -0.65941054, 0.062171105, -0.20444854, 1599.6957, 1599.6957, 955.48193, 717.68054, , 
65908.174241541, 006567, 3.6183543, 0.1466798, 6.007231, 0.72005516, -0.6609595, 0.05958105, -0.20273933, 1599.6957, 1599.6957, 955.4826, 717.6839, , 
65908.190910458, 006568, 3.6250386, 0.14605528, 6.000852, 0.7197473, -0.6616945, 0.058514126, -0.20174304, 1599.6957, 1599.6957, 955.48236, 717.68585, , 
65908.224248166, 006569, 3.6371245, 0.14353694, 5.990063, 0.71947736, -0.6623196, 0.056893453, -0.20111747, 1599.6957, 1599.6957, 955.48285, 717.68744, , 
65908.240917125, 006570, 3.6433072, 0.14266188, 5.9836044, 0.71959245, -0.66217643, 0.056313023, -0.20134059, 1599.6957, 1599.6957, 955.48413, 717.6872, , 
65908.257586, 006571, 3.6494596, 0.1418192, 5.976875, 0.7197717, -0.66186714, 0.055876732, -0.20183739, 1599.6957, 1599.6957, 955.4854, 717.68665, , 
65908.29092375, 006572, 3.6617694, 0.1401907, 5.9628606, 0.719941, -0.6612515, 0.055553332, -0.20333506, 1599.6957, 1599.6957, 955.4881, 717.68585, , 
65908.307592666, 006573, 3.66811, 0.13909143, 5.9570265, 0.72000116, -0.66088396, 0.055408847, -0.20435393, 1599.6957, 1599.6957, 955.4898, 717.6855, , 
65908.3409305, 006574, 3.680098, 0.13721527, 5.9433374, 0.7202378, -0.65969414, 0.055089973, -0.20742783, 1599.6957, 1599.6957, 955.49414, 717.6845, , 
65908.357599333, 006575, 3.6858861, 0.136276, 5.936189, 0.72035295, -0.65896773, 0.054831352, -0.20939596, 1599.6957, 1599.6957, 955.49817, 717.68396, , 
65908.390937166, 006576, 3.6973817, 0.13457766, 5.9216666, 0.7205497, -0.6574939, 0.053294737, -0.21370447, 1599.6957, 1599.6957, 955.5062, 717.6834, , 
65908.407606, 006577, 3.703222, 0.13394168, 5.91413, 0.7206167, -0.65695214, 0.052269794, -0.2153912, 1599.6957, 1599.6957, 955.51154, 717.68335, , 
65908.44094375, 006578, 3.7158, 0.1335612, 5.9011035, 0.72021925, -0.65684897, 0.050286617, -0.21749704, 1599.6957, 1599.6957, 955.51746, 717.6845, , 
65908.457612625, 006579, 3.7221444, 0.13370463, 5.893127, 0.71981883, -0.657306, 0.049547005, -0.21761173, 1599.6957, 1599.6957, 955.5191, 717.68646, , 
65908.474281583, 006580, 3.7285857, 0.13408767, 5.8848104, 0.7194, -0.6579798, 0.04901167, -0.2170806, 1599.6957, 1599.6957, 955.519, 717.688, , 
65908.507619458, 006581, 3.7418041, 0.13488813, 5.8682494, 0.71881354, -0.6593331, 0.048101217, -0.21511182, 1599.6957, 1599.6957, 955.51654, 717.69055, , 
65908.524288208, 006582, 3.7483156, 0.13551867, 5.8599443, 0.7187246, -0.6597866, 0.04762845, -0.21412165, 1599.6957, 1599.6957, 955.5156, 717.6911, , 
65910.557892666, 006672, 4.5784793, 0.15878712, 4.9224186, 0.7266003, -0.6665452, -0.088217065, -0.14137653, 1600.1476, 1600.1476, 955.6243, 717.63666, , 
65910.574561541, 006673, 4.5855083, 0.15963449, 4.915151, 0.72734654, -0.6661322, -0.089960866, -0.13835436, 1600.1476, 1600.1476, 955.6228, 717.6331, , 
65910.591230458, 006674, 4.592575, 0.16068153, 4.9077406, 0.7279311, -0.6660046, -0.09160286, -0.1347707, 1599.6957, 1599.6957, 955.62, 717.63025, , 
65910.624568125, 006675, 4.606171, 0.16320042, 4.892882, 0.72878456, -0.66592586, -0.095455274, -0.12768784, 1599.6957, 1599.6957, 955.6134, 717.62476, , 
65910.641237125, 006676, 4.612811, 0.16438054, 4.8858247, 0.729112, -0.6657253, -0.097855315, -0.12501937, 1599.6957, 1599.6957, 955.6126, 717.6225, , 
65910.67457475, 006677, 4.6255264, 0.16647986, 4.8721685, 0.729546, -0.6652261, -0.10283467, -0.12108628, 1599.6957, 1599.6957, 955.6143, 717.6181, , 
65910.691243666, 006678, 4.631573, 0.16744816, 4.865284, 0.7298328, -0.6648941, -0.10532829, -0.1190203, 1599.6957, 1599.6957, 955.61536, 717.616, , 
65910.7245815, 006679, 4.6436863, 0.1695809, 4.850157, 0.7305495, -0.6643367, -0.10971725, -0.113649935, 1599.6957, 1599.6957, 955.61456, 717.6104, , 
65910.741250458, 006680, 4.649344, 0.17050624, 4.8427243, 0.7308292, -0.664278, -0.111204855, -0.11071103, 1599.6957, 1599.6957, 955.6125, 717.6084, , 
65910.774588083, 006681, 4.6603985, 0.17213342, 4.8280272, 0.73106223, -0.6645667, -0.11286806, -0.10564047, 1600.1476, 1600.1476, 955.60583, 717.6061, , 
65910.791257041, 006682, 4.665791, 0.17277166, 4.8208113, 0.73108417, -0.66473156, -0.113488905, -0.1037699, 1600.1476, 1600.1476, 955.60364, 717.60547, , 
65910.807925958, 006683, 4.6711283, 0.17327587, 4.8136344, 0.73095554, -0.66502804, -0.113957234, -0.10225234, 1600.1476, 1600.1476, 955.60175, 717.6054, , 
65910.841263666, 006684, 4.6821775, 0.17346464, 4.7970533, 0.73016346, -0.6662514, -0.114825, -0.098922566, 1600.1476, 1600.1476, 955.59686, 717.6074, , 
65910.857932583, 006685, 4.687523, 0.17359796, 4.789458, 0.7296711, -0.66690665, -0.115748554, -0.09704597, 1600.1476, 1600.1476, 955.5948, 717.60864, , 
65910.891270416, 006686, 4.6978483, 0.1735631, 4.774593, 0.72859424, -0.6679698, -0.118887804, -0.09398124, 1600.1476, 1600.1476, 955.5935, 717.611, , 
65910.907939166, 006687, 4.702824, 0.1734166, 4.7671685, 0.7279969, -0.66845363, -0.12083187, -0.09268173, 1600.1476, 1600.1476, 955.59424, 717.6121, , 
65910.941277125, 006688, 4.713413, 0.17269987, 4.7510076, 0.7268192, -0.66940206, -0.12465597, -0.08997556, 1600.1476, 1600.1476, 955.59595, 717.61426, , 
65910.957946, 006689, 4.7180834, 0.17246747, 4.7433214, 0.72640926, -0.66968906, -0.126255, -0.08891536, 1600.1476, 1600.1476, 955.59656, 717.6148, , 
65910.991283625, 006690, 4.72679, 0.17191693, 4.728256, 0.7259249, -0.6697179, -0.1294439, -0.08806412, 1600.1476, 1600.1476, 955.6003, 717.61487, , 
65911.007952541, 006691, 4.7309027, 0.17158364, 4.7207804, 0.7258423, -0.6694657, -0.13119008, -0.08807732, 1600.1476, 1600.1476, 955.603, 717.61426, , 
65911.041290416, 006692, 4.739963, 0.17062934, 4.7049723, 0.72568816, -0.66883534, -0.13511941, -0.08819711, 1600.1476, 1600.1476, 955.61084, 717.61206, , 
65911.057959208, 006693, 4.7439394, 0.17017552, 4.697175, 0.7255034, -0.6685975, -0.1373122, -0.08813349, 1599.6957, 1599.6957, 955.6143, 717.61115, , 
65911.091297, 006694, 4.7516217, 0.16917026, 4.6815414, 0.72473466, -0.66838753, -0.14200327, -0.08861684, 1600.1476, 1600.1476, 955.62384, 717.61084, , 
65911.107965916, 006695, 4.756036, 0.16844153, 4.672854, 0.724375, -0.66813344, -0.1446327, -0.08921864, 1600.1476, 1600.1476, 955.6292, 717.61035, , 
65911.141303625, 006696, 4.763339, 0.167524, 4.6564684, 0.72428185, -0.66690546, -0.14983515, -0.09056714, 1600.1476, 1600.1476, 955.6426, 717.6068, , 
65911.1579725, 006697, 4.766699, 0.1672396, 4.648327, 0.72446907, -0.66605884, -0.1522353, -0.09129393, 1600.1476, 1600.1476, 955.64813, 717.6047, , 
65911.191310375, 006698, 4.773278, 0.16700551, 4.6318917, 0.72487825, -0.6642956, -0.15681365, -0.09312583, 1600.1476, 1600.1476, 955.6616, 717.5991, , 
65911.207979166, 006699, 4.776593, 0.16707096, 4.623581, 0.7248894, -0.6637063, -0.15857665, -0.09424831, 1600.1476, 1600.1476, 955.667, 717.59766, , 
65911.224648083, 006700, 4.7799315, 0.16745149, 4.614564, 0.7247069, -0.66344714, -0.15987496, -0.09527824, 1600.1476, 1600.1476, 955.67163, 717.597, , 
65911.257985875, 006701, 4.786504, 0.16867305, 4.5966673, 0.7246359, -0.6632172, -0.16100317, -0.09551771, 1600.1476, 1600.1476, 955.67584, 717.59607, , 
65911.274654625, 006702, 4.7897315, 0.16956764, 4.5875974, 0.7246933, -0.6632185, -0.1610344, -0.0950201, 1600.1476, 1600.1476, 955.6751, 717.59576, , 
65911.307992458, 006703, 4.7961698, 0.1715307, 4.568767, 0.7252151, -0.6626512, -0.16144612, -0.09429559, 1600.1476, 1600.1476, 955.67444, 717.59326, , 
65911.3246615, 006704, 4.7993245, 0.1726459, 4.5596695, 0.725585, -0.6621187, -0.16195913, -0.0943107, 1600.1476, 1600.1476, 955.67535, 717.5915, , 
65911.357999083, 006705, 4.8055444, 0.17502654, 4.5424633, 0.72580254, -0.6615118, -0.16288477, -0.09529636, 1600.1476, 1600.1476, 955.67957, 717.5892, , 
65911.374668, 006706, 4.8086896, 0.1762183, 4.5341153, 0.725547, -0.661614, -0.16309713, -0.09616603, 1600.1476, 1600.1476, 955.6815, 717.5897, , 
65911.408005875, 006707, 4.815148, 0.17810096, 4.5178666, 0.7244696, -0.6625474, -0.16295254, -0.098087914, 1600.1476, 1600.1476, 955.6851, 717.5936, , 
65911.424674666, 006708, 4.81841, 0.17896937, 4.5098743, 0.723821, -0.66319865, -0.16260856, -0.099041, 1600.1476, 1600.1476, 955.6859, 717.596, , 
65911.458012416, 006709, 4.824999, 0.18063302, 4.4942, 0.7223976, -0.6645326, -0.16223004, -0.10109132, 1600.1476, 1600.1476, 955.68884, 717.6019, , 
65911.474681333, 006710, 4.8283877, 0.18139549, 4.486424, 0.7216686, -0.6652228, -0.1622636, -0.10170348, 1599.6957, 1599.6957, 955.6899, 717.6045, , 
65911.508019041, 006711, 4.8353815, 0.18279108, 4.4707603, 0.7203194, -0.66662675, -0.16283189, -0.10116527, 1600.1476, 1600.1476, 955.6899, 717.6087, , 
65911.524687916, 006712, 4.8395643, 0.18267535, 4.4621277, 0.7197461, -0.6672522, -0.16333546, -0.10030784, 1599.6957, 1599.6957, 955.68884, 717.61096, , 
65911.541356958, 006713, 4.843335, 0.18306297, 4.4540577, 0.71936715, -0.6676895, -0.16394174, -0.09912028, 1599.6957, 1599.6957, 955.6878, 717.61194, , 
65911.574694583, 006714, 4.850545, 0.18427007, 4.438424, 0.7193345, -0.6678684, -0.16521966, -0.0959803, 1600.1476, 1600.1476, 955.68384, 717.61115, , 
65911.591363541, 006715, 4.8541303, 0.18489683, 4.4307537, 0.7195455, -0.66770196, -0.16593881, -0.09430083, 1600.1476, 1600.1476, 955.6821, 717.6098, , 
65911.624701375, 006716, 4.8618164, 0.1850868, 4.415137, 0.7197391, -0.6674712, -0.1677042, -0.09128734, 1600.1476, 1600.1476, 955.6793, 717.6073, , 
65911.641370291, 006717, 4.8656683, 0.18538803, 4.4077473, 0.7195733, -0.6675294, -0.16888557, -0.08997974, 1600.1476, 1600.1476, 955.67883, 717.60675, , 
65911.674707916, 006718, 4.8735986, 0.18584776, 4.393402, 0.7186832, -0.66802657, -0.17177099, -0.08791846, 1600.1476, 1600.1476, 955.6798, 717.60724, , 
65911.691376916, 006719, 4.8776436, 0.18596122, 4.3863482, 0.71810687, -0.6683306, -0.17347206, -0.08697249, 1600.1476, 1600.1476, 955.68115, 717.60803, , 
65911.724714625, 006720, 4.8868155, 0.18575512, 4.3715982, 0.71714294, -0.6686858, -0.17690556, -0.08526302, 1600.1476, 1600.1476, 955.6841, 717.6089, , 
65911.741383458, 006721, 4.8910356, 0.18568254, 4.3646502, 0.7168959, -0.6685655, -0.17878169, -0.08436569, 1600.1476, 1600.1476, 955.6863, 717.6083, , 
65911.758052375, 006722, 4.8952413, 0.18560977, 4.357775, 0.716832, -0.6682213, -0.18079443, -0.083339855, 1600.1476, 1600.1476, 955.68805, 717.607, , 
65911.791390291, 006723, 4.903851, 0.18536595, 4.3441696, 0.71692324, -0.6671573, -0.18521962, -0.08133833, 1600.1476, 1600.1476, 955.69305, 717.6024, , 
65911.808059041, 006724, 4.9085746, 0.18499382, 4.3379264, 0.71685946, -0.6666128, -0.1878248, -0.080384545, 1600.1476, 1600.1476, 955.6959, 717.6003, , 
65911.841396875, 006725, 4.917834, 0.18460779, 4.324565, 0.71668875, -0.6654751, -0.19342905, -0.07800891, 1600.1476, 1600.1476, 955.7028, 717.5953, , 
65911.858065791, 006726, 4.922456, 0.18447205, 4.3177896, 0.7166447, -0.6648296, -0.19627099, -0.07680871, 1600.1476, 1600.1476, 955.7058, 717.59283, , 
65911.891403458, 006727, 4.9318485, 0.18426888, 4.3045354, 0.7162338, -0.66357744, -0.20254086, -0.075175196, 1600.1476, 1600.1476, 955.71545, 717.58777, , 
65911.908072416, 006728, 4.936652, 0.18425769, 4.2979894, 0.7157967, -0.66295546, -0.20631465, -0.074561566, 1600.1476, 1600.1476, 955.7212, 717.5858, , 
65911.924741333, 006729, 4.941938, 0.18446691, 4.291333, 0.7153277, -0.66223204, -0.2105365, -0.07368415, 1600.1476, 1600.1476, 955.7274, 717.58344, , 
65911.958079041, 006730, 4.9515095, 0.18551312, 4.2778087, 0.71447545, -0.660668, -0.21932214, -0.070288464, 1600.1476, 1600.1476, 955.73987, 717.5768, , 
65911.974747875, 006731, 4.9560437, 0.1863997, 4.2710195, 0.7141275, -0.6598658, -0.2235594, -0.06797212, 1600.1476, 1600.1476, 955.7436, 717.5738, , 
65912.00808575, 006732, 4.9643016, 0.18844537, 4.2584743, 0.7136637, -0.65780556, -0.23216021, -0.06385619, 1600.1476, 1600.1476, 955.7529, 717.56555, , 
65912.024754541, 006733, 4.9683194, 0.18956612, 4.2525883, 0.7135372, -0.6564996, -0.23661911, -0.06232415, 1600.1476, 1600.1476, 955.7585, 717.5613, , 
65912.058092375, 006734, 4.97639, 0.19217627, 4.240856, 0.7134962, -0.65378046, -0.24507183, -0.05860027, 1600.1476, 1600.1476, 955.7702, 717.55066, , 
65912.074761291, 006735, 4.9803777, 0.19371654, 4.234836, 0.7136407, -0.65247697, -0.24878053, -0.05566858, 1600.1476, 1600.1476, 955.77234, 717.54584, , 
65912.09143, 006736, 4.984351, 0.1953453, 4.2288074, 0.7138041, -0.6512768, -0.25215444, -0.052346192, 1600.1476, 1600.1476, 955.77277, 717.54126, , 
65912.124767875, 006737, 4.9919906, 0.19841884, 4.2183576, 0.71382594, -0.6491412, -0.25869092, -0.046339206, 1600.1476, 1600.1476, 955.77313, 717.53174, , 
65912.141436791, 006738, 4.9958544, 0.19986479, 4.2130933, 0.71351177, -0.64835584, -0.26188222, -0.0441955, 1600.1476, 1600.1476, 955.7749, 717.5287, , 
65912.1747745, 006739, 5.003431, 0.20251392, 4.2029266, 0.71248335, -0.6471684, -0.26811445, -0.04068475, 1600.1476, 1600.1476, 955.7808, 717.5237, , 
65912.191443416, 006740, 5.0070705, 0.20374529, 4.1979594, 0.7119848, -0.6465737, -0.27113596, -0.038799014, 1600.1476, 1600.1476, 955.7829, 717.52167, , 
65912.224781208, 006741, 5.0139256, 0.2059258, 4.1886287, 0.7112503, -0.6449006, -0.2775251, -0.03472611, 1600.5995, 1600.5995, 955.7879, 717.51526, , 
65912.24145, 006742, 5.0171633, 0.2068405, 4.1839037, 0.7110705, -0.64388365, -0.28059882, -0.032510903, 1600.5995, 1600.5995, 955.78986, 717.51184, , 
65912.274787791, 006743, 5.0233297, 0.20843492, 4.1743565, 0.71105456, -0.64206547, -0.28530264, -0.027490385, 1600.1476, 1600.1476, 955.78973, 717.5043, , 
65912.291456708, 006744, 5.0263834, 0.20909117, 4.1696143, 0.71107405, -0.64139503, -0.28697532, -0.025124965, 1600.1476, 1600.1476, 955.78827, 717.5017, , 
65912.324794416, 006745, 5.0329957, 0.21006562, 4.160574, 0.7107926, -0.6406535, -0.28961524, -0.021449491, 1600.1476, 1600.1476, 955.78546, 717.4982, , 
65912.341463416, 006746, 5.036409, 0.21052442, 4.156046, 0.7104955, -0.6404771, -0.2908333, -0.020029688, 1600.1476, 1600.1476, 955.785, 717.49744, , 
65912.358132291, 006747, 5.039832, 0.21102102, 4.1514316, 0.71013296, -0.64042604, -0.29191497, -0.018741438, 1600.1476, 1600.1476, 955.7844, 717.49695, , 
65912.391469958, 006748, 5.0467234, 0.21211378, 4.1420856, 0.70925254, -0.6407635, -0.29344237, -0.016567564, 1600.1476, 1600.1476, 955.78265, 717.4975, , 
65912.408138875, 006749, 5.0505757, 0.21255405, 4.1376724, 0.7086109, -0.64129466, -0.29387528, -0.015782697, 1600.1476, 1600.1476, 955.78174, 717.49866, , 
65912.441476708, 006750, 5.058054, 0.21347107, 4.128731, 0.7071588, -0.6427556, -0.29420516, -0.015324941, 1600.1476, 1600.1476, 955.78046, 717.50354, , 
65912.458145708, 006751, 5.061793, 0.21384574, 4.1244507, 0.70642585, -0.6434525, -0.2944173, -0.015805537, 1600.1476, 1600.1476, 955.7815, 717.50574, , 
65912.491483333, 006752, 5.0693636, 0.21451233, 4.116266, 0.7052007, -0.64463925, -0.2946392, -0.01788929, 1600.1476, 1600.1476, 955.7864, 717.5103, , 
65912.508152291, 006753, 5.0744047, 0.21492662, 4.1124773, 0.7046462, -0.64508617, -0.2948951, -0.019351566, 1600.5995, 1600.5995, 955.78973, 717.5117, , 
65912.541489916, 006754, 5.0829744, 0.21556906, 4.104857, 0.70382065, -0.64535946, -0.29601353, -0.022884648, 1600.1476, 1600.1476, 955.8006, 717.5133, , 
65914.558424916, 006843, 5.513852, 0.2403384, 4.1903687, 0.62789464, -0.3138922, 0.4238068, -0.57237035, 1600.5995, 1600.5995, 955.88556, 717.5057, , 
65914.575093833, 006844, 5.517806, 0.240449, 4.192133, 0.6250223, -0.31176922, 0.4274663, -0.573951, 1600.5995, 1600.5995, 955.8821, 717.5072, , 
65914.608431708, 006845, 5.5234756, 0.24002443, 4.1936536, 0.6190402, -0.30766436, 0.4364112, -0.5759141, 1600.1476, 1600.1476, 955.87195, 717.50684, , 
65914.625100625, 006846, 5.5266175, 0.23982279, 4.194537, 0.6160606, -0.30472934, 0.44145086, -0.576828, 1600.1476, 1600.1476, 955.8673, 717.5053, , 
65914.641769375, 006847, 5.530283, 0.23965459, 4.195802, 0.61318976, -0.300768, 0.44662872, -0.57797897, 1600.1476, 1600.1476, 955.8645, 717.502, , 
65914.67510725, 006848, 5.5380607, 0.23906271, 4.198852, 0.6068752, -0.29106414, 0.45716205, -0.58136654, 1600.1476, 1600.1476, 955.8658, 717.49713, , 
65914.691776083, 006849, 5.5422673, 0.23872428, 4.2007065, 0.60292315, -0.2863695, 0.4625844, -0.5835167, 1600.1476, 1600.1476, 955.8654, 717.49585, , 
65914.708444875, 006850, 5.5439053, 0.23864539, 4.201099, 0.5985828, -0.28216475, 0.46809378, -0.58563644, 1600.1476, 1600.1476, 955.863, 717.4959, , 
65914.741782791, 006851, 5.552293, 0.23826133, 4.2049594, 0.58933395, -0.27518132, 0.47908038, -0.5894428, 1600.1476, 1600.1476, 955.8524, 717.49695, , 
65914.758451625, 006852, 5.5571685, 0.23797931, 4.2075186, 0.584646, -0.2715898, 0.48427287, -0.5915301, 1600.5995, 1600.5995, 955.84814, 717.49786, , 
65914.775120625, 006853, 5.562052, 0.23763655, 4.2102585, 0.5799352, -0.26757455, 0.48930958, -0.59384775, 1600.5995, 1600.5995, 955.8451, 717.49915, , 
65914.80845825, 006854, 5.5701632, 0.23710476, 4.214666, 0.5707376, -0.25858703, 0.49950358, -0.5982371, 1600.5995, 1600.5995, 955.84045, 717.50085, , 
65914.825127208, 006855, 5.5745234, 0.23686852, 4.2171664, 0.56597286, -0.25398368, 0.50481284, -0.60027575, 1600.5995, 1600.5995, 955.8385, 717.501, , 
65914.858464833, 006856, 5.5843334, 0.23651306, 4.223173, 0.5557988, -0.2449313, 0.5157459, -0.6042372, 1600.1476, 1600.1476, 955.8321, 717.50146, , 
65914.87513375, 006857, 5.5893464, 0.23644204, 4.226343, 0.5505215, -0.24031729, 0.52135456, -0.60610485, 1600.1476, 1600.1476, 955.8288, 717.50146, , 
65914.908471625, 006858, 5.5973606, 0.23647143, 4.231635, 0.53995353, -0.23019621, 0.5323495, -0.60997045, 1600.1476, 1600.1476, 955.8235, 717.50104, , 
65914.925140333, 006859, 5.6013656, 0.23654176, 4.2344236, 0.5347142, -0.22469287, 0.5374423, -0.61216795, 1600.1476, 1600.1476, 955.82263, 717.5013, , 
65914.958478166, 006860, 5.61018, 0.23678963, 4.2407556, 0.52451336, -0.21404216, 0.54648733, -0.61678463, 1600.1476, 1600.1476, 955.82245, 717.50385, , 
65914.975147166, 006861, 5.6146965, 0.2369364, 4.244133, 0.51947516, -0.20932357, 0.55045915, -0.6191314, 1600.1476, 1600.1476, 955.8217, 717.50586, , 
65914.991816041, 006862, 5.619158, 0.2370492, 4.2475867, 0.5144771, -0.20480844, 0.5540664, -0.6215924, 1600.1476, 1600.1476, 955.8208, 717.5085, , 
65915.025153666, 006863, 5.6233573, 0.2371306, 4.2528615, 0.50480574, -0.19515082, 0.56033766, -0.626984, 1600.1476, 1600.1476, 955.82104, 717.5161, , 
65915.041822666, 006864, 5.6270037, 0.2370287, 4.25592, 0.49993387, -0.18975972, 0.5634408, -0.6297555, 1600.1476, 1600.1476, 955.8226, 717.51953, , 
65915.058491583, 006865, 5.63088, 0.23691572, 4.2590117, 0.49471557, -0.18432276, 0.566787, -0.63248247, 1600.1476, 1600.1476, 955.82416, 717.52423, , 
65915.0751605, 006866, 5.6349573, 0.23689349, 4.262229, 0.48910606, -0.17948052, 0.57046896, -0.634923, 1600.1476, 1600.1476, 955.82324, 717.5275, , 
65915.108498125, 006867, 5.64195, 0.23694225, 4.268518, 0.4772262, -0.17199472, 0.5786246, -0.63864434, 1600.1476, 1600.1476, 955.81256, 717.53314, , 
65915.125167125, 006868, 5.645629, 0.23704346, 4.271804, 0.47127363, -0.16861919, 0.5828261, -0.64014256, 1600.1476, 1600.1476, 955.80664, 717.5349, , 
65915.15850475, 006869, 5.653287, 0.23711307, 4.2785554, 0.459677, -0.16111308, 0.5908589, -0.6431372, 1600.1476, 1600.1476, 955.79535, 717.5385, , 
65915.17517375, 006870, 5.6568666, 0.2369862, 4.2819037, 0.45401546, -0.15698253, 0.59463286, -0.64470005, 1600.1476, 1600.1476, 955.7919, 717.54016, , 
65915.191842625, 006871, 5.6602893, 0.2367829, 4.2852864, 0.44833902, -0.1529877, 0.5982471, -0.6462874, 1600.5995, 1600.5995, 955.78845, 717.5419, , 
65915.225180208, 006872, 5.6653395, 0.23561259, 4.291736, 0.43619198, -0.14574948, 0.6048589, -0.65010715, 1600.1476, 1600.1476, 955.77747, 717.5487, , 
65915.241849208, 006873, 5.6681495, 0.23511468, 4.295268, 0.43006113, -0.14261115, 0.6079005, -0.652048, 1600.1476, 1600.1476, 955.7717, 717.5525, , 
65915.275187083, 006874, 5.6733627, 0.23395409, 4.302062, 0.41933203, -0.13584743, 0.61345756, -0.65526783, 1600.1476, 1600.1476, 955.76196, 717.5593, , 
65915.291855916, 006875, 5.6756706, 0.2333398, 4.305267, 0.41490275, -0.13201104, 0.61597663, -0.65650713, 1600.1476, 1600.1476, 955.76056, 717.5609, , 
65915.325193666, 006876, 5.6784387, 0.23157634, 4.311641, 0.40666598, -0.12421302, 0.620987, -0.6584596, 1600.1476, 1600.1476, 955.7594, 717.56256, , 
65915.3418625, 006877, 5.68031, 0.23120458, 4.314885, 0.40262643, -0.120665304, 0.62367797, -0.65905815, 1600.1476, 1600.1476, 955.758, 717.56256, , 
65915.37520025, 006878, 5.684288, 0.2309816, 4.321467, 0.3947781, -0.11422224, 0.62958926, -0.65933377, 1600.1476, 1600.1476, 955.7544, 717.5603, , 
65915.391869208, 006879, 5.6862683, 0.23104544, 4.324829, 0.39066055, -0.11112348, 0.6328431, -0.6592007, 1600.1476, 1600.1476, 955.75104, 717.5577, , 
65915.408538083, 006880, 5.687339, 0.2307867, 4.328113, 0.38634193, -0.10784709, 0.6362343, -0.6590256, 1600.1476, 1600.1476, 955.7482, 717.55536, , 
65915.441875958, 006881, 5.690332, 0.23079725, 4.3348856, 0.37771207, -0.10042872, 0.6430467, -0.65858847, 1600.1476, 1600.1476, 955.74396, 717.5496, , 
65915.458544666, 006882, 5.6918354, 0.23087512, 4.3384557, 0.3731287, -0.09659986, 0.64640623, -0.65848505, 1600.5995, 1600.5995, 955.7423, 717.5474, , 
65915.491882541, 006883, 5.694563, 0.23116271, 4.3463674, 0.36287037, -0.08996573, 0.65310144, -0.65855134, 1600.1476, 1600.1476, 955.7343, 717.54395, , 
65915.508551458, 006884, 5.695754, 0.23139136, 4.35069, 0.35771263, -0.08723767, 0.6564254, -0.65843517, 1600.1476, 1600.1476, 955.72955, 717.5426, , 
65915.541889041, 006885, 5.6966434, 0.23086111, 4.3596025, -0.34828398, 0.08169051, -0.66280466, 0.6578107, 1600.1476, 1600.1476, 955.7201, 717.5379, , 
65915.558558041, 006886, 5.697051, 0.23093484, 4.3641596, -0.34377474, 0.07861046, -0.6657694, 0.6575641, 1600.1476, 1600.1476, 955.71735, 717.53595, , 
65915.575226916, 006887, 5.697225, 0.23102526, 4.368812, -0.33940575, 0.07549418, -0.668578, 0.65734905, 1600.1476, 1600.1476, 955.715, 717.5341, , 
65915.608564625, 006888, 5.696975, 0.23130174, 4.3785257, -0.33149374, 0.07028863, -0.67369676, 0.65673745, 1600.1476, 1600.1476, 955.70953, 717.52985, , 
65915.625233583, 006889, 5.6949267, 0.2313691, 4.382886, -0.3280075, 0.067909054, -0.6759231, 0.6564506, 1599.6957, 1599.6957, 955.70734, 717.528, , 
65915.658571375, 006890, 5.6926613, 0.23147736, 4.3923664, -0.3220264, 0.06264764, -0.67976373, 0.65596914, 1600.1476, 1600.1476, 955.70557, 717.52435, , 
65915.675240125, 006891, 5.6913605, 0.23139612, 4.3969193, -0.31966358, 0.05911895, -0.6812409, 0.65591997, 1600.1476, 1600.1476, 955.7076, 717.5232, , 
65915.708578, 006892, 5.6850133, 0.23129062, 4.403073, -0.31568882, 0.050212633, -0.68316716, 0.65658355, 1600.1476, 1600.1476, 955.71826, 717.52313, , 
65915.725246875, 006893, 5.6819334, 0.23119996, 4.406398, -0.31341863, 0.04550446, -0.6838174, 0.65733695, 1600.1476, 1600.1476, 955.72327, 717.52454, , 
65915.758584583, 006894, 5.6771383, 0.2311169, 4.414592, -0.3077602, 0.036330823, -0.68535113, 0.65898216, 1600.1476, 1600.1476, 955.7314, 717.52844, , 
65915.7752535, 006895, 5.6748276, 0.23119448, 4.418933, -0.30460206, 0.031637516, -0.68629783, 0.65970594, 1600.1476, 1600.1476, 955.73596, 717.5308, , 
65915.808591375, 006896, 5.6684957, 0.23171087, 4.4261603, -0.29855216, 0.022493009, -0.6885042, 0.66054726, 1600.5995, 1600.5995, 955.7427, 717.5333, , 
65915.825260041, 006897, 5.6656456, 0.23210178, 4.430091, -0.29534477, 0.018297406, -0.6899695, 0.66058975, 1600.5995, 1600.5995, 955.74615, 717.53345, , 
65915.858597958, 006898, 5.6610713, 0.23331065, 4.439308, -0.2875516, 0.01140549, -0.6938155, 0.66015446, 1600.5995, 1600.5995, 955.7463, 717.5322, , 
65915.875266833, 006899, 5.658913, 0.23410214, 4.4441175, -0.2833528, 0.008319649, -0.6961017, 0.6596093, 1600.1476, 1600.1476, 955.7443, 717.5301, , 
65915.89193575, 006900, 5.656744, 0.23491131, 4.4489164, -0.27929458, 0.005306587, -0.6984855, 0.6588508, 1600.1476, 1600.1476, 955.7428, 717.52783, , 
65915.925273416, 006901, 5.6503506, 0.23575719, 4.4577446, -0.2724299, -0.0006711556, -0.70288974, 0.6570597, 1600.1476, 1600.1476, 955.7415, 717.52155, , 
65915.941942333, 006902, 5.647865, 0.23615111, 4.4621024, -0.2698761, -0.0037162695, -0.70452195, 0.656355, 1600.1476, 1600.1476, 955.7428, 717.51935, , 
65915.975280041, 006903, 5.64302, 0.23650895, 4.4704256, -0.2667313, -0.009738172, -0.7065768, 0.65536916, 1600.5995, 1600.5995, 955.75, 717.51624, , 
65915.991948958, 006904, 5.640751, 0.2365603, 4.4744673, -0.26579955, -0.012288722, -0.70739794, 0.65481883, 1600.5995, 1600.5995, 955.7537, 717.5148, , 
65916.025286833, 006905, 5.6362777, 0.23658578, 4.4816227, -0.26421976, -0.015090237, -0.7093201, 0.6533185, 1600.1476, 1600.1476, 955.75793, 717.50995, , 
65916.041955708, 006906, 5.634419, 0.23666145, 4.485382, -0.26315373, -0.01565935, -0.71038, 0.6525835, 1600.1476, 1600.1476, 955.75745, 717.5077, , 
65916.058624458, 006907, 5.6328344, 0.23676227, 4.4892483, -0.26202264, -0.01605369, -0.71143234, 0.6518822, 1600.1476, 1600.1476, 955.7564, 717.50555, , 
65916.09196225, 006908, 5.630137, 0.23686911, 4.4962864, -0.2601298, -0.017940063, -0.7133121, 0.6505355, 1600.5995, 1600.5995, 955.75653, 717.50073, , 
65916.108631166, 006909, 5.6284685, 0.23672651, 4.4985976, -0.2592184, -0.019801447, -0.7140525, 0.6500329, 1600.1476, 1600.1476, 955.7586, 717.4993, , 
65916.141968875, 006910, 5.6259747, 0.23684178, 4.5041623, -0.2559683, -0.02349097, -0.7153347, 0.6497881, 1600.1476, 1600.1476, 955.7614, 717.49866, , 
65916.158637833, 006911, 5.6249366, 0.23709981, 4.5072117, -0.25383848, -0.02460196, -0.7159661, 0.64988714, 1600.1476, 1600.1476, 955.76013, 717.4991, , 
65916.175306791, 006912, 5.6240005, 0.23745103, 4.5103755, -0.25178465, -0.025159951, -0.7165699, 0.64999926, 1600.5995, 1600.5995, 955.7577, 717.4995, , 
65916.208644416, 006913, 5.621548, 0.2380095, 4.515417, -0.24881913, -0.025188815, -0.7174194, 0.650203, 1600.1476, 1600.1476, 955.7509, 717.5004, , 
65916.225313333, 006914, 5.620532, 0.23820455, 4.518051, -0.24814627, -0.02491588, -0.71760154, 0.6502698, 1600.1476, 1600.1476, 955.7487, 717.50085, , 
65916.241982291, 006915, 5.619828, 0.2383811, 4.520908, -0.24804117, -0.024581118, -0.7178448, 0.6500541, 1600.1476, 1600.1476, 955.7473, 717.5002, , 
65916.275319958, 006916, 5.618941, 0.23866569, 4.526474, -0.24897581, -0.024035886, -0.71854025, 0.6489478, 1600.1476, 1600.1476, 955.7482, 717.4967, , 
65916.291988916, 006917, 5.618658, 0.238773, 4.529177, -0.24948816, -0.023773294, -0.7187945, 0.64847887, 1600.1476, 1600.1476, 955.7492, 717.49457, , 
65916.325326708, 006918, 5.617114, 0.2387699, 4.5329795, -0.24977984, -0.022299228, -0.7193661, 0.64778477, 1600.1476, 1600.1476, 955.74744, 717.4923, , 
65916.341995375, 006919, 5.617144, 0.23885764, 4.535558, -0.24963747, -0.021297239, -0.71957064, 0.6476461, 1600.1476, 1600.1476, 955.74524, 717.49146, , 
65916.358664375, 006920, 5.6173167, 0.2388763, 4.5380735, -0.24963091, -0.020726783, -0.71963114, 0.6476001, 1600.1476, 1600.1476, 955.7433, 717.49097, , 
65916.392002208, 006921, 5.6179175, 0.23874624, 4.5426955, -0.25005773, -0.020915555, -0.7195745, 0.64749223, 1600.1476, 1600.1476, 955.7441, 717.49054, , 
65916.408671125, 006922, 5.6175222, 0.23878346, 4.544794, -0.25018024, -0.021095572, -0.71945477, 0.64757216, 1600.1476, 1600.1476, 955.74335, 717.49945, , 
65916.442008833, 006923, 5.6179585, 0.23850383, 4.549633, -0.24945207, -0.020366944, -0.71916753, 0.6481951, 1600.1476, 1600.1476, 955.73676, 717.5077, , 
65916.45867775, 006924, 5.618472, 0.2381909, 4.552221, -0.24877761, -0.019416085, -0.7191821, 0.64846736, 1600.1476, 1600.1476, 955.7328, 717.5086, , 
65916.475346666, 006925, 5.6190715, 0.23772396, 4.554798, -0.24818468, -0.018416684, -0.719227, 0.6486737, 1600.1476, 1600.1476, 955.72955, 717.509, , 
65916.508684291, 006926, 5.619443, 0.23603822, 4.560156, -0.24760158, -0.017041024, -0.71887, 0.64932954, 1600.1476, 1600.1476, 955.7251, 717.5105, , 
65916.52535325, 006927, 5.619817, 0.23506023, 4.562642, -0.2476922, -0.016868785, -0.7185598, 0.6496429, 1600.1476, 1600.1476, 955.7242, 717.5117, , 
65918.558956916, 007011, 5.6918564, 0.24251227, 5.303106, -0.16573806, -0.17992611, -0.74036753, 0.6261098, 1600.1476, 1600.1476, 955.9481, 717.5231, , 
65918.575625875, 007012, 5.688282, 0.24260105, 5.3077807, -0.16056491, -0.18479778, -0.7413777, 0.6248421, 1600.1476, 1600.1476, 955.94904, 717.5237, , 
65918.608963583, 007013, 5.680439, 0.24286287, 5.318453, -0.1493632, -0.19491248, -0.7432178, 0.62235606, 1600.1476, 1600.1476, 955.9508, 717.52606, , 
65918.6256325, 007014, 5.6766763, 0.24302484, 5.323608, -0.14337046, -0.19994323, -0.74418455, 0.62101275, 1600.1476, 1600.1476, 955.95056, 717.52704, , 
65918.658970083, 007015, 5.6697288, 0.24320458, 5.3331547, -0.13092302, -0.21021597, -0.7461531, 0.618, 1600.1476, 1600.1476, 955.9497, 717.529, , 
65918.675639041, 007016, 5.666403, 0.24319349, 5.337847, -0.12454984, -0.21543525, -0.7471676, 0.6162918, 1600.1476, 1600.1476, 955.9494, 717.52954, , 
65918.692308, 007017, 5.663126, 0.24306466, 5.342509, -0.118127674, -0.22084558, -0.74812603, 0.6144758, 1600.1476, 1600.1476, 955.9494, 717.5301, , 
65918.725645875, 007018, 5.655519, 0.24263938, 5.3541307, -0.10500267, -0.23187715, -0.7498801, 0.61064506, 1600.1476, 1600.1476, 955.94995, 717.5314, , 
65918.742314625, 007019, 5.652213, 0.24218507, 5.359043, -0.098577775, -0.23742126, -0.7506984, 0.60857666, 1600.1476, 1600.1476, 955.95056, 717.53174, , 
65918.775652375, 007020, 5.645873, 0.24089883, 5.3686256, -0.08631482, -0.24871449, -0.75229055, 0.6039452, 1600.1476, 1600.1476, 955.95404, 717.5324, , 
65918.792321291, 007021, 5.6427894, 0.24016295, 5.373494, -0.080475055, -0.25422448, -0.7531649, 0.60136205, 1600.5995, 1600.5995, 955.9566, 717.53204, , 
65918.808990083, 007022, 5.6394243, 0.2388085, 5.379853, -0.074484445, -0.2594177, -0.75405896, 0.5987901, 1600.5995, 1600.5995, 955.95856, 717.5314, , 
65918.842327916, 007023, 5.6332536, 0.2373542, 5.3908877, -0.0621607, -0.26929614, -0.75581884, 0.5935938, 1600.5995, 1600.5995, 955.96045, 717.5292, , 
65918.858996833, 007024, 5.630321, 0.23681884, 5.3962154, -0.055998977, -0.27448022, -0.75650305, 0.5909551, 1600.5995, 1600.5995, 955.96136, 717.52856, , 
65918.892334458, 007025, 5.624746, 0.23575188, 5.406765, -0.044137836, -0.2860288, -0.75722796, 0.58552986, 1600.5995, 1600.5995, 955.9673, 717.5292, , 
65918.9090035, 007026, 5.6220717, 0.23561342, 5.412822, -0.038282264, -0.29222295, -0.7571827, 0.5829361, 1600.5995, 1600.5995, 955.9709, 717.53064, , 
65918.94234125, 007027, 5.616773, 0.23500727, 5.4239697, -0.026336316, -0.30516747, -0.75629246, 0.5781011, 1600.5995, 1600.5995, 955.979, 717.53705, , 
65918.959010083, 007028, 5.614176, 0.23481454, 5.4294295, -0.020281633, -0.31200147, -0.7555379, 0.57567894, 1600.5995, 1600.5995, 955.9826, 717.5407, , 
65918.992347916, 007029, 5.6089435, 0.23482333, 5.440165, -0.007979996, -0.32659143, -0.7533773, 0.57069856, 1600.5995, 1600.5995, 955.99274, 717.5515, , 
65919.00901675, 007030, 5.6062617, 0.23502226, 5.445356, -0.0017292609, -0.33373368, -0.75222284, 0.5681371, 1600.5995, 1600.5995, 955.9968, 717.55646, , 
65919.025685541, 007031, 5.6035705, 0.23549335, 5.4506845, 0.0047960905, -0.34034303, -0.7512299, 0.5655061, 1600.5995, 1600.5995, 955.99963, 717.5607, , 
65919.0423545, 007032, 5.6008925, 0.23621981, 5.4561863, 0.01160941, -0.3466267, -0.7503559, 0.56274426, 1600.5995, 1600.5995, 956.00146, 717.56525, , 
65919.075692333, 007033, 5.595627, 0.23800515, 5.467078, 0.02574093, -0.35924754, -0.74850845, 0.55678874, 1600.5995, 1600.5995, 956.0033, 717.5712, , 
65919.092361208, 007034, 5.593025, 0.2389396, 5.4723654, 0.03295759, -0.36561963, -0.7474321, 0.5536979, 1600.5995, 1600.5995, 956.0044, 717.57544, , 
65919.125698875, 007035, 5.588568, 0.241325, 5.4824953, 0.04711046, -0.37833825, -0.7450579, 0.54729295, 1600.5995, 1600.5995, 956.0061, 717.582, , 
65919.142367833, 007036, 5.586088, 0.24228059, 5.4874973, 0.05418642, -0.3844818, -0.74367523, 0.5442285, 1600.5995, 1600.5995, 956.0067, 717.58655, , 
65919.175705458, 007037, 5.58101, 0.24409603, 5.497208, 0.06925559, -0.3964085, -0.7402414, 0.5386154, 1600.5995, 1600.5995, 956.00366, 717.5946, , 
65919.192374458, 007038, 5.578514, 0.24491479, 5.5017843, 0.07735461, -0.40253052, -0.7381451, 0.5358425, 1600.5995, 1600.5995, 955.99963, 717.6009, , 
65919.225712208, 007039, 5.5740047, 0.24558876, 5.5095525, 0.094082, -0.41573417, -0.7332426, 0.52978206, 1600.5995, 1600.5995, 955.9938, 717.6115, , 
65919.242381125, 007040, 5.571792, 0.24572022, 5.5131497, 0.1026149, -0.42266244, -0.73035157, 0.5267003, 1600.5995, 1600.5995, 955.99005, 717.6199, , 
65919.275718875, 007041, 5.5671225, 0.2458667, 5.520072, 0.119646005, -0.43561834, -0.72418, 0.521042, 1600.5995, 1600.5995, 955.9818, 717.6329, , 
65919.292387708, 007042, 5.564696, 0.24586032, 5.5233397, 0.12784155, -0.44118798, -0.7212959, 0.5184033, 1600.1476, 1600.1476, 955.97644, 717.6384, , 
65919.325725541, 007043, 5.5604544, 0.24579959, 5.528383, 0.14330721, -0.45119447, -0.71625304, 0.5127068, 1600.5995, 1600.5995, 955.96405, 717.6479, , 
65919.342394291, 007044, 5.5584226, 0.24553923, 5.531059, 0.1507508, -0.45605156, -0.7140294, 0.50936544, 1600.5995, 1600.5995, 955.95984, 717.6507, , 
65919.375732166, 007045, 5.5548987, 0.24507533, 5.536262, 0.1656283, -0.46554464, -0.7101133, 0.50157225, 1600.5995, 1600.5995, 955.9529, 717.654, , 
65919.392401083, 007046, 5.5533338, 0.24500357, 5.538844, 0.17333342, -0.46995434, -0.7083197, 0.49737474, 1600.5995, 1600.5995, 955.9496, 717.6541, , 
65919.409069833, 007047, 5.55273, 0.2451276, 5.540504, 0.18130988, -0.47426796, -0.70644647, 0.49308223, 1600.5995, 1600.5995, 955.94415, 717.6537, , 
65919.442407708, 007048, 5.550918, 0.24557944, 5.5439925, 0.19820717, -0.48307744, -0.70191145, 0.48442805, 1600.5995, 1600.5995, 955.9339, 717.65356, , 
65919.459076583, 007049, 5.5497284, 0.24581172, 5.545823, 0.20679276, -0.48772562, -0.6993534, 0.47985962, 1600.1476, 1600.1476, 955.92883, 717.65375, , 
65919.492414333, 007050, 5.547523, 0.24626364, 5.5490203, 0.22295797, -0.4971103, -0.6943704, 0.4701286, 1600.1476, 1600.1476, 955.9204, 717.65405, , 
65919.509083208, 007051, 5.547763, 0.246424, 5.5492563, 0.23012583, -0.50187683, -0.6920366, 0.4650238, 1600.1476, 1600.1476, 955.9191, 717.65405, , 
65919.525752083, 007052, 5.547274, 0.24661653, 5.5499783, 0.23658067, -0.5065946, -0.6898153, 0.45994177, 1600.1476, 1600.1476, 955.9195, 717.6543, , 
65919.55908975, 007053, 5.545575, 0.24699168, 5.5516047, 0.24760656, -0.5153352, -0.6857266, 0.45044398, 1600.1476, 1600.1476, 955.9227, 717.6553, , 
65919.575758666, 007054, 5.5445423, 0.24716662, 5.55237, 0.25258636, -0.5191952, -0.6838252, 0.44611585, 1600.1476, 1600.1476, 955.92487, 717.6559, , 
65919.592427666, 007055, 5.5434613, 0.24727757, 5.553123, 0.2574854, -0.52283555, -0.68197966, 0.44186872, 1600.1476, 1600.1476, 955.926, 717.65607, , 
65919.625765333, 007056, 5.542379, 0.24851306, 5.551505, 0.26703385, -0.53010905, -0.6782036, 0.43326336, 1600.5995, 1600.5995, 955.9294, 717.6563, , 
65919.64243425, 007057, 5.5412126, 0.24851464, 5.551894, 0.27159798, -0.5334666, -0.67647433, 0.42898762, 1600.5995, 1600.5995, 955.931, 717.6561, , 
65919.675772041, 007058, 5.538512, 0.24817248, 5.553238, 0.28076535, -0.5398474, -0.6730884, 0.4203424, 1600.5995, 1600.5995, 955.93475, 717.6551, , 
65919.692441041, 007059, 5.5370336, 0.24786444, 5.554094, 0.28558686, -0.5428223, -0.67134386, 0.41603068, 1600.5995, 1600.5995, 955.93555, 717.6542, , 
65919.709109708, 007060, 5.5354877, 0.24742942, 5.554995, 0.29047236, -0.54582405, -0.6694618, 0.4117314, 1600.5995, 1600.5995, 955.93616, 717.6535, , 
65919.742447583, 007061, 5.533701, 0.2477109, 5.5542345, 0.30004984, -0.55225116, -0.665132, 0.40322232, 1600.5995, 1600.5995, 955.9373, 717.6534, , 
65919.759116416, 007062, 5.5321536, 0.24710731, 5.554867, 0.3046066, -0.55552155, -0.66293085, 0.39891526, 1600.5995, 1600.5995, 955.93823, 717.6539, , 
65919.77578525, 007063, 5.530505, 0.24639209, 5.555697, 0.30886886, -0.5586548, -0.66099095, 0.39445657, 1600.5995, 1600.5995, 955.93994, 717.65405, , 
65919.809123083, 007064, 5.5268326, 0.24491413, 5.5574846, 0.3164753, -0.56448287, -0.65765065, 0.385614, 1600.5995, 1600.5995, 955.94684, 717.65344, , 
65919.825791958, 007065, 5.525577, 0.24478139, 5.5570693, 0.3199616, -0.56698745, -0.6561105, 0.38166556, 1600.5995, 1600.5995, 955.9494, 717.653, , 
65919.859129708, 007066, 5.521834, 0.24417682, 5.557309, 0.32641363, -0.5714529, -0.653269, 0.3743465, 1600.5995, 1600.5995, 955.95404, 717.65173, , 
65919.875798625, 007067, 5.519326, 0.24359278, 5.5581794, 0.32952887, -0.57394713, -0.65162176, 0.37065402, 1600.5995, 1600.5995, 955.9565, 717.6518, , 
65919.909136416, 007068, 5.5150642, 0.2421465, 5.5590725, 0.3361444, -0.57921666, -0.64727974, 0.36406595, 1600.5995, 1600.5995, 955.95917, 717.65497, , 
65919.92580525, 007069, 5.5123963, 0.24167405, 5.5597267, 0.3393609, -0.58160406, -0.6449201, 0.36145374, 1600.5995, 1600.5995, 955.95844, 717.65704, , 
65919.942474125, 007070, 5.5092125, 0.24138777, 5.560664, 0.34220907, -0.5837431, -0.6426897, 0.35928667, 1600.5995, 1600.5995, 955.9569, 717.6599, , 
65919.975811875, 007071, 5.502177, 0.24087842, 5.562732, 0.3464893, -0.58771944, -0.6384284, 0.35628676, 1600.5995, 1600.5995, 955.95416, 717.6656, , 
65919.992480875, 007072, 5.498535, 0.24053802, 5.5638247, 0.348068, -0.5898104, -0.63632596, 0.3550517, 1600.5995, 1600.5995, 955.95325, 717.6706, , 
65920.025818541, 007073, 5.493135, 0.23698454, 5.5656805, 0.35075706, -0.5938242, -0.6325812, 0.35239667, 1600.5995, 1600.5995, 955.95325, 717.6778, , 
65920.0424875, 007074, 5.489269, 0.23638473, 5.5670733, 0.352246, -0.5951357, -0.63099104, 0.35154882, 1600.5995, 1600.5995, 955.9523, 717.6805, , 
65920.059156375, 007075, 5.4849024, 0.2360646, 5.568595, 0.3540273, -0.5957032, -0.62953156, 0.35141468, 1600.5995, 1600.5995, 955.94775, 717.68243, , 
65920.092494083, 007076, 5.4749985, 0.2360629, 5.5717645, 0.35826185, -0.59452844, -0.62726563, 0.35316044, 1600.5995, 1600.5995, 955.93335, 717.68207, , 
65920.109163, 007077, 5.470761, 0.23383121, 5.5739365, 0.36024493, -0.5930375, -0.6267991, 0.35447553, 1600.1476, 1600.1476, 955.9218, 717.67957, , 
65920.125831916, 007078, 5.465876, 0.23314218, 5.575806, 0.36174348, -0.59164584, -0.626638, 0.35555837, 1600.1476, 1600.1476, 955.91486, 717.6773, , 
65920.159169541, 007079, 5.4558387, 0.23288082, 5.579326, 0.36383635, -0.59018594, -0.6263378, 0.3563771, 1600.5995, 1600.5995, 955.90686, 717.6738, , 
65920.1758385, 007080, 5.450695, 0.2329246, 5.5810876, 0.36516255, -0.5896889, -0.62583303, 0.35673013, 1600.5995, 1600.5995, 955.90186, 717.6724, , 
65920.209176333, 007081, 5.440271, 0.23326983, 5.5845666, 0.36876836, -0.5888144, -0.6241323, 0.35744444, 1600.5995, 1600.5995, 955.89124, 717.67065, , 
65920.225845125, 007082, 5.435595, 0.23200513, 5.586579, 0.3707644, -0.5887798, -0.62311, 0.3572199, 1600.5995, 1600.5995, 955.88495, 717.67, , 
65920.242514041, 007083, 5.4307647, 0.23174576, 5.5884366, 0.37284032, -0.58916324, -0.62195176, 0.35644463, 1600.1476, 1600.1476, 955.8815, 717.6696, , 
65920.275851791, 007084, 5.4209824, 0.2320695, 5.5918717, 0.37689057, -0.5906423, -0.619316, 0.35432026, 1600.1476, 1600.1476, 955.87604, 717.66974, , 
65920.292520708, 007085, 5.4159613, 0.23239528, 5.59332, 0.37869957, -0.5915954, -0.61772794, 0.35357264, 1600.1476, 1600.1476, 955.8735, 717.6709, , 
65920.309189541, 007086, 5.410828, 0.2327546, 5.594612, 0.3803259, -0.5925583, -0.6160809, 0.353088, 1600.1476, 1600.1476, 955.87067, 717.67267, , 
65920.342527375, 007087, 5.4016886, 0.23247184, 5.5974236, 0.38342083, -0.59392023, -0.6130718, 0.35268983, 1600.1476, 1600.1476, 955.8627, 717.6766, , 
65920.359196291, 007088, 5.3965983, 0.23264258, 5.598713, 0.3848771, -0.59436005, -0.611887, 0.3524203, 1600.5995, 1600.5995, 955.85925, 717.6774, , 
65920.375865, 007089, 5.3914614, 0.23284297, 5.600005, 0.38611734, -0.59506404, -0.61088955, 0.35160527, 1600.5995, 1600.5995, 955.8572, 717.67816, , 
65920.409202833, 007090, 5.381728, 0.23261108, 5.603115, 0.3886315, -0.59664017, -0.6093364, 0.34884846, 1600.5995, 1600.5995, 955.85767, 717.67847, , 
65920.425871791, 007091, 5.376868, 0.2322224, 5.6050014, 0.3902228, -0.59716535, -0.60863626, 0.34739283, 1600.5995, 1600.5995, 955.8573, 717.6777, , 
65920.442540625, 007092, 5.371337, 0.23209248, 5.60685, 0.39206797, -0.5975744, -0.6077763, 0.34611472, 1600.5995, 1600.5995, 955.85614, 717.6767, , 
65920.475878333, 007093, 5.3591056, 0.23184182, 5.6105876, 0.39702925, -0.5982962, -0.60483634, 0.3443582, 1600.5995, 1600.5995, 955.8493, 717.67535, , 
65920.49254725, 007094, 5.352522, 0.23155068, 5.6125536, 0.40010697, -0.598697, -0.60275996, 0.34373942, 1600.5995, 1600.5995, 955.8415, 717.67505, , 
65920.50921625, 007095, 5.3467727, 0.2304187, 5.614496, 0.40337816, -0.599416, -0.6003517, 0.3428766, 1600.1476, 1600.1476, 955.8353, 717.6754, , 
65920.542553875, 007096, 5.3333216, 0.22846283, 5.618529, -0.4094701, 0.6018995, 0.59482783, -0.3409268, 1600.1476, 1600.1476, 955.8223, 717.6793, , 
65922.559488583, 007188, 4.3517714, 0.2032079, 5.419045, 0.24384649, -0.4793061, -0.66062135, 0.5238168, 1600.1476, 1600.1476, 955.7287, 717.73706, , 
65922.592826458, 007189, 4.334215, 0.2018349, 5.4163837, 0.23110263, -0.4715196, -0.6648146, 0.53130263, 1600.1476, 1600.1476, 955.73456, 717.7388, , 
65922.609495208, 007190, 4.3256044, 0.20117195, 5.415059, 0.22451134, -0.46721166, -0.6673556, 0.5347378, 1600.1476, 1600.1476, 955.7379, 717.73816, , 
65922.626164083, 007191, 4.3168983, 0.20061274, 5.414003, 0.21813788, -0.46224207, -0.6701207, 0.5382253, 1600.1476, 1600.1476, 955.74084, 717.7356, , 
65922.642833, 007192, 4.3080645, 0.20014666, 5.413274, 0.21218622, -0.456738, -0.67294353, 0.54176974, 1600.1476, 1600.1476, 955.7413, 717.7326, , 
65922.676170833, 007193, 4.2903905, 0.19934104, 5.4121323, 0.20127258, -0.44556063, -0.6782218, 0.54861677, 1600.1476, 1600.1476, 955.73987, 717.7258, , 
65922.692839625, 007194, 4.2816525, 0.19890751, 5.411592, 0.1959488, -0.44037983, -0.68057996, 0.55179757, 1600.1476, 1600.1476, 955.7392, 717.7219, , 
65922.709508541, 007195, 4.2728953, 0.19847743, 5.4111176, 0.19060762, -0.4354508, -0.68277204, 0.5548636, 1600.1476, 1600.1476, 955.7393, 717.71954, , 
65922.726177458, 007196, 4.263244, 0.19781189, 5.410275, 0.18553, -0.43035468, -0.6846452, 0.5582423, 1600.1476, 1600.1476, 955.7386, 717.71735, , 
65922.759515083, 007197, 4.2443485, 0.1974578, 5.409857, 0.17660438, -0.4182928, -0.68788075, 0.56627035, 1600.1476, 1600.1476, 955.72906, 717.7134, , 
65922.776184041, 007198, 4.234963, 0.19751121, 5.409868, 0.17235278, -0.4118649, -0.68951595, 0.5702891, 1600.1476, 1600.1476, 955.7234, 717.71124, , 
65922.792852916, 007199, 4.2256613, 0.1976458, 5.4099226, 0.16790098, -0.40534118, -0.69137645, 0.5740265, 1600.1476, 1600.1476, 955.71814, 717.70874, , 
65922.809521833, 007200, 4.216462, 0.19782205, 5.4099436, 0.1631437, -0.39885813, -0.6934235, 0.57746017, 1600.1476, 1600.1476, 955.71234, 717.70447, , 
65922.826190833, 007201, 4.207232, 0.19775905, 5.4097257, 0.1579801, -0.3925912, -0.6955608, 0.5806114, 1600.1476, 1600.1476, 955.7093, 717.7011, , 
65922.859528416, 007202, 4.189089, 0.19810797, 5.4095964, 0.14669073, -0.37976745, -0.7000438, 0.5866832, 1600.1476, 1600.1476, 955.70465, 717.6927, , 
65922.87619725, 007203, 4.1800237, 0.19847421, 5.409787, 0.14088695, -0.3730614, -0.7021162, 0.5899229, 1600.1476, 1600.1476, 955.7026, 717.6892, , 
65922.892866291, 007204, 4.1709723, 0.19894494, 5.4101725, 0.13548464, -0.36635128, -0.70369494, 0.5935016, 1600.1476, 1600.1476, 955.69934, 717.68665, , 
65922.909535041, 007205, 4.1613555, 0.19949917, 5.4107113, 0.13065465, -0.35987505, -0.7046723, 0.59737444, 1600.1476, 1600.1476, 955.69324, 717.6853, , 
65922.942872833, 007206, 4.143198, 0.20070769, 5.4121156, 0.12222462, -0.34797746, -0.7054518, 0.6052359, 1599.6957, 1599.6957, 955.68243, 717.6866, , 
65922.95954175, 007207, 4.134757, 0.20127265, 5.412905, 0.118160866, -0.3424953, -0.7056239, 0.60895807, 1600.1476, 1600.1476, 955.67584, 717.6885, , 
65922.97621075, 007208, 4.1266217, 0.20178111, 5.4137263, 0.11391384, -0.33725804, -0.7058929, 0.61236906, 1600.1476, 1600.1476, 955.672, 717.68976, , 
65922.992879458, 007209, 4.1188183, 0.2022232, 5.4145966, 0.10943009, -0.33226046, -0.7063973, 0.61533, 1600.1476, 1600.1476, 955.6692, 717.6904, , 
65923.026217333, 007210, 4.103509, 0.20307879, 5.416401, 0.10086536, -0.3227142, -0.7078545, 0.62018037, 1600.1476, 1600.1476, 955.6648, 717.6895, , 
65923.042886208, 007211, 4.096329, 0.20351486, 5.4176865, 0.09720364, -0.3176854, -0.70856947, 0.62254065, 1600.1476, 1600.1476, 955.66187, 717.6886, , 
65923.059555, 007212, 4.08933, 0.20398079, 5.419164, 0.09387504, -0.31247917, -0.70920736, 0.62495536, 1600.1476, 1600.1476, 955.65656, 717.6874, , 
65923.076223916, 007213, 4.082561, 0.20443977, 5.4207177, 0.09077412, -0.30751958, -0.7097835, 0.62721545, 1600.1476, 1600.1476, 955.65234, 717.6865, , 
65923.109561791, 007214, 4.0695825, 0.20508401, 5.423582, 0.08510849, -0.29984897, -0.710315, 0.63110995, 1599.6957, 1599.6957, 955.64655, 717.6861, , 
65923.126230708, 007215, 4.0633283, 0.20524983, 5.424941, 0.08250621, -0.2970538, -0.71024656, 0.6328518, 1599.6957, 1599.6957, 955.6444, 717.68726, , 
65923.142899375, 007216, 4.057317, 0.20533396, 5.4264355, 0.080010876, -0.2947023, -0.71002567, 0.6345175, 1599.6957, 1599.6957, 955.6436, 717.68866, , 
65923.17623725, 007217, 4.045351, 0.20529293, 5.430001, 0.07544295, -0.28994226, -0.7094386, 0.6379174, 1599.6957, 1599.6957, 955.6412, 717.69275, , 
65923.192906166, 007218, 4.0392222, 0.20522748, 5.4321914, 0.07335116, -0.286923, -0.70922613, 0.6397601, 1600.1476, 1600.1476, 955.63873, 717.69403, , 
65923.209574916, 007219, 4.0330667, 0.2045183, 5.4350266, 0.07122333, -0.28349143, -0.7091112, 0.64165497, 1600.1476, 1600.1476, 955.63586, 717.6951, , 
65923.22624375, 007220, 4.0268426, 0.20380656, 5.4379783, 0.068857856, -0.27991655, -0.7091435, 0.64344436, 1600.1476, 1600.1476, 955.632, 717.69586, , 
65923.259581708, 007221, 4.014458, 0.20281233, 5.4437065, 0.063210525, -0.27321854, -0.7097705, 0.6462057, 1600.1476, 1600.1476, 955.62897, 717.6953, , 
65923.276250583, 007222, 4.0083365, 0.20223741, 5.4466743, 0.060330745, -0.27020302, -0.7101595, 0.6473207, 1600.1476, 1600.1476, 955.6282, 717.6946, , 
65923.292919375, 007223, 4.0022507, 0.2016116, 5.4497886, 0.05769808, -0.26731262, -0.71056324, 0.6483169, 1600.1476, 1600.1476, 955.62756, 717.69385, , 
65923.326257166, 007224, 3.9900877, 0.19940622, 5.4578795, 0.053458553, -0.26145488, -0.71133995, 0.65021455, 1600.1476, 1600.1476, 955.6242, 717.6916, , 
65923.342926041, 007225, 3.9839857, 0.19860186, 5.461776, 0.051697142, -0.25873762, -0.71159476, 0.65116453, 1600.1476, 1600.1476, 955.6224, 717.691, , 
65923.359594833, 007226, 3.9779332, 0.19781695, 5.4656687, 0.05014891, -0.25643447, -0.7116996, 0.6520813, 1600.1476, 1600.1476, 955.6207, 717.6907, , 
65923.376263791, 007227, 3.9719284, 0.19697608, 5.4696307, 0.04883243, -0.2545818, -0.7116046, 0.65301037, 1600.1476, 1600.1476, 955.6193, 717.691, , 
65923.409601583, 007228, 3.959758, 0.19462945, 5.4780903, 0.0466591, -0.25228605, -0.7107253, 0.6550147, 1600.1476, 1600.1476, 955.6175, 717.69415, , 
65923.426270375, 007229, 3.9536784, 0.19324227, 5.4826407, 0.04596008, -0.25160283, -0.7101117, 0.6559917, 1600.1476, 1600.1476, 955.6169, 717.6962, , 
65923.44293925, 007230, 3.9478228, 0.19215606, 5.4873514, 0.045485992, -0.25076088, -0.7095983, 0.6569021, 1600.1476, 1600.1476, 955.6156, 717.6987, , 
65923.459608166, 007231, 3.9420922, 0.19123591, 5.492363, 0.04495762, -0.24944824, -0.709437, 0.6576119, 1599.6957, 1599.6957, 955.6141, 717.6995, , 
65923.492946041, 007232, 3.9308722, 0.18966623, 5.503119, 0.042771775, -0.24591634, -0.7100659, 0.6584088, 1599.6957, 1599.6957, 955.6111, 717.69763, , 
65923.509614791, 007233, 3.9245725, 0.18821745, 5.508416, 0.04082574, -0.24463928, -0.7105376, 0.6584991, 1599.6957, 1599.6957, 955.6119, 717.69617, , 
65923.526283666, 007234, 3.9184372, 0.18689325, 5.5137954, 0.038388353, -0.24373448, -0.7110443, 0.65843433, 1600.1476, 1600.1476, 955.6141, 717.69476, , 
65923.559621541, 007235, 3.9073348, 0.1854741, 5.5253763, 0.032392167, -0.24192233, -0.7125289, 0.65781975, 1600.1476, 1600.1476, 955.62256, 717.6903, , 
65923.576290458, 007236, 3.9019704, 0.18505976, 5.5316353, 0.02933702, -0.24059722, -0.7134866, 0.65741086, 1600.1476, 1600.1476, 955.62616, 717.68756, , 
65923.592959166, 007237, 3.896703, 0.18475154, 5.538145, 0.026518084, -0.23929776, -0.7144277, 0.65698284, 1600.1476, 1600.1476, 955.6292, 717.6846, , 
65923.626297, 007238, 3.88217, 0.18227784, 5.5508795, 0.021993525, -0.23798455, -0.71564513, 0.6563015, 1600.1476, 1600.1476, 955.63617, 717.6793, , 
65923.642966, 007239, 3.8763418, 0.18188016, 5.557652, 0.020238668, -0.23766133, -0.71608996, 0.6559899, 1600.1476, 1600.1476, 955.63885, 717.67773, , 
65923.659634708, 007240, 3.8708549, 0.18178098, 5.5646253, 0.018736422, -0.23747164, -0.71634346, 0.6558263, 1599.6957, 1599.6957, 955.6422, 717.67645, , 
65923.692972541, 007241, 3.8597465, 0.18217961, 5.579282, 0.016363911, -0.2362879, -0.71636873, 0.6562897, 1599.6957, 1599.6957, 955.6444, 717.6762, , 
65923.709641458, 007242, 3.8535295, 0.18192334, 5.5861073, 0.015071636, -0.23511235, -0.7162924, 0.65682596, 1599.6957, 1599.6957, 955.6444, 717.6767, , 
65923.726310208, 007243, 3.8472438, 0.1819015, 5.593255, 0.013569688, -0.23352535, -0.71622914, 0.65749335, 1599.6957, 1599.6957, 955.644, 717.677, , 
65923.759648041, 007244, 3.8349698, 0.18298025, 5.6090355, 0.010370709, -0.22991797, -0.71583045, 0.65925485, 1599.6957, 1599.6957, 955.6422, 717.67834, , 
65923.776316916, 007245, 3.8288507, 0.18359783, 5.617038, 0.009110076, -0.22848888, -0.71530694, 0.6603377, 1599.6957, 1599.6957, 955.6413, 717.68, , 
65923.792985875, 007246, 3.8227992, 0.18413632, 5.624994, 0.00802925, -0.2274246, -0.7146424, 0.66143775, 1599.6957, 1599.6957, 955.6406, 717.6821, , 
65923.826323458, 007247, 3.8097413, 0.18392634, 5.640995, 0.0060125547, -0.22592196, -0.71302116, 0.6637197, 1600.1476, 1600.1476, 955.6398, 717.688, , 
65923.842992416, 007248, 3.8036394, 0.18397886, 5.6488495, 0.0053303153, -0.22535646, -0.7119832, 0.6650308, 1600.1476, 1600.1476, 955.6392, 717.69135, , 
65923.859661375, 007249, 3.7976313, 0.18399692, 5.65662, 0.0050197444, -0.22485213, -0.7108156, 0.6664514, 1600.1476, 1600.1476, 955.6383, 717.6951, , 
65923.892998958, 007250, 3.7857287, 0.183599, 5.6717587, 0.005377518, -0.22457622, -0.7081513, 0.66937166, 1600.1476, 1600.1476, 955.6349, 717.7051, , 
65923.909667958, 007251, 3.7794747, 0.18340519, 5.678163, 0.0055994196, -0.22481847, -0.7065479, 0.67098093, 1600.1476, 1600.1476, 955.63385, 717.71027, , 
65923.926336875, 007252, 3.7731278, 0.18308848, 5.684819, 0.0056352247, -0.22466381, -0.70485234, 0.67281324, 1600.1476, 1600.1476, 955.6322, 717.7177, , 
65923.943005833, 007253, 3.7667835, 0.18266736, 5.6921225, 0.005380732, -0.22378169, -0.7032557, 0.6747772, 1600.1476, 1600.1476, 955.6304, 717.72314, , 
65923.976343458, 007254, 3.754171, 0.18201034, 5.7074647, 0.0036569983, -0.2204229, -0.70076853, 0.67847174, 1600.1476, 1600.1476, 955.62537, 717.73303, , 
65923.993012416, 007255, 3.7480068, 0.18182705, 5.7152734, 0.002512038, -0.21848501, -0.6998012, 0.6801002, 1600.1476, 1600.1476, 955.62354, 717.73627, , 
65924.009681291, 007256, 3.742492, 0.18161455, 5.7219434, 0.0015965155, -0.2165985, -0.69896173, 0.6815681, 1600.1476, 1600.1476, 955.6215, 717.73914, , 
65924.043018958, 007257, 3.7315226, 0.18156524, 5.736733, 0.0010245452, -0.2123186, -0.6980475, 0.6838489, 1599.6957, 1599.6957, 955.6141, 717.7429, , 
65924.059687791, 007258, 3.7261393, 0.18164296, 5.7446895, 0.001210046, -0.21012692, -0.6979327, 0.6846423, 1599.6957, 1599.6957, 955.61017, 717.7432, , 
65924.093025791, 007259, 3.7156835, 0.18159555, 5.760736, 0.002276703, -0.20651096, -0.69757915, 0.6860986, 1600.1476, 1600.1476, 955.6008, 717.74396, , 
65924.1096945, 007260, 3.7117808, 0.18106845, 5.767502, 0.0026811757, -0.20495103, -0.6971658, 0.6869845, 1600.1476, 1600.1476, 955.5971, 717.74493, , 
65924.126363375, 007261, 3.7070072, 0.18062933, 5.775155, 0.002743901, -0.20338197, -0.6967794, 0.6878422, 1600.1476, 1600.1476, 955.594, 717.74615, , 
65924.159701208, 007262, 3.6967435, 0.17953032, 5.7913475, 0.0015767401, -0.1998565, -0.6963685, 0.6892938, 1600.1476, 1600.1476, 955.589, 717.74774, , 
65924.176369958, 007263, 3.6914163, 0.17888036, 5.799745, 0.0003116773, -0.19742955, -0.6963705, 0.6899925, 1600.1476, 1600.1476, 955.58704, 717.74774, , 
65924.193038916, 007264, 3.685958, 0.17819792, 5.808284, -0.0013864483, -0.19458416, -0.69642013, 0.69074893, 1599.6957, 1599.6957, 955.5845, 717.7473, , 
65924.22637675, 007265, 3.6772285, 0.17661633, 5.82411, -0.005784828, -0.1892738, -0.6967781, 0.6918397, 1599.6957, 1599.6957, 955.58246, 717.74603, , 
65924.243045666, 007266, 3.6720095, 0.17575517, 5.832426, -0.008164348, -0.1871207, -0.69712985, 0.6920471, 1599.6957, 1599.6957, 955.5828, 717.74426, , 
65924.259714375, 007267, 3.6666403, 0.17482147, 5.840813, -0.010368298, -0.18515503, -0.6974137, 0.6922602, 1599.6957, 1599.6957, 955.5833, 717.74304, , 
65924.293052208, 007268, 3.6555738, 0.17287299, 5.858022, -0.014283267, -0.18047522, -0.6979493, 0.69288623, 1599.6957, 1599.6957, 955.5827, 717.741, , 
65924.309721166, 007269, 3.6516187, 0.17166746, 5.8653173, -0.016347092, -0.17749457, -0.6984161, 0.69314027, 1599.6957, 1599.6957, 955.5809, 717.7387, , 
65924.343058833, 007270, 3.6409297, 0.16947988, 5.8822145, -0.021135414, -0.17160992, -0.6992798, 0.69362175, 1599.6957, 1599.6957, 955.5785, 717.7349, , 
65924.35972775, 007271, 3.6352377, 0.16830254, 5.8906937, -0.024285188, -0.16941088, -0.6996033, 0.69373286, 1599.6957, 1599.6957, 955.5798, 717.73285, , 
65924.376396666, 007272, 3.629546, 0.16704641, 5.8990126, -0.027976995, -0.16787486, -0.69982994, 0.69373876, 1600.1476, 1600.1476, 955.5828, 717.7315, , 
65924.409734291, 007273, 3.6190484, 0.16476472, 5.914126, -0.036387157, -0.16601531, -0.6996991, 0.69392794, 1600.1476, 1600.1476, 955.59436, 717.7301, , 
65924.426403208, 007274, 3.6137445, 0.1639034, 5.9218273, -0.04064852, -0.16448459, -0.6995375, 0.6942188, 1600.1476, 1600.1476, 955.599, 717.7298, , 
65924.443072125, 007275, 3.608029, 0.16330819, 5.9303775, -0.044738613, -0.1618384, -0.6995407, 0.6945859, 1600.1476, 1600.1476, 955.60187, 717.7291, , 
65924.476409791, 007276, 3.5965686, 0.16324112, 5.9483724, -0.052472204, -0.15519452, -0.70028836, 0.6948075, 1599.6957, 1599.6957, 955.6042, 717.7245, , 
65924.493078708, 007277, 3.5910048, 0.16367275, 5.95734, -0.05604553, -0.15239091, -0.7009518, 0.69448, 1599.6957, 1599.6957, 955.60547, 717.7213, , 
65924.509747666, 007278, 3.586854, 0.16409048, 5.9635363, -0.0594595, -0.15009728, -0.70166475, 0.6939755, 1599.6957, 1599.6957, 955.6076, 717.7167, , 
65924.543085541, 007279, 3.5764441, 0.16595232, 5.9802685, -0.06607858, -0.144442, -0.7031924, 0.69303006, 1599.6957, 1599.6957, 955.60944, 717.7092, , 
65926.56001975, 007375, 3.5214913, 0.16658781, 6.981123, 0.4338945, -0.2776055, 0.5680501, -0.64186424, 1600.1476, 1600.1476, 955.5305, 717.6643, , 
65926.593357625, 007376, 3.5338998, 0.1655498, 6.990301, 0.4383568, -0.27884772, 0.5658388, -0.6402451, 1600.1476, 1600.1476, 955.5339, 717.6614, , 
65926.610026458, 007377, 3.5401268, 0.16502456, 6.994615, 0.4412843, -0.27884117, 0.5645114, -0.639408, 1599.6957, 1599.6957, 955.5391, 717.65826, , 
65926.6266955, 007378, 3.546197, 0.16466434, 6.997983, 0.44417062, -0.27860415, 0.563285, -0.638594, 1599.6957, 1599.6957, 955.5433, 717.6555, , 
65926.643364166, 007379, 3.5526192, 0.1642875, 7.001663, 0.44701326, -0.2783981, 0.5622129, -0.63764423, 1599.6957, 1599.6957, 955.54736, 717.65247, , 
65926.676702041, 007380, 3.5660932, 0.16377115, 7.008823, 0.45263895, -0.27799022, 0.5606212, -0.6352505, 1599.6957, 1599.6957, 955.5562, 717.64386, , 
65926.693370875, 007381, 3.573086, 0.1637401, 7.0121446, 0.45597634, -0.27763402, 0.5597784, -0.6337611, 1600.1476, 1600.1476, 955.56036, 717.63904, , 
65926.710039666, 007382, 3.5802805, 0.16341494, 7.015153, 0.4595609, -0.2771909, 0.55879486, -0.632232, 1600.1476, 1600.1476, 955.56714, 717.6322, , 
65926.726708583, 007383, 3.5875933, 0.16297115, 7.0180225, 0.46294034, -0.27695206, 0.55771255, -0.6308252, 1600.1476, 1600.1476, 955.5719, 717.6275, , 
65926.760046375, 007384, 3.6021736, 0.16346464, 7.0242186, 0.46844268, -0.27720454, 0.5550747, -0.6289764, 1599.6957, 1599.6957, 955.5797, 717.6217, , 
65926.776715333, 007385, 3.6095126, 0.16408075, 7.027332, 0.47099605, -0.2773504, 0.5535852, -0.62831753, 1599.6957, 1599.6957, 955.5849, 717.6194, , 
65926.793384083, 007386, 3.6169481, 0.16490123, 7.0304046, 0.47332567, -0.27749804, 0.55223626, -0.62768847, 1599.6957, 1599.6957, 955.5886, 717.6177, , 
65926.810053, 007387, 3.624416, 0.16574493, 7.033472, 0.47494444, -0.2777986, 0.5511714, -0.6272685, 1600.1476, 1600.1476, 955.59143, 717.61633, , 
65926.843390875, 007388, 3.63955, 0.16777363, 7.040326, 0.47507444, -0.28001025, 0.549837, -0.62735784, 1599.6957, 1599.6957, 955.5905, 717.61884, , 
65926.860059583, 007389, 3.647329, 0.1689682, 7.0440345, 0.47464433, -0.28203785, 0.5493964, -0.62716115, 1599.6957, 1599.6957, 955.5872, 717.62103, , 
65926.876728458, 007390, 3.6550918, 0.17006673, 7.047672, 0.4745834, -0.2840618, 0.5489079, -0.6267213, 1599.6957, 1599.6957, 955.58295, 717.62305, , 
65926.910066333, 007391, 3.6694443, 0.17156409, 7.0541587, 0.47527635, -0.2866328, 0.5474452, -0.6263049, 1599.6957, 1599.6957, 955.58, 717.625, , 
65926.926735291, 007392, 3.6757314, 0.17194064, 7.0568533, 0.4757251, -0.28717685, 0.54659086, -0.6264611, 1599.6957, 1599.6957, 955.58014, 717.62616, , 
65926.943404, 007393, 3.6823835, 0.17226829, 7.059843, 0.47618914, -0.28763685, 0.5458641, -0.6265312, 1599.6957, 1599.6957, 955.58093, 717.6273, , 
65926.976741791, 007394, 3.6958745, 0.17288165, 7.0661325, 0.47686732, -0.28927526, 0.5446238, -0.6263404, 1599.6957, 1599.6957, 955.5805, 717.62885, , 
65926.99341075, 007395, 3.7026517, 0.17323935, 7.0694137, 0.4773086, -0.29063785, 0.54399276, -0.6259218, 1599.6957, 1599.6957, 955.5792, 717.62976, , 
65927.0100795, 007396, 3.7089639, 0.17380038, 7.072632, 0.4780118, -0.29248467, 0.5432737, -0.6251489, 1599.6957, 1599.6957, 955.57745, 717.62994, , 
65927.043417375, 007397, 3.7216868, 0.17507318, 7.0792713, 0.4802888, -0.2969191, 0.54150707, -0.6228417, 1599.6957, 1599.6957, 955.57294, 717.62897, , 
65927.060086208, 007398, 3.728346, 0.17567517, 7.082619, 0.48187813, -0.29914394, 0.54048693, -0.62143403, 1600.1476, 1600.1476, 955.5714, 717.628, , 
65927.076755125, 007399, 3.7350056, 0.17627491, 7.0859003, 0.48359984, -0.30129397, 0.5394598, -0.61994857, 1600.1476, 1600.1476, 955.5704, 717.6267, , 
65927.11009275, 007400, 3.7482188, 0.17740175, 7.092327, 0.48653302, -0.30546653, 0.53769743, -0.61713636, 1600.1476, 1600.1476, 955.5675, 717.6238, , 
65927.126761666, 007401, 3.7547882, 0.17782986, 7.095165, 0.48737493, -0.3074732, 0.5371098, -0.6159863, 1600.1476, 1600.1476, 955.5655, 717.62317, , 
65927.160099333, 007402, 3.767728, 0.1786858, 7.101523, 0.4881564, -0.3113937, 0.536286, -0.61411285, 1599.6957, 1599.6957, 955.5598, 717.6231, , 
65927.176768291, 007403, 3.7742162, 0.17903474, 7.104891, 0.48834842, -0.31361866, 0.5359485, -0.61312187, 1599.6957, 1599.6957, 955.55664, 717.6234, , 
65927.210106166, 007404, 3.7873607, 0.1794454, 7.1117196, 0.48946685, -0.31860322, 0.5353222, -0.61020035, 1599.6957, 1599.6957, 955.5485, 717.62256, , 
65927.226775041, 007405, 3.7936006, 0.17963909, 7.114785, 0.49031028, -0.3209052, 0.5351349, -0.6084786, 1599.6957, 1599.6957, 955.5453, 717.621, , 
65927.243443833, 007406, 3.7998939, 0.17954141, 7.118078, 0.4910326, -0.32309395, 0.53489673, -0.60694546, 1599.6957, 1599.6957, 955.54236, 717.6196, , 
65927.276781541, 007407, 3.8121417, 0.17875817, 7.125291, 0.4921734, -0.3277487, 0.5337542, -0.60452676, 1600.1476, 1600.1476, 955.53564, 717.61914, , 
65927.293450583, 007408, 3.8180394, 0.17811355, 7.1291823, 0.4931634, -0.33016953, 0.53250164, -0.6035064, 1600.1476, 1600.1476, 955.53296, 717.62024, , 
65927.326788208, 007409, 3.8291342, 0.17682964, 7.1372924, 0.49663845, -0.33499396, 0.5286703, -0.6013627, 1599.6957, 1599.6957, 955.5318, 717.6218, , 
65927.343457083, 007410, 3.8344474, 0.17624769, 7.1414795, 0.49904838, -0.3375853, 0.52636987, -0.59993476, 1599.6957, 1599.6957, 955.5319, 717.62213, , 
65927.360126083, 007411, 3.8398862, 0.17539231, 7.145741, 0.5017932, -0.34002098, 0.52391964, -0.59841245, 1600.1476, 1600.1476, 955.5327, 717.62177, , 
65927.393463666, 007412, 3.8504217, 0.17338204, 7.154301, 0.5072189, -0.34346625, 0.51895654, -0.5961912, 1600.1476, 1600.1476, 955.53644, 717.62103, , 
65927.410132625, 007413, 3.8554223, 0.17254885, 7.158893, 0.50950974, -0.34471446, 0.51659983, -0.59556407, 1600.1476, 1600.1476, 955.5398, 717.6212, , 
65927.426801541, 007414, 3.8604813, 0.1717464, 7.163589, 0.51160866, -0.3460928, 0.51450247, -0.59478027, 1599.6957, 1599.6957, 955.5417, 717.6213, , 
65927.460139166, 007415, 3.8709993, 0.17013897, 7.1730103, 0.515724, -0.34950262, 0.51090574, -0.59232765, 1599.6957, 1599.6957, 955.5435, 717.6199, , 
65927.476808041, 007416, 3.8762064, 0.16934472, 7.177861, 0.5176034, -0.351198, 0.5090765, -0.5912596, 1599.6957, 1599.6957, 955.5441, 717.6196, , 
65927.493477041, 007417, 3.8812475, 0.1685012, 7.182782, 0.51941985, -0.35263556, 0.5071182, -0.5904933, 1599.6957, 1599.6957, 955.54504, 717.6198, , 
65927.526814791, 007418, 3.8900652, 0.16627987, 7.1930118, 0.5240128, -0.35405296, 0.5022288, -0.5897655, 1599.6957, 1599.6957, 955.55237, 717.6206, , 
65927.543483625, 007419, 3.894653, 0.165363, 7.1981544, 0.5266708, -0.35458034, 0.49943712, -0.5894516, 1599.6957, 1599.6957, 955.557, 717.6207, , 
65927.560152541, 007420, 3.8994586, 0.16471562, 7.203334, 0.52920437, -0.35535574, 0.49685836, -0.58889467, 1600.1476, 1600.1476, 955.5611, 717.6207, , 
65927.576821416, 007421, 3.9044533, 0.16433522, 7.208522, 0.5315127, -0.35630104, 0.49470332, -0.5880583, 1600.1476, 1600.1476, 955.56494, 717.62006, , 
65927.610159083, 007422, 3.9142675, 0.16441295, 7.218702, 0.5358238, -0.35759977, 0.49144912, -0.58608264, 1600.1476, 1600.1476, 955.5696, 717.6171, , 
65927.626828041, 007423, 3.9191105, 0.1647333, 7.2237363, 0.53787345, -0.35786784, 0.49008802, -0.5851809, 1600.1476, 1600.1476, 955.57227, 717.6152, , 
65927.643496958, 007424, 3.924368, 0.16503286, 7.2288423, 0.53982157, -0.35832465, 0.4888933, -0.58410573, 1600.1476, 1600.1476, 955.57526, 717.6123, , 
65927.676834583, 007425, 3.9356773, 0.16586658, 7.2392573, 0.54341686, -0.36024925, 0.48671484, -0.58140105, 1599.6957, 1599.6957, 955.5773, 717.60803, , 
65927.6935035, 007426, 3.941539, 0.16636781, 7.2445374, 0.5450224, -0.36154863, 0.48554048, -0.580072, 1599.6957, 1599.6957, 955.57745, 717.60583, , 
65927.710172458, 007427, 3.9475658, 0.16694352, 7.2500405, 0.5463664, -0.36281577, 0.4842802, -0.5790694, 1599.6957, 1599.6957, 955.5777, 717.6049, , 
65927.743510291, 007428, 3.959417, 0.16798493, 7.2608247, 0.54856044, -0.36504844, 0.48185888, -0.5776097, 1599.6957, 1599.6957, 955.5784, 717.60455, , 
65927.760179041, 007429, 3.9653003, 0.16851579, 7.2660627, 0.54957324, -0.3661238, 0.4808447, -0.5768112, 1599.6957, 1599.6957, 955.5784, 717.6043, , 
65927.776847916, 007430, 3.9712098, 0.16908002, 7.2712216, 0.5506425, -0.3671903, 0.4799997, -0.57581633, 1599.6957, 1599.6957, 955.5783, 717.60364, , 
65927.793516833, 007431, 3.9771464, 0.16964306, 7.2763014, 0.5518646, -0.3682495, 0.47926494, -0.57458067, 1599.6957, 1599.6957, 955.57794, 717.6018, , 
65927.826854458, 007432, 3.9875076, 0.17010845, 7.285139, 0.5546609, -0.3704262, 0.47773728, -0.571754, 1600.1476, 1600.1476, 955.5773, 717.5978, , 
65927.843523458, 007433, 3.9932883, 0.17043823, 7.2898912, 0.5559982, -0.37171265, 0.47699994, -0.570234, 1600.1476, 1600.1476, 955.5764, 717.5953, , 
65927.860192333, 007434, 3.999283, 0.17076045, 7.294707, 0.55727845, -0.3733285, 0.47622454, -0.56857437, 1600.1476, 1600.1476, 955.57526, 717.5935, , 
65927.893530166, 007435, 4.0112324, 0.17119281, 7.3041735, 0.5598731, -0.37673193, 0.47433293, -0.5653525, 1600.1476, 1600.1476, 955.57214, 717.59033, , 
65927.910198875, 007436, 4.016621, 0.17124248, 7.3086715, 0.56142235, -0.37791556, 0.47290364, -0.56422246, 1600.1476, 1600.1476, 955.5724, 717.5893, , 
65927.92686775, 007437, 4.0220966, 0.17126675, 7.3131313, 0.5630083, -0.3787968, 0.4713007, -0.5633918, 1600.1476, 1600.1476, 955.57355, 717.5887, , 
65927.960205666, 007438, 4.033439, 0.17142607, 7.321752, 0.5656462, -0.38080722, 0.468626, -0.56162256, 1600.1476, 1600.1476, 955.5756, 717.5874, , 
65927.976874416, 007439, 4.0393095, 0.17152841, 7.325903, 0.5663099, -0.3820062, 0.46782753, -0.5608045, 1600.1476, 1600.1476, 955.575, 717.5872, , 
65927.993543333, 007440, 4.0452414, 0.17162226, 7.329969, 0.5664338, -0.3831182, 0.46742225, -0.56025845, 1600.1476, 1600.1476, 955.5736, 717.5876, , 
65928.026881166, 007441, 4.0570836, 0.17161828, 7.3383803, 0.56597584, -0.38497415, 0.46717018, -0.559659, 1600.1476, 1600.1476, 955.5697, 717.5895, , 
65928.043550041, 007442, 4.0631666, 0.17172408, 7.3423195, 0.5657406, -0.38587862, 0.46713066, -0.5593069, 1600.1476, 1600.1476, 955.56793, 717.5902, , 
65928.060218833, 007443, 4.0693293, 0.17180295, 7.346245, 0.56549555, -0.3869095, 0.46703395, -0.558923, 1599.6957, 1599.6957, 955.56537, 717.5912, , 
65928.093556625, 007444, 4.0818157, 0.17181465, 7.3541255, 0.56528467, -0.38921466, 0.46644318, -0.55802876, 1599.6957, 1599.6957, 955.56165, 717.5929, , 
65928.110225583, 007445, 4.089005, 0.17166941, 7.3582883, 0.56548953, -0.3902856, 0.4658634, -0.55755705, 1599.6957, 1599.6957, 955.55994, 717.5938, , 
65928.126894208, 007446, 4.0958505, 0.171429, 7.3623776, 0.5657823, -0.39128056, 0.46513236, -0.557173, 1599.6957, 1599.6957, 955.5591, 717.59454, , 
65928.160232083, 007447, 4.108796, 0.17074677, 7.3703113, 0.5663104, -0.39300466, 0.46350536, -0.5567787, 1599.6957, 1599.6957, 955.5583, 717.5969, , 
65928.176901, 007448, 4.1152534, 0.17035523, 7.374129, 0.56651574, -0.39359775, 0.46272376, -0.5568011, 1599.6957, 1599.6957, 955.5583, 717.598, , 
65928.210238708, 007449, 4.129269, 0.16957444, 7.3823533, 0.5664177, -0.3943448, 0.46150896, -0.55738014, 1599.6957, 1599.6957, 955.5588, 717.60077, , 
65928.226907583, 007450, 4.136435, 0.16911879, 7.3863935, 0.56618917, -0.3944431, 0.4611032, -0.5578785, 1599.6957, 1599.6957, 955.5591, 717.60284, , 
65928.243576583, 007451, 4.1432652, 0.16854808, 7.3899727, 0.5660325, -0.39420718, 0.46078253, -0.55846894, 1599.6957, 1599.6957, 955.5598, 717.60406, , 
65928.276914125, 007452, 4.1565437, 0.16714603, 7.3966174, 0.56588763, -0.3924522, 0.4603293, -0.56022274, 1600.1476, 1600.1476, 955.5641, 717.60565, , 
65928.293583125, 007453, 4.163126, 0.16633753, 7.399869, 0.5658059, -0.39107338, 0.4601737, -0.561396, 1600.1476, 1600.1476, 955.567, 717.60614, , 
65928.310252, 007454, 4.1702137, 0.16513032, 7.4029474, 0.5656844, -0.3897231, 0.4599987, -0.5625994, 1600.1476, 1600.1476, 955.5698, 717.6069, , 
65928.343589875, 007455, 4.1841283, 0.16329814, 7.409324, 0.56540555, -0.38753137, 0.45976895, -0.5645783, 1600.1476, 1600.1476, 955.57526, 717.6084, , 
65928.360258583, 007456, 4.1911373, 0.1624992, 7.412458, 0.5654867, -0.38652983, 0.45962897, -0.5652969, 1599.6957, 1599.6957, 955.57745, 717.6085, , 
65928.393596458, 007457, 4.2050323, 0.16110748, 7.418595, 0.56564105, -0.38410082, 0.45938584, -0.56699336, 1599.6957, 1599.6957, 955.5835, 717.6085, , 
65928.410265333, 007458, 4.213045, 0.16056739, 7.422247, 0.5655846, -0.38294286, 0.45938978, -0.5678289, 1599.6957, 1599.6957, 955.5858, 717.6085, , 
65928.426934041, 007459, 4.220338, 0.16018762, 7.4254284, 0.56555355, -0.38192022, 0.45944682, -0.56850225, 1599.6957, 1599.6957, 955.5878, 717.6084, , 
65928.460271916, 007460, 4.234194, 0.15979227, 7.431388, 0.56547457, -0.3799951, 0.45924807, -0.5700292, 1600.1476, 1600.1476, 955.59235, 717.6087, , 
65928.476940833, 007461, 4.2408495, 0.15974185, 7.434318, 0.5654976, -0.37877914, 0.4588044, -0.5711718, 1600.1476, 1600.1476, 955.59515, 717.6095, , 
65928.510278458, 007462, 4.2546763, 0.15970941, 7.4400535, 0.5661566, -0.3764865, 0.45727733, -0.5732556, 1600.1476, 1600.1476, 955.60364, 717.6115, , 
65928.526947416, 007463, 4.2616296, 0.15996611, 7.4430094, 0.5664603, -0.37573892, 0.4565975, -0.5739874, 1600.1476, 1600.1476, 955.60675, 717.6122, , 
65930.560550458, 007551, 4.9477935, 0.19601403, 7.972994, 0.58606267, -0.29560703, 0.47655576, -0.5848433, 1600.1476, 1600.1476, 955.7835, 717.4989, , 
65930.593888083, 007552, 4.9503446, 0.19855739, 7.9836082, 0.5803516, -0.28348365, 0.48540097, -0.5892496, 1600.5995, 1600.5995, 955.7955, 717.4935, , 
65930.610557, 007553, 4.951269, 0.19963948, 7.9887586, 0.5772336, -0.27750772, 0.48990953, -0.59142166, 1600.5995, 1600.5995, 955.80023, 717.4914, , 
65930.643894791, 007554, 4.952478, 0.20151107, 7.998953, 0.5710256, -0.26561975, 0.49839425, -0.5958013, 1600.1476, 1600.1476, 955.81116, 717.48773, , 
65930.660563583, 007555, 4.952832, 0.2023157, 8.00404, 0.5683842, -0.2595674, 0.5020588, -0.5979139, 1600.1476, 1600.1476, 955.8173, 717.4862, , 
65930.693901458, 007556, 4.953392, 0.20387335, 8.014195, 0.56407654, -0.24776256, 0.5086783, -0.6013965, 1600.1476, 1600.1476, 955.83405, 717.48157, , 
65930.710570291, 007557, 4.953523, 0.20490919, 8.01911, 0.5618943, -0.24280062, 0.5123767, -0.6023228, 1600.1476, 1600.1476, 955.83905, 717.47864, , 
65930.727239208, 007558, 4.9532905, 0.20621954, 8.023667, 0.5597257, -0.2383305, 0.51658267, -0.60253483, 1600.1476, 1600.1476, 955.84186, 717.4745, , 
65930.760576916, 007559, 4.95397, 0.20835935, 8.032567, 0.5555057, -0.22810969, 0.5257827, -0.6024383, 1600.5995, 1600.5995, 955.84973, 717.46124, , 
65930.777245791, 007560, 4.9541154, 0.2091658, 8.036753, 0.5531733, -0.22178702, 0.5305365, -0.6027776, 1600.5995, 1600.5995, 955.8559, 717.4554, , 
65930.8105835, 007561, 4.953996, 0.21056704, 8.044451, 0.5472745, -0.20864813, 0.5409952, -0.603557, 1600.5995, 1600.5995, 955.87024, 717.44244, , 
65930.827252375, 007562, 4.9535136, 0.21127777, 8.047733, 0.5435207, -0.20219655, 0.5467469, -0.6039617, 1600.5995, 1600.5995, 955.8745, 717.4372, , 
65930.84392125, 007563, 4.9533973, 0.21181299, 8.051345, 0.53918755, -0.19599052, 0.5526953, -0.6044769, 1600.5995, 1600.5995, 955.87756, 717.4325, , 
65930.877259125, 007564, 4.953336, 0.2126052, 8.0588255, 0.529608, -0.1843526, 0.564547, -0.6056533, 1600.5995, 1600.5995, 955.88043, 717.4237, , 
65930.893927875, 007565, 4.953242, 0.21286218, 8.062499, 0.5248281, -0.17866568, 0.57012796, -0.6062907, 1600.5995, 1600.5995, 955.88135, 717.4204, , 
65930.910596833, 007566, 4.9527144, 0.21315019, 8.065974, 0.5199755, -0.17278795, 0.5752746, -0.60731304, 1600.5995, 1600.5995, 955.8836, 717.4172, , 
65930.927265666, 007567, 4.9516983, 0.21348982, 8.069322, 0.51482797, -0.16660976, 0.5799756, -0.6089513, 1600.5995, 1600.5995, 955.88605, 717.41644, , 
65930.960603416, 007568, 4.949937, 0.21404628, 8.076492, 0.50322664, -0.15407015, 0.5885731, -0.61368316, 1600.1476, 1600.1476, 955.89056, 717.42065, , 
65930.977272291, 007569, 4.9488854, 0.2145967, 8.080122, 0.49696282, -0.14759937, 0.59262514, -0.61647207, 1600.1476, 1600.1476, 955.8922, 717.4241, , 
65930.993941166, 007570, 4.947678, 0.21537344, 8.08363, 0.49028578, -0.14074981, 0.59678346, -0.61940205, 1600.1476, 1600.1476, 955.8939, 717.428, , 
65931.027278916, 007571, 4.9451165, 0.21801786, 8.088956, 0.47557727, -0.12564512, 0.6062237, -0.6249259, 1600.1476, 1600.1476, 955.89764, 717.4365, , 
65931.04394775, 007572, 4.943475, 0.21931921, 8.091442, 0.46773475, -0.11709292, 0.6114085, -0.6274497, 1600.5995, 1600.5995, 955.9001, 717.4394, , 
65931.060616666, 007573, 4.941605, 0.22053947, 8.093777, 0.4597738, -0.10788267, 0.6167933, -0.62971073, 1600.5995, 1600.5995, 955.90497, 717.44244, , 
65931.0939545, 007574, 4.9374337, 0.22272511, 8.098158, 0.44374758, -0.08912621, 0.627551, -0.6335016, 1600.5995, 1600.5995, 955.9136, 717.4457, , 
65931.110623291, 007575, 4.935165, 0.22369976, 8.10026, 0.43607047, -0.08005819, 0.63249004, -0.63512945, 1600.5995, 1600.5995, 955.91925, 717.44775, , 
65931.143961083, 007576, 4.930291, 0.2254742, 8.10438, -0.42219505, 0.062440034, -0.6411475, 0.63779503, 1600.1476, 1600.1476, 955.9302, 717.45074, , 
65931.16063, 007577, 4.9277015, 0.22627436, 8.106419, -0.41574904, 0.053914774, -0.6450703, 0.6388508, 1600.1476, 1600.1476, 955.93604, 717.45197, , 
65931.177298875, 007578, 4.9250164, 0.22702698, 8.108385, -0.40931314, 0.04546236, -0.648808, 0.6398782, 1600.5995, 1600.5995, 955.94403, 717.45386, , 
65931.210636583, 007579, 4.9191074, 0.228272, 8.111998, -0.39523995, 0.028068598, -0.65582263, 0.6425684, 1600.5995, 1600.5995, 955.95496, 717.4594, , 
65931.227305458, 007580, 4.9158206, 0.22863133, 8.113685, -0.3873248, 0.019128682, -0.6591546, 0.6443048, 1600.5995, 1600.5995, 955.9609, 717.46545, , 
65931.243974333, 007581, 4.912534, 0.22910391, 8.115248, -0.37861404, 0.010245116, -0.6624149, 0.6463382, 1600.5995, 1600.5995, 955.9633, 717.4713, , 
65931.277312, 007582, 4.905609, 0.22986858, 8.117982, -0.3601233, -0.0076516178, -0.6686315, 0.6505264, 1600.1476, 1600.1476, 955.96564, 717.4873, , 
65931.293980958, 007583, 4.9019885, 0.2300591, 8.11906, -0.35113657, -0.016997967, -0.6714941, 0.6523111, 1600.5995, 1600.5995, 955.96796, 717.4939, , 
65931.310649875, 007584, 4.8978233, 0.22980817, 8.120778, -0.34205964, -0.026687376, -0.67408526, 0.65413463, 1600.5995, 1600.5995, 955.97125, 717.5009, , 
65931.3439875, 007585, 4.8893023, 0.22920541, 8.124054, -0.32258135, -0.04525181, -0.6787089, 0.65821564, 1600.5995, 1600.5995, 955.97394, 717.5204, , 
65931.360656375, 007586, 4.8853855, 0.22923519, 8.125028, -0.31288603, -0.0535729, -0.680855, 0.6600521, 1600.5995, 1600.5995, 955.9724, 717.5288, , 
65931.377325333, 007587, 4.8815627, 0.229362, 8.125883, -0.30375853, -0.061216358, -0.68292326, 0.6615126, 1600.5995, 1600.5995, 955.9702, 717.5363, , 
65931.410662958, 007588, 4.873959, 0.22973312, 8.128131, -0.28728384, -0.07496073, -0.6867139, 0.66353065, 1600.5995, 1600.5995, 955.96545, 717.5506, , 
65931.427331958, 007589, 4.870252, 0.22993736, 8.129751, -0.2797839, -0.08120496, -0.6885658, 0.6640812, 1600.5995, 1600.5995, 955.96356, 717.5555, , 
65931.46066975, 007590, 4.8633533, 0.22993858, 8.13101, -0.2660656, -0.09257408, -0.6921902, 0.6644636, 1600.5995, 1600.5995, 955.9596, 717.5637, , 
65931.477338666, 007591, 4.860153, 0.22978233, 8.13131, -0.25957745, -0.097650886, -0.6939964, 0.6644192, 1600.5995, 1600.5995, 955.9574, 717.56635, , 
65931.494007416, 007592, 4.8571143, 0.22951798, 8.131455, -0.25315726, -0.102443546, -0.6958148, 0.6642729, 1600.5995, 1600.5995, 955.9537, 717.5693, , 
65931.52734525, 007593, 4.8520775, 0.22921197, 8.132792, -0.24017887, -0.11217465, -0.6989298, 0.66425, 1600.5995, 1600.5995, 955.948, 717.5746, , 
65931.544014166, 007594, 4.849527, 0.22869973, 8.132653, -0.23380877, -0.117357895, -0.7000892, 0.6644063, 1600.5995, 1600.5995, 955.94507, 717.57947, , 
65931.577351791, 007595, 4.8445663, 0.22723715, 8.131369, -0.22220843, -0.12833832, -0.7015876, 0.6647763, 1600.5995, 1600.5995, 955.9447, 717.58777, , 
65931.59402075, 007596, 4.8421664, 0.2264583, 8.130515, -0.21688588, -0.13377716, -0.7021085, 0.6649119, 1600.5995, 1600.5995, 955.94556, 717.5922, , 
65931.610689541, 007597, 4.840144, 0.22565766, 8.130125, -0.21176481, -0.13885434, -0.7027902, 0.66480154, 1600.5995, 1600.5995, 955.9465, 717.59717, , 
65931.644027291, 007598, 4.8363595, 0.22430088, 8.129173, -0.20175825, -0.14794277, -0.70462525, 0.66401047, 1600.5995, 1600.5995, 955.94635, 717.6022, , 
65931.660696208, 007599, 4.834476, 0.22374384, 8.128449, -0.19673362, -0.15202478, -0.70571756, 0.6634358, 1600.5995, 1600.5995, 955.9447, 717.6042, , 
65931.694034, 007600, 4.8307576, 0.2225643, 8.126801, -0.18689579, -0.160125, -0.7076834, 0.66227955, 1600.5995, 1600.5995, 955.9421, 717.6071, , 
65931.71070275, 007601, 4.828878, 0.22171764, 8.126343, -0.18224135, -0.16405152, -0.70858204, 0.66165453, 1600.5995, 1600.5995, 955.9409, 717.60913, , 
65931.72737175, 007602, 4.8270564, 0.22086157, 8.125924, -0.17762753, -0.16776836, -0.70947605, 0.66101897, 1600.5995, 1600.5995, 955.93964, 717.6104, , 
65931.7607095, 007603, 4.823475, 0.2194757, 8.124566, -0.16793303, -0.17483057, -0.71100694, 0.6600772, 1600.1476, 1600.1476, 955.93463, 717.61426, , 
65931.7773785, 007604, 4.821718, 0.21886311, 8.12388, -0.1627575, -0.17812671, -0.7117934, 0.6596446, 1600.1476, 1600.1476, 955.93115, 717.6159, , 
65931.794047083, 007605, 4.819997, 0.21826874, 8.12317, -0.15721084, -0.18149419, -0.7126432, 0.6591542, 1600.1476, 1600.1476, 955.92706, 717.61743, , 
65931.827384958, 007606, 4.8178215, 0.21666072, 8.122304, -0.14493197, -0.18960425, -0.71442896, 0.6577509, 1600.5995, 1600.5995, 955.91797, 717.6215, , 
65931.844053916, 007607, 4.8164043, 0.21579497, 8.121478, -0.13823202, -0.19413039, -0.71521443, 0.6570188, 1600.5995, 1600.5995, 955.91425, 717.62366, , 
65931.860722666, 007608, 4.814868, 0.21493427, 8.120637, -0.13124801, -0.19851571, -0.7159046, 0.65638864, 1600.5995, 1600.5995, 955.9097, 717.62604, , 
65931.894060416, 007609, 4.81144, 0.21342011, 8.119692, -0.11642012, -0.20475483, -0.71697146, 0.656105, 1600.5995, 1600.5995, 955.8916, 717.6323, , 
65931.910729333, 007610, 4.809409, 0.21276437, 8.119701, -0.10882605, -0.20592208, -0.7173869, 0.65658885, 1600.1476, 1600.1476, 955.8787, 717.635, , 
65931.927398166, 007611, 4.807819, 0.21161313, 8.119359, -0.101648495, -0.20629804, -0.7178546, 0.65710986, 1600.5995, 1600.5995, 955.8595, 717.6378, , 
65931.960735958, 007612, 4.8035383, 0.20961194, 8.118864, -0.08892081, -0.20745084, -0.71859616, 0.65778184, 1600.1476, 1600.1476, 955.83466, 717.6409, , 
65931.977404833, 007613, 4.8011656, 0.20842285, 8.118288, -0.082776256, -0.20869605, -0.718707, 0.65806854, 1600.1476, 1600.1476, 955.8213, 717.64355, , 
65931.994073791, 007614, 4.798663, 0.20715447, 8.117619, -0.07647759, -0.20976646, -0.7186754, 0.6585248, 1600.5995, 1600.5995, 955.81067, 717.646, , 
65932.027411416, 007615, 4.7944503, 0.20374335, 8.114969, -0.06359063, -0.21215089, -0.71821034, 0.65963787, 1600.1476, 1600.1476, 955.7887, 717.65173, , 
65932.044080375, 007616, 4.791991, 0.20208265, 8.113562, -0.057070736, -0.21422563, -0.7178337, 0.6599736, 1600.1476, 1600.1476, 955.77625, 717.6561, , 
65932.077418041, 007617, 4.7869253, 0.19881643, 8.110278, -0.043395918, -0.22035068, -0.7169021, 0.6600105, 1600.5995, 1600.5995, 955.76105, 717.66284, , 
65932.094086916, 007618, 4.784318, 0.1972378, 8.108373, -0.036029104, -0.2242348, -0.71635056, 0.6597442, 1600.1476, 1600.1476, 955.7522, 717.6676, , 
65932.110755791, 007619, 4.78185, 0.19551672, 8.105705, -0.028433295, -0.22872317, -0.7159047, 0.6590582, 1600.1476, 1600.1476, 955.74603, 717.6708, , 
65932.144093625, 007620, 4.7770724, 0.19229086, 8.099867, -0.013674321, -0.24004301, -0.7153343, 0.6561168, 1600.1476, 1600.1476, 955.7387, 717.6761, , 
65932.160762458, 007621, 4.774608, 0.19085558, 8.096801, -0.006153194, -0.24655865, -0.71488446, 0.65430206, 1600.1476, 1600.1476, 955.73755, 717.6785, , 
65932.194100208, 007622, 4.769465, 0.18857597, 8.090717, 0.009771877, -0.25852695, -0.713929, 0.6506718, 1600.1476, 1600.1476, 955.7315, 717.68365, , 
65932.210769125, 007623, 4.7671347, 0.18759692, 8.087684, 0.018000372, -0.26383603, -0.71346694, 0.64886945, 1600.1476, 1600.1476, 955.72687, 717.68524, , 
65932.227437875, 007624, 4.764756, 0.18675789, 8.084597, 0.026280547, -0.26922768, -0.7129218, 0.64696854, 1600.1476, 1600.1476, 955.7221, 717.68665, , 
65932.260775708, 007625, 4.7595434, 0.18549761, 8.0781355, 0.0431218, -0.28107545, -0.71124315, 0.64286095, 1600.1476, 1600.1476, 955.7129, 717.69116, , 
65932.277444583, 007626, 4.7567835, 0.18505822, 8.074874, 0.051670257, -0.28691188, -0.71033853, 0.64064896, 1600.1476, 1600.1476, 955.70886, 717.69305, , 
65932.310782375, 007627, 4.751297, 0.18485856, 8.068636, 0.06880318, -0.29645807, -0.70910746, 0.63603884, 1600.1476, 1600.1476, 955.69617, 717.6939, , 
65932.32745125, 007628, 4.748466, 0.18501437, 8.065703, 0.077324666, -0.29999566, -0.70875007, 0.6337956, 1600.1476, 1600.1476, 955.6887, 717.6926, , 
65932.344120083, 007629, 4.7452884, 0.18508111, 8.062888, 0.08570935, -0.3030748, -0.70840067, 0.63163924, 1599.6957, 1599.6957, 955.6807, 717.69086, , 
65932.377457791, 007630, 4.7383847, 0.18487257, 8.056802, 0.1007751, -0.30917498, -0.7076746, 0.62725735, 1600.1476, 1600.1476, 955.6644, 717.6865, , 
65932.394126666, 007631, 4.7346964, 0.1845389, 8.053315, 0.10727463, -0.3126126, -0.7072119, 0.6249935, 1600.1476, 1600.1476, 955.6599, 717.685, , 
65932.410795583, 007632, 4.731272, 0.18453768, 8.049613, 0.11322676, -0.31622645, -0.70668894, 0.62271285, 1600.1476, 1600.1476, 955.65594, 717.68353, , 
65932.444133416, 007633, 4.723388, 0.18409511, 8.041628, 0.124097325, -0.32309002, -0.70539045, 0.6185766, 1600.1476, 1600.1476, 955.6512, 717.6822, , 
65932.46080225, 007634, 4.71891, 0.1836737, 8.037373, 0.12923731, -0.32633966, -0.70452076, 0.6168068, 1600.1476, 1600.1476, 955.64886, 717.68207, , 
65932.477471125, 007635, 4.714245, 0.18322648, 8.032967, 0.13420779, -0.3295276, -0.703579, 0.6151231, 1599.6957, 1599.6957, 955.6456, 717.6825, , 
65932.510808875, 007636, 4.7050447, 0.18257004, 8.023993, 0.14363515, -0.3363079, -0.70196044, 0.6111609, 1599.6957, 1599.6957, 955.64246, 717.68256, , 
65932.527477625, 007637, 4.700576, 0.18231542, 8.019487, 0.14826444, -0.34002507, -0.7012427, 0.60881793, 1599.6957, 1599.6957, 955.64197, 717.682, , 
65932.544146583, 007638, 4.6960616, 0.1819025, 8.014888, 0.15304841, -0.34377843, -0.7004642, 0.6064179, 1599.6957, 1599.6957, 955.64154, 717.6816, , 
65934.577749291, 007725, 4.1804857, 0.18874668, 7.7202425, 0.50497067, -0.62218493, -0.5293422, 0.27872464, 1600.1476, 1600.1476, 955.73676, 717.65326, , 
65934.611087166, 007726, 4.177945, 0.18763886, 7.7060566, 0.51195896, -0.6248552, -0.5230599, 0.2717762, 1600.1476, 1600.1476, 955.7335, 717.6518, , 
65934.627755875, 007727, 4.1766596, 0.1871276, 7.698988, 0.51583934, -0.62617487, -0.51916236, 0.26885942, 1600.1476, 1600.1476, 955.7298, 717.65173, , 
65934.64442475, 007728, 4.1749706, 0.18659464, 7.6916304, 0.51980066, -0.6274745, -0.5148857, 0.26641217, 1600.1476, 1600.1476, 955.7244, 717.65234, , 
65934.677762625, 007729, 4.171318, 0.18551919, 7.676746, 0.5274729, -0.6299325, -0.5063925, 0.26177096, 1600.1476, 1600.1476, 955.71106, 717.6539, , 
65934.694431333, 007730, 4.169521, 0.18494053, 7.6693397, 0.5309016, -0.6311462, -0.5025677, 0.25927538, 1600.1476, 1600.1476, 955.70654, 717.65436, , 
65934.727769166, 007731, 4.1667223, 0.18343988, 7.654673, 0.5370089, -0.6333748, -0.49577874, 0.25428596, 1600.1476, 1600.1476, 955.6986, 717.655, , 
65934.744438125, 007732, 4.1649294, 0.18284218, 7.6474743, 0.5399845, -0.63417614, -0.4926763, 0.25200665, 1600.1476, 1600.1476, 955.6954, 717.6548, , 
65934.761106791, 007733, 4.1629853, 0.18234637, 7.6403728, 0.5430535, -0.63479394, -0.48962498, 0.24979354, 1600.1476, 1600.1476, 955.692, 717.654, , 
65934.77777575, 007734, 4.1609926, 0.18191029, 7.633395, 0.54626465, -0.6354278, -0.48642752, 0.24741608, 1600.1476, 1600.1476, 955.6872, 717.6526, , 
65934.794444666, 007735, 4.1589866, 0.1814927, 7.626491, 0.5496224, -0.6362375, -0.48285255, 0.24488881, 1599.6957, 1599.6957, 955.6835, 717.65186, , 
65934.811113541, 007736, 4.1574636, 0.18092918, 7.6197305, 0.553096, -0.63714916, -0.4789207, 0.24240628, 1600.1476, 1600.1476, 955.6793, 717.65155, , 
65934.84445125, 007737, 4.153669, 0.18006173, 7.6059427, 0.5601276, -0.63876665, -0.47063324, 0.23819874, 1600.1476, 1600.1476, 955.6669, 717.65125, , 
65934.861120166, 007738, 4.1514792, 0.17970568, 7.598823, 0.5634139, -0.63967144, -0.4663723, 0.23639396, 1600.1476, 1600.1476, 955.6611, 717.65155, , 
65934.877789083, 007739, 4.1493115, 0.1793042, 7.5915523, 0.56642294, -0.6407829, -0.46201882, 0.23473594, 1600.1476, 1600.1476, 955.6534, 717.6531, , 
65934.894457875, 007740, 4.147253, 0.1788228, 7.584172, 0.56908613, -0.64214295, -0.4576977, 0.23303716, 1599.6957, 1599.6957, 955.6481, 717.655, , 
65934.911126708, 007741, 4.1455865, 0.17834719, 7.5765524, 0.5713635, -0.6437026, -0.45354304, 0.23127781, 1599.6957, 1599.6957, 955.6435, 717.6576, , 
65934.927795625, 007742, 4.143868, 0.17780973, 7.5688643, 0.5733808, -0.6452172, -0.44964078, 0.22967914, 1600.1476, 1600.1476, 955.6382, 717.66125, , 
65934.961133416, 007743, 4.1397505, 0.1766244, 7.553398, 0.57702494, -0.64770615, -0.44246367, 0.22747493, 1600.1476, 1600.1476, 955.6296, 717.6664, , 
65934.977802333, 007744, 4.1375794, 0.17600776, 7.5456085, 0.57866037, -0.6488256, -0.43917915, 0.22649322, 1600.1476, 1600.1476, 955.6255, 717.66864, , 
65934.994471125, 007745, 4.1354036, 0.17536713, 7.537811, 0.580142, -0.64994717, -0.4361622, 0.22531426, 1600.1476, 1600.1476, 955.621, 717.6716, , 
65935.027808916, 007746, 4.1306953, 0.17425261, 7.521682, 0.5827457, -0.6521366, -0.43069175, 0.22277789, 1599.6957, 1599.6957, 955.6162, 717.6754, , 
65935.044477791, 007747, 4.1281686, 0.17360705, 7.5136976, 0.584052, -0.6533047, -0.42774788, 0.22160313, 1599.6957, 1599.6957, 955.6127, 717.6784, , 
65935.061146583, 007748, 4.1254654, 0.1729393, 7.505758, 0.58552015, -0.654385, -0.42465514, 0.2204871, 1599.6957, 1599.6957, 955.60956, 717.68054, , 
65935.0778155, 007749, 4.122603, 0.17223756, 7.4978795, 0.5871281, -0.65533656, -0.42158926, 0.21926485, 1599.6957, 1599.6957, 955.6062, 717.68225, , 
65935.111153291, 007750, 4.11564, 0.17105383, 7.482311, 0.590381, -0.65674335, -0.41616333, 0.21667168, 1600.1476, 1600.1476, 955.59955, 717.68445, , 
65935.127822166, 007751, 4.111643, 0.17052226, 7.474565, 0.5918253, -0.6571699, -0.41406393, 0.21545668, 1600.1476, 1600.1476, 955.5975, 717.68463, , 
65935.144491, 007752, 4.1079416, 0.1697212, 7.4667935, 0.59303015, -0.6575368, -0.41238397, 0.21424262, 1600.1476, 1600.1476, 955.5955, 717.68445, , 
65935.17782875, 007753, 4.100413, 0.16766195, 7.451218, 0.59486824, -0.6580755, -0.41001207, 0.21203402, 1600.1476, 1600.1476, 955.59424, 717.68396, , 
65935.194497625, 007754, 4.0963254, 0.16646695, 7.4433722, 0.59554005, -0.6579807, -0.40951574, 0.21140112, 1600.1476, 1600.1476, 955.59375, 717.68274, , 
65935.2111665, 007755, 4.0920444, 0.16515806, 7.4354773, 0.5959567, -0.6578931, -0.40929765, 0.210921, 1600.1476, 1600.1476, 955.59375, 717.6818, , 
65935.227835333, 007756, 4.0850215, 0.16357705, 7.429545, 0.5961677, -0.6579325, -0.40921068, 0.2103698, 1600.1476, 1600.1476, 955.59436, 717.6815, , 
65935.261173166, 007757, 4.074185, 0.160587, 7.414503, 0.596061, -0.65798223, -0.40967423, 0.20961314, 1600.1476, 1600.1476, 955.5968, 717.68115, , 
65935.277842083, 007758, 4.068689, 0.15923499, 7.406597, 0.59609675, -0.6575209, -0.410308, 0.2097194, 1600.1476, 1600.1476, 955.59735, 717.67993, , 
65935.294510875, 007759, 4.062954, 0.15799971, 7.3987074, 0.59619385, -0.65692335, -0.4110253, 0.20991164, 1600.1476, 1600.1476, 955.5977, 717.6782, , 
65935.327848583, 007760, 4.048145, 0.15636013, 7.3860373, 0.5967548, -0.6560101, -0.4117446, 0.20976366, 1600.1476, 1600.1476, 955.59827, 717.67487, , 
65935.344517541, 007761, 4.041589, 0.15557013, 7.379111, 0.59708136, -0.65581787, -0.41191992, 0.20909041, 1600.1476, 1600.1476, 955.599, 717.6737, , 
65935.361186333, 007762, 4.0352483, 0.15487732, 7.372189, 0.5973139, -0.65564567, -0.41244084, 0.20793608, 1600.1476, 1600.1476, 955.60156, 717.67163, , 
65935.37785525, 007763, 4.028883, 0.154387, 7.3653784, 0.59752846, -0.65535426, -0.41329604, 0.20653543, 1599.6957, 1599.6957, 955.60455, 717.6695, , 
65935.411193083, 007764, 4.01479, 0.15389584, 7.3517866, 0.5982472, -0.653668, -0.4153333, 0.20571081, 1599.6957, 1599.6957, 955.6084, 717.66345, , 
65935.427861875, 007765, 4.0071883, 0.15394233, 7.3448033, 0.5987024, -0.65254945, -0.41604245, 0.20650291, 1599.6957, 1599.6957, 955.6076, 717.65955, , 
65935.444530708, 007766, 3.9998128, 0.15444674, 7.337526, 0.59920955, -0.65144736, -0.41642138, 0.20774385, 1599.6957, 1599.6957, 955.60547, 717.6571, , 
65935.461199625, 007767, 3.9925249, 0.15512218, 7.3300753, 0.5997439, -0.6503184, -0.41665944, 0.20925626, 1600.1476, 1600.1476, 955.6027, 717.6549, , 
65935.494537458, 007768, 3.9780447, 0.1564886, 7.3151956, 0.6008088, -0.6477139, -0.41763914, 0.2123039, 1600.1476, 1600.1476, 955.5963, 717.64886, , 
65935.511206125, 007769, 3.9704292, 0.15761113, 7.3081465, 0.60111785, -0.6468801, -0.4179483, 0.21336065, 1600.1476, 1600.1476, 955.59424, 717.6468, , 
65935.527875083, 007770, 3.9631612, 0.1584951, 7.301158, 0.6010732, -0.6467521, -0.41792342, 0.2139221, 1600.1476, 1600.1476, 955.5926, 717.64636, , 
65935.561212875, 007771, 3.949982, 0.15917982, 7.2871246, 0.60011196, -0.647847, -0.41753387, 0.21406879, 1600.1476, 1600.1476, 955.5927, 717.64954, , 
65935.577881791, 007772, 3.9436114, 0.1594102, 7.280047, 0.59929943, -0.6484787, -0.41752192, 0.21445534, 1600.1476, 1600.1476, 955.59326, 717.65247, , 
65935.594550583, 007773, 3.937269, 0.15967873, 7.272892, 0.5984169, -0.64899004, -0.41753885, 0.21533799, 1600.1476, 1600.1476, 955.59296, 717.6549, , 
65935.6112195, 007774, 3.9305594, 0.16001794, 7.265813, 0.59762913, -0.6492372, -0.41761237, 0.21663424, 1600.1476, 1600.1476, 955.592, 717.6572, , 
65935.64455725, 007775, 3.9175987, 0.160537, 7.2519064, 0.59628624, -0.64941484, -0.41787145, 0.21928643, 1600.1476, 1600.1476, 955.58887, 717.661, , 
65935.661226, 007776, 3.9114747, 0.16062249, 7.2450395, 0.5954568, -0.6498022, -0.41795662, 0.22022806, 1600.1476, 1600.1476, 955.58826, 717.66296, , 
65935.677894916, 007777, 3.905372, 0.16061796, 7.2381444, 0.5945234, -0.6501884, -0.4181012, 0.22133294, 1600.1476, 1600.1476, 955.58795, 717.6653, , 
65935.71123275, 007778, 3.8927608, 0.16037679, 7.224327, 0.5927032, -0.6502105, -0.41883907, 0.22472869, 1600.1476, 1600.1476, 955.5854, 717.6698, , 
65935.727901625, 007779, 3.886207, 0.16022733, 7.2173586, 0.5919304, -0.6499066, -0.4191842, 0.22698982, 1599.6957, 1599.6957, 955.5832, 717.6713, , 
65935.744570416, 007780, 3.879582, 0.16018835, 7.210186, 0.5911677, -0.6496112, -0.41942266, 0.22937034, 1599.6957, 1599.6957, 955.5796, 717.67334, , 
65935.777908208, 007781, 3.8660448, 0.16012384, 7.1957746, 0.5901134, -0.64853644, -0.42000052, 0.23402184, 1599.6957, 1599.6957, 955.5737, 717.6754, , 
65935.794577166, 007782, 3.8591971, 0.16001251, 7.188639, 0.5897514, -0.64786094, -0.4204372, 0.23601282, 1599.6957, 1599.6957, 955.5704, 717.6754, , 
65935.811245875, 007783, 3.8522835, 0.1603008, 7.1817408, 0.58937633, -0.64742994, -0.4208248, 0.23743707, 1599.6957, 1599.6957, 955.56866, 717.67566, , 
65935.827914791, 007784, 3.845407, 0.16039596, 7.1748705, 0.58908737, -0.6470557, -0.42125806, 0.23840445, 1600.1476, 1600.1476, 955.5678, 717.67566, , 
65935.861252625, 007785, 3.8315763, 0.159499, 7.160569, 0.5889433, -0.646157, -0.42152917, 0.24070749, 1600.1476, 1600.1476, 955.5646, 717.6752, , 
65935.8779215, 007786, 3.824485, 0.15873122, 7.153111, 0.58906186, -0.6455223, -0.42134815, 0.24243137, 1600.1476, 1600.1476, 955.56165, 717.67523, , 
65935.894590291, 007787, 3.8172703, 0.1578132, 7.145632, 0.5892803, -0.6445725, -0.42148113, 0.24418974, 1600.1476, 1600.1476, 955.5575, 717.6742, , 
65935.927928041, 007788, 3.8036172, 0.15545586, 7.131123, 0.5898315, -0.6422563, -0.42299438, 0.24633637, 1599.6957, 1599.6957, 955.55444, 717.66974, , 
65935.944597, 007789, 3.796641, 0.1540796, 7.123735, 0.589948, -0.6410954, -0.42420188, 0.24700382, 1599.6957, 1599.6957, 955.5542, 717.6659, , 
65935.961265791, 007790, 3.7896652, 0.15260671, 7.11614, 0.5898784, -0.63998586, -0.42554608, 0.24773407, 1599.6957, 1599.6957, 955.55444, 717.66327, , 
65935.977934666, 007791, 3.7826827, 0.15110867, 7.1082845, 0.58956254, -0.63893664, -0.42696425, 0.24875177, 1599.6957, 1599.6957, 955.5547, 717.661, , 
65936.0112725, 007792, 3.7689497, 0.14840282, 7.091661, 0.5880701, -0.6370231, -0.42979425, 0.25229374, 1599.6957, 1599.6957, 955.5535, 717.65845, , 
65936.027941458, 007793, 3.762375, 0.14709468, 7.0830216, 0.5865973, -0.63654083, -0.43132225, 0.25432357, 1599.6957, 1599.6957, 955.5533, 717.65906, , 
65936.044610166, 007794, 3.7559729, 0.145598, 7.074454, 0.58447707, -0.6366392, -0.43318203, 0.25579384, 1599.6957, 1599.6957, 955.55457, 717.6607, , 
65936.061279, 007795, 3.7498639, 0.14399487, 7.0659757, 0.5818634, -0.63746876, -0.4351149, 0.2564052, 1600.1476, 1600.1476, 955.5592, 717.6647, , 
65936.094616916, 007796, 3.7380197, 0.14094363, 7.049115, 0.5761077, -0.6399985, -0.4388024, 0.25681582, 1599.6957, 1599.6957, 955.56934, 717.6731, , 
65936.111285666, 007797, 3.7319856, 0.1403538, 7.0405016, 0.57316893, -0.64112085, -0.4408189, 0.2571383, 1599.6957, 1599.6957, 955.5746, 717.67706, , 
65936.127954541, 007798, 3.7257724, 0.13995907, 7.0319095, 0.5704684, -0.6417897, -0.4430262, 0.25768113, 1599.6957, 1599.6957, 955.5814, 717.6813, , 
65936.144623458, 007799, 3.7193418, 0.13953017, 7.0234323, 0.5682741, -0.64184, -0.44520196, 0.25865248, 1600.1476, 1600.1476, 955.58527, 717.683, , 
65936.177961166, 007800, 3.7059944, 0.13926943, 7.0067644, 0.56559366, -0.6407089, -0.44880843, 0.26108772, 1600.1476, 1600.1476, 955.58936, 717.68286, , 
65936.194630041, 007801, 3.699194, 0.13946703, 6.9984517, 0.5647356, -0.6399782, -0.45020714, 0.26232648, 1600.1476, 1600.1476, 955.5898, 717.68207, , 
65936.211298958, 007802, 3.6923983, 0.14001715, 6.989862, 0.5638508, -0.63920087, -0.45152035, 0.26386324, 1600.1476, 1600.1476, 955.5898, 717.68134, , 
65936.227967833, 007803, 3.6854544, 0.14079115, 6.9812503, 0.5628055, -0.638272, -0.4529927, 0.2658129, 1600.1476, 1600.1476, 955.58936, 717.6805, , 
65936.24463675, 007804, 3.6782928, 0.14175639, 6.9727116, 0.561529, -0.6371754, -0.45469284, 0.26822966, 1600.1476, 1600.1476, 955.5886, 717.67993, , 
65936.277974416, 007805, 3.6636565, 0.14415419, 6.955612, 0.5586841, -0.6352869, -0.45721883, 0.2742873, 1599.6957, 1599.6957, 955.58435, 717.68146, , 
65936.294643333, 007806, 3.6562524, 0.14541054, 6.947029, 0.5571388, -0.634676, -0.45767292, 0.27806193, 1599.6957, 1599.6957, 955.58075, 717.6842, , 
65936.311312291, 007807, 3.6491373, 0.1465436, 6.938673, 0.5553123, -0.63420165, -0.45798394, 0.28225383, 1599.6957, 1599.6957, 955.57654, 717.6878, , 
65936.327981041, 007808, 3.6420653, 0.14753766, 6.9305425, 0.5530744, -0.63400865, -0.45845145, 0.2862936, 1599.6957, 1599.6957, 955.5719, 717.69385, , 
65936.344649916, 007809, 3.6349492, 0.14835519, 6.922761, 0.55048096, -0.63403, -0.45944375, 0.28963447, 1599.6957, 1599.6957, 955.5705, 717.6985, , 
65936.377987708, 007810, 3.6207366, 0.14931923, 6.9084506, 0.54499507, -0.6340015, -0.46305, 0.2942908, 1599.6957, 1599.6957, 955.57385, 717.70624, , 
65936.394656583, 007811, 3.613414, 0.14964624, 6.901734, 0.54292226, -0.6334641, -0.46484417, 0.2964431, 1599.6957, 1599.6957, 955.575, 717.7078, , 
65936.411325458, 007812, 3.6057427, 0.14977013, 6.8946815, 0.5416155, -0.6322353, -0.46639717, 0.29900664, 1599.6957, 1599.6957, 955.57446, 717.70795, , 
65936.42799425, 007813, 3.597846, 0.1500059, 6.88791, 0.5411331, -0.63059634, -0.467352, 0.30183655, 1599.6957, 1599.6957, 955.5719, 717.707, , 
65936.444663208, 007814, 3.5898108, 0.15042906, 6.881594, 0.5413772, -0.62882745, -0.46750602, 0.30483603, 1600.1476, 1600.1476, 955.5656, 717.70526, , 
65936.478000875, 007815, 3.5738313, 0.15110123, 6.869527, 0.54240894, -0.6259321, -0.46665645, 0.31021464, 1599.6957, 1599.6957, 955.554, 717.70386, , 
65936.49466975, 007816, 3.566153, 0.15118338, 6.8637543, 0.54253215, -0.6251007, -0.46659297, 0.31176743, 1599.6957, 1599.6957, 955.54944, 717.7035, , 
65936.511338708, 007817, 3.5585294, 0.1510164, 6.8582926, 0.542304, -0.62446374, -0.46695226, 0.31290066, 1599.6957, 1599.6957, 955.548, 717.70306, , 
65936.528007541, 007818, 3.5507948, 0.15080285, 6.8528137, 0.5421406, -0.6236807, -0.46732607, 0.3141853, 1599.6957, 1599.6957, 955.5466, 717.7025, , 
65936.561345291, 007819, 3.534747, 0.15039031, 6.84145, 0.54258037, -0.62145513, -0.46743655, 0.31765223, 1599.6957, 1599.6957, 955.5397, 717.7007, , 
65938.578278791, 007917, 2.3721247, 0.15660973, 6.2892127, 0.50571185, -0.65689445, -0.49214703, 0.26558706, 1600.1476, 1600.1476, 955.7352, 717.73663, , 
65938.59494775, 007918, 2.3612812, 0.15806483, 6.284142, 0.506691, -0.6576846, -0.49003887, 0.26566333, 1600.1476, 1600.1476, 955.7316, 717.73914, , 
65938.628285583, 007919, 2.3401082, 0.16028182, 6.2735643, 0.5081037, -0.6587397, -0.48656866, 0.26672745, 1600.1476, 1600.1476, 955.72394, 717.7434, , 
65938.644954333, 007920, 2.3294716, 0.16128647, 6.2679925, 0.5084485, -0.6589591, -0.48547667, 0.2675171, 1600.5995, 1600.5995, 955.71967, 717.7456, , 
65938.661623166, 007921, 2.3188534, 0.16215897, 6.2622867, 0.5086268, -0.65900683, -0.4847664, 0.26834708, 1600.1476, 1600.1476, 955.717, 717.74677, , 
65938.678292125, 007922, 2.3082366, 0.16289726, 6.256449, 0.5087183, -0.658948, -0.48426834, 0.26921633, 1600.1476, 1600.1476, 955.7148, 717.7477, , 
65938.694961041, 007923, 2.2975526, 0.16354145, 6.250412, 0.5088485, -0.6588207, -0.4836658, 0.2703626, 1600.1476, 1600.1476, 955.7112, 717.74884, , 
65938.728298666, 007924, 2.2763271, 0.1647215, 6.2381124, 0.50975, -0.6582701, -0.48157522, 0.27371633, 1600.1476, 1600.1476, 955.70184, 717.75104, , 
65938.744967583, 007925, 2.2655497, 0.1650755, 6.2315135, 0.51043814, -0.6578896, -0.48032728, 0.27553535, 1600.1476, 1600.1476, 955.69617, 717.752, , 
65938.761636416, 007926, 2.2547991, 0.16523717, 6.2246895, 0.5109815, -0.6575001, -0.47932613, 0.2771967, 1600.1476, 1600.1476, 955.6891, 717.7531, , 
65938.778305416, 007927, 2.2441251, 0.16515401, 6.217669, 0.51121324, -0.65712386, -0.47873706, 0.2786759, 1600.1476, 1600.1476, 955.6851, 717.7538, , 
65938.811643, 007928, 2.2230592, 0.16402687, 6.202852, 0.5108492, -0.6561618, -0.47873527, 0.28159794, 1600.1476, 1600.1476, 955.67883, 717.7545, , 
65938.828312, 007929, 2.2126462, 0.1630497, 6.195184, 0.5104576, -0.6556722, -0.47898924, 0.28301314, 1600.1476, 1600.1476, 955.677, 717.75476, , 
65938.844980875, 007930, 2.202213, 0.1619978, 6.187581, 0.5101111, -0.6553036, -0.4790872, 0.28432268, 1600.1476, 1600.1476, 955.67523, 717.75507, , 
65938.86164975, 007931, 2.1918325, 0.16078243, 6.179981, 0.5098505, -0.6551402, -0.4789197, 0.28544638, 1600.1476, 1600.1476, 955.6729, 717.7562, , 
65938.894987458, 007932, 2.1713123, 0.15789314, 6.164612, 0.50932074, -0.65505314, -0.47845605, 0.28736332, 1600.1476, 1600.1476, 955.6697, 717.7584, , 
65938.911656333, 007933, 2.1609552, 0.15598662, 6.1570387, 0.50875205, -0.6549285, -0.47884178, 0.28801167, 1600.1476, 1600.1476, 955.6693, 717.75916, , 
65938.928325291, 007934, 2.1507695, 0.15406261, 6.1494446, 0.5078564, -0.65478396, -0.47983754, 0.28826365, 1600.1476, 1600.1476, 955.67096, 717.75916, , 
65938.944994, 007935, 2.1408296, 0.15233065, 6.1417274, 0.5067213, -0.65461916, -0.4812357, 0.28830436, 1600.1476, 1600.1476, 955.6737, 717.7587, , 
65938.978331833, 007936, 2.121102, 0.14926638, 6.1259127, 0.5041191, -0.6540413, -0.48423114, 0.28916097, 1600.1476, 1600.1476, 955.6805, 717.75775, , 
65938.995000708, 007937, 2.1114185, 0.1479942, 6.1179085, 0.5026663, -0.65377414, -0.48573452, 0.28977215, 1600.1476, 1600.1476, 955.6827, 717.75775, , 
65939.011669458, 007938, 2.1014345, 0.14687379, 6.1098986, 0.5010089, -0.6535993, -0.4876397, 0.28983703, 1600.1476, 1600.1476, 955.68805, 717.7573, , 
65939.04500725, 007939, 2.0822372, 0.14550056, 6.094507, -0.49790043, 0.6527865, 0.49231318, -0.28912407, 1600.1476, 1600.1476, 955.6987, 717.75415, , 
65939.061676125, 007940, 2.0729487, 0.14534289, 6.087073, -0.49682564, 0.6520777, 0.494499, -0.28884235, 1600.1476, 1600.1476, 955.70325, 717.75165, , 
65939.078345083, 007941, 2.063769, 0.14551276, 6.07971, -0.49592966, 0.6513627, 0.49651837, -0.28853062, 1600.1476, 1600.1476, 955.70825, 717.74817, , 
65939.095013791, 007942, 2.0546272, 0.14603205, 6.072367, -0.49501804, 0.65048975, 0.49874738, -0.28822106, 1600.1476, 1600.1476, 955.7121, 717.7452, , 
65939.128351708, 007943, 2.035057, 0.14812358, 6.057604, -0.49325782, 0.64756554, 0.5039158, -0.28883296, 1600.5995, 1600.5995, 955.7194, 717.7357, , 
65939.145020583, 007944, 2.0253108, 0.14965987, 6.050196, -0.4926684, 0.64560294, 0.5062373, -0.29016975, 1600.5995, 1600.5995, 955.7199, 717.7314, , 
65939.161689333, 007945, 2.01555, 0.15139568, 6.0428014, -0.49229002, 0.6436409, 0.5080613, -0.29197714, 1600.5995, 1600.5995, 955.71875, 717.72736, , 
65939.17835825, 007946, 2.005825, 0.15317371, 6.0354686, -0.49196136, 0.6419281, 0.50944936, -0.29387704, 1600.1476, 1600.1476, 955.7157, 717.72327, , 
65939.195027083, 007947, 1.9962227, 0.15485291, 6.0282564, -0.4915265, 0.6406342, 0.5105752, -0.2954701, 1600.1476, 1600.1476, 955.714, 717.72125, , 
65939.228364958, 007948, 1.9760754, 0.15762153, 6.0142207, -0.49047384, 0.63848597, 0.5127206, -0.29814228, 1600.1476, 1600.1476, 955.71155, 717.7176, , 
65939.245033666, 007949, 1.966337, 0.15886623, 6.007411, -0.49008563, 0.6373107, 0.5137562, -0.29950908, 1600.1476, 1600.1476, 955.71027, 717.7159, , 
65939.261702625, 007950, 1.956634, 0.159995, 6.0007205, -0.489768, 0.6359402, 0.5148929, -0.30098623, 1600.1476, 1600.1476, 955.70874, 717.71375, , 
65939.278371416, 007951, 1.9468749, 0.16098067, 5.994123, -0.48949835, 0.6343252, 0.51615757, -0.3026618, 1600.1476, 1600.1476, 955.7062, 717.71027, , 
65939.295040375, 007952, 1.937057, 0.16180347, 5.9875827, -0.4891914, 0.6325482, 0.5175063, -0.30456814, 1600.1476, 1600.1476, 955.70374, 717.7074, , 
65939.328378083, 007953, 1.9163461, 0.16256298, 5.9755607, -0.4882659, 0.6286889, 0.5204539, -0.30898932, 1600.1476, 1600.1476, 955.6985, 717.70197, , 
65939.345046916, 007954, 1.9063063, 0.16282019, 5.9693522, -0.4875326, 0.6267777, 0.52207756, -0.3112827, 1600.1476, 1600.1476, 955.6954, 717.6985, , 
65939.361715916, 007955, 1.8964262, 0.16293716, 5.9630756, -0.48653293, 0.62515765, 0.52365535, -0.31344676, 1600.1476, 1600.1476, 955.6936, 717.6964, , 
65939.378384791, 007956, 1.8866179, 0.16295375, 5.9567413, -0.48533764, 0.6238704, 0.52500826, -0.31559357, 1600.1476, 1600.1476, 955.6923, 717.6953, , 
65939.411722416, 007957, 1.8665609, 0.16282918, 5.9442377, -0.48308742, 0.6215395, 0.5271536, -0.32003793, 1600.1476, 1600.1476, 955.6885, 717.69464, , 
65939.428391333, 007958, 1.85632, 0.16267587, 5.9381933, -0.48220193, 0.620317, 0.52813697, -0.32211712, 1600.1476, 1600.1476, 955.68665, 717.69403, , 
65939.445060166, 007959, 1.8462247, 0.16245236, 5.9322844, -0.48148862, 0.6191227, 0.5290278, -0.3240147, 1600.1476, 1600.1476, 955.68396, 717.693, , 
65939.461729, 007960, 1.8361624, 0.16212244, 5.926512, -0.4809158, 0.61814, 0.52965146, -0.32571816, 1600.1476, 1600.1476, 955.682, 717.6925, , 
65939.49506675, 007961, 1.8159407, 0.16108789, 5.9154086, -0.48008868, 0.6168975, 0.530058, -0.32861963, 1600.1476, 1600.1476, 955.67804, 717.69275, , 
65939.511735708, 007962, 1.8054999, 0.16037732, 5.9101615, -0.47971076, 0.616416, 0.5301188, -0.32997417, 1600.1476, 1600.1476, 955.67523, 717.6935, , 
65939.528404625, 007963, 1.7949674, 0.15957399, 5.9050097, -0.4792295, 0.61587876, 0.5302776, -0.33141834, 1600.1476, 1600.1476, 955.6734, 717.694, , 
65939.545073375, 007964, 1.784431, 0.15870056, 5.8998866, -0.47855633, 0.6151879, 0.53066653, -0.33304775, 1600.1476, 1600.1476, 955.6715, 717.69446, , 
65939.578411166, 007965, 1.7633952, 0.1566687, 5.8899426, -0.4768642, 0.61374754, 0.53206843, -0.33588353, 1600.1476, 1600.1476, 955.6688, 717.69476, , 
65939.595080125, 007966, 1.7529761, 0.15548708, 5.8852386, -0.47603247, 0.6132144, 0.5329426, -0.3366502, 1600.1476, 1600.1476, 955.66895, 717.6944, , 
65939.611748833, 007967, 1.7423177, 0.15421891, 5.8803425, -0.47526062, 0.61288494, 0.53377795, -0.33701715, 1600.1476, 1600.1476, 955.67035, 717.6938, , 
65939.62841775, 007968, 1.7317481, 0.15289316, 5.8755627, -0.4744565, 0.6127064, 0.53459895, -0.33717328, 1600.1476, 1600.1476, 955.672, 717.6934, , 
65939.661755625, 007969, 1.7111496, 0.15025091, 5.866703, -0.4724053, 0.6125, 0.53669745, -0.33709472, 1600.1476, 1600.1476, 955.6777, 717.6925, , 
65939.6784245, 007970, 1.7010015, 0.1489859, 5.862399, -0.47099298, 0.61250544, 0.53804076, -0.3369197, 1600.1476, 1600.1476, 955.68115, 717.69214, , 
65939.695093208, 007971, 1.6910383, 0.14777143, 5.858092, -0.4692279, 0.6128355, 0.5394686, -0.33649898, 1600.1476, 1600.1476, 955.6857, 717.69226, , 
65939.711762166, 007972, 1.6805243, 0.14657272, 5.853246, -0.46707287, 0.61364204, 0.5409475, -0.33565181, 1600.1476, 1600.1476, 955.6942, 717.6935, , 
65939.745099916, 007973, 1.6600404, 0.14514689, 5.8439436, -0.462634, 0.61561847, 0.5436607, -0.33379138, 1600.1476, 1600.1476, 955.709, 717.69666, , 
65939.761768666, 007974, 1.6497358, 0.14519404, 5.8395243, -0.4610485, 0.61603725, 0.54452246, -0.3338078, 1600.1476, 1600.1476, 955.71387, 717.698, , 
65939.778437583, 007975, 1.6392154, 0.14573601, 5.8351936, -0.4601784, 0.6161495, 0.5447882, -0.3343671, 1600.1476, 1600.1476, 955.7158, 717.6996, , 
65939.811775375, 007976, 1.6174973, 0.14776859, 5.826581, -0.4602286, 0.61652106, 0.5440385, -0.33483365, 1600.1476, 1600.1476, 955.7148, 717.7015, , 
65939.828444291, 007977, 1.6064653, 0.14905763, 5.822196, -0.46073702, 0.6167663, 0.54338735, -0.33474022, 1600.1476, 1600.1476, 955.7135, 717.7022, , 
65939.845113041, 007978, 1.5958102, 0.15054835, 5.818004, -0.46133342, 0.61692756, 0.54268664, -0.33475798, 1600.1476, 1600.1476, 955.712, 717.7026, , 
65939.861781958, 007979, 1.5853316, 0.15212968, 5.8138266, -0.4619134, 0.61714226, 0.5418761, -0.33487567, 1600.1476, 1600.1476, 955.71027, 717.7032, , 
65939.878450875, 007980, 1.5750238, 0.15369008, 5.8096466, -0.46238455, 0.6174982, 0.5410505, -0.33490446, 1600.1476, 1600.1476, 955.70825, 717.70447, , 
65939.911788541, 007981, 1.5542763, 0.15650262, 5.800705, -0.46264333, 0.6185053, 0.53971475, -0.33484378, 1600.1476, 1600.1476, 955.707, 717.70715, , 
65939.928457375, 007982, 1.5438225, 0.15765738, 5.795909, -0.46242842, 0.61889136, 0.5392901, -0.3351115, 1600.1476, 1600.1476, 955.70667, 717.7089, , 
65939.945126291, 007983, 1.5337505, 0.1585789, 5.7912064, -0.46201783, 0.6190762, 0.53904814, -0.33572525, 1600.1476, 1600.1476, 955.7062, 717.7104, , 
65939.96179525, 007984, 1.5238148, 0.15931998, 5.7864614, -0.46137413, 0.61906236, 0.5390353, -0.33665517, 1600.1476, 1600.1476, 955.70544, 717.7118, , 
65939.995132875, 007985, 1.5041862, 0.160292, 5.7767735, -0.45916244, 0.6188924, 0.53975356, -0.33883345, 1600.1476, 1600.1476, 955.70544, 717.71497, , 
65940.011801833, 007986, 1.4940937, 0.16059826, 5.7712255, -0.45772183, 0.619049, 0.54012215, -0.33990747, 1600.1476, 1600.1476, 955.7063, 717.71686, , 
65940.028470708, 007987, 1.4839448, 0.1608692, 5.765627, -0.45631093, 0.61912525, 0.5403771, -0.3412577, 1600.1476, 1600.1476, 955.70685, 717.7199, , 
65940.045139583, 007988, 1.4737593, 0.16117257, 5.7602873, -0.45514035, 0.6187803, 0.5406083, -0.34307554, 1600.1476, 1600.1476, 955.70593, 717.72186, , 
65940.061808375, 007989, 1.4633908, 0.16155386, 5.7550426, -0.45440054, 0.6178745, 0.540856, -0.34529102, 1600.1476, 1600.1476, 955.70337, 717.7229, , 
65940.095146208, 007990, 1.4423156, 0.16248485, 5.744734, -0.4544077, 0.614709, 0.54136646, -0.35009846, 1600.1476, 1600.1476, 955.69257, 717.7212, , 
65940.111815083, 007991, 1.4318383, 0.16269964, 5.7390876, -0.4546653, 0.6131909, 0.5414752, -0.3522516, 1600.1476, 1600.1476, 955.6873, 717.71985, , 
65940.128484041, 007992, 1.4215587, 0.16271022, 5.7333703, -0.45464808, 0.6120037, 0.54160666, -0.35413122, 1600.1476, 1600.1476, 955.68317, 717.71906, , 
65940.14515275, 007993, 1.4114647, 0.16255958, 5.7277894, -0.45416453, 0.61114377, 0.5418786, -0.35581678, 1599.6957, 1599.6957, 955.67944, 717.7189, , 
65940.161821666, 007994, 1.4014595, 0.1622168, 5.722168, -0.45314524, 0.6104888, 0.5423379, -0.3575368, 1600.1476, 1600.1476, 955.67804, 717.7196, , 
65940.178490541, 007995, 1.3914844, 0.16171423, 5.716446, -0.45168856, 0.60990626, 0.54294795, -0.3594431, 1600.1476, 1600.1476, 955.67725, 717.7208, , 
65940.21182825, 007996, 1.37187, 0.16027588, 5.704551, -0.4477753, 0.60835785, 0.5448964, -0.3639862, 1600.1476, 1600.1476, 955.6763, 717.7245, , 
65940.228497083, 007997, 1.3622702, 0.15943582, 5.69849, -0.44534737, 0.6072341, 0.5465785, -0.36631176, 1600.1476, 1600.1476, 955.67664, 717.7252, , 
65940.245166041, 007998, 1.352623, 0.1586371, 5.692518, -0.44260716, 0.6060977, 0.5487829, -0.36821455, 1600.1476, 1600.1476, 955.6783, 717.72534, , 
65940.261834958, 007999, 1.3431515, 0.15777352, 5.6866026, -0.4396109, 0.60524046, 0.55127966, -0.3694821, 1600.1476, 1600.1476, 955.6833, 717.725, , 
65940.278503833, 008000, 1.33384, 0.15686183, 5.6806855, -0.43646926, 0.60462683, 0.55387545, -0.3703283, 1600.1476, 1600.1476, 955.6886, 717.7246, , 
65940.295172625, 008001, 1.3245955, 0.15593642, 5.674712, -0.43330938, 0.60411215, 0.55638385, -0.37111807, 1600.1476, 1600.1476, 955.69434, 717.7245, , 
65940.311841458, 008002, 1.3153945, 0.15481749, 5.6687245, -0.4302492, 0.60358083, 0.5587198, -0.37203217, 1600.1476, 1600.1476, 955.7014, 717.7245, , 
65940.345179291, 008003, 1.2968795, 0.15281951, 5.656604, -0.4245597, 0.6020416, 0.56299865, -0.37460303, 1600.1476, 1600.1476, 955.7093, 717.7245, , 
65940.361847958, 008004, 1.2878199, 0.15190266, 5.65054, -0.42168397, 0.60127276, 0.5652693, -0.3756653, 1600.1476, 1600.1476, 955.7148, 717.7241, , 
65940.378516958, 008005, 1.279053, 0.15094845, 5.644563, -0.41837335, 0.60070926, 0.56799704, -0.37615374, 1600.5995, 1600.5995, 955.7208, 717.7235, , 
65940.395185833, 008006, 1.2704366, 0.150046, 5.638728, -0.41459656, 0.6000477, 0.5713732, -0.37627783, 1600.1476, 1600.1476, 955.72906, 717.7222, , 
65940.411854791, 008007, 1.2622265, 0.14948066, 5.6334977, -0.41067627, 0.5987061, 0.5752176, -0.37685645, 1600.1476, 1600.1476, 955.74023, 717.71906, , 
65940.428523541, 008008, 1.253755, 0.14922658, 5.628353, -0.40693668, 0.5966256, 0.5790559, -0.37833148, 1600.1476, 1600.1476, 955.7463, 717.7159, , 
65940.445192416, 008009, 1.244812, 0.1491683, 5.6229696, -0.40349105, 0.5942658, 0.5825109, -0.38042638, 1600.1476, 1600.1476, 955.75, 717.7127, , 
65940.47853025, 008010, 1.2273746, 0.14937064, 5.612131, -0.39674065, 0.59128946, 0.58834416, -0.38317707, 1600.5995, 1600.5995, 955.76, 717.70807, , 
65940.495199125, 008011, 1.2189157, 0.14962822, 5.6067038, 0.39322004, -0.5905106, -0.5911079, 0.38375363, 1600.1476, 1600.1476, 955.76697, 717.707, , 
65940.511867875, 008012, 1.2098702, 0.15044712, 5.601186, 0.38987076, -0.58933645, -0.59382933, 0.38477287, 1600.1476, 1600.1476, 955.77313, 717.7056, , 
65940.528536791, 008013, 1.2004672, 0.1515702, 5.595678, 0.38688117, -0.58744675, -0.5964688, 0.38659313, 1600.1476, 1600.1476, 955.778, 717.70325, , 
65940.545205666, 008014, 1.1909612, 0.15277049, 5.590233, 0.38420025, -0.5849026, -0.59899217, 0.3892139, 1600.1476, 1600.1476, 955.7787, 717.7008, , 
65940.561874583, 008015, 1.1813004, 0.15411457, 5.5848293, 0.3817343, -0.58200616, -0.6013303, 0.3923643, 1600.1476, 1600.1476, 955.77734, 717.6983, , 
65942.578807916, 008120, 0.081432775, 0.13986109, 5.6283293, 0.068744615, -0.28024206, -0.718184, 0.6332064, 1600.1476, 1600.1476, 955.63477, 717.6383, , 
65942.612145541, 008121, 0.07249774, 0.13853997, 5.641368, 0.06340204, -0.28030807, -0.7197178, 0.63199186, 1599.6957, 1599.6957, 955.64667, 717.63403, , 
65942.628814375, 008122, 0.068002835, 0.13811642, 5.6480403, 0.0614422, -0.280633, -0.72005457, 0.63165766, 1600.1476, 1600.1476, 955.65106, 717.63336, , 
65942.645483291, 008123, 0.06336743, 0.13806166, 5.655039, 0.06012145, -0.28055736, -0.7202727, 0.6315696, 1600.1476, 1600.1476, 955.6539, 717.63306, , 
65942.678821, 008124, 0.053940885, 0.13882226, 5.670256, 0.059066102, -0.27821082, -0.7210722, 0.6317948, 1600.1476, 1600.1476, 955.65295, 717.6305, , 
65942.695489875, 008125, 0.04927209, 0.1394383, 5.6783595, 0.059094395, -0.27628794, -0.72182274, 0.631779, 1599.6957, 1599.6957, 955.6504, 717.62805, , 
65942.712158791, 008126, 0.043782167, 0.1406183, 5.6874237, 0.059252612, -0.27391344, -0.7228107, 0.6316686, 1599.6957, 1599.6957, 955.6471, 717.6245, , 
65942.745496416, 008127, 0.03321641, 0.14230143, 5.70522, 0.059525184, -0.26880446, -0.7245611, 0.6318323, 1600.1476, 1600.1476, 955.6385, 717.616, , 
65942.762165416, 008128, 0.028083464, 0.142647, 5.7137794, 0.059812456, -0.2664084, -0.72481793, 0.6325251, 1600.1476, 1600.1476, 955.6341, 717.61426, , 
65942.778834291, 008129, 0.022797355, 0.14275469, 5.722165, 0.06014018, -0.26433402, -0.7245074, 0.6337189, 1600.1476, 1600.1476, 955.6277, 717.6146, , 
65942.812172041, 008130, 0.011987537, 0.14160363, 5.7380567, 0.06019486, -0.26170737, -0.72251856, 0.63706577, 1599.6957, 1599.6957, 955.61945, 717.6203, , 
65942.828840833, 008131, 0.006570086, 0.14047451, 5.7454267, 0.060060915, -0.2616921, -0.7208953, 0.6389209, 1599.6957, 1599.6957, 955.61633, 717.6272, , 
65942.84550975, 008132, 0.0009927662, 0.13965228, 5.7526546, 0.059963986, -0.2621578, -0.71898055, 0.6408936, 1599.6957, 1599.6957, 955.6149, 717.6336, , 
65942.878847458, 008133, -0.010569247, 0.13832605, 5.7670207, 0.059853595, -0.26249462, -0.7148762, 0.64534193, 1599.6957, 1599.6957, 955.6106, 717.6498, , 
65942.895516291, 008134, -0.016519139, 0.13775644, 5.7742147, 0.05988855, -0.26211056, -0.7128258, 0.6477583, 1599.6957, 1599.6957, 955.6077, 717.6567, , 
65942.912185166, 008135, -0.022792604, 0.13770281, 5.782445, 0.05996982, -0.26136196, -0.7108422, 0.6502284, 1599.6957, 1599.6957, 955.60443, 717.6633, , 
65942.945522958, 008136, -0.035157617, 0.13747461, 5.798072, 0.059011817, -0.25864655, -0.7080046, 0.6544839, 1600.1476, 1600.1476, 955.5971, 717.6751, , 
65942.962191833, 008137, -0.04114485, 0.13726261, 5.8053517, 0.057706557, -0.257013, -0.70722455, 0.6560851, 1600.1476, 1600.1476, 955.5953, 717.6782, , 
65942.978860625, 008138, -0.0470774, 0.13710967, 5.8125086, 0.05612193, -0.25535032, -0.706769, 0.6573616, 1600.1476, 1600.1476, 955.5941, 717.6805, , 
65943.012198458, 008139, -0.058088824, 0.13663045, 5.8266664, 0.05271607, -0.25175944, -0.7064691, 0.6593478, 1600.1476, 1600.1476, 955.59247, 717.6826, , 
65943.028867333, 008140, -0.06340311, 0.13628921, 5.8336673, 0.051319297, -0.24998596, -0.7062346, 0.6603832, 1600.1476, 1600.1476, 955.5913, 717.6833, , 
65943.045536125, 008141, -0.069244154, 0.13616847, 5.840654, 0.050231595, -0.24841337, -0.705881, 0.6614375, 1600.1476, 1600.1476, 955.5895, 717.6849, , 
65943.062204958, 008142, -0.07524616, 0.13607247, 5.847628, 0.049389172, -0.2470816, -0.7054169, 0.6624941, 1600.1476, 1600.1476, 955.5881, 717.68646, , 
65943.078873833, 008143, -0.08129197, 0.13590875, 5.8545604, 0.048693147, -0.24609248, -0.70489764, 0.66346574, 1600.1476, 1600.1476, 955.5868, 717.6883, , 
65943.112211666, 008144, -0.09230369, 0.13542022, 5.867996, 0.047228407, -0.24457704, -0.7042737, 0.6647933, 1600.1476, 1600.1476, 955.5855, 717.6913, , 
65943.1288805, 008145, -0.09740037, 0.13508722, 5.8745646, 0.046296608, -0.24380694, -0.7043068, 0.6651066, 1600.1476, 1600.1476, 955.5855, 717.69135, , 
65943.145549375, 008146, -0.10302099, 0.13459437, 5.8813524, 0.04499487, -0.24303223, -0.7046341, 0.6651328, 1600.1476, 1600.1476, 955.58594, 717.69073, , 
65943.162218208, 008147, -0.10879186, 0.13399714, 5.888227, 0.043254536, -0.24223562, -0.70528686, 0.66484684, 1600.1476, 1600.1476, 955.5881, 717.6886, , 
65943.195555916, 008148, -0.120704785, 0.132666, 5.9023643, 0.039206516, -0.23981865, -0.7071807, 0.66396177, 1600.1476, 1600.1476, 955.5918, 717.68317, , 
65943.212224791, 008149, -0.12623025, 0.13165572, 5.9095035, 0.037435226, -0.23819552, -0.70812213, 0.66364485, 1600.1476, 1600.1476, 955.5931, 717.67914, , 
65943.22889375, 008150, -0.1320649, 0.13060221, 5.916713, 0.035926715, -0.2365445, -0.70891243, 0.6634751, 1600.1476, 1600.1476, 955.59326, 717.6764, , 
65943.245562625, 008151, -0.13846546, 0.12961943, 5.9239683, 0.03442878, -0.23509574, -0.70954293, 0.66339546, 1600.1476, 1600.1476, 955.5935, 717.6742, , 
65943.27890025, 008152, -0.15182494, 0.12740105, 5.938259, 0.0310082, -0.23342034, -0.7103958, 0.663243, 1600.1476, 1600.1476, 955.59644, 717.67096, , 
65943.295569166, 008153, -0.15865266, 0.1261393, 5.9453793, 0.029238153, -0.23283498, -0.7107472, 0.66315264, 1600.1476, 1600.1476, 955.5985, 717.67, , 
65943.312238041, 008154, -0.1654095, 0.12514049, 5.9526362, 0.027695753, -0.23222291, -0.71102375, 0.663137, 1600.1476, 1600.1476, 955.6008, 717.6688, , 
65943.328907, 008155, -0.17229214, 0.124053836, 5.959961, 0.026313322, -0.23164903, -0.7112758, 0.66312367, 1600.1476, 1600.1476, 955.60236, 717.6681, , 
65943.362244583, 008156, -0.18652621, 0.121603206, 5.9750443, 0.023596937, -0.22947846, -0.7120273, 0.6631742, 1600.1476, 1600.1476, 955.604, 717.66534, , 
65943.3789135, 008157, -0.19373903, 0.120493606, 5.9827647, 0.022257056, -0.22809967, -0.71228033, 0.6634243, 1600.1476, 1600.1476, 955.60376, 717.6645, , 
65943.395582416, 008158, -0.20093128, 0.11949799, 5.9904213, 0.020868232, -0.22717588, -0.71237725, 0.6636824, 1600.1476, 1600.1476, 955.6041, 717.6641, , 
65943.428920041, 008159, -0.21540813, 0.119227156, 6.005984, 0.017463235, -0.22654153, -0.7125446, 0.66381794, 1599.6957, 1599.6957, 955.60876, 717.6638, , 
65943.445589, 008160, -0.22275688, 0.11925222, 6.013657, 0.015700344, -0.22614048, -0.7128014, 0.66372305, 1599.6957, 1599.6957, 955.6112, 717.6632, , 
65943.462257875, 008161, -0.23022148, 0.119595125, 6.0214615, 0.014277706, -0.22525565, -0.71318626, 0.6636426, 1599.6957, 1599.6957, 955.6128, 717.6621, , 
65943.478926833, 008162, -0.2377731, 0.12031759, 6.0294967, 0.013468767, -0.22372459, -0.71365064, 0.6636781, 1599.6957, 1599.6957, 955.6121, 717.66, , 
65943.512264458, 008163, -0.25280157, 0.12278845, 6.04625, 0.013816348, -0.21909875, -0.7143798, 0.6644294, 1599.6957, 1599.6957, 955.60516, 717.657, , 
65943.528933375, 008164, -0.26019508, 0.124163255, 6.0546727, 0.014416919, -0.21676104, -0.714435, 0.6651237, 1600.1476, 1600.1476, 955.59863, 717.6561, , 
65943.54560225, 008165, -0.26754194, 0.12525591, 6.0628343, 0.014697312, -0.2149542, -0.7142748, 0.6658755, 1600.1476, 1600.1476, 955.59467, 717.65643, , 
65943.578939916, 008166, -0.28165197, 0.12673984, 6.0784163, 0.013564271, -0.21302696, -0.71372604, 0.6671063, 1600.1476, 1600.1476, 955.59155, 717.6581, , 
65943.595608791, 008167, -0.2883652, 0.1272266, 6.086047, 0.012312119, -0.21227913, -0.7135471, 0.6675601, 1600.1476, 1600.1476, 955.592, 717.6591, , 
65943.612277708, 008168, -0.2949033, 0.12774794, 6.093786, 0.010642871, -0.21108556, -0.7135976, 0.6679133, 1600.1476, 1600.1476, 955.5926, 717.6592, , 
65943.628946583, 008169, -0.3012758, 0.12823892, 6.1016436, 0.008846514, -0.20956899, -0.713812, 0.668188, 1600.1476, 1600.1476, 955.59314, 717.6587, , 
65943.662284208, 008170, -0.31352615, 0.12910949, 6.117798, 0.005964989, -0.20558791, -0.7144502, 0.6687743, 1600.1476, 1600.1476, 955.5919, 717.6563, , 
65943.678953208, 008171, -0.31937057, 0.12953177, 6.126119, 0.005200638, -0.20328587, -0.7148327, 0.6690755, 1600.1476, 1600.1476, 955.5898, 717.6549, , 
65943.695622, 008172, -0.32502347, 0.1298946, 6.134532, 0.004755595, -0.20108819, -0.71518034, 0.66937137, 1599.6957, 1599.6957, 955.58606, 717.65314, , 
65943.728959708, 008173, -0.3366067, 0.12940867, 6.1519303, 0.0041700173, -0.19758554, -0.7154922, 0.67008466, 1599.6957, 1599.6957, 955.58154, 717.65137, , 
65943.745628625, 008174, -0.342094, 0.12938905, 6.1605525, 0.004091257, -0.19617675, -0.7154457, 0.6705486, 1599.6957, 1599.6957, 955.5786, 717.6513, , 
65943.762297541, 008175, -0.34745324, 0.12941477, 6.1692333, 0.0040734913, -0.19481765, -0.7153322, 0.6710658, 1599.6957, 1599.6957, 955.5763, 717.65155, , 
65943.795635125, 008176, -0.35792515, 0.12938927, 6.18682, 0.0040331245, -0.19260754, -0.71473116, 0.67234325, 1599.6957, 1599.6957, 955.57153, 717.65344, , 
65943.812304041, 008177, -0.36330995, 0.12863924, 6.1965914, 0.0039285854, -0.19155364, -0.7141668, 0.67324406, 1600.1476, 1600.1476, 955.5697, 717.65515, , 
65943.828973, 008178, -0.36862838, 0.12796423, 6.2062855, 0.0035296686, -0.19052155, -0.71357304, 0.67416817, 1600.1476, 1600.1476, 955.56805, 717.6571, , 
65943.862310583, 008179, -0.37861422, 0.12743692, 6.22433, 0.0014830739, -0.18984103, -0.71250725, 0.6754936, 1600.1476, 1600.1476, 955.56866, 717.6612, , 
65943.878979541, 008180, -0.38339165, 0.12718901, 6.2330737, 0.00034657033, -0.1903604, -0.7118214, 0.67607176, 1599.6957, 1599.6957, 955.5705, 717.66345, , 
65943.895648416, 008181, -0.38801193, 0.12689382, 6.241778, -0.00063716876, -0.1911579, -0.71110225, 0.6766032, 1599.6957, 1599.6957, 955.5728, 717.6659, , 
65943.928986208, 008182, -0.39695516, 0.1239487, 6.2595363, -0.0023489478, -0.1934488, -0.7101364, 0.6769627, 1599.6957, 1599.6957, 955.5791, 717.67, , 
65943.945655, 008183, -0.40091324, 0.12316321, 6.268274, -0.0030673407, -0.19517957, -0.7098325, 0.6767817, 1600.1476, 1600.1476, 955.5826, 717.67096, , 
65943.962323958, 008184, -0.4047007, 0.12250429, 6.2769732, -0.003811516, -0.19718798, -0.7094901, 0.67655456, 1600.1476, 1600.1476, 955.5882, 717.6725, , 
65943.99566175, 008185, -0.41188923, 0.121112265, 6.2944236, -0.006364776, -0.2017885, -0.7090288, 0.67566204, 1600.1476, 1600.1476, 955.5991, 717.6744, , 
65944.012330416, 008186, -0.41568184, 0.119853705, 6.302989, -0.007919747, -0.20429368, -0.7088484, 0.6750817, 1599.6957, 1599.6957, 955.6079, 717.6751, , 
65944.028999291, 008187, -0.41934276, 0.11859246, 6.3116446, -0.009368184, -0.206854, -0.70855397, 0.67459244, 1600.1476, 1600.1476, 955.61456, 717.6761, , 
65944.062337125, 008188, -0.42600763, 0.11667985, 6.3293138, -0.0125066005, -0.21215487, -0.7079291, 0.67355055, 1600.1476, 1600.1476, 955.631, 717.67865, , 
65944.079006041, 008189, -0.42917463, 0.11595296, 6.3383136, -0.014093371, -0.2146646, -0.7076491, 0.67301804, 1600.1476, 1600.1476, 955.6382, 717.6795, , 
65944.095674791, 008190, -0.43230635, 0.115443915, 6.3475146, -0.01509326, -0.21677215, -0.7072865, 0.67270195, 1599.6957, 1599.6957, 955.644, 717.68066, , 
65944.129012541, 008191, -0.4400722, 0.11431733, 6.3660254, -0.014792492, -0.2197573, -0.70624995, 0.67282903, 1600.1476, 1600.1476, 955.65015, 717.68463, , 
65944.145681458, 008192, -0.443251, 0.11425544, 6.375518, -0.014197112, -0.22113377, -0.70587724, 0.67278194, 1600.1476, 1600.1476, 955.6514, 717.6861, , 
65944.162350291, 008193, -0.44619414, 0.11441604, 6.385126, -0.013495762, -0.22237365, -0.70565295, 0.67262304, 1600.1476, 1600.1476, 955.6527, 717.68695, , 
65944.195688, 008194, -0.4520273, 0.11527903, 6.4048805, -0.011066153, -0.22313489, -0.7052719, 0.67281497, 1600.1476, 1600.1476, 955.6506, 717.6883, , 
65944.212356958, 008195, -0.45575106, 0.11598094, 6.41494, -0.009366587, -0.22305578, -0.70494014, 0.6732146, 1599.6957, 1599.6957, 955.64746, 717.6892, , 
65944.229025833, 008196, -0.45937175, 0.116722465, 6.4248405, -0.00762785, -0.22331658, -0.7044131, 0.67370147, 1599.6957, 1599.6957, 955.6435, 717.6913, , 
65944.245694625, 008197, -0.46257615, 0.11745322, 6.4344735, -0.0059462255, -0.22406326, -0.7037487, 0.6741647, 1599.6957, 1599.6957, 955.64154, 717.69336, , 
65944.279032375, 008198, -0.46892655, 0.119034976, 6.4532475, -0.002390142, -0.2262971, -0.7022425, 0.67501074, 1600.1476, 1600.1476, 955.6383, 717.69904, , 
65944.295701333, 008199, -0.4723492, 0.11991745, 6.4626393, -0.00015889143, -0.22684798, -0.70139575, 0.67570996, 1600.1476, 1600.1476, 955.6355, 717.7017, , 
65944.312370125, 008200, -0.47695285, 0.12085493, 6.472033, 0.0023591153, -0.22655432, -0.7005604, 0.6766704, 1600.1476, 1600.1476, 955.63086, 717.70447, , 
65944.345707875, 008201, -0.48571905, 0.122570656, 6.490658, 0.006261904, -0.22487994, -0.69906366, 0.67874867, 1600.1476, 1600.1476, 955.6183, 717.70984, , 
65944.36237675, 008202, -0.4896611, 0.12321739, 6.499643, 0.0069410144, -0.22442165, -0.69845855, 0.6795163, 1600.1476, 1600.1476, 955.6155, 717.71185, , 
65944.379045708, 008203, -0.4935518, 0.1237438, 6.5084476, 0.0068879323, -0.22412187, -0.69793415, 0.68015426, 1600.1476, 1600.1476, 955.61444, 717.7135, , 
65944.395714416, 008204, -0.4974821, 0.1241973, 6.517213, 0.006544102, -0.2236349, -0.69742334, 0.68084157, 1599.6957, 1599.6957, 955.6138, 717.71576, , 
65944.429052166, 008205, -0.5069365, 0.12501831, 6.534801, 0.006507297, -0.22127733, -0.6966839, 0.6823676, 1599.6957, 1599.6957, 955.61005, 717.71826, , 
65944.445721125, 008206, -0.5111877, 0.12551343, 6.5436354, 0.0068200827, -0.21964704, -0.69661754, 0.6829587, 1599.6957, 1599.6957, 955.6056, 717.7186, , 
65944.479058791, 008207, -0.519229, 0.12627082, 6.560697, 0.0069439984, -0.21762979, -0.69712085, 0.68308973, 1600.1476, 1600.1476, 955.60144, 717.7169, , 
65944.495727625, 008208, -0.52324855, 0.12644213, 6.568897, 0.00669639, -0.2174555, -0.69735533, 0.6829083, 1600.1476, 1600.1476, 955.60144, 717.7156, , 
65944.512396583, 008209, -0.52750975, 0.1264821, 6.576073, 0.006359975, -0.2175335, -0.6974626, 0.6827772, 1600.1476, 1600.1476, 955.602, 717.7151, , 
65944.54573425, 008210, -0.53632647, 0.1263415, 6.5911884, 0.0056694774, -0.21744291, -0.69743073, 0.6828446, 1600.1476, 1600.1476, 955.5999, 717.7152, , 
65944.562403083, 008211, -0.5408808, 0.1262071, 6.5993147, 0.005321108, -0.2169068, -0.6974532, 0.68299496, 1600.1476, 1600.1476, 955.59796, 717.71497, , 
65946.579336083, 008301, -1.1287637, 0.12359412, 7.6918283, -0.067360416, -0.19262494, -0.71565497, 0.6679791, 1600.1476, 1600.1476, 955.7121, 717.6459, , 
65946.596004916, 008302, -1.1340019, 0.124664634, 7.70147, -0.06786815, -0.19103287, -0.71595013, 0.6680687, 1600.1476, 1600.1476, 955.7093, 717.6445, , 
65946.629342666, 008303, -1.1427491, 0.12599693, 7.718896, -0.0695447, -0.18790232, -0.71681994, 0.6678513, 1600.1476, 1600.1476, 955.7064, 717.64075, , 
65946.646011583, 008304, -1.1474956, 0.1266065, 7.7281275, -0.070748985, -0.18622166, -0.71714324, 0.6678485, 1600.1476, 1600.1476, 955.7054, 717.63855, , 
65946.662680416, 008305, -1.1523494, 0.12724084, 7.7375684, -0.07211698, -0.1840436, -0.71753526, 0.66788495, 1600.1476, 1600.1476, 955.7041, 717.6367, , 
65946.696018125, 008306, -1.1618245, 0.12853834, 7.7564626, -0.07484501, -0.17889296, -0.718796, 0.6676286, 1600.1476, 1600.1476, 955.6992, 717.63043, , 
65946.712687, 008307, -1.1656513, 0.12875143, 7.7651076, -0.07602599, -0.17684755, -0.7194601, 0.66732466, 1600.1476, 1600.1476, 955.6976, 717.62744, , 
65946.729355916, 008308, -1.1694447, 0.12892847, 7.773577, -0.07697306, -0.17552565, -0.7199814, 0.66700274, 1600.1476, 1600.1476, 955.6969, 717.62494, , 
65946.76269375, 008309, -1.1778371, 0.12951794, 7.7908826, -0.07839253, -0.1742858, -0.72025466, 0.6668676, 1600.1476, 1600.1476, 955.6971, 717.6223, , 
65946.779362416, 008310, -1.1822196, 0.12975192, 7.7995944, -0.07895859, -0.17399046, -0.7198457, 0.66731924, 1600.1476, 1600.1476, 955.6973, 717.62317, , 
65946.812700291, 008311, -1.190967, 0.1300274, 7.817107, -0.080015644, -0.17312825, -0.7184294, 0.66894203, 1600.1476, 1600.1476, 955.69653, 717.62805, , 
65946.829369125, 008312, -1.1951216, 0.1300718, 7.8259335, -0.08062503, -0.17254652, -0.7178767, 0.66961217, 1600.1476, 1600.1476, 955.69604, 717.6299, , 
65946.846037875, 008313, -1.199145, 0.13008235, 7.834979, -0.081307665, -0.17189048, -0.71756905, 0.670028, 1600.1476, 1600.1476, 955.6957, 717.63086, , 
65946.879375708, 008314, -1.2066863, 0.12973735, 7.853224, -0.08278475, -0.17116809, -0.7173198, 0.6702988, 1600.1476, 1600.1476, 955.69653, 717.63135, , 
65946.896044625, 008315, -1.2101827, 0.12935488, 7.862376, -0.08339228, -0.17129204, -0.71733904, 0.67017126, 1600.1476, 1600.1476, 955.69794, 717.6311, , 
65946.929382208, 008316, -1.2156945, 0.12908992, 7.8805237, -0.08391357, -0.17167468, -0.7176165, 0.66971105, 1600.1476, 1600.1476, 955.7004, 717.62976, , 
65946.946051083, 008317, -1.2186952, 0.12848201, 7.8899283, -0.08378748, -0.17185697, -0.71778613, 0.6694982, 1600.1476, 1600.1476, 955.7007, 717.6293, , 
65946.962720083, 008318, -1.2217425, 0.12766793, 7.899464, -0.08363849, -0.17205282, -0.7180091, 0.6692274, 1600.1476, 1600.1476, 955.7013, 717.6323, , 
65946.996057708, 008319, -1.2277098, 0.12561186, 7.9187064, -0.08362116, -0.1728879, -0.7184911, 0.6684968, 1600.1476, 1600.1476, 955.70337, 717.63245, , 
65947.012726625, 008320, -1.2299801, 0.124079086, 7.9278994, -0.083665155, -0.17373823, -0.718593, 0.66816103, 1600.1476, 1600.1476, 955.7057, 717.6319, , 
65947.046064333, 008321, -1.2349932, 0.121029295, 7.9467874, -0.08393097, -0.17584132, -0.7183639, 0.667824, 1600.1476, 1600.1476, 955.71, 717.6327, , 
65947.062733375, 008322, -1.2377297, 0.119602345, 7.956448, -0.08419084, -0.17709187, -0.7181602, 0.6676798, 1600.1476, 1600.1476, 955.7136, 717.6335, , 
65947.096070916, 008323, -1.2431445, 0.11686722, 7.975538, -0.08520499, -0.18081053, -0.71757984, 0.6671783, 1600.5995, 1600.5995, 955.722, 717.63513, , 
65947.112739875, 008324, -1.2449647, 0.11507496, 7.9841404, -0.08599348, -0.18337077, -0.71716076, 0.6668289, 1600.1476, 1600.1476, 955.728, 717.63635, , 
65947.146077458, 008325, -1.2490327, 0.112697534, 8.00258, -0.087112285, -0.18754892, -0.71658444, 0.6661408, 1600.1476, 1600.1476, 955.7409, 717.6388, , 
65947.162746416, 008326, -1.2513297, 0.11231166, 8.01263, -0.08713857, -0.18853073, -0.7166231, 0.6658186, 1600.1476, 1600.1476, 955.7437, 717.6389, , 
65947.179415291, 008327, -1.2536207, 0.112290226, 8.022952, -0.08684471, -0.18898985, -0.7168303, 0.6655037, 1600.1476, 1600.1476, 955.7449, 717.6381, , 
65947.212753166, 008328, -1.257667, 0.112728454, 8.042813, -0.084916845, -0.19075829, -0.7169971, 0.66506815, 1600.1476, 1600.1476, 955.7449, 717.6378, , 
65947.229421833, 008329, -1.2594714, 0.11306748, 8.052342, -0.08322166, -0.19221264, -0.7169629, 0.6649004, 1600.1476, 1600.1476, 955.74475, 717.6386, , 
65947.262759708, 008330, -1.2635411, 0.11406922, 8.072351, -0.07865601, -0.19488302, -0.7171578, 0.66446865, 1600.1476, 1600.1476, 955.742, 717.63995, , 
65947.279428541, 008331, -1.2655885, 0.114648074, 8.082493, -0.076097384, -0.19572075, -0.7173701, 0.66429114, 1600.1476, 1600.1476, 955.7391, 717.6401, , 
65947.312766208, 008332, -1.2700301, 0.11560346, 8.101918, -0.07149634, -0.19768713, -0.717255, 0.6643443, 1600.1476, 1600.1476, 955.7329, 717.6416, , 
65947.329435083, 008333, -1.2724329, 0.11591397, 8.111117, -0.06953854, -0.19921866, -0.7168753, 0.6645044, 1600.1476, 1600.1476, 955.7316, 717.6434, , 
65947.346103958, 008334, -1.2749496, 0.11611648, 8.1203375, -0.06772183, -0.20107603, -0.716245, 0.66481227, 1600.1476, 1600.1476, 955.73126, 717.6467, , 
65947.379441666, 008335, -1.2804937, 0.11648731, 8.138669, -0.064218186, -0.20428644, -0.7144471, 0.6661145, 1600.1476, 1600.1476, 955.73035, 717.6537, , 
65947.396110541, 008336, -1.2835194, 0.116772644, 8.147836, -0.06242462, -0.20510702, -0.71358836, 0.66695267, 1600.1476, 1600.1476, 955.72766, 717.65845, , 
65947.429448291, 008337, -1.2890952, 0.11670482, 8.166702, -0.05878927, -0.20492491, -0.7131438, 0.667814, 1600.1476, 1600.1476, 955.7208, 717.6616, , 
65947.446117166, 008338, -1.2920444, 0.11706303, 8.176007, -0.05686158, -0.20402128, -0.7136039, 0.6677661, 1600.1476, 1600.1476, 955.7144, 717.6604, , 
65947.479454875, 008339, -1.2981964, 0.11801514, 8.194267, -0.052902967, -0.20170051, -0.71495736, 0.66734856, 1600.1476, 1600.1476, 955.70337, 717.6564, , 
65947.496123875, 008340, -1.3013487, 0.11838348, 8.203129, -0.051012795, -0.20091072, -0.715572, 0.6670752, 1600.1476, 1600.1476, 955.6972, 717.6539, , 
65947.529461458, 008341, -1.3084818, 0.11778273, 8.219546, -0.047361273, -0.20014583, -0.71640855, 0.6666763, 1600.1476, 1600.1476, 955.68964, 717.65125, , 
65947.546130375, 008342, -1.3119395, 0.11757003, 8.227869, -0.045619946, -0.19993956, -0.7165916, 0.666663, 1600.1476, 1600.1476, 955.6863, 717.6507, , 
65947.562799208, 008343, -1.3154361, 0.117340535, 8.236236, -0.04388039, -0.19957162, -0.71666133, 0.66681504, 1600.1476, 1600.1476, 955.6815, 717.6505, , 
65947.596136958, 008344, -1.3226854, 0.116676934, 8.252987, -0.040835354, -0.19816561, -0.7166149, 0.6674773, 1600.1476, 1600.1476, 955.6734, 717.6509, , 
65947.612805833, 008345, -1.3265829, 0.11649506, 8.260473, -0.039708287, -0.19753392, -0.7164798, 0.6678775, 1600.1476, 1600.1476, 955.66876, 717.65137, , 
65947.646143625, 008346, -1.3344378, 0.11548875, 8.275682, -0.038747754, -0.19668324, -0.71623814, 0.6684439, 1600.1476, 1600.1476, 955.6648, 717.65234, , 
65947.6628125, 008347, -1.3383281, 0.114723764, 8.283482, -0.039056327, -0.19632334, -0.7163416, 0.66842085, 1600.1476, 1600.1476, 955.6643, 717.6519, , 
65947.696150125, 008348, -1.3462015, 0.11317768, 8.299159, -0.040800896, -0.19515602, -0.7170972, 0.66784793, 1600.1476, 1600.1476, 955.6657, 717.64905, , 
65947.712819083, 008349, -1.3504333, 0.11265911, 8.305737, -0.041689016, -0.19433667, -0.71756446, 0.6675302, 1600.1476, 1600.1476, 955.6662, 717.6466, , 
65947.746156666, 008350, -1.3591534, 0.11147146, 8.320001, -0.04345167, -0.19247359, -0.7187892, 0.66663927, 1600.1476, 1600.1476, 955.6664, 717.6419, , 
65947.762825583, 008351, -1.3636167, 0.110737234, 8.32759, -0.044370633, -0.19209182, -0.71928936, 0.66614926, 1600.1476, 1600.1476, 955.6678, 717.6391, , 
65947.796163416, 008352, -1.3728505, 0.10908352, 8.342637, -0.04644232, -0.19218454, -0.72007895, 0.66512746, 1600.1476, 1600.1476, 955.672, 717.6361, , 
65947.812832166, 008353, -1.3775009, 0.108282566, 8.3497, -0.047968026, -0.1919322, -0.72090477, 0.6641968, 1600.1476, 1600.1476, 955.6747, 717.6335, , 
65947.829501083, 008354, -1.3820858, 0.10752964, 8.356919, -0.0499877, -0.19110665, -0.72213614, 0.66294706, 1600.1476, 1600.1476, 955.6785, 717.62775, , 
65947.862838791, 008355, -1.3910816, 0.10612999, 8.3720255, -0.055873424, -0.18859662, -0.7249551, 0.6601133, 1600.1476, 1600.1476, 955.68585, 717.6165, , 
65947.879507791, 008356, -1.3955432, 0.105505854, 8.379484, -0.05926421, -0.18783149, -0.7260015, 0.65888464, 1600.1476, 1600.1476, 955.6928, 717.61, , 
65947.912845416, 008357, -1.4041662, 0.104577646, 8.393076, -0.06510813, -0.18795504, -0.726459, 0.65779257, 1600.1476, 1600.1476, 955.7041, 717.60565, , 
65947.929514375, 008358, -1.4084297, 0.1043109, 8.399333, -0.06728588, -0.18881483, -0.72589004, 0.6579554, 1600.1476, 1600.1476, 955.71106, 717.60693, , 
65947.962851958, 008359, -1.4176267, 0.10430132, 8.412628, -0.07093314, -0.19115487, -0.724297, 0.6586518, 1600.1476, 1600.1476, 955.72107, 717.6114, , 
65947.979520875, 008360, -1.422292, 0.104586884, 8.41927, -0.07272005, -0.1923405, -0.723777, 0.65868336, 1600.5995, 1600.5995, 955.72626, 717.61316, , 
65948.012858625, 008361, -1.4312985, 0.10595125, 8.432002, -0.07666558, -0.19337921, -0.72397506, 0.6577135, 1600.1476, 1600.1476, 955.73816, 717.6122, , 
65948.029527625, 008362, -1.4357598, 0.10697764, 8.438379, -0.0786033, -0.1927957, -0.72434884, 0.65724444, 1600.1476, 1600.1476, 955.7415, 717.61017, , 
65948.062865166, 008363, -1.445033, 0.10913697, 8.4524765, -0.08194094, -0.19007318, -0.7248018, 0.6571303, 1600.1476, 1600.1476, 955.7437, 717.60657, , 
65948.079534125, 008364, -1.4495798, 0.11021356, 8.459567, -0.08369646, -0.18874393, -0.7250158, 0.6570561, 1600.1476, 1600.1476, 955.7442, 717.6051, , 
65948.11287175, 008365, -1.4577793, 0.113259576, 8.47296, -0.087448426, -0.18675934, -0.7255638, 0.6565295, 1600.1476, 1600.1476, 955.74805, 717.60126, , 
65948.129540666, 008366, -1.4615169, 0.115119874, 8.479453, -0.08915484, -0.18554288, -0.7259925, 0.65617085, 1600.1476, 1600.1476, 955.7494, 717.59924, , 
65948.1628785, 008367, -1.4693234, 0.11723563, 8.492879, -0.0923641, -0.1825432, -0.7273962, 0.6550127, 1600.1476, 1600.1476, 955.7508, 717.5922, , 
65948.179547416, 008368, -1.4731145, 0.11787239, 8.499343, -0.09407577, -0.1815572, -0.7281843, 0.654167, 1600.1476, 1600.1476, 955.75244, 717.5887, , 
65948.196216083, 008369, -1.4768333, 0.11832267, 8.505624, -0.09577308, -0.18093453, -0.72899055, 0.6531944, 1600.1476, 1600.1476, 955.7559, 717.5839, , 
65948.229553875, 008370, -1.4844812, 0.119105056, 8.517591, -0.09840716, -0.179438, -0.73076165, 0.65123385, 1600.1476, 1600.1476, 955.76013, 717.5765, , 
65948.246222791, 008371, -1.4882154, 0.119542256, 8.523725, -0.099201575, -0.17879944, -0.7315264, 0.65042984, 1600.1476, 1600.1476, 955.76117, 717.57306, , 
65948.279560458, 008372, -1.4958662, 0.120442286, 8.53596, -0.09962048, -0.17867094, -0.7323992, 0.6494181, 1600.1476, 1600.1476, 955.763, 717.56836, , 
65948.296229375, 008373, -1.4997816, 0.12091165, 8.542124, -0.09913883, -0.1789657, -0.73268545, 0.6490877, 1600.1476, 1600.1476, 955.76324, 717.56744, , 
65948.329567125, 008374, -1.5084181, 0.12318602, 8.553743, -0.09592564, -0.17959188, -0.7333435, 0.6486543, 1600.1476, 1600.1476, 955.7595, 717.56616, , 
65948.346235916, 008375, -1.5124911, 0.12384572, 8.560109, -0.09349315, -0.1797039, -0.73381835, 0.6484414, 1600.1476, 1600.1476, 955.7558, 717.5656, , 
65948.379573708, 008376, -1.5204333, 0.1245726, 8.573294, -0.08916734, -0.17989886, -0.7348834, 0.64778996, 1600.1476, 1600.1476, 955.74756, 717.5631, , 
65948.396242583, 008377, -1.5244234, 0.12468017, 8.580003, -0.0875378, -0.18008944, -0.7352072, 0.647592, 1600.1476, 1600.1476, 955.7451, 717.5624, , 
65948.42958025, 008378, -1.5318297, 0.12602852, 8.592738, -0.085364364, -0.1795504, -0.7355663, 0.6476239, 1600.1476, 1600.1476, 955.7396, 717.56165, , 
65948.446249125, 008379, -1.5357603, 0.12618193, 8.599767, -0.084693536, -0.17870608, -0.73571956, 0.64777154, 1600.1476, 1600.1476, 955.73676, 717.5612, , 
65948.462918041, 008380, -1.5396931, 0.12615842, 8.606975, -0.08411311, -0.17796595, -0.7358015, 0.6479578, 1600.1476, 1600.1476, 955.7341, 717.5609, , 
65948.49625575, 008381, -1.5472633, 0.1258418, 8.621442, -0.08302209, -0.17750084, -0.73597485, 0.64802915, 1600.1476, 1600.1476, 955.7302, 717.56067, , 
65948.512924625, 008382, -1.5506784, 0.12516429, 8.628575, -0.08256101, -0.17757356, -0.73628026, 0.6477212, 1600.1476, 1600.1476, 955.72955, 717.5595, , 
65948.546262416, 008383, -1.5570406, 0.12433489, 8.64302, -0.081125095, -0.17838699, -0.7370493, 0.6468038, 1600.1476, 1600.1476, 955.72955, 717.55707, , 
65948.562931125, 008384, -1.5600682, 0.12418957, 8.650372, -0.08005376, -0.17893764, -0.73740447, 0.6463802, 1600.1476, 1600.1476, 955.7292, 717.55615, , 
65950.579863875, 008472, -2.008818, 0.112470716, 8.747313, -0.45058686, 0.58391696, 0.57586586, -0.35269117, 1604.2147, 1604.2147, 955.72955, 717.6236, , 
65950.613201708, 008473, -2.0178914, 0.111264385, 8.7454, -0.46211082, 0.58788043, 0.5684357, -0.34311938, 1606.9261, 1606.9261, 955.7257, 717.6201, , 
65950.629870708, 008474, -2.0227191, 0.110735685, 8.744946, -0.468053, 0.58915466, 0.56494296, -0.3386188, 1606.9261, 1606.9261, 955.7221, 717.6159, , 
65950.66320825, 008475, -2.033274, 0.10889465, 8.743334, -0.4800511, 0.59075284, 0.5579351, -0.33056092, 1608.7338, 1608.7338, 955.7142, 717.608, , 
65950.679877125, 008476, -2.038778, 0.107769094, 8.742359, -0.48568988, 0.59158736, 0.5542217, -0.32705972, 1608.7338, 1608.7338, 955.7079, 717.6036, , 
65950.696546083, 008477, -2.0442698, 0.10654539, 8.741202, -0.49073333, 0.5929019, 0.55026007, -0.32382426, 1608.7338, 1608.7338, 955.70337, 717.6019, , 
65950.713215, 008478, -2.0491097, 0.10520312, 8.740369, -0.4951191, 0.59496695, 0.5458854, -0.3207502, 1608.7338, 1608.7338, 955.6992, 717.6024, , 
65950.746552625, 008479, -2.0586882, 0.10254112, 8.7375965, 0.5026137, -0.60117376, -0.5358137, 0.31444156, 1612.8009, 1612.8009, 955.69104, 717.61115, , 
65950.7632215, 008480, -2.0634577, 0.10131591, 8.735672, 0.50634515, -0.60489774, -0.529993, 0.31116062, 1612.349, 1612.349, 955.68756, 717.6171, , 
65950.779890458, 008481, -2.0681674, 0.10018864, 8.733546, 0.51034987, -0.6085202, -0.5238107, 0.30800748, 1612.8009, 1612.8009, 955.6814, 717.6255, , 
65950.796559166, 008482, -2.0727994, 0.09917909, 8.731241, 0.5146038, -0.61184424, -0.5174745, 0.3050407, 1607.378, 1607.378, 955.6757, 717.63116, , 
65950.813228083, 008483, -2.076673, 0.09741554, 8.728633, 0.51897144, -0.6150288, -0.51099, 0.3021547, 1607.378, 1607.378, 955.66943, 717.6366, , 
65950.846565833, 008484, -2.084151, 0.09472658, 8.7228565, 0.52739334, -0.62108254, -0.49840665, 0.2961481, 1607.378, 1607.378, 955.65515, 717.6483, , 
65950.863234833, 008485, -2.0877857, 0.0937687, 8.7197695, 0.531282, -0.6239128, -0.49258766, 0.29296714, 1607.378, 1607.378, 955.65015, 717.6526, , 
65950.879903541, 008486, -2.091221, 0.09281616, 8.716538, 0.53489286, -0.6266888, -0.487043, 0.28972378, 1606.9261, 1606.9261, 955.6458, 717.6567, , 
65950.913241208, 008487, -2.097098, 0.09016714, 8.71013, 0.54144067, -0.6322136, -0.47642276, 0.28314212, 1607.378, 1607.378, 955.6376, 717.6663, , 
65950.929910291, 008488, -2.0997193, 0.088606656, 8.70693, 0.5445647, -0.6345594, -0.47148392, 0.2801545, 1607.378, 1607.378, 955.6341, 717.66986, , 
65950.946579, 008489, -2.1024244, 0.08742696, 8.703395, 0.5476891, -0.6366486, -0.46667096, 0.27736896, 1607.378, 1607.378, 955.6291, 717.6738, , 
65950.979916791, 008490, -2.1073382, 0.08533248, 8.695896, 0.55385464, -0.64094406, -0.45680204, 0.27160206, 1607.378, 1607.378, 955.62164, 717.67975, , 
65950.996585666, 008491, -2.1095583, 0.08434859, 8.691992, 0.55707335, -0.6429509, -0.45174396, 0.26872054, 1607.378, 1607.378, 955.6162, 717.68353, , 
65951.013254541, 008492, -2.112377, 0.08316841, 8.688495, 0.5604949, -0.6445675, -0.4467939, 0.2659954, 1606.9261, 1606.9261, 955.61163, 717.6855, , 
65951.046592166, 008493, -2.1171408, 0.081086114, 8.680809, 0.567618, -0.64717215, -0.43700242, 0.26078108, 1607.378, 1607.378, 955.60004, 717.6881, , 
65951.063261125, 008494, -2.1189473, 0.08010035, 8.676652, 0.57131517, -0.6483436, -0.43213382, 0.2578952, 1607.378, 1607.378, 955.5953, 717.68835, , 
65951.079930041, 008495, -2.120484, 0.07905176, 8.672414, 0.57508224, -0.6494987, -0.42730078, 0.25464875, 1607.378, 1607.378, 955.5908, 717.6883, , 
65951.096598791, 008496, -2.1217816, 0.07792404, 8.668068, 0.57884365, -0.6506567, -0.4225335, 0.25110006, 1607.378, 1607.378, 955.5858, 717.68774, , 
65951.129936541, 008497, -2.1259744, 0.07484522, 8.658096, 0.5863959, -0.65296096, -0.41273, 0.24379438, 1606.9261, 1606.9261, 955.57886, 717.6867, , 
65951.1466055, 008498, -2.1271703, 0.07346806, 8.653045, 0.5902229, -0.65418607, -0.40738538, 0.24023855, 1606.9261, 1606.9261, 955.5734, 717.68665, , 
65951.179943125, 008499, -2.129017, 0.07074412, 8.642401, 0.5979862, -0.65615493, -0.39635706, 0.23403865, 1606.9261, 1606.9261, 955.56305, 717.6862, , 
65951.196612, 008500, -2.129857, 0.06933716, 8.636776, 0.6017218, -0.6569152, -0.39096385, 0.23138808, 1606.9261, 1606.9261, 955.5575, 717.6858, , 
65951.229949791, 008501, -2.1320863, 0.066443905, 8.624582, 0.6087399, -0.6580252, -0.38096806, 0.22649895, 1604.6666, 1604.6666, 955.5448, 717.68414, , 
65951.246618541, 008502, -2.1328483, 0.06495461, 8.618375, 0.6117314, -0.6587173, -0.37639344, 0.22406305, 1604.2147, 1604.2147, 955.5404, 717.6836, , 
65951.279956375, 008503, -2.1335974, 0.061906986, 8.6058, 0.6165906, -0.6603846, -0.36806256, 0.21963215, 1604.6666, 1604.6666, 955.5319, 717.68427, , 
65951.29662525, 008504, -2.1338353, 0.060436204, 8.599477, 0.6188154, -0.66103584, -0.3643387, 0.21761529, 1602.4071, 1602.4071, 955.5286, 717.6845, , 
65951.313294166, 008505, -2.1339588, 0.059033647, 8.593219, 0.62100655, -0.66163194, -0.36081395, 0.21542376, 1602.4071, 1602.4071, 955.5249, 717.6842, , 
65951.346631833, 008506, -2.1342678, 0.058471687, 8.57797, 0.62553287, -0.6627291, -0.3541733, 0.20990466, 1602.4071, 1602.4071, 955.5214, 717.68256, , 
65951.36330075, 008507, -2.1340146, 0.057535343, 8.571848, 0.62783045, -0.66305655, -0.35137922, 0.20668252, 1600.1476, 1600.1476, 955.52075, 717.6807, , 
65951.396638375, 008508, -2.1329894, 0.055687293, 8.560335, 0.63192475, -0.6639348, -0.34651774, 0.1994672, 1600.1476, 1600.1476, 955.5219, 717.6759, , 
65951.41330725, 008509, -2.132761, 0.055306047, 8.553023, 0.6335183, -0.6647498, -0.34435123, 0.19540882, 1600.1476, 1600.1476, 955.52374, 717.6747, , 
65951.446645041, 008510, -2.1316514, 0.054856412, 8.539753, 0.63605016, -0.6659557, -0.34174204, 0.18749797, 1597.8881, 1597.8881, 955.5313, 717.67163, , 
65951.463313916, 008511, -2.130999, 0.05483724, 8.533689, 0.6374073, -0.66597444, -0.3407593, 0.1845892, 1597.8881, 1597.8881, 955.5339, 717.66925, , 
65951.479982666, 008512, -2.130374, 0.055028625, 8.527607, 0.63889253, -0.665886, -0.33938667, 0.18228795, 1597.8881, 1597.8881, 955.53516, 717.66614, , 
65951.513320541, 008513, -2.128728, 0.055795074, 8.515604, 0.64156204, -0.66648626, -0.33578122, 0.17732778, 1596.0804, 1596.0804, 955.53577, 717.6636, , 
65951.529989375, 008514, -2.1281972, 0.056316704, 8.5092125, 0.6425117, -0.66729, -0.33405042, 0.17410666, 1595.6285, 1595.6285, 955.5382, 717.6634, , 
65951.546658166, 008515, -2.1270983, 0.056668624, 8.503234, 0.64316934, -0.66833746, -0.33245358, 0.17068326, 1595.6285, 1595.6285, 955.54083, 717.66394, , 
65951.579995875, 008516, -2.1242414, 0.05701915, 8.491726, 0.6437875, -0.67121655, -0.32911184, 0.16337523, 1593.369, 1593.369, 955.5484, 717.6681, , 
65951.596664875, 008517, -2.122753, 0.057063177, 8.485995, 0.6438266, -0.672851, -0.3273296, 0.16004397, 1593.369, 1593.369, 955.5516, 717.6708, , 
65951.6300025, 008518, -2.119231, 0.057440877, 8.474898, 0.64337534, -0.6761111, -0.32385707, 0.15510824, 1591.1095, 1591.1095, 955.5556, 717.6776, , 
65951.646671416, 008519, -2.1177006, 0.05729212, 8.469118, 0.6430282, -0.6777687, -0.32211095, 0.15293421, 1591.1095, 1591.1095, 955.55774, 717.68286, , 
65951.663340333, 008520, -2.1162143, 0.057021394, 8.463339, 0.64290047, -0.6792981, -0.32014883, 0.15079069, 1591.1095, 1591.1095, 955.5589, 717.68646, , 
65951.696677916, 008521, -2.113051, 0.05645518, 8.45183, 0.6435433, -0.6815902, -0.3158079, 0.14680615, 1588.3981, 1588.3981, 955.5593, 717.69257, , 
65951.713346875, 008522, -2.1112943, 0.05623866, 8.446162, 0.6441439, -0.6823571, -0.31388912, 0.1447108, 1588.3981, 1588.3981, 955.55945, 717.69385, , 
65951.73001575, 008523, -2.1085165, 0.056099504, 8.441235, 0.64483887, -0.68292725, -0.31226844, 0.14241348, 1588.3981, 1588.3981, 955.5602, 717.69446, , 
65951.763353375, 008524, -2.103822, 0.05569882, 8.430542, 0.6462817, -0.6842537, -0.30885813, 0.13683423, 1601.5033, 1601.5033, 955.5634, 717.6954, , 
65951.780022208, 008525, -2.1014988, 0.055455692, 8.4250765, 0.6469793, -0.6851804, -0.3066608, 0.13380915, 1601.5033, 1601.5033, 955.56494, 717.6964, , 
65951.796691208, 008526, -2.0991547, 0.05518151, 8.419573, 0.6476715, -0.6863824, -0.30386013, 0.13065173, 1601.5033, 1601.5033, 955.566, 717.69885, , 
65951.830029, 008527, -2.0928483, 0.055325042, 8.410174, 0.649064, -0.6893634, -0.29704076, 0.12353451, 1601.5033, 1601.5033, 955.5668, 717.7046, , 
65951.84669775, 008528, -2.0901377, 0.055099756, 8.405011, 0.6497744, -0.6910276, -0.2932647, 0.11945658, 1601.5033, 1601.5033, 955.56757, 717.7089, , 
65951.863366583, 008529, -2.0875359, 0.054775566, 8.399666, 0.65047497, -0.6927487, -0.2893493, 0.11514508, 1601.0514, 1601.0514, 955.56866, 717.7124, , 
65951.896704458, 008530, -2.0826097, 0.054216444, 8.388538, 0.6524178, -0.6958796, -0.28051162, 0.10684528, 1601.0514, 1601.0514, 955.5684, 717.72, , 
65951.913373333, 008531, -2.080017, 0.0538299, 8.38405, 0.65380275, -0.6970307, -0.27583334, 0.102986366, 1601.5033, 1601.5033, 955.5669, 717.7222, , 
65951.930042083, 008532, -2.0775676, 0.05355838, 8.379329, 0.6554617, -0.6978769, -0.27110487, 0.099196896, 1601.5033, 1601.5033, 955.56506, 717.7237, , 
65951.963379875, 008533, -2.0734673, 0.0535898, 8.368205, 0.6597371, -0.69850284, -0.261657, 0.091522574, 1601.5033, 1601.5033, 955.5598, 717.72296, , 
65951.98004875, 008534, -2.0716138, 0.05369202, 8.362446, 0.6621589, -0.69847447, -0.25695032, 0.08749717, 1601.0514, 1601.0514, 955.5576, 717.7213, , 
65951.9967175, 008535, -2.0697603, 0.053747773, 8.356593, 0.6645528, -0.6984888, -0.25204536, 0.083403304, 1601.0514, 1601.0514, 955.55536, 717.71967, , 
65952.013386416, 008536, -2.0678527, 0.053732708, 8.350628, 0.6668312, -0.69863176, -0.24691243, 0.07927121, 1601.0514, 1601.0514, 955.55225, 717.71826, , 
65952.04672425, 008537, -2.0642292, 0.0535302, 8.341107, 0.6710344, -0.69889843, -0.23710513, 0.0709575, 1601.0514, 1601.0514, 955.54785, 717.7166, , 
65952.063393, 008538, -2.0623624, 0.053342566, 8.33521, 0.673055, -0.69891024, -0.23251164, 0.06678108, 1601.0514, 1601.0514, 955.5463, 717.71545, , 
65952.080061833, 008539, -2.0605388, 0.053117506, 8.329167, 0.6750068, -0.69893456, -0.2279255, 0.062499393, 1601.0514, 1601.0514, 955.54456, 717.7138, , 
65952.09673075, 008540, -2.0587077, 0.052847974, 8.323123, 0.67682534, -0.6991034, -0.22319646, 0.05783739, 1601.0514, 1601.0514, 955.54376, 717.7131, , 
65952.113399666, 008541, -2.0561793, 0.05238121, 8.318324, 0.6785538, -0.69930714, -0.2185149, 0.05277819, 1601.0514, 1601.0514, 955.5433, 717.7126, , 
65952.146737291, 008542, -2.0517602, 0.051550806, 8.307812, 0.68181634, -0.6997134, -0.20917845, 0.04209483, 1601.0514, 1601.0514, 955.5439, 717.71185, , 
65952.163406166, 008543, -2.0499272, 0.05122687, 8.301993, 0.68340915, -0.69986, -0.20445716, 0.036677364, 1601.0514, 1601.0514, 955.5443, 717.7114, , 
65952.180075083, 008544, -2.0481868, 0.05092182, 8.296092, 0.6850023, -0.69992787, -0.19973856, 0.03126017, 1601.0514, 1601.0514, 955.54504, 717.7109, , 
65952.196744, 008545, -2.0465376, 0.050595067, 8.290158, 0.686651, -0.6998402, -0.19510028, 0.025885569, 1601.0514, 1601.0514, 955.54553, 717.7101, , 
65952.21341275, 008546, -2.0438852, 0.050341845, 8.285708, 0.68839645, -0.69951874, -0.1906906, 0.020514512, 1601.0514, 1601.0514, 955.5461, 717.7087, , 
65952.230081625, 008547, -2.0413914, 0.050015837, 8.281099, 0.69018847, -0.6990139, -0.18651067, 0.01526946, 1601.0514, 1601.0514, 955.547, 717.7062, , 
65952.2634195, 008548, -2.0376189, 0.048969075, 8.270062, 0.6931823, -0.6982806, -0.17856398, 0.004165069, 1601.0514, 1601.0514, 955.5504, 717.70306, , 
65952.280088333, 008549, -2.0357685, 0.048398875, 8.264246, 0.69428104, -0.6981211, -0.17492561, -0.0013788673, 1601.0514, 1601.0514, 955.55365, 717.7024, , 
65952.296757125, 008550, -2.0339146, 0.04790657, 8.258245, 0.69520545, -0.69808114, -0.17126124, -0.0064668325, 1601.0514, 1601.0514, 955.5557, 717.70233, , 
65952.313425958, 008551, -2.0313015, 0.047911726, 8.252996, 0.69598204, -0.6981558, -0.16751453, -0.011235188, 1601.5033, 1601.5033, 955.557, 717.70264, , 
65952.330094958, 008552, -2.0287564, 0.047937937, 8.247611, 0.6967155, -0.698267, -0.16357921, -0.015896045, 1601.5033, 1601.5033, 955.55804, 717.7035, , 
65952.3634325, 008553, -2.0247998, 0.0477169, 8.235659, 0.69850755, -0.69793415, -0.1561565, -0.024296828, 1601.5033, 1601.5033, 955.5589, 717.70355, , 
65952.380101458, 008554, -2.0229878, 0.0475509, 8.229661, 0.699487, -0.69749886, -0.15299705, -0.028375465, 1601.5033, 1601.5033, 955.5598, 717.7027, , 
65952.396770291, 008555, -2.021115, 0.04728946, 8.223784, 0.70028347, -0.6971972, -0.14984237, -0.0326549, 1601.5033, 1601.5033, 955.56177, 717.70197, , 
65952.41343925, 008556, -2.0191216, 0.0470358, 8.219105, 0.7007826, -0.69721305, -0.14634682, -0.037153453, 1601.5033, 1601.5033, 955.56305, 717.7025, , 
65952.446776916, 008557, -2.0147889, 0.04620775, 8.209022, 0.70114, -0.6980573, -0.13787067, -0.04594023, 1601.5033, 1601.5033, 955.56366, 717.7075, , 
65952.46344575, 008558, -2.0124755, 0.04568713, 8.20347, 0.70127547, -0.69858027, -0.13306546, -0.04991988, 1601.5033, 1601.5033, 955.5625, 717.71027, , 
65952.48011475, 008559, -2.0100553, 0.045151584, 8.197866, 0.7015213, -0.6990097, -0.12796332, -0.053652838, 1601.5033, 1601.5033, 955.5605, 717.7127, , 
65952.496783625, 008560, -2.0074894, 0.044586554, 8.192292, 0.70185983, -0.69934475, -0.12258749, -0.057288606, 1601.0514, 1601.0514, 955.5569, 717.7156, , 
65952.513452291, 008561, -2.0048797, 0.043774918, 8.187458, 0.7022906, -0.6995513, -0.11706543, -0.060922407, 1601.0514, 1601.0514, 955.5538, 717.71735, , 
65952.546790083, 008562, -1.9992352, 0.04215, 8.177755, 0.7031563, -0.69983643, -0.10515122, -0.06887276, 1601.0514, 1601.0514, 955.5463, 717.72125, , 
65952.563459083, 008563, -1.9961385, 0.041316904, 8.172835, 0.70342016, -0.7000881, -0.09858857, -0.07319164, 1601.0514, 1601.0514, 955.54285, 717.72345, , 
65954.580391583, 008665, -1.2094764, 0.03224598, 7.5891147, 0.70143986, -0.68020266, -0.009350128, -0.21264741, 1601.5033, 1601.5033, 955.62036, 717.7528, , 
65954.597060375, 008666, -1.2006694, 0.03138069, 7.583365, 0.7013233, -0.6806484, -0.012909303, -0.21141599, 1601.5033, 1601.5033, 955.6251, 717.75287, , 
65954.613729333, 008667, -1.1918861, 0.030737959, 7.5774436, 0.70089006, -0.681242, -0.016862575, -0.21066117, 1601.5033, 1601.5033, 955.6301, 717.75397, , 
65954.647067041, 008668, -1.1737608, 0.029410854, 7.5656557, 0.70018405, -0.68241674, -0.026029339, -0.20825998, 1601.0514, 1601.0514, 955.64386, 717.7564, , 
65954.663735958, 008669, -1.1645138, 0.029011905, 7.559502, 0.7003026, -0.6829002, -0.030685356, -0.20562606, 1601.0514, 1601.0514, 955.64795, 717.7557, , 
65954.680404708, 008670, -1.1553125, 0.028885923, 7.5532107, 0.7006623, -0.68325025, -0.03481584, -0.202557, 1601.0514, 1601.0514, 955.65027, 717.754, , 
65954.697073625, 008671, -1.1462408, 0.028951943, 7.5469894, 0.70113206, -0.68338764, -0.03844959, -0.19979168, 1601.5033, 1601.5033, 955.65186, 717.7519, , 
65954.730411375, 008672, -1.1254839, 0.030300662, 7.532519, 0.702136, -0.68297106, -0.045680802, -0.19613498, 1601.5033, 1601.5033, 955.65875, 717.7463, , 
65954.747080125, 008673, -1.1162118, 0.030902244, 7.5260954, 0.70266724, -0.6827097, -0.0491481, -0.19429544, 1601.5033, 1601.5033, 955.66235, 717.74365, , 
65954.763749, 008674, -1.1071954, 0.031636305, 7.519608, 0.7030988, -0.6827991, -0.05225303, -0.19159104, 1601.5033, 1601.5033, 955.66455, 717.7404, , 
65954.780417958, 008675, -1.0981854, 0.032526724, 7.512935, 0.70323485, -0.68344903, -0.054743774, -0.18804601, 1601.5033, 1601.5033, 955.6634, 717.73895, , 
65954.813755791, 008676, -1.0791762, 0.034727737, 7.497346, 0.702667, -0.6856151, -0.059318446, -0.18075462, 1601.5033, 1601.5033, 955.65735, 717.7391, , 
65954.830424416, 008677, -1.0695795, 0.035874046, 7.4892077, 0.7023345, -0.6863639, -0.06228785, -0.17818841, 1601.5033, 1601.5033, 955.6575, 717.7393, , 
65954.847093375, 008678, -1.0608054, 0.036831446, 7.482706, 0.70203567, -0.68681276, -0.0657045, -0.17640017, 1601.5033, 1601.5033, 955.6598, 717.7393, , 
65954.863762291, 008679, -1.0523897, 0.037695993, 7.476766, 0.7016285, -0.687234, -0.06901492, -0.17511079, 1601.5033, 1601.5033, 955.66455, 717.7397, , 
65954.897099916, 008680, -1.0361701, 0.03939887, 7.4649267, 0.7008621, -0.68819255, -0.074226946, -0.17226067, 1601.5033, 1601.5033, 955.66956, 717.7406, , 
65954.913768791, 008681, -1.0262929, 0.040201798, 7.456508, 0.7007635, -0.6884968, -0.07619541, -0.1705778, 1601.5033, 1601.5033, 955.6705, 717.7403, , 
65954.93043775, 008682, -1.0169613, 0.04097236, 7.448363, 0.7007967, -0.6886717, -0.07786336, -0.1689749, 1601.5033, 1601.5033, 955.6707, 717.7394, , 
65954.947106541, 008683, -1.0090102, 0.041737005, 7.4414606, 0.70077705, -0.6888895, -0.07910144, -0.16758823, 1601.5033, 1601.5033, 955.6706, 717.7388, , 
65954.98044425, 008684, -0.9942725, 0.043164603, 7.428197, 0.7002594, -0.6899492, -0.08042019, -0.16474096, 1601.5033, 1601.5033, 955.6679, 717.73956, , 
65954.997113166, 008685, -0.98717326, 0.04370942, 7.421475, 0.6997521, -0.69075805, -0.08065615, -0.1633858, 1601.5033, 1601.5033, 955.66595, 717.7409, , 
65955.013782041, 008686, -0.97998667, 0.044359133, 7.4133015, 0.6991698, -0.6916481, -0.080630116, -0.16212067, 1601.5033, 1601.5033, 955.66376, 717.7428, , 
65955.030450916, 008687, -0.9729721, 0.044809334, 7.405157, 0.6984757, -0.692678, -0.08038684, -0.16083175, 1601.5033, 1601.5033, 955.66046, 717.74585, , 
65955.063788583, 008688, -0.9595568, 0.045094125, 7.389925, 0.69723547, -0.69480896, -0.07987062, -0.15723833, 1601.5033, 1601.5033, 955.6535, 717.75024, , 
65955.0804575, 008689, -0.9531113, 0.045051657, 7.3822565, 0.6969197, -0.6955717, -0.08008886, -0.15514128, 1601.0514, 1601.0514, 955.64886, 717.7518, , 
65955.097126416, 008690, -0.94690436, 0.044893935, 7.3744807, 0.6969117, -0.6959747, -0.08076474, -0.15300429, 1601.0514, 1601.0514, 955.6463, 717.75165, , 
65955.130464083, 008691, -0.9343176, 0.045002095, 7.3562555, 0.6971291, -0.6964584, -0.08232375, -0.14892831, 1601.0514, 1601.0514, 955.6418, 717.7498, , 
65955.147132791, 008692, -0.9285461, 0.04454629, 7.3477373, 0.69716597, -0.69673276, -0.083050124, -0.14705697, 1601.5033, 1601.5033, 955.6399, 717.74927, , 
65955.163801833, 008693, -0.92306656, 0.04384766, 7.339309, 0.697217, -0.6969763, -0.0836377, -0.14531824, 1601.5033, 1601.5033, 955.63806, 717.7488, , 
65955.18047075, 008694, -0.91783, 0.042951602, 7.33083, 0.6972614, -0.6972062, -0.0839346, -0.14382327, 1601.5033, 1601.5033, 955.6354, 717.7481, , 
65955.213808333, 008695, -0.9062991, 0.04093258, 7.3121276, 0.6972058, -0.6977147, -0.08372608, -0.14173268, 1601.5033, 1601.5033, 955.63165, 717.7479, , 
65955.23047725, 008696, -0.90018284, 0.039801314, 7.302098, 0.69717306, -0.6979221, -0.083364226, -0.14108445, 1601.5033, 1601.5033, 955.62933, 717.7481, , 
65955.247146125, 008697, -0.8951555, 0.038402997, 7.2927485, 0.6973142, -0.6979204, -0.08310905, -0.14054506, 1601.5033, 1601.5033, 955.62805, 717.7477, , 
65955.263815041, 008698, -0.8905913, 0.036844738, 7.283512, 0.6975845, -0.6977667, -0.08301214, -0.14002259, 1601.5033, 1601.5033, 955.6269, 717.7468, , 
65955.297152708, 008699, -0.88202804, 0.03347238, 7.2646694, 0.69812584, -0.6975316, -0.082975626, -0.13851042, 1601.5033, 1601.5033, 955.6241, 717.74445, , 
65955.313821625, 008700, -0.8760956, 0.031667054, 7.253783, 0.69835466, -0.6975928, -0.083047256, -0.13699727, 1601.5033, 1601.5033, 955.6219, 717.7435, , 
65955.330490458, 008701, -0.87046796, 0.029911526, 7.242892, 0.69868743, -0.69759685, -0.08342888, -0.13503417, 1601.0514, 1601.0514, 955.6193, 717.7422, , 
65955.363828083, 008702, -0.86191845, 0.026783288, 7.2228675, 0.6995225, -0.69705707, -0.08534956, -0.13226916, 1601.0514, 1601.0514, 955.6162, 717.7378, , 
65955.380497, 008703, -0.8580807, 0.025507387, 7.2134156, 0.69983655, -0.69644904, -0.08697163, -0.13275297, 1601.5033, 1601.5033, 955.61896, 717.7361, , 
65955.397165958, 008704, -0.85437876, 0.024585657, 7.2040105, 0.7001208, -0.69579285, -0.088248864, -0.13384816, 1601.5033, 1601.5033, 955.62445, 717.734, , 
65955.413834791, 008705, -0.84913886, 0.024100628, 7.1933203, 0.7003529, -0.6953463, -0.08841388, -0.13484177, 1601.5033, 1601.5033, 955.627, 717.73285, , 
65955.447172458, 008706, -0.8402115, 0.024828658, 7.1719213, 0.7012555, -0.6947098, -0.08535462, -0.1354018, 1601.5033, 1601.5033, 955.6247, 717.7308, , 
65955.463841375, 008707, -0.8365446, 0.025860086, 7.161322, 0.7020694, -0.6943617, -0.08242018, -0.13478637, 1601.0514, 1601.0514, 955.6177, 717.7286, , 
65955.480510291, 008708, -0.83291984, 0.027114272, 7.1506724, 0.7030546, -0.6939356, -0.07925631, -0.13373862, 1601.0514, 1601.0514, 955.61084, 717.7264, , 
65955.513847916, 008709, -0.82544905, 0.029692248, 7.1294975, 0.70499325, -0.692992, -0.074403435, -0.13118981, 1601.5033, 1601.5033, 955.5963, 717.7203, , 
65955.530516833, 008710, -0.8196917, 0.030374326, 7.117351, 0.70549184, -0.6928297, -0.07277787, -0.13027522, 1601.5033, 1601.5033, 955.5918, 717.7185, , 
65955.547185708, 008711, -0.8150603, 0.031031057, 7.106734, 0.70560104, -0.69289386, -0.07154446, -0.13002555, 1601.5033, 1601.5033, 955.58875, 717.71796, , 
65955.563854583, 008712, -0.8107045, 0.031537987, 7.0967817, 0.70538205, -0.69315135, -0.07071318, -0.13029595, 1601.5033, 1601.5033, 955.5871, 717.7188, , 
65955.597192208, 008713, -0.8017764, 0.032086566, 7.0777965, 0.70438594, -0.694067, -0.06922483, -0.13160285, 1601.0514, 1601.0514, 955.5867, 717.72235, , 
65955.613861083, 008714, -0.7961547, 0.0319227, 7.0681725, 0.7037636, -0.69468844, -0.06845954, -0.13205288, 1601.0514, 1601.0514, 955.58606, 717.7252, , 
65955.63053, 008715, -0.79041964, 0.031810574, 7.0586324, 0.7031338, -0.69536906, -0.06771409, -0.13221006, 1601.0514, 1601.0514, 955.58527, 717.7274, , 
65955.663867708, 008716, -0.77938515, 0.032088816, 7.0397444, 0.7023241, -0.6966488, -0.06649813, -0.1303811, 1601.0514, 1601.0514, 955.58014, 717.7311, , 
65955.680536541, 008717, -0.7736971, 0.03225504, 7.0302496, 0.7021221, -0.6972626, -0.06607042, -0.12839028, 1601.0514, 1601.0514, 955.5764, 717.7318, , 
65955.697205458, 008718, -0.7678597, 0.032349102, 7.0208097, 0.7018903, -0.6979492, -0.065649614, -0.12612376, 1601.0514, 1601.0514, 955.5724, 717.7325, , 
65955.713874333, 008719, -0.7611549, 0.03216191, 7.0115175, 0.7014859, -0.6987766, -0.06527643, -0.12396715, 1601.5033, 1601.5033, 955.5682, 717.73346, , 
65955.747212, 008720, -0.7479993, 0.03162325, 6.993245, 0.7005075, -0.7006184, -0.06443499, -0.11946216, 1601.0514, 1601.0514, 955.55865, 717.7368, , 
65955.763880875, 008721, -0.74164355, 0.031287916, 6.984246, 0.6998853, -0.7016659, -0.06387072, -0.11724369, 1601.0514, 1601.0514, 955.5543, 717.7388, , 
65955.780549791, 008722, -0.7352525, 0.030885741, 6.975333, 0.6991432, -0.70281273, -0.06322513, -0.115133524, 1601.0514, 1601.0514, 955.549, 717.742, , 
65955.7972185, 008723, -0.7287746, 0.030401722, 6.9665117, 0.6983107, -0.70403457, -0.062521234, -0.113086775, 1601.0514, 1601.0514, 955.5449, 717.7448, , 
65955.83055625, 008724, -0.7148536, 0.029740177, 6.9512444, 0.6965426, -0.7063457, -0.06192557, -0.10986121, 1601.0514, 1601.0514, 955.53796, 717.7516, , 
65955.847225208, 008725, -0.7079777, 0.029031448, 6.943169, 0.6957261, -0.70731497, -0.06228619, -0.10858716, 1601.0514, 1601.0514, 955.53656, 717.75415, , 
65955.863894166, 008726, -0.7010447, 0.028132945, 6.935026, 0.69490844, -0.70822805, -0.06297548, -0.10746836, 1601.5033, 1601.5033, 955.53595, 717.75665, , 
65955.89723175, 008727, -0.6869138, 0.025952011, 6.9186172, 0.69357526, -0.70972914, -0.06543912, -0.10466928, 1601.5033, 1601.5033, 955.53564, 717.76117, , 
65955.913900625, 008728, -0.67955124, 0.02461277, 6.910548, 0.69320256, -0.7102307, -0.0674032, -0.102466494, 1601.5033, 1601.5033, 955.5355, 717.76196, , 
65955.9305695, 008729, -0.6721764, 0.023208864, 6.9023213, 0.6930372, -0.710566, -0.06962495, -0.09973861, 1601.5033, 1601.5033, 955.5348, 717.7617, , 
65955.963907208, 008730, -0.65749884, 0.0202627, 6.8856015, 0.6928168, -0.7110977, -0.073766395, -0.09435846, 1601.5033, 1601.5033, 955.5332, 717.7608, , 
65955.980576083, 008731, -0.6500921, 0.018686496, 6.8774486, 0.6926779, -0.7113101, -0.07580139, -0.092137806, 1601.5033, 1601.5033, 955.53284, 717.7603, , 
65955.997245, 008732, -0.6426731, 0.017080225, 6.869511, 0.69258523, -0.7113976, -0.077912234, -0.09038135, 1601.5033, 1601.5033, 955.5333, 717.7599, , 
65956.013913708, 008733, -0.63498163, 0.015595399, 6.861109, 0.6925868, -0.7113122, -0.080152094, -0.08907468, 1601.5033, 1601.5033, 955.53455, 717.75903, , 
65956.047251541, 008734, -0.61986935, 0.013280813, 6.8446875, 0.692916, -0.71071976, -0.08530689, -0.08641551, 1601.0514, 1601.0514, 955.53937, 717.7554, , 
65956.063920458, 008735, -0.6123929, 0.012709044, 6.8361063, 0.6932434, -0.7105746, -0.08709772, -0.083134, 1601.0514, 1601.0514, 955.5382, 717.7534, , 
65956.080589291, 008736, -0.6050379, 0.012566626, 6.8271494, 0.6937868, -0.71051633, -0.08771316, -0.07831301, 1601.0514, 1601.0514, 955.5332, 717.75134, , 
65956.113926958, 008737, -0.5904373, 0.013222672, 6.80951, 0.6954763, -0.7097627, -0.08780069, -0.06957499, 1601.0514, 1601.0514, 955.5177, 717.7446, , 
65956.130595875, 008738, -0.5831963, 0.013758004, 6.801421, 0.69641227, -0.7088857, -0.08904736, -0.06753919, 1601.0514, 1601.0514, 955.5154, 717.74097, , 
65956.14726475, 008739, -0.57629067, 0.014191136, 6.7938614, 0.69730324, -0.70784867, -0.09122828, -0.0663017, 1601.0514, 1601.0514, 955.5161, 717.7371, , 
65956.180602416, 008740, -0.5626931, 0.015672311, 6.7780094, 0.69871503, -0.7064648, -0.0949269, -0.06077518, 1601.0514, 1601.0514, 955.51526, 717.72864, , 
65956.197271333, 008741, -0.55590755, 0.016762696, 6.7695274, 0.69899744, -0.70655626, -0.09499216, -0.056190707, 1601.0514, 1601.0514, 955.51013, 717.7269, , 
65956.213940208, 008742, -0.5496041, 0.018109381, 6.760761, 0.6990384, -0.7069556, -0.09433802, -0.051568262, 1601.0514, 1601.0514, 955.50073, 717.72644, , 
65956.247277875, 008743, -0.5373361, 0.020289361, 6.744827, 0.6991077, -0.70741266, -0.09321649, -0.046113834, 1601.0514, 1601.0514, 955.4907, 717.72656, , 
65956.26394675, 008744, -0.5314168, 0.020964041, 6.7376895, 0.6993836, -0.70717025, -0.093423404, -0.04522016, 1601.0514, 1601.0514, 955.4888, 717.7254, , 
65956.280615625, 008745, -0.52570194, 0.02143129, 6.730638, 0.6998263, -0.70669454, -0.09412348, -0.04434855, 1601.0514, 1601.0514, 955.4885, 717.7237, , 
65956.31395325, 008746, -0.51430196, 0.022095598, 6.7152486, 0.7010884, -0.70549476, -0.09565945, -0.04001852, 1601.0514, 1601.0514, 955.4848, 717.71783, , 
65956.330622208, 008747, -0.5086621, 0.022360094, 6.7069516, 0.70179284, -0.7049118, -0.09615256, -0.036617342, 1601.0514, 1601.0514, 955.4812, 717.71497, , 
65956.347291083, 008748, -0.5034242, 0.022499993, 6.6989017, 0.70240617, -0.7044572, -0.09632503, -0.032969806, 1600.5995, 1600.5995, 955.4769, 717.71246, , 
65956.363959958, 008749, -0.49839026, 0.022481874, 6.691045, 0.7028751, -0.7041263, -0.09642542, -0.029578216, 1601.0514, 1601.0514, 955.47107, 717.7099, , 
65956.397297666, 008750, -0.48887956, 0.02202607, 6.676047, 0.70349896, -0.7035817, -0.097245514, -0.024604272, 1601.0514, 1601.0514, 955.4653, 717.7071, , 
65956.4139665, 008751, -0.4840048, 0.02183213, 6.668474, 0.7035615, -0.70350367, -0.09776073, -0.022946618, 1601.0514, 1601.0514, 955.4633, 717.706, , 
65956.430635375, 008752, -0.47923762, 0.021566935, 6.6609044, 0.7035582, -0.70348924, -0.09825349, -0.021329833, 1601.0514, 1601.0514, 955.46204, 717.7055, , 
65956.463973, 008753, -0.47041726, 0.02080457, 6.645706, 0.70366186, -0.70342946, -0.09871994, -0.01735929, 1601.0514, 1601.0514, 955.4582, 717.7046, , 
65956.480641916, 008754, -0.46618286, 0.020366251, 6.637936, 0.7036335, -0.7035498, -0.098431565, -0.015124065, 1600.5995, 1600.5995, 955.4542, 717.7045, , 
65956.497310833, 008755, -0.46201342, 0.019852854, 6.630161, 0.7034766, -0.703807, -0.097994864, -0.013164011, 1600.5995, 1600.5995, 955.45135, 717.70496, , 
65956.530648583, 008756, -0.45157087, 0.01858256, 6.614016, 0.7029346, -0.70450515, -0.097178176, -0.01057037, 1601.0514, 1601.0514, 955.44635, 717.70703, , 
65956.547317375, 008757, -0.44729674, 0.017765775, 6.6061964, 0.70275104, -0.70472616, -0.09700813, -0.009567905, 1601.0514, 1601.0514, 955.44507, 717.7077, , 
65956.563986208, 008758, -0.44336468, 0.01685296, 6.5983906, 0.7025875, -0.7049166, -0.09689168, -0.008678947, 1601.0514, 1601.0514, 955.4438, 717.7081, , 
65958.614256333, 008846, -0.33352655, 0.013688281, 5.4058943, 0.6864857, -0.71207225, -0.14645411, 0.015545978, 1601.0514, 1601.0514, 955.4818, 717.72723, , 
65958.630925083, 008847, -0.33330524, 0.014668375, 5.395294, 0.6858926, -0.71305287, -0.14449354, 0.0151174, 1601.0514, 1601.0514, 955.4804, 717.7306, , 
65958.664262875, 008848, -0.33346683, 0.016141705, 5.3758197, 0.68535495, -0.714119, -0.14170593, 0.01555699, 1600.5995, 1600.5995, 955.47656, 717.7346, , 
65958.680931708, 008849, -0.33355218, 0.016810238, 5.3663244, 0.6853286, -0.71430504, -0.1408329, 0.016098214, 1601.0514, 1601.0514, 955.47424, 717.7356, , 
65958.697600583, 008850, -0.3336115, 0.017416798, 5.356895, 0.68539256, -0.7143649, -0.14014052, 0.01674667, 1601.0514, 1601.0514, 955.4726, 717.73584, , 
65958.730938291, 008851, -0.3325556, 0.017088406, 5.336059, 0.6854939, -0.7144975, -0.13877541, 0.018244114, 1601.0514, 1601.0514, 955.4686, 717.73627, , 
65958.747607125, 008852, -0.33222926, 0.017116718, 5.326438, 0.685417, -0.7146693, -0.13818367, 0.018884895, 1601.0514, 1601.0514, 955.46716, 717.73676, , 
65958.78094475, 008853, -0.33153045, 0.017044753, 5.307873, 0.6850182, -0.7152022, -0.1373031, 0.01959014, 1601.0514, 1601.0514, 955.46497, 717.7387, , 
65958.797613708, 008854, -0.3310305, 0.01685433, 5.2987027, 0.68467486, -0.7156532, -0.13665201, 0.01967261, 1601.0514, 1601.0514, 955.4641, 717.74005, , 
65958.830951458, 008855, -0.3292289, 0.015832983, 5.279488, 0.68359137, -0.71698177, -0.13520774, 0.018942986, 1601.0514, 1601.0514, 955.46344, 717.7448, , 
65958.847620208, 008856, -0.32822436, 0.015273675, 5.2702107, 0.68309724, -0.7175506, -0.134755, 0.018448615, 1601.0514, 1601.0514, 955.4637, 717.74664, , 
65958.864289125, 008857, -0.3271448, 0.014657132, 5.2609673, 0.6826811, -0.7180101, -0.13446042, 0.01812002, 1601.0514, 1601.0514, 955.464, 717.7482, , 
65958.897626958, 008858, -0.32477927, 0.01329834, 5.2424493, 0.68220294, -0.71849126, -0.13438837, 0.017583152, 1601.0514, 1601.0514, 955.4647, 717.75024, , 
65958.914295875, 008859, -0.32342145, 0.011947162, 5.2329364, 0.68204, -0.7186337, -0.13451245, 0.017130846, 1601.0514, 1601.0514, 955.4654, 717.7507, , 
65958.947633458, 008860, -0.3203969, 0.009585392, 5.214256, 0.6817587, -0.7188217, -0.13509595, 0.015796805, 1601.0514, 1601.0514, 955.4681, 717.75134, , 
65958.964302333, 008861, -0.3187893, 0.008653298, 5.205002, 0.68170565, -0.718755, -0.13577877, 0.015259061, 1601.0514, 1601.0514, 955.4696, 717.7511, , 
65958.997640041, 008862, -0.31523728, 0.0068810284, 5.186242, 0.68146175, -0.7186373, -0.13766363, 0.014803385, 1601.0514, 1601.0514, 955.4731, 717.7503, , 
65959.014308833, 008863, -0.31265575, 0.005703047, 5.177268, 0.6810792, -0.7187655, -0.13889642, 0.014662611, 1601.0514, 1601.0514, 955.47473, 717.7505, , 
65959.047646708, 008864, -0.3075528, 0.0034278035, 5.159122, 0.6798983, -0.71925545, -0.14223501, 0.013384855, 1601.0514, 1601.0514, 955.4813, 717.752, , 
65959.064315541, 008865, -0.3051654, 0.0023978204, 5.150014, 0.6791563, -0.7195804, -0.14425132, 0.011925964, 1601.0514, 1601.0514, 955.48584, 717.753, , 
65959.080984291, 008866, -0.30282617, 0.0015177429, 5.140909, 0.67848724, -0.71981317, -0.14636329, 0.0100908615, 1601.0514, 1601.0514, 955.4912, 717.7539, , 
65959.114322083, 008867, -0.29812932, 0.00017204504, 5.1212325, 0.6778575, -0.7196827, -0.14997776, 0.008524316, 1601.0514, 1601.0514, 955.50037, 717.7537, , 
65959.130991, 008868, -0.2959154, -0.00010028109, 5.1107483, 0.67813826, -0.71918875, -0.15104127, 0.009089729, 1601.0514, 1601.0514, 955.50134, 717.75214, , 
65959.164328625, 008869, -0.2923834, 0.00068511063, 5.090767, 0.679871, -0.7173494, -0.15194164, 0.009942225, 1601.0514, 1601.0514, 955.50037, 717.74493, , 
65959.180997541, 008870, -0.29069048, 0.0013638325, 5.0811906, 0.6809951, -0.7162119, -0.15229522, 0.009603911, 1601.0514, 1601.0514, 955.5006, 717.74097, , 
65959.197666458, 008871, -0.28895575, 0.0021775067, 5.0716825, 0.6820532, -0.7150734, -0.1529312, 0.009244133, 1601.0514, 1601.0514, 955.50146, 717.73694, , 
65959.231004041, 008872, -0.2846415, 0.004203841, 5.0504055, 0.6835696, -0.7131796, -0.15491363, 0.010449185, 1601.0514, 1601.0514, 955.5024, 717.7287, , 
65959.247672916, 008873, -0.28260607, 0.0054408163, 5.0401278, 0.68405074, -0.71250874, -0.15575595, 0.012084147, 1601.0514, 1601.0514, 955.50134, 717.72614, , 
65959.281010666, 008874, -0.27853096, 0.007995814, 5.020156, 0.6845209, -0.7117217, -0.1569859, 0.01545225, 1601.0514, 1601.0514, 955.4976, 717.72253, , 
65959.297679541, 008875, -0.27640933, 0.009116113, 5.0106087, 0.6845221, -0.71160907, -0.15740763, 0.016278112, 1601.0514, 1601.0514, 955.49677, 717.72205, , 
65959.331017291, 008876, -0.27144724, 0.011404149, 4.991383, 0.68456024, -0.71134955, -0.15829986, 0.017328542, 1601.0514, 1601.0514, 955.49634, 717.72125, , 
65959.347686208, 008877, -0.26933342, 0.012117572, 4.982237, 0.6848088, -0.71093076, -0.15901758, 0.018102366, 1601.0514, 1601.0514, 955.4961, 717.72, , 
65959.364355083, 008878, -0.2673143, 0.012581639, 4.9733276, 0.68513757, -0.7103613, -0.16004641, 0.018936874, 1601.0514, 1601.0514, 955.496, 717.71826, , 
65959.397692666, 008879, -0.26326472, 0.013006151, 4.9560585, 0.6859073, -0.70878005, -0.16356894, 0.020180246, 1601.0514, 1601.0514, 955.4984, 717.71234, , 
65959.414361541, 008880, -0.26099712, 0.013542239, 4.947047, 0.6863001, -0.7078255, -0.16591133, 0.0211819, 1601.0514, 1601.0514, 955.50006, 717.7091, , 
65959.44769925, 008881, -0.2567648, 0.01444716, 4.92885, 0.6870782, -0.7060446, -0.16974771, 0.024704339, 1601.0514, 1601.0514, 955.50085, 717.70184, , 
65959.464368125, 008882, -0.25480175, 0.014810994, 4.9197516, 0.6874068, -0.7053986, -0.17078328, 0.026792618, 1601.0514, 1601.0514, 955.49945, 717.6995, , 
65959.497706, 008883, -0.25091028, 0.0155111775, 4.9017634, 0.6876596, -0.704874, -0.17140888, 0.02993146, 1601.0514, 1601.0514, 955.4954, 717.6971, , 
65959.514374833, 008884, -0.24882083, 0.016390488, 4.891751, 0.6875741, -0.704966, -0.17122047, 0.030794553, 1601.0514, 1601.0514, 955.494, 717.69727, , 
65959.531043583, 008885, -0.24674177, 0.017139826, 4.8819447, 0.687323, -0.7052903, -0.17079103, 0.031355314, 1601.0514, 1601.0514, 955.49274, 717.69806, , 
65959.564381333, 008886, -0.24277075, 0.017595619, 4.8639526, 0.6863897, -0.7063902, -0.16988449, 0.031958126, 1601.0514, 1601.0514, 955.49054, 717.702, , 
65959.58105025, 008887, -0.24086557, 0.017607108, 4.8550696, 0.68575877, -0.70699424, -0.16986202, 0.03226458, 1601.0514, 1601.0514, 955.4902, 717.70404, , 
65959.614387875, 008888, -0.23722588, 0.017724209, 4.83612, 0.6845288, -0.7079641, -0.17052577, 0.03358463, 1601.0514, 1601.0514, 955.4897, 717.7081, , 
65959.631056833, 008889, -0.2355297, 0.017801479, 4.8262773, 0.6841087, -0.7082056, -0.17105827, 0.034337662, 1601.0514, 1601.0514, 955.4894, 717.7093, , 
65959.664394625, 008890, -0.2328064, 0.01739867, 4.807932, 0.6837918, -0.7079728, -0.17310046, 0.03520575, 1601.0514, 1601.0514, 955.4906, 717.7089, , 
65959.681063333, 008891, -0.23164132, 0.017034762, 4.7989106, 0.68373215, -0.70773065, -0.17429362, 0.035347216, 1601.0514, 1601.0514, 955.4919, 717.7081, , 
65959.714401083, 008892, -0.22924267, 0.016341135, 4.779813, 0.6836203, -0.7072447, -0.17662904, 0.0356424, 1601.0514, 1601.0514, 955.49506, 717.70605, , 
65959.73107, 008893, -0.22797081, 0.015954003, 4.7697353, 0.683366, -0.70715094, -0.17791101, 0.036002487, 1601.0514, 1601.0514, 955.49634, 717.70544, , 
65959.74773875, 008894, -0.2268819, 0.015245773, 4.7599645, 0.68282926, -0.7072667, -0.17937894, 0.036622927, 1601.0514, 1601.0514, 955.4979, 717.7058, , 
65959.781076583, 008895, -0.22490789, 0.013408966, 4.7403307, 0.6810715, -0.7079766, -0.18288894, 0.038240757, 1601.0514, 1601.0514, 955.50085, 717.70825, , 
65959.797745416, 008896, -0.22407247, 0.012390271, 4.730526, 0.6801399, -0.70838773, -0.18464173, 0.03878027, 1601.5033, 1601.5033, 955.5026, 717.7098, , 
65959.831083041, 008897, -0.22306012, 0.010565914, 4.7102118, 0.678743, -0.7089265, -0.1877483, 0.038492557, 1601.0514, 1601.0514, 955.5083, 717.7122, , 
65959.847751916, 008898, -0.22278097, 0.009794399, 4.7003736, 0.6783898, -0.70896035, -0.18893217, 0.038302645, 1601.0514, 1601.0514, 955.5105, 717.7124, , 
65959.881089791, 008899, -0.22262263, 0.008560419, 4.680996, 0.6783005, -0.7084817, -0.19112961, 0.037836872, 1601.0514, 1601.0514, 955.51447, 717.7109, , 
65959.897758541, 008900, -0.2226375, 0.008081693, 4.6715126, 0.6782996, -0.70805883, -0.19282992, 0.037132856, 1601.0514, 1601.0514, 955.5173, 717.70935, , 
65959.931096291, 008901, -0.22253728, 0.007159911, 4.653107, 0.67754495, -0.7077231, -0.1972525, 0.033945534, 1601.5033, 1601.5033, 955.52875, 717.7067, , 
65959.947765125, 008902, -0.22238128, 0.0070220903, 4.6437845, 0.6768385, -0.70788175, -0.1993916, 0.03218616, 1601.5033, 1601.5033, 955.53467, 717.7068, , 
65959.981102875, 008903, -0.22215517, 0.0078195855, 4.6238246, 0.6751168, -0.70856684, -0.20283894, 0.031729452, 1601.0514, 1601.0514, 955.54364, 717.70917, , 
65959.99777175, 008904, -0.22223973, 0.00877545, 4.6130824, 0.67448527, -0.708723, -0.20407493, 0.033684764, 1601.0514, 1601.0514, 955.5435, 717.7101, , 
65960.014440625, 008905, -0.22234929, 0.010164134, 4.6020923, 0.6741267, -0.7086077, -0.20516044, 0.036572706, 1601.0514, 1601.0514, 955.5405, 717.7103, , 
65960.04777825, 008906, -0.22297935, 0.012951996, 4.5802283, 0.6739487, -0.70778453, -0.20746338, 0.042345673, 1601.0514, 1601.0514, 955.53516, 717.7087, , 
65960.064447166, 008907, -0.22345276, 0.014179729, 4.5695434, 0.6739715, -0.70727384, -0.20863134, 0.044711333, 1601.5033, 1601.5033, 955.5326, 717.70685, , 
65960.097784958, 008908, -0.22452076, 0.016295813, 4.548721, 0.6738289, -0.7066274, -0.21045461, 0.048385706, 1601.5033, 1601.5033, 955.52966, 717.70496, , 
65960.114453833, 008909, -0.22472535, 0.017304674, 4.538115, 0.673463, -0.7066909, -0.2111529, 0.04949693, 1601.0514, 1601.0514, 955.5289, 717.705, , 
65960.147791416, 008910, -0.22526069, 0.01884067, 4.517936, 0.6723391, -0.7074001, -0.21211389, 0.05052671, 1601.5033, 1601.5033, 955.5289, 717.7076, , 
65960.164460375, 008911, -0.22564675, 0.01943215, 4.508361, 0.67181975, -0.70780283, -0.21238881, 0.05063898, 1601.5033, 1601.5033, 955.52936, 717.7089, , 
65960.197798041, 008912, -0.22629356, 0.02035705, 4.489763, 0.67081094, -0.70876044, -0.21245588, 0.050337803, 1601.5033, 1601.5033, 955.5305, 717.71234, , 
65960.214466916, 008913, -0.22653292, 0.020800695, 4.479884, 0.6701256, -0.7093563, -0.2126206, 0.05037707, 1601.5033, 1601.5033, 955.53107, 717.71423, , 
65960.247804708, 008914, -0.22661546, 0.021449715, 4.4600606, 0.66834134, -0.7106282, -0.21343301, 0.052667227, 1601.5033, 1601.5033, 955.5304, 717.71954, , 
65960.2644735, 008915, -0.22645226, 0.021680906, 4.4500794, 0.66725016, -0.7113245, -0.21394502, 0.054974444, 1601.0514, 1601.0514, 955.5286, 717.7223, , 
65960.281142333, 008916, -0.22625475, 0.021904461, 4.4399467, 0.6661452, -0.7119129, -0.21467166, 0.057852298, 1601.0514, 1601.0514, 955.5263, 717.7251, , 
65960.314480125, 008917, -0.22582825, 0.022128165, 4.4198017, 0.6642887, -0.71262205, -0.21618487, 0.06445584, 1601.0514, 1601.0514, 955.5196, 717.73035, , 
65960.331149041, 008918, -0.22570644, 0.022095054, 4.4098034, 0.6635417, -0.71289825, -0.21648972, 0.06797633, 1601.0514, 1601.0514, 955.51587, 717.7323, , 
65960.364486666, 008919, -0.22592933, 0.021930862, 4.3893375, 0.6618866, -0.7137904, -0.21629395, 0.075010225, 1601.0514, 1601.0514, 955.5056, 717.738, , 
65960.3811555, 008920, -0.22610694, 0.021726385, 4.3791785, 0.6608186, -0.71442235, -0.21632418, 0.078251205, 1601.0514, 1601.0514, 955.50165, 717.7411, , 
65960.414493375, 008921, -0.22671624, 0.02155894, 4.359096, 0.6582576, -0.71600974, -0.21714689, 0.08291147, 1601.0514, 1601.0514, 955.49677, 717.74915, , 
65960.431162, 008922, -0.22713728, 0.021570608, 4.3491845, 0.65687907, -0.7168838, -0.21783857, 0.08446201, 1601.0514, 1601.0514, 955.49646, 717.75275, , 
65960.464499875, 008923, -0.22797155, 0.021094702, 4.3299823, 0.65435207, -0.71806365, -0.22025757, 0.0877191, 1601.0514, 1601.0514, 955.4969, 717.75946, , 
65960.481168833, 008924, -0.22843961, 0.020851001, 4.3203926, 0.6532087, -0.71827674, -0.22219749, 0.08958359, 1601.0514, 1601.0514, 955.4975, 717.7611, , 
65960.514506458, 008925, -0.22961262, 0.020892285, 4.301027, 0.6510195, -0.71790767, -0.2280598, 0.093653984, 1601.0514, 1601.0514, 955.50073, 717.76227, , 
65960.53117525, 008926, -0.23030394, 0.021084517, 4.2912383, 0.6499217, -0.71732515, -0.23203012, 0.09596098, 1601.0514, 1601.0514, 955.50305, 717.7615, , 
65960.547844208, 008927, -0.2308255, 0.020937912, 4.281471, 0.64881927, -0.71655554, -0.23641855, 0.09842751, 1601.5033, 1601.5033, 955.50574, 717.76013, , 
65960.581181916, 008928, -0.2316088, 0.020264827, 4.2618876, 0.64633197, -0.7149884, -0.24558051, 0.10361846, 1601.0514, 1601.0514, 955.51227, 717.75653, , 
65960.59785075, 008929, -0.23182651, 0.019825593, 4.252098, 0.64483815, -0.7143602, -0.2502659, 0.106020644, 1601.0514, 1601.0514, 955.5155, 717.7555, , 
65962.648120708, 009024, -0.8321756, 0.084239885, 3.4478805, 0.22777915, -0.41719255, -0.67812556, 0.56054693, 1601.0514, 1601.0514, 955.60675, 717.6724, , 
65962.664789416, 009025, -0.8373522, 0.084983684, 3.4460063, 0.22252138, -0.4124018, -0.67999554, 0.5639282, 1601.0514, 1601.0514, 955.6057, 717.6722, , 
65962.681458375, 009026, -0.84235615, 0.08565065, 3.4441605, 0.21691747, -0.4077854, -0.6819366, 0.5671158, 1601.0514, 1601.0514, 955.6057, 717.672, , 
65962.714796083, 009027, -0.85335207, 0.08597957, 3.4398975, 0.20475906, -0.39897385, -0.6855978, 0.5734537, 1601.0514, 1601.0514, 955.60803, 717.6726, , 
65962.731464875, 009028, -0.8588906, 0.08577168, 3.437694, 0.19825459, -0.3950813, -0.6871289, 0.5765933, 1601.0514, 1601.0514, 955.61017, 717.6739, , 
65962.74813375, 009029, -0.8638656, 0.08562788, 3.4358141, 0.19158523, -0.3915628, -0.68846923, 0.579641, 1601.0514, 1601.0514, 955.61316, 717.67584, , 
65962.781471583, 009030, -0.87359995, 0.085246086, 3.4327564, 0.1787639, -0.3846261, -0.6905303, 0.585896, 1601.5033, 1601.5033, 955.6198, 717.6817, , 
65962.798140458, 009031, -0.8785394, 0.08500141, 3.4315238, 0.1727964, -0.38097236, -0.6914039, 0.589035, 1601.5033, 1601.5033, 955.62164, 717.6842, , 
65962.831478125, 009032, -0.8869513, 0.083528146, 3.429584, 0.1610337, -0.3739554, -0.69336945, 0.5945286, 1601.5033, 1601.5033, 955.6264, 717.6886, , 
65962.848146958, 009033, -0.8916272, 0.08304907, 3.4289567, 0.15540086, -0.37076032, -0.69416535, 0.5970945, 1601.5033, 1601.5033, 955.6291, 717.6903, , 
65962.864815875, 009034, -0.8964313, 0.082525104, 3.4285986, 0.1503118, -0.36755553, -0.694604, 0.5998622, 1601.5033, 1601.5033, 955.6313, 717.6934, , 
65962.881484625, 009035, -0.9013288, 0.08194537, 3.4285498, 0.1457103, -0.36412317, -0.6948641, 0.6027825, 1601.5033, 1601.5033, 955.63153, 717.69604, , 
65962.914822458, 009036, -0.90993595, 0.08011423, 3.4303322, 0.13708355, -0.35636386, -0.69589746, 0.6082266, 1601.5033, 1601.5033, 955.6297, 717.6998, , 
65962.931491291, 009037, -0.9143086, 0.07913408, 3.4313204, 0.13264151, -0.35242674, -0.6968058, 0.61046165, 1601.5033, 1601.5033, 955.62933, 717.7, , 
65962.948160208, 009038, -0.918879, 0.07812784, 3.432174, 0.12789276, -0.3487521, -0.6978172, 0.6124268, 1601.5033, 1601.5033, 955.6301, 717.6998, , 
65962.981497875, 009039, -0.92851305, 0.075856425, 3.433911, 0.117656454, -0.34174418, -0.69925374, 0.61677545, 1601.5033, 1601.5033, 955.634, 717.7011, , 
65962.99816675, 009040, -0.933677, 0.07461044, 3.4348347, 0.11259848, -0.33829722, -0.6993191, 0.6195396, 1601.5033, 1601.5033, 955.63525, 717.7036, , 
65963.014835666, 009041, -0.9387363, 0.072907016, 3.4361966, 0.10766334, -0.33486584, -0.69920474, 0.6224035, 1601.5033, 1601.5033, 955.63586, 717.7068, , 
65963.048173291, 009042, -0.94905317, 0.07023739, 3.4385023, 0.09795093, -0.32814893, -0.69960964, 0.6271126, 1601.5033, 1601.5033, 955.6382, 717.7123, , 
65963.064842208, 009043, -0.95410824, 0.06906393, 3.4396517, 0.09310002, -0.32486466, -0.70030326, 0.62878513, 1601.0514, 1601.0514, 955.64014, 717.7126, , 
65963.098179791, 009044, -0.9639357, 0.066826686, 3.4417179, 0.083856426, -0.31941724, -0.7018598, 0.6311368, 1601.0514, 1601.0514, 955.6464, 717.71173, , 
65963.114848666, 009045, -0.9689762, 0.06555557, 3.4420824, 0.07960576, -0.31780824, -0.7026178, 0.6316558, 1601.5033, 1601.5033, 955.6506, 717.7111, , 
65963.131517541, 009046, -0.9738191, 0.06459138, 3.4427593, 0.07608314, -0.31645298, -0.70326847, 0.63204604, 1601.5033, 1601.5033, 955.65607, 717.71027, , 
65963.164855375, 009047, -0.9839231, 0.0633646, 3.4449158, 0.07205865, -0.3116156, -0.7044666, 0.6335851, 1601.5033, 1601.5033, 955.6558, 717.708, , 
65963.181524083, 009048, -0.98917216, 0.06297572, 3.4461222, 0.07026417, -0.30841714, -0.7052849, 0.6344407, 1601.5033, 1601.5033, 955.653, 717.70605, , 
65963.198192958, 009049, -0.9944503, 0.06258909, 3.447101, 0.067865044, -0.30586034, -0.70610046, 0.63503224, 1601.5033, 1601.5033, 955.6517, 717.70325, , 
65963.231530791, 009050, -1.0056722, 0.061437733, 3.4486394, 0.062247336, -0.30203307, -0.7069908, 0.63644737, 1601.5033, 1601.5033, 955.6544, 717.7014, , 
65963.248199541, 009051, -1.0115856, 0.061318778, 3.449623, 0.059869908, -0.29954013, -0.706964, 0.63788176, 1601.5033, 1601.5033, 955.6541, 717.7023, , 
65963.281537291, 009052, -1.0239254, 0.062001992, 3.4524722, 0.055887494, -0.29267055, -0.70675784, 0.64164937, 1601.0514, 1601.0514, 955.6481, 717.7042, , 
65963.298206208, 009053, -1.0300775, 0.06280946, 3.4542897, 0.054067414, -0.28864974, -0.7069591, 0.6434026, 1601.0514, 1601.0514, 955.6422, 717.70447, , 
65963.314875083, 009054, -1.0347859, 0.06414903, 3.4564276, 0.052150413, -0.28491214, -0.70758295, 0.64453995, 1601.5033, 1601.5033, 955.6385, 717.7032, , 
65963.34821275, 009055, -1.0453368, 0.06696974, 3.4604516, 0.04829399, -0.27900863, -0.70964444, 0.6451563, 1601.5033, 1601.5033, 955.63464, 717.6966, , 
65963.364881625, 009056, -1.050638, 0.06851412, 3.4624834, 0.046726774, -0.27669597, -0.7107152, 0.64508903, 1601.5033, 1601.5033, 955.634, 717.69324, , 
65963.381550541, 009057, -1.0559326, 0.07012774, 3.4645808, 0.045513436, -0.27458647, -0.71165764, 0.6450382, 1601.5033, 1601.5033, 955.63306, 717.6902, , 
65963.398219291, 009058, -1.0612717, 0.071781546, 3.4667654, 0.044604618, -0.27246508, -0.71235794, 0.6452282, 1601.5033, 1601.5033, 955.631, 717.6869, , 
65963.414888208, 009059, -1.0658239, 0.073308386, 3.4690948, 0.043715276, -0.27039826, -0.71284366, 0.6456219, 1601.5033, 1601.5033, 955.6287, 717.68536, , 
65963.448225958, 009060, -1.0764537, 0.07614851, 3.4733732, 0.040251743, -0.26626745, -0.71416193, 0.6461069, 1601.5033, 1601.5033, 955.62665, 717.6818, , 
65963.464894875, 009061, -1.0819484, 0.077254206, 3.475318, 0.037160147, -0.2647817, -0.7149621, 0.6460177, 1601.5033, 1601.5033, 955.6297, 717.67896, , 
65963.481563541, 009062, -1.0875098, 0.07810218, 3.4771826, 0.03373018, -0.26391834, -0.71555877, 0.6458987, 1601.5033, 1601.5033, 955.63385, 717.6774, , 
65963.498232541, 009063, -1.093205, 0.078737, 3.4791114, 0.030489525, -0.26338106, -0.7159171, 0.64588183, 1601.5033, 1601.5033, 955.63873, 717.67664, , 
65963.531570291, 009064, -1.1049694, 0.07995105, 3.4849865, 0.026010204, -0.2606339, -0.7162848, 0.64678395, 1601.0514, 1601.0514, 955.64374, 717.676, , 
65963.548239, 009065, -1.1113452, 0.08047192, 3.4881876, 0.024530007, -0.25777793, -0.71669644, 0.6475299, 1601.0514, 1601.0514, 955.6419, 717.6749, , 
65963.581576791, 009066, -1.1244065, 0.080981225, 3.4948013, 0.022327675, -0.2523955, -0.71738505, 0.6489658, 1601.5033, 1601.5033, 955.6349, 717.672, , 
65963.59824575, 009067, -1.1310794, 0.08082523, 3.4979343, 0.021243883, -0.25060675, -0.717432, 0.64964324, 1601.5033, 1601.5033, 955.6332, 717.67175, , 
65963.614914625, 009068, -1.137028, 0.08050583, 3.5013833, 0.01986859, -0.24906541, -0.7174233, 0.6502887, 1601.5033, 1601.5033, 955.632, 717.672, , 
65963.648252291, 009069, -1.1502755, 0.07961689, 3.5074, 0.01645773, -0.24661374, -0.7176256, 0.6510947, 1601.5033, 1601.5033, 955.6328, 717.6717, , 
65963.664921166, 009070, -1.1570009, 0.0790926, 3.5101423, 0.015001337, -0.24623932, -0.7177334, 0.65115285, 1601.5033, 1601.5033, 955.635, 717.6713, , 
65963.698258791, 009071, -1.1703366, 0.07811043, 3.5155523, 0.012969998, -0.2461138, -0.7181413, 0.65079397, 1601.5033, 1601.5033, 955.6385, 717.6703, , 
65963.714927666, 009072, -1.1764222, 0.077584505, 3.5187624, 0.011865973, -0.24601345, -0.71850675, 0.6504496, 1601.5033, 1601.5033, 955.6409, 717.6687, , 
65963.731596541, 009073, -1.1828512, 0.07709787, 3.5216355, 0.010269971, -0.24582669, -0.7189976, 0.65000486, 1601.0514, 1601.0514, 955.6434, 717.6672, , 
65963.764934291, 009074, -1.1958424, 0.076094724, 3.5269306, 0.0051484196, -0.24616104, -0.7200295, 0.64879566, 1601.5033, 1601.5033, 955.65283, 717.6639, , 
65963.781603083, 009075, -1.2023252, 0.0756345, 3.5294826, 0.0024192743, -0.24663888, -0.7203516, 0.6482723, 1601.5033, 1601.5033, 955.6607, 717.6625, , 
65963.814940875, 009076, -1.2150655, 0.075273104, 3.5353866, -0.0016672612, -0.24663846, -0.7209128, 0.6476506, 1601.5033, 1601.5033, 955.6693, 717.6608, , 
65963.831609791, 009077, -1.2212125, 0.07542068, 3.5386806, -0.0032617094, -0.24558368, -0.72156924, 0.64731437, 1601.5033, 1601.5033, 955.6715, 717.65814, , 
65963.848278458, 009078, -1.2271914, 0.07570531, 3.5420146, -0.004841461, -0.2443055, -0.7225083, 0.64674044, 1601.5033, 1601.5033, 955.67255, 717.65497, , 
65963.881616333, 009079, -1.2386907, 0.076342866, 3.5485885, -0.008515614, -0.24265696, -0.7247496, 0.6448124, 1601.5033, 1601.5033, 955.6784, 717.64606, , 
65963.898285166, 009080, -1.2443388, 0.076703295, 3.5520618, -0.010607274, -0.24175581, -0.7259517, 0.6437668, 1601.5033, 1601.5033, 955.68164, 717.6419, , 
65963.931622791, 009081, -1.2562294, 0.077362224, 3.5612733, -0.014369847, -0.23759732, -0.7282448, 0.6426513, 1601.5033, 1601.5033, 955.68396, 717.6334, , 
65963.948291666, 009082, -1.2620685, 0.07809103, 3.5660033, -0.015426206, -0.23453282, -0.7291797, 0.6426923, 1601.5033, 1601.5033, 955.6806, 717.6286, , 
65963.964960625, 009083, -1.26783, 0.078887865, 3.570904, -0.01598651, -0.23148708, -0.7299122, 0.6429513, 1601.5033, 1601.5033, 955.6765, 717.62573, , 
65963.99829825, 009084, -1.2789203, 0.08040376, 3.5810685, -0.017169999, -0.22600205, -0.7312578, 0.6433431, 1601.5033, 1601.5033, 955.668, 717.61993, , 
65964.014967083, 009085, -1.2858455, 0.08039047, 3.5866554, -0.017985865, -0.22313859, -0.7317725, 0.64373493, 1601.5033, 1601.5033, 955.66455, 717.61774, , 
65964.048304875, 009086, -1.2971822, 0.08123982, 3.5978749, -0.019678464, -0.2170254, -0.7322615, 0.6452177, 1601.0514, 1601.0514, 955.655, 717.615, , 
65964.064973833, 009087, -1.302376, 0.081698574, 3.6035762, -0.020638894, -0.21403378, -0.73237115, 0.6460619, 1601.0514, 1601.0514, 955.65106, 717.61444, , 
65964.081642583, 009088, -1.3072848, 0.08208761, 3.6092176, -0.021609927, -0.21154535, -0.7324377, 0.6467741, 1601.0514, 1601.0514, 955.6477, 717.614, , 
65964.114980333, 009089, -1.3171166, 0.082109205, 3.6197891, -0.023067145, -0.2088664, -0.7325303, 0.64748895, 1601.5033, 1601.5033, 955.6441, 717.6133, , 
65964.13164925, 009090, -1.3216332, 0.082226455, 3.6250792, -0.023513276, -0.20807172, -0.7326497, 0.64759386, 1601.5033, 1601.5033, 955.6435, 717.61285, , 
65964.148318, 009091, -1.3258436, 0.08246439, 3.6304655, -0.023864064, -0.20739928, -0.7328268, 0.6475962, 1601.5033, 1601.5033, 955.6428, 717.61194, , 
65964.181655791, 009092, -1.3337568, 0.082807615, 3.6414378, -0.024264568, -0.20668276, -0.73306125, 0.6475451, 1601.5033, 1601.5033, 955.64233, 717.6108, , 
65964.198324708, 009093, -1.3375242, 0.08279635, 3.6469564, -0.024180729, -0.20696707, -0.73296154, 0.6475703, 1601.5033, 1601.5033, 955.64233, 717.61084, , 
65964.214993583, 009094, -1.3419673, 0.08211236, 3.6522157, -0.024183573, -0.20765671, -0.73274684, 0.64759237, 1601.5033, 1601.5033, 955.645, 717.6145, , 
65964.248331166, 009095, -1.3497031, 0.0813621, 3.6638248, -0.024936074, -0.20825791, -0.7326944, 0.6474302, 1601.0514, 1601.0514, 955.6476, 717.6146, , 
65964.265000125, 009096, -1.3534279, 0.080997184, 3.6701293, -0.025288286, -0.20817034, -0.73266697, 0.6474757, 1601.0514, 1601.0514, 955.6484, 717.61456, , 
65964.281668958, 009097, -1.3570697, 0.0806179, 3.6767795, -0.025257152, -0.20788221, -0.73267144, 0.6475644, 1601.0514, 1601.0514, 955.64923, 717.61536, , 
65964.315006625, 009098, -1.3642436, 0.079229355, 3.6908624, -0.023590432, -0.20770732, -0.7327875, 0.6475521, 1601.0514, 1601.0514, 955.6471, 717.61523, , 
65964.3316755, 009099, -1.3675478, 0.07853702, 3.6980712, -0.02222316, -0.20824857, -0.73296404, 0.64722675, 1601.5033, 1601.5033, 955.64594, 717.6146, , 
65964.348344375, 009100, -1.3706775, 0.07792124, 3.705343, -0.020498142, -0.20932615, -0.73310107, 0.64678067, 1601.5033, 1601.5033, 955.64514, 717.614, , 
65964.381682041, 009101, -1.3766817, 0.0766632, 3.7200658, -0.015858695, -0.21288368, -0.73312604, 0.64572066, 1601.5033, 1601.5033, 955.64386, 717.6139, , 
65964.398350958, 009102, -1.379467, 0.07598998, 3.7275248, -0.013151857, -0.21522345, -0.73334295, 0.64475894, 1601.5033, 1601.5033, 955.64374, 717.6134, , 
65964.431688708, 009103, -1.3833572, 0.07451853, 3.74243, -0.0073899077, -0.22031808, -0.7345225, 0.64178044, 1601.5033, 1601.5033, 955.64514, 717.6091, , 
65964.448357416, 009104, -1.3857535, 0.07387478, 3.75017, -0.004271166, -0.22271052, -0.7352745, 0.64011973, 1601.5033, 1601.5033, 955.6454, 717.6063, , 
65964.465026333, 009105, -1.3881745, 0.07323289, 3.757931, -0.0011588904, -0.22524625, -0.7359993, 0.6384105, 1601.5033, 1601.5033, 955.64594, 717.6026, , 
65964.498364166, 009106, -1.3929552, 0.07187375, 3.772939, 0.0050028963, -0.23274215, -0.73657584, 0.63502926, 1601.0514, 1601.0514, 955.65027, 717.59985, , 
65964.515032833, 009107, -1.3953316, 0.07021293, 3.7801812, 0.007993702, -0.23759253, -0.7365678, 0.6332093, 1601.0514, 1601.0514, 955.6543, 717.5994, , 
65964.548370625, 009108, -1.3998646, 0.069072075, 3.7945156, 0.014174063, -0.24838126, -0.73635316, 0.62919784, 1601.5033, 1601.5033, 955.6665, 717.59937, , 
65964.565039583, 009109, -1.4021143, 0.069038086, 3.8018217, 0.017998097, -0.25376707, -0.73602134, 0.6273363, 1601.5033, 1601.5033, 955.67096, 717.5999, , 
65964.598377083, 009110, -1.4066491, 0.06975566, 3.8168006, 0.0275826, -0.2639838, -0.7350258, 0.62393016, 1601.5033, 1601.5033, 955.6756, 717.6022, , 
65964.631715041, 009111, -1.4129024, 0.071184695, 3.8323455, 0.03715394, -0.27426934, -0.7337873, 0.62044513, 1601.5033, 1601.5033, 955.67883, 717.60406, , 
65966.648646875, 009197, -1.4735284, 0.0900348, 3.8447936, 0.624676, -0.7009094, -0.33198473, 0.09106117, 1601.5033, 1601.5033, 955.69934, 717.6988, , 
65966.66531575, 009198, -1.4693282, 0.08971541, 3.8418097, 0.6275405, -0.70114756, -0.32745728, 0.0857719, 1601.5033, 1601.5033, 955.699, 717.69763, , 
65966.698653375, 009199, -1.4605315, 0.089294404, 3.8357606, 0.6324304, -0.7017176, -0.31950864, 0.074421205, 1601.5033, 1601.5033, 955.703, 717.695, , 
65966.71532225, 009200, -1.4557573, 0.089168385, 3.8329396, 0.6345472, -0.70200455, -0.315934, 0.06874059, 1601.5033, 1601.5033, 955.7058, 717.6943, , 
65966.731991208, 009201, -1.4509976, 0.089108184, 3.8299956, 0.63659436, -0.7021394, -0.31261855, 0.063384145, 1601.5033, 1601.5033, 955.70953, 717.69305, , 
65966.765328833, 009202, -1.4419682, 0.08915565, 3.823579, 0.64071417, -0.70178914, -0.306806, 0.053360734, 1601.5033, 1601.5033, 955.71533, 717.68976, , 
65966.78199775, 009203, -1.4376004, 0.08923668, 3.820282, 0.642715, -0.7015054, -0.30404055, 0.04865191, 1601.5033, 1601.5033, 955.71906, 717.68713, , 
65966.798666583, 009204, -1.4332832, 0.08933216, 3.816923, 0.64456147, -0.70119834, -0.3015225, 0.044108883, 1601.5033, 1601.5033, 955.722, 717.6853, , 
65966.832004291, 009205, -1.4237682, 0.089609265, 3.8104389, 0.648134, -0.7000659, -0.2976098, 0.035474043, 1601.5033, 1601.5033, 955.7288, 717.6806, , 
65966.848673166, 009206, -1.4195789, 0.08985245, 3.8068235, 0.65003824, -0.69921416, -0.2958664, 0.031827822, 1601.5033, 1601.5033, 955.7328, 717.6764, , 
65966.865342041, 009207, -1.4155617, 0.090242215, 3.8029733, 0.65201044, -0.69834197, -0.2939075, 0.02862153, 1601.5033, 1601.5033, 955.73456, 717.6731, , 
65966.898679875, 009208, -1.4077221, 0.09147752, 3.79488, 0.6559213, -0.6966839, -0.28962073, 0.022774888, 1601.5033, 1601.5033, 955.73615, 717.6659, , 
65966.9153485, 009209, -1.4027485, 0.09227561, 3.7912703, 0.6578501, -0.69579077, -0.2875984, 0.019889973, 1601.5033, 1601.5033, 955.7369, 717.6628, , 
65966.932017458, 009210, -1.3981006, 0.09303999, 3.7875698, 0.6598511, -0.69474506, -0.28570303, 0.017313683, 1601.5033, 1601.5033, 955.7373, 717.6592, , 
65966.96535525, 009211, -1.3906385, 0.094259955, 3.77931, 0.6637288, -0.6926111, -0.28208703, 0.013450819, 1601.5033, 1601.5033, 955.7364, 717.6506, , 
65966.982024, 009212, -1.3871969, 0.09470472, 3.7750318, 0.6653881, -0.6916195, -0.28066742, 0.0121171735, 1601.5033, 1601.5033, 955.7357, 717.64716, , 
65966.998692875, 009213, -1.3838631, 0.09500013, 3.7707286, 0.6667357, -0.6907984, -0.2795284, 0.011176066, 1601.5033, 1601.5033, 955.7347, 717.6431, , 
65967.01536175, 009214, -1.3801996, 0.0951127, 3.7664397, 0.66767794, -0.69023174, -0.27870604, 0.010452069, 1601.5033, 1601.5033, 955.73395, 717.641, , 
65967.048699583, 009215, -1.3732213, 0.0948811, 3.7580454, 0.6684295, -0.6901623, -0.27711722, 0.009169182, 1601.5033, 1601.5033, 955.7329, 717.64026, , 
65967.065368208, 009216, -1.3698817, 0.09468576, 3.7539175, 0.66853374, -0.69044375, -0.27618065, 0.008620717, 1601.5033, 1601.5033, 955.73224, 717.6411, , 
65967.082037166, 009217, -1.3665682, 0.09451641, 3.7497973, 0.6686652, -0.69073516, -0.27514413, 0.008219833, 1601.5033, 1601.5033, 955.73126, 717.64197, , 
65967.115374958, 009218, -1.3605679, 0.094370894, 3.7418418, 0.6692784, -0.6909147, -0.27318755, 0.008476414, 1601.5033, 1601.5033, 955.7265, 717.64294, , 
65967.13204375, 009219, -1.3578508, 0.09431588, 3.7381594, 0.6697448, -0.6909378, -0.27198267, 0.008503028, 1601.5033, 1601.5033, 955.72394, 717.64307, , 
65967.148712541, 009220, -1.354899, 0.09419176, 3.7344234, 0.6702613, -0.69103736, -0.27046493, 0.008124914, 1601.5033, 1601.5033, 955.7216, 717.6434, , 
65967.165381541, 009221, -1.3518674, 0.09402394, 3.730752, 0.67098933, -0.69097704, -0.2688246, 0.0075714085, 1601.5033, 1601.5033, 955.71875, 717.6433, , 
65967.19871925, 009222, -1.3457496, 0.09357676, 3.7238717, 0.6732691, -0.6899418, -0.26580784, 0.005930007, 1601.5033, 1601.5033, 955.71533, 717.64026, , 
65967.215388, 009223, -1.3431203, 0.0934268, 3.7211695, 0.6746777, -0.6890909, -0.26446763, 0.0045364676, 1601.5033, 1601.5033, 955.71466, 717.63666, , 
65967.232056791, 009224, -1.3402402, 0.09320233, 3.7185636, 0.67587894, -0.6885593, -0.2628053, 0.002659452, 1601.5033, 1601.5033, 955.7148, 717.6348, , 
65967.265394666, 009225, -1.333019, 0.09246124, 3.7127407, 0.6773816, -0.6885872, -0.2588447, -0.0011865818, 1601.5033, 1601.5033, 955.71454, 717.63464, , 
65967.282063416, 009226, -1.3290417, 0.09205985, 3.7096763, 0.6778385, -0.6887751, -0.25712752, -0.0030069374, 1601.5033, 1601.5033, 955.71466, 717.6354, , 
65967.298732291, 009227, -1.32494, 0.09165637, 3.7065952, 0.6781835, -0.6890858, -0.25534838, -0.005011741, 1601.5033, 1601.5033, 955.71515, 717.63635, , 
65967.332070083, 009228, -1.3191423, 0.090406224, 3.6992457, 0.67906064, -0.690057, -0.25018606, -0.010243162, 1601.5033, 1601.5033, 955.71594, 717.6406, , 
65967.348738833, 009229, -1.3152645, 0.089975856, 3.6959836, 0.67983264, -0.6905012, -0.24670108, -0.013197513, 1601.5033, 1601.5033, 955.7152, 717.6426, , 
65967.36540775, 009230, -1.3111163, 0.08968401, 3.6927645, 0.6808828, -0.6907221, -0.24298854, -0.016068, 1601.5033, 1601.5033, 955.71387, 717.64386, , 
65967.382076625, 009231, -1.3067955, 0.08947274, 3.6895356, 0.68200475, -0.6908627, -0.2391933, -0.01910154, 1601.5033, 1601.5033, 955.71185, 717.64484, , 
65967.415414416, 009232, -1.2989067, 0.088907614, 3.6815472, 0.68402773, -0.6914762, -0.23080672, -0.026362387, 1601.5033, 1601.5033, 955.7099, 717.64764, , 
65967.432083166, 009233, -1.2952389, 0.08859162, 3.6769414, 0.6850643, -0.69175303, -0.22637829, -0.030291066, 1601.5033, 1601.5033, 955.70874, 717.65, , 
65967.448752, 009234, -1.2907345, 0.08848064, 3.6732318, 0.68624264, -0.6918234, -0.22197455, -0.03433272, 1601.5033, 1601.5033, 955.7081, 717.6511, , 
65967.482089833, 009235, -1.2812011, 0.0887184, 3.6666238, 0.6891122, -0.6913195, -0.21294934, -0.043060616, 1601.5033, 1601.5033, 955.70746, 717.65173, , 
65967.498758583, 009236, -1.2764211, 0.08902657, 3.663567, 0.6908224, -0.69076073, -0.20807984, -0.04813249, 1601.5033, 1601.5033, 955.7078, 717.65125, , 
65967.5154275, 009237, -1.2726035, 0.08954789, 3.6601992, 0.6927007, -0.6899532, -0.20310363, -0.053658288, 1601.5033, 1601.5033, 955.70874, 717.6504, , 
65967.532096291, 009238, -1.2686319, 0.09024949, 3.6570277, 0.6946291, -0.6889892, -0.19803877, -0.059707753, 1601.5033, 1601.5033, 955.7114, 717.6488, , 
65967.565434208, 009239, -1.2594595, 0.091988936, 3.6519268, 0.69842523, -0.68699723, -0.18647423, -0.07392084, 1601.5033, 1601.5033, 955.71674, 717.6475, , 
65967.582102791, 009240, -1.2549123, 0.092918366, 3.649846, 0.70046926, -0.6856583, -0.18021569, -0.08208472, 1601.5033, 1601.5033, 955.72034, 717.6468, , 
65967.59877175, 009241, -1.2505631, 0.09384715, 3.6480734, 0.70266473, -0.68391746, -0.17394085, -0.09090516, 1601.5033, 1601.5033, 955.727, 717.645, , 
65967.615440708, 009242, -1.2471801, 0.09478101, 3.6463144, 0.7049349, -0.68176395, -0.16788003, -0.10040472, 1601.5033, 1601.5033, 955.7338, 717.64294, , 
65967.648778333, 009243, -1.2403392, 0.09678075, 3.64358, 0.7090815, -0.6770182, -0.15541108, -0.12123162, 1601.5033, 1601.5033, 955.75476, 717.6392, , 
65967.665447208, 009244, -1.2367977, 0.09796053, 3.6422517, 0.7111447, -0.6744605, -0.14884153, -0.13123456, 1601.9552, 1601.9552, 955.763, 717.6378, , 
65967.682116041, 009245, -1.2334024, 0.09931001, 3.6407259, 0.71351457, -0.6715304, -0.14226115, -0.1403769, 1601.9552, 1601.9552, 955.7699, 717.6354, , 
65967.698784916, 009246, -1.2301168, 0.100754075, 3.6390557, 0.71612453, -0.6682822, -0.13553481, -0.1489795, 1601.5033, 1601.5033, 955.77734, 717.63043, , 
65967.732122583, 009247, -1.2248502, 0.10349716, 3.6352966, 0.7213709, -0.6613855, -0.1212134, -0.1658331, 1601.5033, 1601.5033, 955.7865, 717.6222, , 
65967.748791458, 009248, -1.2218082, 0.10479197, 3.6334093, 0.72397405, -0.657581, -0.114260085, -0.174337, 1601.5033, 1601.5033, 955.7936, 717.6163, , 
65967.765460416, 009249, -1.21864, 0.10602476, 3.631512, 0.7264965, -0.65357167, -0.10769806, -0.18288825, 1601.5033, 1601.5033, 955.80023, 717.6115, , 
65967.798798041, 009250, -1.2120624, 0.10824674, 3.6276484, 0.7309309, -0.64544773, -0.09522502, -0.20017342, 1601.9552, 1601.9552, 955.8185, 717.6017, , 
65967.815466875, 009251, -1.2095251, 0.10894565, 3.6251936, 0.73273593, -0.64152837, -0.08852307, -0.20905289, 1601.5033, 1601.5033, 955.8263, 717.5989, , 
65967.832135791, 009252, -1.2069348, 0.10963877, 3.62286, 0.7344034, -0.63749695, -0.081521414, -0.2181828, 1601.5033, 1601.5033, 955.8338, 717.59644, , 
65967.848804666, 009253, -1.2040056, 0.11047444, 3.6209052, 0.73593974, -0.63327205, -0.0741829, -0.2277194, 1601.5033, 1601.5033, 955.842, 717.5944, , 
65967.882142375, 009254, -1.1979557, 0.11227552, 3.6170952, 0.7382089, -0.6251622, -0.057640113, -0.24677423, 1601.9552, 1601.9552, 955.8578, 717.5921, , 
65967.89881125, 009255, -1.1948963, 0.11322434, 3.6150985, 0.73892915, -0.62141526, -0.048640855, -0.25585315, 1601.9552, 1601.9552, 955.86163, 717.5922, , 
65967.932148958, 009256, -1.1887956, 0.11502251, 3.6099646, 0.7400291, -0.613506, -0.031563014, -0.27380857, 1601.9552, 1601.9552, 955.8714, 717.59314, , 
65967.94881775, 009257, -1.1858488, 0.11605363, 3.6078594, 0.7405932, -0.6092443, -0.02346562, -0.2824755, 1601.5033, 1601.5033, 955.8766, 717.59296, , 
65967.9821555, 009258, -1.1798962, 0.11827792, 3.603884, 0.74142575, -0.60081893, -0.0069500227, -0.29875776, 1601.5033, 1601.5033, 955.88605, 717.59216, , 
65967.998824416, 009259, -1.1768973, 0.119399264, 3.6019592, 0.74159163, -0.5967278, 0.0014468014, -0.30652198, 1601.5033, 1601.5033, 955.8887, 717.5921, , 
65968.032162041, 009260, -1.1712154, 0.12076463, 3.597522, 0.7413653, -0.5884954, 0.017963162, -0.3220682, 1601.5033, 1601.5033, 955.8953, 717.5931, , 
65968.048830916, 009261, -1.1683875, 0.12138653, 3.5957656, 0.740917, -0.58426714, 0.026097903, -0.3301406, 1601.9552, 1601.9552, 955.8988, 717.5942, , 
65968.065499875, 009262, -1.1654909, 0.121916845, 3.5941281, 0.7402152, -0.5801818, 0.034174286, -0.338087, 1601.9552, 1601.9552, 955.9023, 717.5959, , 
65968.08216875, 009263, -1.162465, 0.12235364, 3.592469, 0.73930883, -0.57640237, 0.04231064, -0.34553248, 1601.9552, 1601.9552, 955.9052, 717.59875, , 
65968.115506291, 009264, -1.1565344, 0.1229306, 3.5891707, 0.7369734, -0.5696547, 0.05888291, -0.35902163, 1601.9552, 1601.9552, 955.9042, 717.6036, , 
65968.132175208, 009265, -1.1537217, 0.122981, 3.5877025, 0.73544306, -0.5663458, 0.06715298, -0.36587757, 1601.9552, 1601.9552, 955.9028, 717.6077, , 
65968.148844166, 009266, -1.1506402, 0.122850165, 3.5862577, 0.7337591, -0.5630802, 0.07527224, -0.37265587, 1601.9552, 1601.9552, 955.90186, 717.6113, , 
65968.182181791, 009267, -1.1440749, 0.12228438, 3.5833821, 0.7306047, -0.55641335, 0.09084872, -0.3851851, 1601.9552, 1601.9552, 955.8996, 717.61816, , 
65968.198850708, 009268, -1.1406229, 0.12194289, 3.5818431, 0.72928405, -0.5530091, 0.09855623, -0.39065638, 1601.9552, 1601.9552, 955.8979, 717.6197, , 
65968.215519583, 009269, -1.136941, 0.12159276, 3.5799024, 0.7278545, -0.54965913, 0.10688152, -0.39582703, 1601.5033, 1601.5033, 955.8944, 717.6207, , 
65968.248857166, 009270, -1.1292415, 0.12072258, 3.5763032, 0.7245628, -0.54373974, 0.12396307, -0.4049555, 1601.5033, 1601.5033, 955.8808, 717.62317, , 
65968.265526083, 009271, -1.1253178, 0.12014921, 3.574749, 0.72281796, -0.54097766, 0.132212, -0.40914226, 1601.5033, 1601.5033, 955.87415, 717.62427, , 
65968.298863875, 009272, -1.1173116, 0.11853817, 3.5721295, 0.71889484, -0.5354961, 0.14754692, -0.4179283, 1601.9552, 1601.9552, 955.86163, 717.628, , 
65968.31553275, 009273, -1.1137271, 0.11739081, 3.5711806, 0.71674395, -0.5326968, 0.15483765, -0.42253703, 1601.9552, 1601.9552, 955.8572, 717.6302, , 
65968.332201541, 009274, -1.1098365, 0.116249844, 3.5702817, 0.71466494, -0.5301572, 0.16166101, -0.42667684, 1601.9552, 1601.9552, 955.8529, 717.6323, , 
65968.36553925, 009275, -1.1004301, 0.114278555, 3.568257, 0.71105736, -0.5264439, 0.17354736, -0.43259165, 1601.5033, 1601.5033, 955.84094, 717.63574, , 
65968.382208166, 009276, -1.0952578, 0.113328986, 3.5672512, 0.7092638, -0.52513486, 0.17894016, -0.43492365, 1601.5033, 1601.5033, 955.8351, 717.63715, , 
65968.398876916, 009277, -1.089877, 0.11238894, 3.5662591, 0.7073026, -0.52411413, 0.18424942, -0.43712646, 1601.5033, 1601.5033, 955.8266, 717.6396, , 
65968.415545791, 009278, -1.0842843, 0.11121382, 3.5655973, 0.70508665, -0.52326226, 0.1896246, -0.43942225, 1601.5033, 1601.5033, 955.82, 717.6419, , 
65968.448883583, 009279, -1.0729022, 0.10893222, 3.5641851, 0.7004401, -0.5212612, 0.19997247, -0.44461378, 1601.9552, 1601.9552, 955.8063, 717.64874, , 
65968.4655525, 009280, -1.0670847, 0.107885286, 3.5633342, 0.69830936, -0.52012104, 0.20498048, -0.44701353, 1601.5033, 1601.5033, 955.8008, 717.65106, , 
65968.482221208, 009281, -1.0611079, 0.106829636, 3.5625174, 0.69613665, -0.5190404, 0.20997165, -0.4493358, 1601.5033, 1601.5033, 955.7951, 717.6532, , 
65968.515559, 009282, -1.049594, 0.104106486, 3.562087, 0.69137603, -0.5168799, 0.2201286, -0.45428813, 1601.5033, 1601.5033, 955.7815, 717.6592, , 
65968.532227958, 009283, -1.0439388, 0.10249001, 3.5623167, 0.6889603, -0.515756, 0.22525956, -0.45671389, 1601.5033, 1601.5033, 955.7753, 717.6618, , 
65968.548896541, 009284, -1.0376514, 0.101102754, 3.5620365, 0.68673867, -0.51459503, 0.23030613, -0.4588475, 1601.5033, 1601.5033, 955.76733, 717.66437, , 
65968.5655655, 009285, -1.031044, 0.09969728, 3.5616593, 0.6847089, -0.51343703, 0.23507702, -0.46075475, 1601.5033, 1601.5033, 955.7616, 717.6657, , 
65968.598903375, 009286, -1.0172195, 0.09645414, 3.5611036, 0.6815104, -0.51097625, 0.24305496, -0.46408102, 1601.5033, 1601.5033, 955.7527, 717.66724, , 
65968.615572208, 009287, -1.0109174, 0.09442271, 3.561523, 0.6803922, -0.5099509, 0.24621923, -0.46518025, 1601.5033, 1601.5033, 955.74805, 717.6672, , 
65968.632240958, 009288, -1.0041722, 0.09228958, 3.56195, 0.67925084, -0.5092248, 0.24924244, -0.4660329, 1601.5033, 1601.5033, 955.7442, 717.6671, , 
65970.665841583, 009381, -0.064955436, 0.06844557, 3.3531973, 0.7248262, -0.66325736, 0.012777849, -0.18588531, 1592.9171, 1592.9171, 955.5711, 717.63586, , 
65970.682510458, 009382, -0.058619745, 0.06820074, 3.350148, 0.7243614, -0.66436315, 0.010153191, -0.18389963, 1592.9171, 1592.9171, 955.5713, 717.6373, , 
65970.699179416, 009383, -0.052123286, 0.067840114, 3.3467333, 0.7236486, -0.6658467, 0.007274727, -0.1814609, 1592.9171, 1592.9171, 955.5714, 717.63934, , 
65970.732517, 009384, -0.036044512, 0.06644867, 3.3377066, 0.7216908, -0.66970253, 0.0018200008, -0.17509328, 1587.9462, 1587.9462, 955.5678, 717.64636, , 
65970.749185875, 009385, -0.029028442, 0.06564662, 3.333082, 0.7208833, -0.6714513, -0.00086795224, -0.1716965, 1587.9462, 1587.9462, 955.5656, 717.649, , 
65970.765854833, 009386, -0.022443876, 0.064697206, 3.3283896, 0.72017056, -0.67296004, -0.0037180868, -0.16871664, 1587.9462, 1587.9462, 955.5638, 717.652, , 
65970.7825235, 009387, -0.016141657, 0.063584894, 3.3236089, 0.7194827, -0.67424494, -0.0067226356, -0.16641267, 1601.0514, 1601.0514, 955.56384, 717.6541, , 
65970.799192458, 009388, -0.0100743845, 0.062341765, 3.3186135, 0.7188398, -0.6753379, -0.00950611, -0.16461374, 1601.0514, 1601.0514, 955.5647, 717.6561, , 
65970.815861291, 009389, -0.002886586, 0.060895815, 3.3125231, 0.7182173, -0.6763699, -0.011624353, -0.16294946, 1601.0514, 1601.0514, 955.56525, 717.65845, , 
65970.849199083, 009390, 0.010036954, 0.057988875, 3.2998254, 0.7171151, -0.67835397, -0.014073031, -0.15932244, 1601.0514, 1601.0514, 955.56305, 717.6616, , 
65970.865867791, 009391, 0.015782842, 0.056633435, 3.293286, 0.71674204, -0.6792073, -0.014903526, -0.15727727, 1601.0514, 1601.0514, 955.56024, 717.66315, , 
65970.882536666, 009392, 0.021360852, 0.055304714, 3.2865372, 0.7166268, -0.6797836, -0.01563401, -0.15522875, 1600.5995, 1600.5995, 955.5579, 717.66345, , 
65970.899205625, 009393, 0.02685058, 0.053977653, 3.2796266, 0.7167264, -0.6800833, -0.016397938, -0.15336582, 1600.5995, 1600.5995, 955.5562, 717.66296, , 
65970.915874583, 009394, 0.032754272, 0.052964345, 3.2732234, 0.71683425, -0.6803042, -0.017252129, -0.1517801, 1600.5995, 1600.5995, 955.5547, 717.6623, , 
65970.949212166, 009395, 0.04442075, 0.050662152, 3.2594333, 0.7169304, -0.6807412, -0.01931361, -0.1490948, 1600.5995, 1600.5995, 955.55304, 717.66113, , 
65970.965881083, 009396, 0.05017385, 0.04936944, 3.2519076, 0.71696967, -0.6809641, -0.02063668, -0.14770447, 1600.5995, 1600.5995, 955.55286, 717.66077, , 
65970.982549875, 009397, 0.05600819, 0.048112035, 3.2440856, 0.7169467, -0.68126696, -0.021990739, -0.14621595, 1600.5995, 1600.5995, 955.5525, 717.6604, , 
65970.999218791, 009398, 0.061900042, 0.04695984, 3.2359986, 0.7169618, -0.68154204, -0.023407308, -0.144632, 1600.5995, 1600.5995, 955.552, 717.66016, , 
65971.032556458, 009399, 0.072113365, 0.04377737, 3.2197037, 0.71766615, -0.68131447, -0.02683203, -0.1415837, 1600.5995, 1600.5995, 955.55225, 717.6569, , 
65971.049225375, 009400, 0.07762997, 0.042874463, 3.2112637, 0.71810544, -0.6809995, -0.028425256, -0.14055693, 1600.5995, 1600.5995, 955.55304, 717.65497, , 
65971.065894166, 009401, 0.08330157, 0.04224255, 3.2026794, 0.718311, -0.68087196, -0.029504063, -0.13990037, 1600.5995, 1600.5995, 955.554, 717.6537, , 
65971.082563, 009402, 0.08905298, 0.041835375, 3.193906, 0.71830875, -0.6809987, -0.030013079, -0.1391854, 1600.5995, 1600.5995, 955.5539, 717.65326, , 
65971.115900708, 009403, 0.099911146, 0.04109122, 3.1764781, 0.71836454, -0.68140984, -0.030820174, -0.13668679, 1600.5995, 1600.5995, 955.5512, 717.6529, , 
65971.132569666, 009404, 0.105017416, 0.04085269, 3.1678183, 0.71845776, -0.6816217, -0.031494744, -0.13497539, 1600.5995, 1600.5995, 955.54913, 717.65216, , 
65971.1492385, 009405, 0.110471584, 0.04125776, 3.1586, 0.7183859, -0.68211013, -0.03189971, -0.13277766, 1600.5995, 1600.5995, 955.54645, 717.65204, , 
65971.16590725, 009406, 0.11602669, 0.04199771, 3.1491385, 0.7182047, -0.6828234, -0.032093618, -0.13001622, 1600.5995, 1600.5995, 955.5426, 717.65247, , 
65971.182576166, 009407, 0.121506736, 0.042912602, 3.139639, 0.7181266, -0.6834778, -0.03242848, -0.12688862, 1600.5995, 1600.5995, 955.5369, 717.65247, , 
65971.215913833, 009408, 0.13118346, 0.045126043, 3.1221783, 0.717905, -0.6845892, -0.033677325, -0.1217203, 1600.5995, 1600.5995, 955.5304, 717.65247, , 
65971.232582708, 009409, 0.13549834, 0.04618355, 3.1143012, 0.7176489, -0.68506014, -0.03480782, -0.12025395, 1600.5995, 1600.5995, 955.5291, 717.6529, , 
65971.249251541, 009410, 0.14020027, 0.046836026, 3.1062753, 0.71735764, -0.6854354, -0.036373075, -0.11938694, 1600.5995, 1600.5995, 955.52966, 717.6537, , 
65971.265920416, 009411, 0.1450309, 0.04728718, 3.0982983, 0.716905, -0.6858967, -0.038186997, -0.118889086, 1601.0514, 1601.0514, 955.5312, 717.6547, , 
65971.299258208, 009412, 0.15496463, 0.04793401, 3.0825012, 0.7151368, -0.68756574, -0.042035136, -0.11859933, 1601.0514, 1601.0514, 955.5361, 717.6603, , 
65971.315926916, 009413, 0.15976945, 0.048327256, 3.0745177, 0.7139667, -0.6887081, -0.043782204, -0.118388094, 1600.5995, 1600.5995, 955.53796, 717.66376, , 
65971.332595833, 009414, 0.16472238, 0.048809245, 3.0664062, 0.7128001, -0.6899302, -0.04538697, -0.117695644, 1600.5995, 1600.5995, 955.5391, 717.6674, , 
65971.349264708, 009415, 0.16992101, 0.04937415, 3.05815, 0.71182925, -0.6910495, -0.047015317, -0.11635878, 1600.5995, 1600.5995, 955.5394, 717.67065, , 
65971.365933625, 009416, 0.17520387, 0.049989477, 3.0497813, 0.7110847, -0.6919966, -0.04862406, -0.114607826, 1600.5995, 1600.5995, 955.539, 717.6737, , 
65971.39927125, 009417, 0.18582822, 0.051153056, 3.0328104, 0.7099282, -0.69361603, -0.051856227, -0.11049698, 1600.5995, 1600.5995, 955.53735, 717.67676, , 
65971.415940125, 009418, 0.19115852, 0.051629305, 3.024204, 0.7094142, -0.6943745, -0.053524382, -0.108216, 1600.5995, 1600.5995, 955.53595, 717.67834, , 
65971.432609041, 009419, 0.19646, 0.052968595, 3.0148282, 0.7089787, -0.69507694, -0.05547369, -0.105545685, 1601.0514, 1601.0514, 955.5348, 717.6792, , 
65971.449277958, 009420, 0.20175926, 0.053563584, 3.0058184, 0.70867604, -0.6956198, -0.05783778, -0.10269415, 1601.0514, 1601.0514, 955.53375, 717.6795, , 
65971.482615583, 009421, 0.21234693, 0.053923294, 2.9881613, 0.707946, -0.69663906, -0.06339647, -0.097403005, 1601.0514, 1601.0514, 955.5334, 717.67993, , 
65971.499284458, 009422, 0.21765022, 0.053830445, 2.9793806, 0.707454, -0.697213, -0.06617645, -0.094992675, 1601.0514, 1601.0514, 955.5336, 717.68054, , 
65971.515953333, 009423, 0.22282188, 0.053383216, 2.9706278, 0.7070661, -0.6976694, -0.069041476, -0.09245596, 1601.0514, 1601.0514, 955.5341, 717.681, , 
65971.532622125, 009424, 0.2279541, 0.052828036, 2.9617715, 0.7067582, -0.6980413, -0.07201589, -0.08969347, 1601.0514, 1601.0514, 955.53424, 717.6809, , 
65971.549290875, 009425, 0.23309453, 0.052299216, 2.9527671, 0.7064894, -0.69834197, -0.07532255, -0.08670515, 1601.0514, 1601.0514, 955.5345, 717.68054, , 
65971.582628791, 009426, 0.24333893, 0.051044535, 2.9346342, 0.706067, -0.69862354, -0.083129145, -0.0805237, 1600.5995, 1600.5995, 955.5363, 717.6787, , 
65971.5992975, 009427, 0.24837418, 0.0503012, 2.9256237, 0.7060249, -0.6984234, -0.08771586, -0.077714644, 1600.5995, 1600.5995, 955.5385, 717.677, , 
65971.615966333, 009428, 0.25344747, 0.049155645, 2.9163442, 0.70607775, -0.6980342, -0.09245973, -0.075190805, 1600.5995, 1600.5995, 955.5426, 717.674, , 
65971.632635208, 009429, 0.25849873, 0.04800883, 2.9071379, 0.7061286, -0.69761044, -0.09696106, -0.072942466, 1600.5995, 1600.5995, 955.54596, 717.67163, , 
65971.649304083, 009430, 0.2635195, 0.047021933, 2.8980591, 0.70616335, -0.6972332, -0.10107455, -0.0705918, 1600.5995, 1600.5995, 955.54877, 717.66943, , 
65971.68264175, 009431, 0.27376282, 0.045010045, 2.8797288, 0.70610565, -0.6967156, -0.10870184, -0.064700276, 1600.5995, 1600.5995, 955.5519, 717.6647, , 
65971.699310666, 009432, 0.2789936, 0.043918386, 2.870535, 0.70587844, -0.6965903, -0.11287444, -0.06129296, 1600.5995, 1600.5995, 955.55286, 717.66296, , 
65971.715979541, 009433, 0.28415212, 0.042895913, 2.861579, 0.70540625, -0.69653225, -0.11770551, -0.058226783, 1600.5995, 1600.5995, 955.55457, 717.6617, , 
65971.7326485, 009434, 0.28927627, 0.04192812, 2.85274, 0.70485187, -0.6963419, -0.12335586, -0.055453755, 1601.0514, 1601.0514, 955.5596, 717.66, , 
65971.765986083, 009435, 0.29922238, 0.040647045, 2.8343554, 0.70434517, -0.6952977, -0.13489458, -0.047565274, 1601.0514, 1601.0514, 955.5661, 717.6548, , 
65971.782654958, 009436, 0.3039475, 0.04049939, 2.8248546, 0.70444137, -0.6946381, -0.13943662, -0.042398587, 1601.0514, 1601.0514, 955.56525, 717.65, , 
65971.799323833, 009437, 0.30858934, 0.04058824, 2.8155105, 0.7045434, -0.6939686, -0.1435783, -0.03756914, 1601.0514, 1601.0514, 955.5638, 717.6466, , 
65971.832661458, 009438, 0.31804, 0.03999777, 2.7973287, 0.7045479, -0.6922626, -0.15321864, -0.030144231, 1601.0514, 1601.0514, 955.5663, 717.63855, , 
65971.849330375, 009439, 0.32266048, 0.040470313, 2.7882686, 0.7044181, -0.69128186, -0.1588669, -0.026188055, 1601.0514, 1601.0514, 955.5687, 717.63464, , 
65971.865999333, 009440, 0.32719225, 0.04130213, 2.7790256, 0.70417374, -0.690324, -0.16469406, -0.021632502, 1601.0514, 1601.0514, 955.57074, 717.63074, , 
65971.882668166, 009441, 0.33156034, 0.04244551, 2.7695765, 0.70385957, -0.6893971, -0.17041923, -0.016446214, 1601.0514, 1601.0514, 955.5718, 717.6257, , 
65971.916005791, 009442, 0.33957857, 0.04539954, 2.7498796, 0.70269346, -0.6882118, -0.18046352, -0.0043984973, 1601.0514, 1601.0514, 955.5687, 717.62024, , 
65971.932674708, 009443, 0.34318846, 0.047086395, 2.7396681, 0.7017843, -0.6879813, -0.18486112, 0.0025962954, 1600.5995, 1600.5995, 955.5648, 717.61884, , 
65971.949343625, 009444, 0.34665298, 0.048813984, 2.729661, 0.7007153, -0.6877935, -0.18932953, 0.009620216, 1600.5995, 1600.5995, 955.5589, 717.6178, , 
65971.982681208, 009445, 0.35296488, 0.05174005, 2.7107928, 0.6981448, -0.6872262, -0.1996491, 0.021315806, 1600.5995, 1600.5995, 955.5547, 717.6164, , 
65971.999350125, 009446, 0.35583276, 0.052859582, 2.7018614, 0.69670117, -0.6868564, -0.20532094, 0.026057908, 1600.5995, 1600.5995, 955.55585, 717.61536, , 
65972.016019, 009447, 0.3586083, 0.05347731, 2.6925075, 0.695176, -0.6865179, -0.21087593, 0.030902345, 1600.5995, 1600.5995, 955.55664, 717.6146, , 
65972.049356625, 009448, 0.36340398, 0.054772317, 2.6739507, 0.69191915, -0.68605644, -0.22094671, 0.041917615, 1600.5995, 1600.5995, 955.5548, 717.6145, , 
65972.0660255, 009449, 0.36536413, 0.055496596, 2.6649632, 0.690346, -0.6858287, -0.22539286, 0.047533493, 1600.5995, 1600.5995, 955.55273, 717.6147, , 
65972.099363291, 009450, 0.36864334, 0.05671876, 2.647731, 0.6874007, -0.68526155, -0.23370352, 0.057267163, 1600.5995, 1600.5995, 955.5497, 717.6151, , 
65972.116032166, 009451, 0.3699356, 0.05732356, 2.639283, 0.6860331, -0.6848437, -0.23782147, 0.061551448, 1600.5995, 1600.5995, 955.5489, 717.61475, , 
65972.132700875, 009452, 0.37103087, 0.05783683, 2.6309948, 0.68466854, -0.68442225, -0.24183825, 0.06564508, 1600.5995, 1600.5995, 955.5485, 717.61444, , 
65972.166038625, 009453, 0.3729291, 0.058317035, 2.6148756, 0.6813503, -0.6840669, -0.24985626, 0.07339054, 1600.5995, 1600.5995, 955.5484, 717.61536, , 
65972.182707625, 009454, 0.37379074, 0.058304884, 2.6069505, 0.67915255, -0.6843054, -0.25411412, 0.076837234, 1600.5995, 1600.5995, 955.54944, 717.61707, , 
65972.21604525, 009455, 0.3750146, 0.057943743, 2.5911605, 0.67403346, -0.68526566, -0.26299143, 0.08321895, 1600.5995, 1600.5995, 955.554, 717.6232, , 
65972.232714083, 009456, 0.37534487, 0.05825445, 2.5830667, 0.6715434, -0.6855533, -0.2675188, 0.0864864, 1600.5995, 1600.5995, 955.5561, 717.6256, , 
65972.249383, 009457, 0.37517986, 0.058132313, 2.5751143, 0.6693107, -0.6855474, -0.27202502, 0.08972257, 1600.5995, 1600.5995, 955.55817, 717.6272, , 
65972.282720583, 009458, 0.37381333, 0.057362475, 2.5596232, 0.6657568, -0.6848203, -0.2806279, 0.09506393, 1601.0514, 1601.0514, 955.5638, 717.6276, , 
65972.299389541, 009459, 0.372746, 0.05685685, 2.5519488, 0.66429764, -0.6843092, -0.28451034, 0.09738376, 1601.0514, 1601.0514, 955.5663, 717.627, , 
65972.332727333, 009460, 0.36862123, 0.055802085, 2.5382605, 0.66153, -0.6830418, -0.2922608, 0.10205617, 1601.0514, 1601.0514, 955.57153, 717.6246, , 
65972.349396, 009461, 0.36678648, 0.05526994, 2.5308824, 0.6600437, -0.6824899, -0.2962244, 0.10392836, 1600.5995, 1600.5995, 955.57446, 717.6235, , 
65972.366064875, 009462, 0.3650406, 0.05467508, 2.5233881, 0.6583462, -0.682287, -0.29994982, 0.10533264, 1600.5995, 1600.5995, 955.57806, 717.62317, , 
65972.39940275, 009463, 0.36125267, 0.053569645, 2.5081592, 0.6548045, -0.6818959, -0.30746838, 0.10822333, 1600.5995, 1600.5995, 955.58704, 717.6237, , 
65972.416071583, 009464, 0.35900617, 0.053148363, 2.500471, 0.6531709, -0.6812948, -0.31162006, 0.10999107, 1601.0514, 1601.0514, 955.5908, 717.6229, , 
65972.449409166, 009465, 0.3534602, 0.05247269, 2.484938, 0.65025467, -0.6795103, -0.3200264, 0.11409532, 1601.0514, 1601.0514, 955.59875, 717.6192, , 
65972.466078125, 009466, 0.35044193, 0.052167773, 2.477298, 0.6489215, -0.6783272, -0.3244012, 0.11634869, 1601.0514, 1601.0514, 955.60175, 717.6169, , 
65972.49941575, 009467, 0.34381732, 0.05169134, 2.4625487, 0.64652056, -0.6751073, -0.33430326, 0.120344155, 1601.0514, 1601.0514, 955.6112, 717.60803, , 
65972.516084625, 009468, 0.33965206, 0.0513622, 2.4564571, 0.6453464, -0.6734015, -0.3395022, 0.12164163, 1600.5995, 1600.5995, 955.61664, 717.6034, , 
65972.5327535, 009469, 0.33552882, 0.051250026, 2.4503815, 0.6440691, -0.67183053, -0.34470788, 0.122454986, 1601.0514, 1601.0514, 955.6256, 717.59753, , 
65972.56609125, 009470, 0.32744282, 0.052300178, 2.4366665, 0.6416149, -0.66840315, -0.35477483, 0.12530932, 1601.0514, 1601.0514, 955.6378, 717.5884, , 
65972.582759958, 009471, 0.32299185, 0.053444095, 2.4292135, 0.6405774, -0.6664947, -0.35912663, 0.12834945, 1601.0514, 1601.0514, 955.6408, 717.5825, , 
65972.61609775, 009472, 0.31374484, 0.056576133, 2.4154537, 0.63862514, -0.6631666, -0.3658899, 0.13598782, 1601.0514, 1601.0514, 955.6385, 717.5763, , 
65972.63276675, 009473, 0.30919904, 0.058237545, 2.409205, 0.63753337, -0.66194546, -0.3687286, 0.1393509, 1601.0514, 1601.0514, 955.6363, 717.57367, , 
65974.683035666, 009559, -0.22328582, 0.105389684, 1.4413284, 0.5642284, -0.66633767, -0.45359358, 0.17858694, 1601.0514, 1601.0514, 955.76184, 717.6167, , 
65974.699704583, 009560, -0.22341575, 0.1062846, 1.431861, 0.5673398, -0.6651402, -0.45260304, 0.17568323, 1601.0514, 1601.0514, 955.7626, 717.61035, , 
65974.733042166, 009561, -0.22172739, 0.10592206, 1.412654, 0.5730131, -0.6628709, -0.45083418, 0.17031346, 1601.0514, 1601.0514, 955.765, 717.5963, , 
65974.749711083, 009562, -0.22144218, 0.106712185, 1.4029528, 0.5755814, -0.6621207, -0.4495303, 0.1680017, 1601.0514, 1601.0514, 955.7653, 717.59174, , 
65974.783048875, 009563, -0.2212869, 0.10905507, 1.3833939, 0.58054715, -0.66175514, -0.44513625, 0.16400872, 1601.0514, 1601.0514, 955.76196, 717.58594, , 
65974.79971775, 009564, -0.22138959, 0.11033848, 1.3736044, 0.58312356, -0.66168195, -0.4424404, 0.16245165, 1601.0514, 1601.0514, 955.7587, 717.5843, , 
65974.833055375, 009565, -0.2206709, 0.110703334, 1.3548107, 0.5884733, -0.6614627, -0.4368657, 0.15910558, 1601.0514, 1601.0514, 955.7509, 717.58026, , 
65974.849724291, 009566, -0.22066656, 0.111299686, 1.3456297, 0.59132504, -0.6612651, -0.43413168, 0.15682147, 1601.0514, 1601.0514, 955.7487, 717.57794, , 
65974.883061833, 009567, -0.221157, 0.112498716, 1.3276459, 0.5977133, -0.6599188, -0.42895082, 0.1524704, 1601.0514, 1601.0514, 955.74445, 717.5707, , 
65974.916399666, 009568, -0.22134437, 0.11232209, 1.3105627, 0.604582, -0.65770584, -0.42386058, 0.14915021, 1601.0514, 1601.0514, 955.73663, 717.55945, , 
65974.933068625, 009569, -0.22112377, 0.11161876, 1.3023709, 0.60777485, -0.6568307, -0.4212741, 0.14734761, 1601.0514, 1601.0514, 955.7335, 717.555, , 
65974.966406125, 009570, -0.2210598, 0.11111674, 1.2848203, 0.61317724, -0.6558828, -0.4160591, 0.1439663, 1601.0514, 1601.0514, 955.7274, 717.54767, , 
65974.999744, 009571, -0.22060996, 0.110597834, 1.2664125, 0.6170471, -0.6565339, -0.41026217, 0.14107157, 1601.0514, 1601.0514, 955.7216, 717.54663, , 
65975.016412875, 009572, -0.21945916, 0.109172285, 1.2583672, 0.6186382, -0.6572345, -0.4072271, 0.13962667, 1601.0514, 1601.0514, 955.71765, 717.5479, , 
65975.0497505, 009573, -0.21844834, 0.108053, 1.2400191, 0.6216107, -0.6589173, -0.4009181, 0.13672137, 1601.0514, 1601.0514, 955.7116, 717.55096, , 
65975.08308825, 009574, -0.21798924, 0.10743779, 1.2213254, 0.6249758, -0.66023946, -0.3945987, 0.13334514, 1601.0514, 1601.0514, 955.70514, 717.5534, , 
65975.099757166, 009575, -0.21790664, 0.10710809, 1.2121441, 0.6269218, -0.66076976, -0.39133647, 0.13118017, 1600.5995, 1600.5995, 955.70294, 717.55365, , 
65975.133094708, 009576, -0.21623293, 0.10615763, 1.1944078, 0.63108003, -0.66172653, -0.3846237, 0.12617633, 1601.0514, 1601.0514, 955.6991, 717.55347, , 
65975.166432541, 009577, -0.21625583, 0.10505943, 1.1766424, 0.6352986, -0.6624854, -0.37796122, 0.121054314, 1601.0514, 1601.0514, 955.6955, 717.5526, , 
65975.18310125, 009578, -0.21646182, 0.10436659, 1.1678462, 0.637167, -0.66275686, -0.3752234, 0.11823285, 1601.0514, 1601.0514, 955.6954, 717.55176, , 
65975.216439, 009579, -0.21717036, 0.10242312, 1.1510484, 0.64038926, -0.6634059, -0.37049994, 0.11191097, 1601.0514, 1601.0514, 955.6987, 717.5501, , 
65975.249776833, 009580, -0.2180419, 0.100328915, 1.134328, 0.6432832, -0.6641359, -0.36608404, 0.10532146, 1600.5995, 1600.5995, 955.7028, 717.5492, , 
65975.266445583, 009581, -0.21841964, 0.09945468, 1.125696, 0.64466095, -0.6644178, -0.36413962, 0.10180187, 1601.0514, 1601.0514, 955.7067, 717.5482, , 
65975.299783375, 009582, -0.21929911, 0.0978028, 1.10832, 0.64746225, -0.6646857, -0.3606935, 0.09426311, 1601.0514, 1601.0514, 955.71454, 717.54596, , 
65975.316452208, 009583, -0.2192651, 0.09676333, 1.0998678, 0.64898676, -0.6645451, -0.35911703, 0.09072406, 1601.0514, 1601.0514, 955.7184, 717.544, , 
65975.349789833, 009584, -0.21995977, 0.09480204, 1.0825968, 0.65212196, -0.664059, -0.3560151, 0.08376062, 1601.0514, 1601.0514, 955.72687, 717.53906, , 
65975.383127666, 009585, -0.22127068, 0.0928208, 1.0652797, 0.654935, -0.663686, -0.35333753, 0.07572198, 1601.0514, 1601.0514, 955.7386, 717.5344, , 
65975.399796541, 009586, -0.22193287, 0.09180279, 1.0567884, 0.65616745, -0.66353834, -0.35227677, 0.071149126, 1601.5033, 1601.5033, 955.7455, 717.5325, , 
65975.433134166, 009587, -0.22242522, 0.09050453, 1.0400467, 0.6584682, -0.6635695, -0.34970558, 0.061653506, 1601.0514, 1601.0514, 955.7622, 717.52924, , 
65975.466471875, 009588, -0.22399983, 0.09005366, 1.0222864, 0.66102016, -0.6637709, -0.3456565, 0.054609682, 1601.0514, 1601.0514, 955.77, 717.528, , 
65975.483140625, 009589, -0.22506621, 0.09030533, 1.0131859, 0.6625678, -0.66378343, -0.34307107, 0.0519402, 1601.0514, 1601.0514, 955.7708, 717.5273, , 
65975.516478375, 009590, -0.22765991, 0.09174895, 0.9955559, 0.665883, -0.6633935, -0.3382096, 0.046078514, 1601.0514, 1601.0514, 955.7729, 717.5249, , 
65975.533147333, 009591, -0.22904786, 0.09282315, 0.986986, 0.66753304, -0.66306514, -0.33601224, 0.042894267, 1601.0514, 1601.0514, 955.7758, 717.5229, , 
65975.566484916, 009592, -0.23158632, 0.09520072, 0.9696621, 0.671121, -0.66197056, -0.3316853, 0.037101977, 1601.0514, 1601.0514, 955.77966, 717.5185, , 
65975.599822708, 009593, -0.23386608, 0.09773588, 0.952537, 0.6745376, -0.66175795, -0.32570976, 0.031441476, 1601.0514, 1601.0514, 955.78033, 717.516, , 
65975.616491541, 009594, -0.23483512, 0.0991514, 0.94520634, 0.6759793, -0.66215473, -0.3221914, 0.028210403, 1601.0514, 1601.0514, 955.7801, 717.5167, , 
65975.649829166, 009595, -0.23629138, 0.10151418, 0.93023944, 0.67848784, -0.6631199, -0.31540883, 0.02106367, 1601.0514, 1601.0514, 955.78186, 717.5195, , 
65975.666498083, 009596, -0.23680423, 0.1024593, 0.9224846, 0.6795497, -0.66362035, -0.31227428, 0.017464804, 1601.0514, 1601.0514, 955.7834, 717.52075, , 
65975.699835833, 009597, -0.23749648, 0.104136035, 0.90676284, 0.68147475, -0.664912, -0.30552408, 0.011803305, 1601.0514, 1601.0514, 955.7829, 717.525, , 
65975.716504625, 009598, -0.23884651, 0.105227105, 0.9014624, 0.6824941, -0.6655061, -0.3019927, 0.010178137, 1601.0514, 1601.0514, 955.77966, 717.527, , 
65975.749842375, 009599, -0.23940146, 0.1065283, 0.8874149, 0.68403727, -0.66686773, -0.295539, 0.0060972925, 1601.0514, 1601.0514, 955.7744, 717.5312, , 
65975.78318, 009600, -0.23908137, 0.10757175, 0.8730861, 0.68566126, -0.66774946, -0.28979045, 0.00091673294, 1601.0514, 1601.0514, 955.7744, 717.535, , 
65975.799848916, 009601, -0.23888953, 0.10820535, 0.8657797, 0.68686587, -0.66782314, -0.28675193, -0.0009125001, 1601.0514, 1601.0514, 955.7729, 717.5355, , 
65975.833186666, 009602, -0.23964864, 0.10999523, 0.8528932, 0.68995506, -0.6672895, -0.28049323, -0.0032158801, 1601.0514, 1601.0514, 955.76514, 717.534, , 
65975.849855375, 009603, -0.23946735, 0.1106202, 0.84589064, 0.69137, -0.66715366, -0.27729642, -0.004491341, 1601.0514, 1601.0514, 955.7616, 717.5333, , 
65975.883193208, 009604, -0.23832312, 0.11132617, 0.8318295, 0.6937157, -0.66714364, -0.27131665, -0.0080725, 1601.0514, 1601.0514, 955.7564, 717.53326, , 
65975.916530875, 009605, -0.23713669, 0.11160778, 0.8186789, 0.69572294, -0.66723895, -0.26573488, -0.012110354, 1601.0514, 1601.0514, 955.7541, 717.5338, , 
65975.933199708, 009606, -0.23650873, 0.11165826, 0.81224567, 0.6965617, -0.6675459, -0.2626712, -0.013715822, 1601.0514, 1601.0514, 955.75183, 717.5347, , 
65975.966537416, 009607, -0.23432183, 0.11148706, 0.7977048, 0.6983881, -0.66790307, -0.25677523, -0.015034213, 1601.0514, 1601.0514, 955.7427, 717.5363, , 
65975.98320625, 009608, -0.23295937, 0.11128849, 0.79020447, 0.69933754, -0.6678249, -0.25436798, -0.015290278, 1601.0514, 1601.0514, 955.7386, 717.53595, , 
65976.016543958, 009609, -0.23000816, 0.11089675, 0.77543914, 0.7009107, -0.66765195, -0.25038865, -0.016451035, 1601.0514, 1601.0514, 955.7334, 717.53534, , 
65976.033212833, 009610, -0.22848916, 0.110692725, 0.76811624, 0.70164514, -0.6675206, -0.24863195, -0.017101878, 1601.0514, 1601.0514, 955.7311, 717.5349, , 
65976.066550625, 009611, -0.22483693, 0.1095621, 0.7531515, 0.7031742, -0.66712797, -0.24531598, -0.01750369, 1601.0514, 1601.0514, 955.7264, 717.5337, , 
65976.09988825, 009612, -0.22077464, 0.10808411, 0.73830175, 0.7046363, -0.6665109, -0.24276544, -0.017775213, 1601.0514, 1601.0514, 955.7213, 717.5313, , 
65976.116557166, 009613, -0.21871144, 0.107786745, 0.7312571, 0.7052059, -0.6662481, -0.24177456, -0.018524045, 1601.0514, 1601.0514, 955.7208, 717.5304, , 
65976.149894666, 009614, -0.21401721, 0.106543094, 0.7173685, 0.70577043, -0.66609645, -0.24034144, -0.020967718, 1601.0514, 1601.0514, 955.72314, 717.52985, , 
65976.166563583, 009615, -0.2113565, 0.10565449, 0.7104768, 0.7057699, -0.6662355, -0.23981218, -0.022566373, 1601.0514, 1601.0514, 955.7251, 717.5304, , 
65976.199901416, 009616, -0.20547056, 0.10393363, 0.6968607, 0.70550233, -0.6666447, -0.2390417, -0.026653294, 1601.0514, 1601.0514, 955.7323, 717.5327, , 
65976.216570208, 009617, -0.20244405, 0.10346252, 0.68987143, 0.7054888, -0.66663116, -0.23886327, -0.028857056, 1601.0514, 1601.0514, 955.7364, 717.5332, , 
65976.249907958, 009618, -0.19588469, 0.10269803, 0.67595434, 0.70559347, -0.66612643, -0.23941898, -0.03304553, 1601.5033, 1601.5033, 955.7477, 717.5326, , 
65976.283245666, 009619, -0.18876803, 0.10247694, 0.6621651, 0.7057588, -0.6655184, -0.24011576, -0.036527038, 1601.0514, 1601.0514, 955.75616, 717.53156, , 
65976.299914333, 009620, -0.1851611, 0.102677554, 0.6554883, 0.70597786, -0.66511947, -0.24026318, -0.038535476, 1601.0514, 1601.0514, 955.7621, 717.5305, , 
65976.333252166, 009621, -0.17744865, 0.105386525, 0.6428759, 0.7066834, -0.6644575, -0.23921825, -0.04323645, 1601.0514, 1601.0514, 955.77057, 717.5295, , 
65976.349921125, 009622, -0.17366593, 0.10651292, 0.63655776, 0.7072504, -0.66414666, -0.23798686, -0.045477938, 1601.0514, 1601.0514, 955.77405, 717.52905, , 
65976.383258666, 009623, -0.16616774, 0.10885811, 0.62419796, 0.7088382, -0.66307884, -0.23519838, -0.050561942, 1601.0514, 1601.0514, 955.7794, 717.5272, , 
65976.399927583, 009624, -0.16239205, 0.110109165, 0.61815834, 0.70970726, -0.6624394, -0.23372284, -0.053509776, 1601.0514, 1601.0514, 955.7842, 717.5257, , 
65976.433265333, 009625, -0.15500093, 0.112202525, 0.60693896, 0.71131366, -0.6614224, -0.23036705, -0.05902827, 1601.5033, 1601.5033, 955.7902, 717.52423, , 
65976.449934083, 009626, -0.15123227, 0.11339225, 0.60083896, 0.71221584, -0.6609227, -0.22847347, -0.061070137, 1601.5033, 1601.5033, 955.7916, 717.5235, , 
65976.483271791, 009627, -0.14385943, 0.11556949, 0.58814955, 0.71438324, -0.6595901, -0.22477639, -0.063820876, 1601.5033, 1601.5033, 955.7915, 717.5201, , 
65976.516609625, 009628, -0.13655335, 0.11693308, 0.57474816, 0.7169801, -0.65765965, -0.22173567, -0.06524164, 1601.0514, 1601.0514, 955.7897, 717.51385, , 
65976.533278333, 009629, -0.13293526, 0.117255, 0.5679463, 0.7183825, -0.65649414, -0.22046462, -0.06585941, 1601.0514, 1601.0514, 955.78906, 717.51044, , 
65976.566616166, 009630, -0.12634712, 0.11771177, 0.55548805, 0.7213004, -0.6538561, -0.21826385, -0.06751875, 1601.0514, 1601.0514, 955.79, 717.50165, , 
65976.583285041, 009631, -0.12325594, 0.11780622, 0.54950094, 0.72289026, -0.65247226, -0.21687156, -0.06838436, 1601.0514, 1601.0514, 955.79034, 717.4976, , 
65976.616622666, 009632, -0.117174044, 0.11693808, 0.5375183, 0.7260439, -0.65006804, -0.21290272, -0.07031421, 1601.0514, 1601.0514, 955.7887, 717.48944, , 
65976.633291541, 009633, -0.114076264, 0.11617276, 0.53153473, 0.7273684, -0.6492185, -0.21055661, -0.07152934, 1601.0514, 1601.0514, 955.78766, 717.48706, , 
65976.666629333, 009634, -0.10763663, 0.11583261, 0.5200451, 0.72924775, -0.6483763, -0.20547634, -0.0747354, 1601.0514, 1601.0514, 955.78534, 717.485, , 
65978.700229291, 009725, 0.2740243, 0.14889401, 0.21820638, 0.6386836, -0.3643313, 0.37020603, -0.56770897, 1601.5033, 1601.5033, 955.9132, 717.6323, , 
65978.733567083, 009726, 0.27732402, 0.14594479, 0.21921182, 0.63426524, -0.3592986, 0.37639806, -0.5717837, 1601.5033, 1601.5033, 955.91034, 717.6347, , 
65978.750236, 009727, 0.27897227, 0.14461231, 0.21943471, 0.63119596, -0.3563499, 0.3798218, -0.5747537, 1601.5033, 1601.5033, 955.90936, 717.6378, , 
65978.783573625, 009728, 0.28196064, 0.14224212, 0.2194339, 0.6239398, -0.34964022, 0.3880457, -0.58126706, 1601.5033, 1601.5033, 955.90564, 717.6467, , 
65978.8002425, 009729, 0.28340983, 0.14123315, 0.2192519, 0.6201482, -0.34603047, 0.39257798, -0.5844328, 1601.5033, 1601.5033, 955.90344, 717.64996, , 
65978.833580125, 009730, 0.28432766, 0.13806319, 0.21952501, 0.6117291, -0.3397832, 0.40155056, -0.59084004, 1601.5033, 1601.5033, 955.8952, 717.6592, , 
65978.850249, 009731, 0.28553724, 0.13692176, 0.21939488, 0.6065861, -0.33701792, 0.40658802, -0.5942713, 1601.5033, 1601.5033, 955.88916, 717.6647, , 
65978.883586833, 009732, 0.28800765, 0.13491625, 0.21856917, 0.5955705, -0.3308835, 0.41768944, -0.6011217, 1601.0514, 1601.0514, 955.8721, 717.67706, , 
65978.900255708, 009733, 0.28914034, 0.13393141, 0.21799713, 0.590512, -0.32774994, 0.42273897, -0.6042907, 1601.0514, 1601.0514, 955.86554, 717.6817, , 
65978.933593291, 009734, 0.28865144, 0.13076992, 0.2173245, 0.5821604, -0.32076693, 0.43086904, -0.6103684, 1601.5033, 1601.5033, 955.8573, 717.691, , 
65978.950262125, 009735, 0.2893421, 0.12975472, 0.21645075, 0.5789633, -0.31721222, 0.4342019, -0.61290026, 1601.5033, 1601.5033, 955.8565, 717.6935, , 
65978.983599833, 009736, 0.29112422, 0.12815017, 0.21470052, 0.57280445, -0.31103545, 0.44097167, -0.6170057, 1601.5033, 1601.5033, 955.85254, 717.6975, , 
65979.00026875, 009737, 0.2919919, 0.127461, 0.213925, 0.5693574, -0.30822587, 0.4448218, -0.61883974, 1601.5033, 1601.5033, 955.8488, 717.699, , 
65979.016937541, 009738, 0.29301345, 0.12659754, 0.21334472, 0.56611717, -0.30535525, 0.44858652, -0.62051564, 1601.5033, 1601.5033, 955.84485, 717.70013, , 
65979.050275291, 009739, 0.29473096, 0.12485629, 0.21219522, 0.56046975, -0.29909655, 0.454738, -0.6242021, 1601.5033, 1601.5033, 955.8407, 717.70294, , 
65979.066944083, 009740, 0.29557288, 0.124024495, 0.21175876, 0.557794, -0.2962521, 0.45736927, -0.6260303, 1601.5033, 1601.5033, 955.8401, 717.7045, , 
65979.100281875, 009741, 0.29747087, 0.122409925, 0.21125075, 0.55182385, -0.29192013, 0.46322817, -0.62904114, 1601.0514, 1601.0514, 955.8331, 717.70844, , 
65979.116950708, 009742, 0.30083227, 0.12103144, 0.21039094, 0.54942614, -0.2900619, 0.46624073, -0.6297734, 1601.0514, 1601.0514, 955.82916, 717.70886, , 
65979.1336195, 009743, 0.30287915, 0.12018232, 0.20983684, 0.5478249, -0.28837818, 0.46880594, -0.6300372, 1601.0514, 1601.0514, 955.8259, 717.7079, , 
65979.16695725, 009744, 0.3063678, 0.11876714, 0.20923233, 0.5468207, -0.28568363, 0.47215495, -0.6296362, 1601.0514, 1601.0514, 955.82275, 717.7025, , 
